ISO-10303-21;
HEADER;
FILE_DESCRIPTION((''),'2;1');
FILE_NAME('RS02','2026-06-25T14:08:14',('aliso'),(''),
'CREO PARAMETRIC BY PTC INC, 2022073','CREO PARAMETRIC BY PTC INC, 2022073','');
FILE_SCHEMA(('CONFIG_CONTROL_DESIGN'));
ENDSEC;
DATA;
#2=DIRECTION('',(0.E0,0.E0,1.E0));
#3=VECTOR('',#2,1.513641383547E0);
#4=CARTESIAN_POINT('',(-1.511096115482E1,-3.275993749500E1,-3.035479565674E1));
#5=LINE('',#4,#3);
#6=DIRECTION('',(0.E0,0.E0,-1.E0));
#7=VECTOR('',#6,1.513641383547E0);
#8=CARTESIAN_POINT('',(-1.541096115482E1,-3.305993749500E1,-2.884115427319E1));
#9=LINE('',#8,#7);
#10=DIRECTION('',(1.026335889656E-13,0.E0,-1.E0));
#11=VECTOR('',#10,1.211542731880E-1);
#12=CARTESIAN_POINT('',(-1.541096115482E1,-3.305993749500E1,-2.872E1));
#13=LINE('',#12,#11);
#14=DIRECTION('',(-2.932388256159E-14,1.172955302464E-13,1.E0));
#15=VECTOR('',#14,1.211542731880E-1);
#16=CARTESIAN_POINT('',(-1.511096115482E1,-3.275993749500E1,-2.884115427319E1));
#17=LINE('',#16,#15);
#18=DIRECTION('',(0.E0,-5.000000000001E-1,8.660254037844E-1));
#19=VECTOR('',#18,1.564219224730E0);
#20=CARTESIAN_POINT('',(-1.511096115482E1,-3.197782788264E1,-3.019580785890E1));
#21=LINE('',#20,#19);
#22=DIRECTION('',(-9.999997233760E-1,7.438063612168E-4,0.E0));
#23=VECTOR('',#22,6.071077653610E-1);
#24=CARTESIAN_POINT('',(-1.450682685849E1,-3.282988594724E1,-2.872E1));
#25=LINE('',#24,#23);
#26=DIRECTION('',(0.E0,5.000000000001E-1,-8.660254037844E-1));
#27=VECTOR('',#26,1.564219224730E0);
#28=CARTESIAN_POINT('',(-1.451096115482E1,-3.275993749500E1,-2.884115427319E1));
#29=LINE('',#28,#27);
#30=DIRECTION('',(0.E0,0.E0,1.E0));
#31=VECTOR('',#30,1.513641383547E0);
#32=CARTESIAN_POINT('',(-1.421096115482E1,-3.305993749500E1,-3.035479565674E1));
#33=LINE('',#32,#31);
#34=DIRECTION('',(0.E0,0.E0,-1.E0));
#35=VECTOR('',#34,1.513641383547E0);
#36=CARTESIAN_POINT('',(-1.451096115482E1,-3.275993749500E1,-2.884115427319E1));
#37=LINE('',#36,#35);
#38=DIRECTION('',(0.E0,-1.172955302464E-13,-1.E0));
#39=VECTOR('',#38,1.211542731879E-1);
#40=CARTESIAN_POINT('',(-1.451096115482E1,-3.275993749500E1,-2.872E1));
#41=LINE('',#40,#39);
#42=DIRECTION('',(7.330970640396E-14,0.E0,1.E0));
#43=VECTOR('',#42,1.211542731880E-1);
#44=CARTESIAN_POINT('',(-1.421096115482E1,-3.305993749500E1,-2.884115427319E1));
#45=LINE('',#44,#43);
#46=DIRECTION('',(-5.E-1,0.E0,8.660254037844E-1));
#47=VECTOR('',#46,1.564219224730E0);
#48=CARTESIAN_POINT('',(-1.342885154245E1,-3.305993749500E1,-3.019580785890E1));
#49=LINE('',#48,#47);
#50=CARTESIAN_POINT('',(-1.481096115482E1,-3.305993749500E1,-2.54E1));
#51=DIRECTION('',(0.E0,-1.E0,0.E0));
#52=DIRECTION('',(1.202165849551E-1,0.E0,-9.927476883386E-1));
#53=AXIS2_PLACEMENT_3D('',#50,#51,#52);
#55=DIRECTION('',(7.459243553966E-4,9.999997217984E-1,0.E0));
#56=VECTOR('',#55,6.062069665308E-1);
#57=CARTESIAN_POINT('',(-1.428090960706E1,-3.366407179133E1,-2.872E1));
#58=LINE('',#57,#56);
#59=CARTESIAN_POINT('',(-1.481096115482E1,-3.335993749500E1,-2.954246303545E1));
#60=DIRECTION('',(0.E0,0.E0,-1.E0));
#61=DIRECTION('',(1.E0,0.E0,0.E0));
#62=AXIS2_PLACEMENT_3D('',#59,#60,#61);
#64=CARTESIAN_POINT('',(-1.481096115482E1,-3.335993749500E1,-2.954246303545E1));
#65=DIRECTION('',(0.E0,0.E0,-1.E0));
#66=DIRECTION('',(-1.E0,0.E0,0.E0));
#67=AXIS2_PLACEMENT_3D('',#64,#65,#66);
#69=CARTESIAN_POINT('',(-1.511096115482E1,-3.335993749500E1,-2.54E1));
#70=DIRECTION('',(-1.E0,0.E0,0.E0));
#71=DIRECTION('',(0.E0,-1.202165849551E-1,-9.927476883386E-1));
#72=AXIS2_PLACEMENT_3D('',#69,#70,#71);
#74=CARTESIAN_POINT('',(-1.541096115482E1,-3.365993749500E1,-3.035479565674E1));
#75=CARTESIAN_POINT('',(-1.537274043267E1,-3.365993749500E1,-3.035942398753E1));
#76=CARTESIAN_POINT('',(-1.529580307591E1,-3.367432084085E1,-3.036698585448E1));
#77=CARTESIAN_POINT('',(-1.519402571797E1,-3.374189140619E1,-3.037111397942E1));
#78=CARTESIAN_POINT('',(-1.512896671495E1,-3.383709706538E1,-3.036747605332E1));
#79=CARTESIAN_POINT('',(-1.511096115482E1,-3.391837906498E1,-3.035982816660E1));
#80=CARTESIAN_POINT('',(-1.511096115482E1,-3.395993749500E1,-3.035479565674E1));
#82=CARTESIAN_POINT('',(-1.511096115482E1,-3.275993749500E1,-3.035479565674E1));
#83=CARTESIAN_POINT('',(-1.511096115482E1,-3.279982705483E1,-3.035962607510E1));
#84=CARTESIAN_POINT('',(-1.512699249517E1,-3.287934523528E1,-3.036730012029E1));
#85=CARTESIAN_POINT('',(-1.519565396333E1,-3.298007552347E1,-3.037116984390E1));
#86=CARTESIAN_POINT('',(-1.529593026985E1,-3.304521092912E1,-3.036692914825E1));
#87=CARTESIAN_POINT('',(-1.537282292709E1,-3.305993749500E1,-3.035941399788E1));
#88=CARTESIAN_POINT('',(-1.541096115482E1,-3.305993749500E1,-3.035479565674E1));
#90=CARTESIAN_POINT('',(-1.511096115482E1,-3.335993749500E1,-2.54E1));
#91=DIRECTION('',(-1.E0,0.E0,0.E0));
#92=DIRECTION('',(0.E0,2.769208293869E-1,-9.608927381616E-1));
#93=AXIS2_PLACEMENT_3D('',#90,#91,#92);
#95=CARTESIAN_POINT('',(-1.481096115482E1,-3.440000100446E1,-2.600048094717E1));
#96=DIRECTION('',(0.E0,8.660254037844E-1,5.E-1));
#97=DIRECTION('',(6.180945277075E-2,4.990439839203E-1,-8.643695353615E-1));
#98=AXIS2_PLACEMENT_3D('',#95,#96,#97);
#100=CARTESIAN_POINT('',(-1.451096115482E1,-3.335993749500E1,-2.54E1));
#101=DIRECTION('',(1.E0,0.E0,0.E0));
#102=DIRECTION('',(0.E0,1.202165849551E-1,-9.927476883386E-1));
#103=AXIS2_PLACEMENT_3D('',#100,#101,#102);
#105=CARTESIAN_POINT('',(-1.421096115482E1,-3.305993749500E1,
-3.035479565674E1));
#106=CARTESIAN_POINT('',(-1.425080932672E1,-3.305993749500E1,
-3.035962106323E1));
#107=CARTESIAN_POINT('',(-1.433026884257E1,-3.304393892404E1,
-3.036729199449E1));
#108=CARTESIAN_POINT('',(-1.443100851162E1,-3.297534145182E1,
-3.037117058083E1));
#109=CARTESIAN_POINT('',(-1.449621586019E1,-3.287503938270E1,
-3.036693545849E1));
#110=CARTESIAN_POINT('',(-1.451096115482E1,-3.279810286066E1,
-3.035941728414E1));
#111=CARTESIAN_POINT('',(-1.451096115482E1,-3.275993749500E1,
-3.035479565674E1));
#113=CARTESIAN_POINT('',(-1.585102466428E1,-3.335993749500E1,
-2.600048094717E1));
#114=DIRECTION('',(8.660254037844E-1,0.E0,5.E-1));
#115=DIRECTION('',(4.990439839203E-1,-6.180945277076E-2,-8.643695353615E-1));
#116=AXIS2_PLACEMENT_3D('',#113,#114,#115);
#118=CARTESIAN_POINT('',(-1.451096115482E1,-3.395993749500E1,
-3.035479565674E1));
#119=CARTESIAN_POINT('',(-1.451096115482E1,-3.392045487383E1,
-3.035957679694E1));
#120=CARTESIAN_POINT('',(-1.449539177124E1,-3.384171959610E1,
-3.036721206202E1));
#121=CARTESIAN_POINT('',(-1.442720754183E1,-3.374113280576E1,
-3.037112252213E1));
#122=CARTESIAN_POINT('',(-1.433019325992E1,-3.367645145623E1,
-3.036722049365E1));
#123=CARTESIAN_POINT('',(-1.425097840994E1,-3.365993749500E1,
-3.035964153833E1));
#124=CARTESIAN_POINT('',(-1.421096115482E1,-3.365993749500E1,
-3.035479565674E1));
#126=CARTESIAN_POINT('',(-1.451096115482E1,-3.335993749500E1,-2.54E1));
#127=DIRECTION('',(1.E0,0.E0,0.E0));
#128=DIRECTION('',(0.E0,-2.769208293869E-1,-9.608927381616E-1));
#129=AXIS2_PLACEMENT_3D('',#126,#127,#128);
#131=CARTESIAN_POINT('',(-1.481096115482E1,-3.231987398554E1,
-2.600048094717E1));
#132=DIRECTION('',(0.E0,-8.660254037844E-1,5.E-1));
#133=DIRECTION('',(-6.180945277075E-2,-4.990439839203E-1,-8.643695353615E-1));
#134=AXIS2_PLACEMENT_3D('',#131,#132,#133);
#136=CARTESIAN_POINT('',(0.E0,0.E0,-2.8E1));
#137=DIRECTION('',(0.E0,0.E0,-1.E0));
#138=DIRECTION('',(-3.930204587636E-1,-9.195297270851E-1,0.E0));
#139=AXIS2_PLACEMENT_3D('',#136,#137,#138);
#141=CARTESIAN_POINT('',(-1.481096115482E1,-3.335993749500E1,-2.8E1));
#142=DIRECTION('',(0.E0,0.E0,1.E0));
#143=DIRECTION('',(-5.762899205811E-1,-8.172453287946E-1,0.E0));
#144=AXIS2_PLACEMENT_3D('',#141,#142,#143);
#146=CARTESIAN_POINT('',(0.E0,0.E0,-2.65E1));
#147=DIRECTION('',(0.E0,0.E0,-1.E0));
#148=DIRECTION('',(-1.E0,0.E0,0.E0));
#149=AXIS2_PLACEMENT_3D('',#146,#147,#148);
#151=CARTESIAN_POINT('',(0.E0,0.E0,-2.65E1));
#152=DIRECTION('',(0.E0,0.E0,-1.E0));
#153=DIRECTION('',(9.238795325113E-1,-3.826834323651E-1,0.E0));
#154=AXIS2_PLACEMENT_3D('',#151,#152,#153);
#156=CARTESIAN_POINT('',(-3.278920897160E1,-1.603489242298E1,0.E0));
#157=DIRECTION('',(0.E0,0.E0,-1.E0));
#158=DIRECTION('',(1.E0,0.E0,0.E0));
#159=AXIS2_PLACEMENT_3D('',#156,#157,#158);
#161=CARTESIAN_POINT('',(-3.278920897160E1,-1.603489242298E1,0.E0));
#162=DIRECTION('',(0.E0,0.E0,-1.E0));
#163=DIRECTION('',(-1.E0,0.E0,0.E0));
#164=AXIS2_PLACEMENT_3D('',#161,#162,#163);
#166=CARTESIAN_POINT('',(-3.542502149911E1,8.793057021730E0,0.E0));
#167=DIRECTION('',(0.E0,0.E0,-1.E0));
#168=DIRECTION('',(7.660444431190E-1,-6.427876096865E-1,0.E0));
#169=AXIS2_PLACEMENT_3D('',#166,#167,#168);
#171=CARTESIAN_POINT('',(-3.542502149911E1,8.793057021730E0,0.E0));
#172=DIRECTION('',(0.E0,0.E0,-1.E0));
#173=DIRECTION('',(-7.660444431190E-1,6.427876096865E-1,0.E0));
#174=AXIS2_PLACEMENT_3D('',#171,#172,#173);
#176=CARTESIAN_POINT('',(-2.148507276193E1,2.950663736203E1,0.E0));
#177=DIRECTION('',(0.E0,0.E0,-1.E0));
#178=DIRECTION('',(1.736481776669E-1,-9.848077530122E-1,0.E0));
#179=AXIS2_PLACEMENT_3D('',#176,#177,#178);
#181=CARTESIAN_POINT('',(-2.148507276193E1,2.950663736203E1,0.E0));
#182=DIRECTION('',(0.E0,0.E0,-1.E0));
#183=DIRECTION('',(-1.736481776669E-1,9.848077530122E-1,0.E0));
#184=AXIS2_PLACEMENT_3D('',#181,#182,#183);
#186=CARTESIAN_POINT('',(2.507980300550E0,3.641373415090E1,0.E0));
#187=DIRECTION('',(0.E0,0.E0,-1.E0));
#188=DIRECTION('',(-5.E-1,-8.660254037844E-1,0.E0));
#189=AXIS2_PLACEMENT_3D('',#186,#187,#188);
#191=CARTESIAN_POINT('',(2.507980300550E0,3.641373415090E1,0.E0));
#192=DIRECTION('',(0.E0,0.E0,-1.E0));
#193=DIRECTION('',(5.E-1,8.660254037844E-1,0.E0));
#194=AXIS2_PLACEMENT_3D('',#191,#192,#193);
#196=CARTESIAN_POINT('',(2.532752150730E1,2.628244003698E1,0.E0));
#197=DIRECTION('',(0.E0,0.E0,-1.E0));
#198=DIRECTION('',(-9.396926207859E-1,-3.420201433257E-1,0.E0));
#199=AXIS2_PLACEMENT_3D('',#196,#197,#198);
#201=CARTESIAN_POINT('',(2.532752150730E1,2.628244003698E1,0.E0));
#202=DIRECTION('',(0.E0,0.E0,-1.E0));
#203=DIRECTION('',(9.396926207859E-1,3.420201433257E-1,0.E0));
#204=AXIS2_PLACEMENT_3D('',#201,#202,#203);
#206=CARTESIAN_POINT('',(3.629603391674E1,3.853300132970E0,0.E0));
#207=DIRECTION('',(0.E0,0.E0,-1.E0));
#208=DIRECTION('',(-9.396926207859E-1,3.420201433257E-1,0.E0));
#209=AXIS2_PLACEMENT_3D('',#206,#207,#208);
#211=CARTESIAN_POINT('',(3.629603391674E1,3.853300132970E0,0.E0));
#212=DIRECTION('',(0.E0,0.E0,-1.E0));
#213=DIRECTION('',(9.396926207859E-1,-3.420201433257E-1,0.E0));
#214=AXIS2_PLACEMENT_3D('',#211,#212,#213);
#216=CARTESIAN_POINT('',(3.028122867106E1,-2.037884172791E1,0.E0));
#217=DIRECTION('',(0.E0,0.E0,-1.E0));
#218=DIRECTION('',(-5.E-1,8.660254037844E-1,0.E0));
#219=AXIS2_PLACEMENT_3D('',#216,#217,#218);
#221=CARTESIAN_POINT('',(3.028122867106E1,-2.037884172791E1,0.E0));
#222=DIRECTION('',(0.E0,0.E0,-1.E0));
#223=DIRECTION('',(5.E-1,-8.660254037844E-1,0.E0));
#224=AXIS2_PLACEMENT_3D('',#221,#222,#223);
#226=CARTESIAN_POINT('',(1.009749999181E1,-3.507549705871E1,0.E0));
#227=DIRECTION('',(0.E0,0.E0,-1.E0));
#228=DIRECTION('',(1.736481776669E-1,9.848077530122E-1,0.E0));
#229=AXIS2_PLACEMENT_3D('',#226,#227,#228);
#231=CARTESIAN_POINT('',(1.009749999181E1,-3.507549705871E1,0.E0));
#232=DIRECTION('',(0.E0,0.E0,-1.E0));
#233=DIRECTION('',(-1.736481776669E-1,-9.848077530122E-1,0.E0));
#234=AXIS2_PLACEMENT_3D('',#231,#232,#233);
#236=CARTESIAN_POINT('',(-1.481096115481E1,-3.335993749501E1,0.E0));
#237=DIRECTION('',(0.E0,0.E0,-1.E0));
#238=DIRECTION('',(7.660444431190E-1,6.427876096865E-1,0.E0));
#239=AXIS2_PLACEMENT_3D('',#236,#237,#238);
#241=CARTESIAN_POINT('',(-1.481096115481E1,-3.335993749501E1,0.E0));
#242=DIRECTION('',(0.E0,0.E0,-1.E0));
#243=DIRECTION('',(-7.660444431190E-1,-6.427876096865E-1,0.E0));
#244=AXIS2_PLACEMENT_3D('',#241,#242,#243);
#246=CARTESIAN_POINT('',(0.E0,0.E0,0.E0));
#247=DIRECTION('',(0.E0,0.E0,-1.E0));
#248=DIRECTION('',(-1.E0,0.E0,0.E0));
#249=AXIS2_PLACEMENT_3D('',#246,#247,#248);
#251=CARTESIAN_POINT('',(0.E0,0.E0,0.E0));
#252=DIRECTION('',(0.E0,0.E0,-1.E0));
#253=DIRECTION('',(1.E0,0.E0,0.E0));
#254=AXIS2_PLACEMENT_3D('',#251,#252,#253);
#256=CARTESIAN_POINT('',(0.E0,0.E0,0.E0));
#257=DIRECTION('',(0.E0,0.E0,1.E0));
#258=DIRECTION('',(-1.E0,0.E0,0.E0));
#259=AXIS2_PLACEMENT_3D('',#256,#257,#258);
#261=CARTESIAN_POINT('',(0.E0,0.E0,0.E0));
#262=DIRECTION('',(0.E0,0.E0,1.E0));
#263=DIRECTION('',(-9.238795325113E-1,3.826834323651E-1,0.E0));
#264=AXIS2_PLACEMENT_3D('',#261,#262,#263);
#266=CARTESIAN_POINT('',(0.E0,0.E0,0.E0));
#267=DIRECTION('',(0.E0,0.E0,1.E0));
#268=DIRECTION('',(9.238795325113E-1,-3.826834323651E-1,0.E0));
#269=AXIS2_PLACEMENT_3D('',#266,#267,#268);
#271=CARTESIAN_POINT('',(1.481096115482E1,3.335993749501E1,0.E0));
#272=DIRECTION('',(0.E0,0.E0,1.E0));
#273=DIRECTION('',(1.E0,0.E0,0.E0));
#274=AXIS2_PLACEMENT_3D('',#271,#272,#273);
#276=CARTESIAN_POINT('',(1.481096115482E1,3.335993749501E1,0.E0));
#277=DIRECTION('',(0.E0,0.E0,1.E0));
#278=DIRECTION('',(-1.E0,0.E0,0.E0));
#279=AXIS2_PLACEMENT_3D('',#276,#277,#278);
#281=CARTESIAN_POINT('',(-3.629603391674E1,-3.853300132968E0,0.E0));
#282=DIRECTION('',(0.E0,0.E0,1.E0));
#283=DIRECTION('',(1.E0,0.E0,0.E0));
#284=AXIS2_PLACEMENT_3D('',#281,#282,#283);
#286=CARTESIAN_POINT('',(-3.629603391674E1,-3.853300132968E0,0.E0));
#287=DIRECTION('',(0.E0,0.E0,1.E0));
#288=DIRECTION('',(-1.E0,0.E0,0.E0));
#289=AXIS2_PLACEMENT_3D('',#286,#287,#288);
#291=CARTESIAN_POINT('',(2.148507276193E1,-2.950663736204E1,0.E0));
#292=DIRECTION('',(0.E0,0.E0,1.E0));
#293=DIRECTION('',(1.E0,0.E0,0.E0));
#294=AXIS2_PLACEMENT_3D('',#291,#292,#293);
#296=CARTESIAN_POINT('',(2.148507276193E1,-2.950663736204E1,0.E0));
#297=DIRECTION('',(0.E0,0.E0,1.E0));
#298=DIRECTION('',(-1.E0,0.E0,0.E0));
#299=AXIS2_PLACEMENT_3D('',#296,#297,#298);
#301=CARTESIAN_POINT('',(-3.278920897160E1,-1.603489242298E1,-2.65E1));
#302=DIRECTION('',(0.E0,0.E0,1.E0));
#303=DIRECTION('',(-1.E0,0.E0,0.E0));
#304=AXIS2_PLACEMENT_3D('',#301,#302,#303);
#306=CARTESIAN_POINT('',(-3.278920897160E1,-1.603489242298E1,-2.65E1));
#307=DIRECTION('',(0.E0,0.E0,1.E0));
#308=DIRECTION('',(1.E0,0.E0,0.E0));
#309=AXIS2_PLACEMENT_3D('',#306,#307,#308);
#311=CARTESIAN_POINT('',(-3.278920897161E1,-1.603489242298E1,-2.65E1));
#312=DIRECTION('',(0.E0,0.E0,-1.E0));
#313=DIRECTION('',(8.983344923730E-1,4.393121211770E-1,0.E0));
#314=AXIS2_PLACEMENT_3D('',#311,#312,#313);
#316=CARTESIAN_POINT('',(-3.278920897161E1,-1.603489242298E1,-2.65E1));
#317=DIRECTION('',(0.E0,0.E0,-1.E0));
#318=DIRECTION('',(-8.983344923727E-1,-4.393121211775E-1,0.E0));
#319=AXIS2_PLACEMENT_3D('',#316,#317,#318);
#321=DIRECTION('',(0.E0,0.E0,1.E0));
#322=VECTOR('',#321,2.65E1);
#323=CARTESIAN_POINT('',(-3.403920897160E1,-1.603489242298E1,-2.65E1));
#324=LINE('',#323,#322);
#325=DIRECTION('',(0.E0,0.E0,1.E0));
#326=VECTOR('',#325,2.65E1);
#327=CARTESIAN_POINT('',(-3.153920897160E1,-1.603489242298E1,-2.65E1));
#328=LINE('',#327,#326);
#329=DIRECTION('',(-9.947598300641E-14,2.025046796916E-13,-1.E0));
#330=VECTOR('',#329,1.5E0);
#331=CARTESIAN_POINT('',(-3.135187378381E1,-1.533199302910E1,-2.65E1));
#332=LINE('',#331,#330);
#333=DIRECTION('',(7.105427357601E-14,-1.492139745096E-13,-1.E0));
#334=VECTOR('',#333,1.5E0);
#335=CARTESIAN_POINT('',(-3.422654415940E1,-1.673779181687E1,-2.65E1));
#336=LINE('',#335,#334);
#337=CARTESIAN_POINT('',(2.507980300550E0,3.641373415090E1,-2.8E1));
#338=DIRECTION('',(0.E0,0.E0,1.E0));
#339=DIRECTION('',(-1.E0,1.299260787846E-7,0.E0));
#340=AXIS2_PLACEMENT_3D('',#337,#338,#339);
#342=CARTESIAN_POINT('',(2.507980300550E0,3.641373415090E1,-2.8E1));
#343=DIRECTION('',(0.E0,0.E0,1.E0));
#344=DIRECTION('',(-1.272380063343E-1,9.918722144228E-1,0.E0));
#345=AXIS2_PLACEMENT_3D('',#342,#343,#344);
#347=CARTESIAN_POINT('',(0.E0,0.E0,-2.8E1));
#348=DIRECTION('',(0.E0,0.E0,-1.E0));
#349=DIRECTION('',(-9.238795325113E-1,3.826834323651E-1,0.E0));
#350=AXIS2_PLACEMENT_3D('',#347,#348,#349);
#352=CARTESIAN_POINT('',(0.E0,0.E0,-2.8E1));
#353=DIRECTION('',(0.E0,0.E0,-1.E0));
#354=DIRECTION('',(-4.184604568775E-1,-9.082350169586E-1,0.E0));
#355=AXIS2_PLACEMENT_3D('',#352,#353,#354);
#357=CARTESIAN_POINT('',(-1.481096115482E1,-3.335993749500E1,-2.8E1));
#358=DIRECTION('',(0.E0,0.E0,1.E0));
#359=DIRECTION('',(-1.E0,2.341605258899E-8,0.E0));
#360=AXIS2_PLACEMENT_3D('',#357,#358,#359);
#362=CARTESIAN_POINT('',(-1.481096115482E1,-3.335993749500E1,-2.8E1));
#363=DIRECTION('',(0.E0,0.E0,1.E0));
#364=DIRECTION('',(1.E0,0.E0,0.E0));
#365=AXIS2_PLACEMENT_3D('',#362,#363,#364);
#367=CARTESIAN_POINT('',(-1.481096115482E1,-3.335993749500E1,-2.8E1));
#368=DIRECTION('',(0.E0,0.E0,1.E0));
#369=DIRECTION('',(-2.196756613053E-1,-9.755729618179E-1,0.E0));
#370=AXIS2_PLACEMENT_3D('',#367,#368,#369);
#372=CARTESIAN_POINT('',(0.E0,0.E0,-2.8E1));
#373=DIRECTION('',(0.E0,0.E0,-1.E0));
#374=DIRECTION('',(2.632429079279E-1,-9.647295846120E-1,0.E0));
#375=AXIS2_PLACEMENT_3D('',#372,#373,#374);
#377=CARTESIAN_POINT('',(1.009749999181E1,-3.507549705871E1,-2.8E1));
#378=DIRECTION('',(0.E0,0.E0,1.E0));
#379=DIRECTION('',(-1.E0,-5.371153426787E-8,0.E0));
#380=AXIS2_PLACEMENT_3D('',#377,#378,#379);
#382=CARTESIAN_POINT('',(1.009749999181E1,-3.507549705871E1,-2.8E1));
#383=DIRECTION('',(0.E0,0.E0,1.E0));
#384=DIRECTION('',(1.E0,0.E0,0.E0));
#385=AXIS2_PLACEMENT_3D('',#382,#383,#384);
#387=CARTESIAN_POINT('',(1.009749999181E1,-3.507549705871E1,-2.8E1));
#388=DIRECTION('',(0.E0,0.E0,1.E0));
#389=DIRECTION('',(4.588048925777E-1,-8.885370394906E-1,0.E0));
#390=AXIS2_PLACEMENT_3D('',#387,#388,#389);
#392=CARTESIAN_POINT('',(0.E0,0.E0,-2.8E1));
#393=DIRECTION('',(0.E0,0.E0,-1.E0));
#394=DIRECTION('',(9.238795325113E-1,-3.826834323651E-1,0.E0));
#395=AXIS2_PLACEMENT_3D('',#392,#393,#394);
#397=CARTESIAN_POINT('',(0.E0,0.E0,-2.8E1));
#398=DIRECTION('',(0.E0,0.E0,-1.E0));
#399=DIRECTION('',(8.258953274514E-2,9.965836488128E-1,0.E0));
#400=AXIS2_PLACEMENT_3D('',#397,#398,#399);
#402=CARTESIAN_POINT('',(2.507980300550E0,3.641373415090E1,-2.8E1));
#403=DIRECTION('',(0.E0,0.E0,1.E0));
#404=DIRECTION('',(1.E0,0.E0,0.E0));
#405=AXIS2_PLACEMENT_3D('',#402,#403,#404);
#407=CARTESIAN_POINT('',(0.E0,0.E0,-2.8E1));
#408=DIRECTION('',(0.E0,0.E0,1.E0));
#409=DIRECTION('',(7.471024188728E-1,6.647089406006E-1,0.E0));
#410=AXIS2_PLACEMENT_3D('',#407,#408,#409);
#412=CARTESIAN_POINT('',(0.E0,0.E0,-2.8E1));
#413=DIRECTION('',(0.E0,0.E0,1.E0));
#414=DIRECTION('',(1.892673846052E-1,-9.819255863479E-1,0.E0));
#415=AXIS2_PLACEMENT_3D('',#412,#413,#414);
#417=DIRECTION('',(-5.826098694554E-2,-9.983013860554E-1,0.E0));
#418=VECTOR('',#417,5.161332303409E-1);
#419=CARTESIAN_POINT('',(6.181260431061E0,-3.139732503707E1,-2.8E1));
#420=LINE('',#419,#418);
#421=CARTESIAN_POINT('',(0.E0,0.E0,-2.8E1));
#422=DIRECTION('',(0.E0,0.E0,1.E0));
#423=DIRECTION('',(-3.213418498675E-1,-9.469632598595E-1,0.E0));
#424=AXIS2_PLACEMENT_3D('',#421,#422,#423);
#426=DIRECTION('',(5.826098694698E-2,9.983013860553E-1,0.E0));
#427=VECTOR('',#426,5.183285809088E-1);
#428=CARTESIAN_POINT('',(-1.031313753045E1,-3.082027245626E1,-2.8E1));
#429=LINE('',#428,#427);
#430=CARTESIAN_POINT('',(0.E0,0.E0,-2.8E1));
#431=DIRECTION('',(0.E0,0.E0,1.E0));
#432=DIRECTION('',(-7.471024188728E-1,-6.647089406006E-1,0.E0));
#433=AXIS2_PLACEMENT_3D('',#430,#431,#432);
#435=CARTESIAN_POINT('',(0.E0,0.E0,-2.8E1));
#436=DIRECTION('',(0.E0,0.E0,1.E0));
#437=DIRECTION('',(-1.892673846052E-1,9.819255863479E-1,0.E0));
#438=AXIS2_PLACEMENT_3D('',#435,#436,#437);
#440=DIRECTION('',(5.826098694550E-2,9.983013860554E-1,0.E0));
#441=VECTOR('',#440,5.161332303409E-1);
#442=CARTESIAN_POINT('',(-6.181260431061E0,3.139732503707E1,-2.8E1));
#443=LINE('',#442,#441);
#444=CARTESIAN_POINT('',(0.E0,0.E0,-2.8E1));
#445=DIRECTION('',(0.E0,0.E0,1.E0));
#446=DIRECTION('',(3.213418498675E-1,9.469632598595E-1,0.E0));
#447=AXIS2_PLACEMENT_3D('',#444,#445,#446);
#449=DIRECTION('',(-5.826098694696E-2,-9.983013860553E-1,0.E0));
#450=VECTOR('',#449,5.183285809088E-1);
#451=CARTESIAN_POINT('',(1.031313753045E1,3.082027245626E1,-2.8E1));
#452=LINE('',#451,#450);
#453=CARTESIAN_POINT('',(3.629603391674E1,3.853300132966E0,-2.8E1));
#454=DIRECTION('',(0.E0,0.E0,1.E0));
#455=DIRECTION('',(9.944118881299E-1,1.055698666566E-1,0.E0));
#456=AXIS2_PLACEMENT_3D('',#453,#454,#455);
#458=CARTESIAN_POINT('',(3.629603391674E1,3.853300132966E0,-2.8E1));
#459=DIRECTION('',(0.E0,0.E0,1.E0));
#460=DIRECTION('',(-9.944118881299E-1,-1.055698666566E-1,0.E0));
#461=AXIS2_PLACEMENT_3D('',#458,#459,#460);
#463=CARTESIAN_POINT('',(3.028122867105E1,-2.037884172792E1,-2.8E1));
#464=DIRECTION('',(0.E0,0.E0,1.E0));
#465=DIRECTION('',(8.296227033162E-1,-5.583244309022E-1,0.E0));
#466=AXIS2_PLACEMENT_3D('',#463,#464,#465);
#468=CARTESIAN_POINT('',(3.028122867105E1,-2.037884172792E1,-2.8E1));
#469=DIRECTION('',(0.E0,0.E0,1.E0));
#470=DIRECTION('',(-8.296227033165E-1,5.583244309018E-1,0.E0));
#471=AXIS2_PLACEMENT_3D('',#468,#469,#470);
#473=CARTESIAN_POINT('',(-3.278920897161E1,-1.603489242298E1,-2.8E1));
#474=DIRECTION('',(0.E0,0.E0,1.E0));
#475=DIRECTION('',(-8.983344923725E-1,-4.393121211780E-1,0.E0));
#476=AXIS2_PLACEMENT_3D('',#473,#474,#475);
#478=CARTESIAN_POINT('',(-3.278920897161E1,-1.603489242298E1,-2.8E1));
#479=DIRECTION('',(0.E0,0.E0,1.E0));
#480=DIRECTION('',(8.983344923727E-1,4.393121211775E-1,0.E0));
#481=AXIS2_PLACEMENT_3D('',#478,#479,#480);
#483=CARTESIAN_POINT('',(-3.542502149912E1,8.793057021738E0,-2.8E1));
#484=DIRECTION('',(0.E0,0.E0,1.E0));
#485=DIRECTION('',(-9.705485342221E-1,2.409056718288E-1,0.E0));
#486=AXIS2_PLACEMENT_3D('',#483,#484,#485);
#488=CARTESIAN_POINT('',(-3.542502149912E1,8.793057021738E0,-2.8E1));
#489=DIRECTION('',(0.E0,0.E0,1.E0));
#490=DIRECTION('',(9.705485342222E-1,-2.409056718284E-1,0.E0));
#491=AXIS2_PLACEMENT_3D('',#488,#489,#490);
#493=CARTESIAN_POINT('',(-2.148507276193E1,2.950663736204E1,-2.8E1));
#494=DIRECTION('',(0.E0,0.E0,1.E0));
#495=DIRECTION('',(-5.886321304631E-1,8.084010236179E-1,0.E0));
#496=AXIS2_PLACEMENT_3D('',#493,#494,#495);
#498=CARTESIAN_POINT('',(-2.148507276193E1,2.950663736204E1,-2.8E1));
#499=DIRECTION('',(0.E0,0.E0,1.E0));
#500=DIRECTION('',(5.886321304637E-1,-8.084010236174E-1,0.E0));
#501=AXIS2_PLACEMENT_3D('',#498,#499,#500);
#503=CARTESIAN_POINT('',(2.532752150730E1,2.628244003697E1,-2.8E1));
#504=DIRECTION('',(0.E0,0.E0,1.E0));
#505=DIRECTION('',(6.939046988299E-1,7.200668503283E-1,0.E0));
#506=AXIS2_PLACEMENT_3D('',#503,#504,#505);
#508=CARTESIAN_POINT('',(2.532752150730E1,2.628244003697E1,-2.8E1));
#509=DIRECTION('',(0.E0,0.E0,1.E0));
#510=DIRECTION('',(-6.939046988303E-1,-7.200668503280E-1,0.E0));
#511=AXIS2_PLACEMENT_3D('',#508,#509,#510);
#513=DIRECTION('',(6.044088026388E-5,7.860948677942E-8,9.999999981734E-1));
#514=VECTOR('',#513,1.542463038259E0);
#515=CARTESIAN_POINT('',(-2.920196994499E-1,3.641373415090E1,
-2.954246303545E1));
#516=LINE('',#515,#514);
#517=DIRECTION('',(4.030727994801E-14,0.E0,1.E0));
#518=VECTOR('',#517,1.542463035442E0);
#519=CARTESIAN_POINT('',(5.307980300550E0,3.641373415090E1,-2.954246303545E1));
#520=LINE('',#519,#518);
#521=CARTESIAN_POINT('',(0.E0,0.E0,-2.8E1));
#522=DIRECTION('',(0.E0,0.E0,-1.E0));
#523=DIRECTION('',(5.482073586787E-2,9.984962127714E-1,0.E0));
#524=AXIS2_PLACEMENT_3D('',#521,#522,#523);
#526=CARTESIAN_POINT('',(2.507980300550E0,3.641373415090E1,-2.8E1));
#527=DIRECTION('',(0.E0,0.E0,1.E0));
#528=DIRECTION('',(2.620210213203E-1,9.650621660734E-1,0.E0));
#529=AXIS2_PLACEMENT_3D('',#526,#527,#528);
#531=CARTESIAN_POINT('',(0.E0,0.E0,-2.65E1));
#532=DIRECTION('',(0.E0,0.E0,-1.E0));
#533=DIRECTION('',(-9.238795325113E-1,3.826834323651E-1,0.E0));
#534=AXIS2_PLACEMENT_3D('',#531,#532,#533);
#536=DIRECTION('',(0.E0,1.302661682227E-14,-1.E0));
#537=VECTOR('',#536,1.5E0);
#538=CARTESIAN_POINT('',(-3.626227165107E1,1.502032472033E1,-2.65E1));
#539=LINE('',#538,#537);
#540=DIRECTION('',(0.E0,-1.421085471520E-14,-1.E0));
#541=VECTOR('',#540,1.5E0);
#542=CARTESIAN_POINT('',(3.626227165107E1,-1.502032472033E1,-2.65E1));
#543=LINE('',#542,#541);
#544=DIRECTION('',(0.E0,0.E0,-1.E0));
#545=VECTOR('',#544,2.65E1);
#546=CARTESIAN_POINT('',(-3.626227165107E1,1.502032472033E1,0.E0));
#547=LINE('',#546,#545);
#548=DIRECTION('',(0.E0,0.E0,-1.E0));
#549=VECTOR('',#548,2.65E1);
#550=CARTESIAN_POINT('',(3.626227165107E1,-1.502032472033E1,0.E0));
#551=LINE('',#550,#549);
#552=CARTESIAN_POINT('',(2.507980300550E0,3.641373415090E1,-2.954246303545E1));
#553=DIRECTION('',(0.E0,0.E0,-1.E0));
#554=DIRECTION('',(1.E0,0.E0,0.E0));
#555=AXIS2_PLACEMENT_3D('',#552,#553,#554);
#557=CARTESIAN_POINT('',(2.507980300550E0,3.641373415090E1,-2.954246303545E1));
#558=DIRECTION('',(0.E0,0.E0,-1.E0));
#559=DIRECTION('',(-1.E0,0.E0,0.E0));
#560=AXIS2_PLACEMENT_3D('',#557,#558,#559);
#562=CARTESIAN_POINT('',(2.207980300550E0,3.641373415090E1,-2.54E1));
#563=DIRECTION('',(-1.E0,0.E0,0.E0));
#564=DIRECTION('',(0.E0,-1.202165849551E-1,-9.927476883386E-1));
#565=AXIS2_PLACEMENT_3D('',#562,#563,#564);
#567=CARTESIAN_POINT('',(1.907980300550E0,3.611373415089E1,-3.035479565674E1));
#568=CARTESIAN_POINT('',(1.946201022701E0,3.611373415089E1,-3.035942398753E1));
#569=CARTESIAN_POINT('',(2.023138379462E0,3.609935080505E1,-3.036698585448E1));
#570=CARTESIAN_POINT('',(2.124915737403E0,3.603178023971E1,-3.037111397942E1));
#571=CARTESIAN_POINT('',(2.189974740419E0,3.593657458051E1,-3.036747605332E1));
#572=CARTESIAN_POINT('',(2.207980300550E0,3.585529258092E1,-3.035982816660E1));
#573=CARTESIAN_POINT('',(2.207980300550E0,3.581373415089E1,-3.035479565674E1));
#575=CARTESIAN_POINT('',(2.207980300550E0,3.701373415089E1,-3.035479565674E1));
#576=CARTESIAN_POINT('',(2.207980300550E0,3.697384459106E1,-3.035962607510E1));
#577=CARTESIAN_POINT('',(2.191948960198E0,3.689432641061E1,-3.036730012029E1));
#578=CARTESIAN_POINT('',(2.123287492035E0,3.679359612243E1,-3.037116984390E1));
#579=CARTESIAN_POINT('',(2.023011185517E0,3.672846071677E1,-3.036692914825E1));
#580=CARTESIAN_POINT('',(1.946118528279E0,3.671373415090E1,-3.035941399788E1));
#581=CARTESIAN_POINT('',(1.907980300550E0,3.671373415090E1,-3.035479565674E1));
#583=CARTESIAN_POINT('',(2.207980300550E0,3.641373415090E1,-2.54E1));
#584=DIRECTION('',(-1.E0,0.E0,0.E0));
#585=DIRECTION('',(0.E0,2.769208293869E-1,-9.608927381616E-1));
#586=AXIS2_PLACEMENT_3D('',#583,#584,#585);
#588=CARTESIAN_POINT('',(2.507980300550E0,3.537367064143E1,-2.600048094717E1));
#589=DIRECTION('',(0.E0,8.660254037844E-1,5.E-1));
#590=DIRECTION('',(6.180945277075E-2,4.990439839203E-1,-8.643695353615E-1));
#591=AXIS2_PLACEMENT_3D('',#588,#589,#590);
#593=CARTESIAN_POINT('',(2.807980300550E0,3.641373415090E1,-2.54E1));
#594=DIRECTION('',(1.E0,0.E0,0.E0));
#595=DIRECTION('',(0.E0,1.202165849551E-1,-9.927476883386E-1));
#596=AXIS2_PLACEMENT_3D('',#593,#594,#595);
#598=CARTESIAN_POINT('',(3.107980300550E0,3.671373415090E1,-3.035479565674E1));
#599=CARTESIAN_POINT('',(3.068132128650E0,3.671373415090E1,-3.035962106323E1));
#600=CARTESIAN_POINT('',(2.988672612793E0,3.672973272186E1,-3.036729199449E1));
#601=CARTESIAN_POINT('',(2.887932943744E0,3.679833019407E1,-3.037117058083E1));
#602=CARTESIAN_POINT('',(2.822725595179E0,3.689863226320E1,-3.036693545849E1));
#603=CARTESIAN_POINT('',(2.807980300550E0,3.697556878524E1,-3.035941728414E1));
#604=CARTESIAN_POINT('',(2.807980300550E0,3.701373415089E1,-3.035479565674E1));
#606=CARTESIAN_POINT('',(1.467916791089E0,3.641373415090E1,-2.600048094717E1));
#607=DIRECTION('',(8.660254037844E-1,0.E0,5.E-1));
#608=DIRECTION('',(4.990439839203E-1,-6.180945277076E-2,-8.643695353615E-1));
#609=AXIS2_PLACEMENT_3D('',#606,#607,#608);
#611=CARTESIAN_POINT('',(2.807980300550E0,3.581373415089E1,-3.035479565674E1));
#612=CARTESIAN_POINT('',(2.807980300550E0,3.585321677206E1,-3.035957679694E1));
#613=CARTESIAN_POINT('',(2.823549684123E0,3.593195204980E1,-3.036721206202E1));
#614=CARTESIAN_POINT('',(2.891733913538E0,3.603253884014E1,-3.037112252213E1));
#615=CARTESIAN_POINT('',(2.988748195444E0,3.609722018967E1,-3.036722049365E1));
#616=CARTESIAN_POINT('',(3.067963045428E0,3.611373415089E1,-3.035964153833E1));
#617=CARTESIAN_POINT('',(3.107980300550E0,3.611373415089E1,-3.035479565674E1));
#619=CARTESIAN_POINT('',(2.807980300550E0,3.641373415090E1,-2.54E1));
#620=DIRECTION('',(1.E0,0.E0,0.E0));
#621=DIRECTION('',(0.E0,-2.769208293869E-1,-9.608927381616E-1));
#622=AXIS2_PLACEMENT_3D('',#619,#620,#621);
#624=CARTESIAN_POINT('',(2.507980300550E0,3.745379766036E1,-2.600048094717E1));
#625=DIRECTION('',(0.E0,-8.660254037844E-1,5.E-1));
#626=DIRECTION('',(-6.180945277075E-2,-4.990439839203E-1,-8.643695353615E-1));
#627=AXIS2_PLACEMENT_3D('',#624,#625,#626);
#629=DIRECTION('',(0.E0,-5.E-1,-8.660254037844E-1));
#630=VECTOR('',#629,1.564219224730E0);
#631=CARTESIAN_POINT('',(2.207980300550E0,3.581373415090E1,-2.884115427319E1));
#632=LINE('',#631,#630);
#633=DIRECTION('',(0.E0,0.E0,1.E0));
#634=VECTOR('',#633,1.513641383547E0);
#635=CARTESIAN_POINT('',(1.907980300550E0,3.611373415089E1,-3.035479565674E1));
#636=LINE('',#635,#634);
#637=DIRECTION('',(0.E0,-1.877704305613E-14,-1.E0));
#638=VECTOR('',#637,1.513641383547E0);
#639=CARTESIAN_POINT('',(2.207980300550E0,3.581373415090E1,-2.884115427319E1));
#640=LINE('',#639,#638);
#641=DIRECTION('',(0.E0,1.759432953696E-13,-1.E0));
#642=VECTOR('',#641,1.211542731880E-1);
#643=CARTESIAN_POINT('',(2.207980300550E0,3.581373415089E1,-2.872E1));
#644=LINE('',#643,#642);
#645=DIRECTION('',(-9.530261832518E-14,0.E0,1.E0));
#646=VECTOR('',#645,1.211542731880E-1);
#647=CARTESIAN_POINT('',(1.907980300550E0,3.611373415089E1,-2.884115427319E1));
#648=LINE('',#647,#646);
#649=DIRECTION('',(5.E-1,0.E0,8.660254037844E-1));
#650=VECTOR('',#649,1.564219224730E0);
#651=CARTESIAN_POINT('',(1.125870688185E0,3.611373415089E1,-3.019580785890E1));
#652=LINE('',#651,#650);
#653=CARTESIAN_POINT('',(2.507980300550E0,3.611373415089E1,-2.54E1));
#654=DIRECTION('',(0.E0,1.E0,0.E0));
#655=DIRECTION('',(-1.202165849551E-1,0.E0,-9.927476883386E-1));
#656=AXIS2_PLACEMENT_3D('',#653,#654,#655);
#658=CARTESIAN_POINT('',(3.548043810011E0,3.641373415090E1,-2.600048094717E1));
#659=DIRECTION('',(8.660254037844E-1,0.E0,-5.E-1));
#660=DIRECTION('',(-4.990439839203E-1,-6.180945277076E-2,-8.643695353615E-1));
#661=AXIS2_PLACEMENT_3D('',#658,#659,#660);
#663=DIRECTION('',(-7.481258184592E-9,-1.E0,0.E0));
#664=VECTOR('',#663,6.050321464943E-1);
#665=CARTESIAN_POINT('',(1.977476572774E0,3.671669379584E1,-2.872E1));
#666=LINE('',#665,#664);
#667=CARTESIAN_POINT('',(2.507980300550E0,3.671373415090E1,-2.54E1));
#668=DIRECTION('',(0.E0,-1.E0,0.E0));
#669=DIRECTION('',(-2.769208293869E-1,0.E0,-9.608927381616E-1));
#670=AXIS2_PLACEMENT_3D('',#667,#668,#669);
#672=DIRECTION('',(-5.E-1,0.E0,-8.660254037844E-1));
#673=VECTOR('',#672,1.564219224730E0);
#674=CARTESIAN_POINT('',(1.907980300550E0,3.671373415090E1,-2.884115427319E1));
#675=LINE('',#674,#673);
#676=DIRECTION('',(0.E0,0.E0,1.E0));
#677=VECTOR('',#676,1.513641383547E0);
#678=CARTESIAN_POINT('',(2.207980300550E0,3.701373415089E1,-3.035479565674E1));
#679=LINE('',#678,#677);
#680=DIRECTION('',(0.E0,0.E0,-1.E0));
#681=VECTOR('',#680,1.513641383547E0);
#682=CARTESIAN_POINT('',(1.907980300550E0,3.671373415090E1,-2.884115427319E1));
#683=LINE('',#682,#681);
#684=DIRECTION('',(7.697519172420E-14,0.E0,-1.E0));
#685=VECTOR('',#684,1.211542731880E-1);
#686=CARTESIAN_POINT('',(1.907980300550E0,3.671373415090E1,-2.872E1));
#687=LINE('',#686,#685);
#688=DIRECTION('',(0.E0,5.864776512319E-14,1.E0));
#689=VECTOR('',#688,1.211542731880E-1);
#690=CARTESIAN_POINT('',(2.207980300550E0,3.701373415089E1,-2.884115427319E1));
#691=LINE('',#690,#689);
#692=DIRECTION('',(0.E0,-5.E-1,8.660254037844E-1));
#693=VECTOR('',#692,1.564219224730E0);
#694=CARTESIAN_POINT('',(2.207980300550E0,3.779584376326E1,-3.019580785890E1));
#695=LINE('',#694,#693);
#696=DIRECTION('',(-9.999997233760E-1,7.438063612285E-4,0.E0));
#697=VECTOR('',#696,6.071077653610E-1);
#698=CARTESIAN_POINT('',(2.812114596879E0,3.694378569866E1,-2.872E1));
#699=LINE('',#698,#697);
#700=DIRECTION('',(0.E0,5.E-1,-8.660254037844E-1));
#701=VECTOR('',#700,1.564219224730E0);
#702=CARTESIAN_POINT('',(2.807980300550E0,3.701373415089E1,-2.884115427319E1));
#703=LINE('',#702,#701);
#704=DIRECTION('',(0.E0,0.E0,1.E0));
#705=VECTOR('',#704,1.513641383547E0);
#706=CARTESIAN_POINT('',(3.107980300550E0,3.671373415090E1,-3.035479565674E1));
#707=LINE('',#706,#705);
#708=DIRECTION('',(0.E0,0.E0,-1.E0));
#709=VECTOR('',#708,1.513641383547E0);
#710=CARTESIAN_POINT('',(2.807980300550E0,3.701373415089E1,-2.884115427319E1));
#711=LINE('',#710,#709);
#712=DIRECTION('',(0.E0,-5.864776512320E-14,-1.E0));
#713=VECTOR('',#712,1.211542731880E-1);
#714=CARTESIAN_POINT('',(2.807980300550E0,3.701373415090E1,-2.872E1));
#715=LINE('',#714,#713);
#716=DIRECTION('',(6.964422108376E-14,0.E0,1.E0));
#717=VECTOR('',#716,1.211542731880E-1);
#718=CARTESIAN_POINT('',(3.107980300550E0,3.671373415090E1,-2.884115427319E1));
#719=LINE('',#718,#717);
#720=DIRECTION('',(-5.E-1,0.E0,8.660254037844E-1));
#721=VECTOR('',#720,1.564219224730E0);
#722=CARTESIAN_POINT('',(3.890089912915E0,3.671373415090E1,-3.019580785890E1));
#723=LINE('',#722,#721);
#724=CARTESIAN_POINT('',(2.507980300550E0,3.671373415090E1,-2.54E1));
#725=DIRECTION('',(0.E0,-1.E0,0.E0));
#726=DIRECTION('',(1.202165849551E-1,0.E0,-9.927476883386E-1));
#727=AXIS2_PLACEMENT_3D('',#724,#725,#726);
#729=DIRECTION('',(7.459243553965E-4,9.999997217984E-1,0.E0));
#730=VECTOR('',#729,6.062069665308E-1);
#731=CARTESIAN_POINT('',(3.038031848311E0,3.610959985457E1,-2.872E1));
#732=LINE('',#731,#730);
#733=DIRECTION('',(-4.975151496858E-1,1.483678123882E-2,8.673283955663E-1));
#734=VECTOR('',#733,1.396867366587E-1);
#735=CARTESIAN_POINT('',(3.107980300550E0,3.671373415090E1,-2.884115427319E1));
#736=LINE('',#735,#734);
#737=CARTESIAN_POINT('',(3.038484032852E0,3.671580665245E1,-2.872E1));
#738=CARTESIAN_POINT('',(3.050245029514E0,3.671580665245E1,-2.872E1));
#739=CARTESIAN_POINT('',(3.072985824737E0,3.671269790012E1,-2.872E1));
#740=CARTESIAN_POINT('',(3.096425146465E0,3.671373415090E1,-2.872E1));
#741=CARTESIAN_POINT('',(3.107980300550E0,3.671373415090E1,-2.872E1));
#743=CARTESIAN_POINT('',(1.907980300550E0,3.581373415089E1,-2.872E1));
#744=DIRECTION('',(0.E0,0.E0,1.E0));
#745=DIRECTION('',(9.724380244715E-1,2.331615074620E-1,0.E0));
#746=AXIS2_PLACEMENT_3D('',#743,#744,#745);
#748=CARTESIAN_POINT('',(3.107980300550E0,3.581373415089E1,-2.872E1));
#749=DIRECTION('',(0.E0,0.E0,1.E0));
#750=DIRECTION('',(-2.331615074620E-1,9.724380244715E-1,0.E0));
#751=AXIS2_PLACEMENT_3D('',#748,#749,#750);
#753=CARTESIAN_POINT('',(3.107980300550E0,3.701373415089E1,-2.872E1));
#754=DIRECTION('',(0.E0,0.E0,1.E0));
#755=DIRECTION('',(-9.724380244715E-1,-2.331615074620E-1,0.E0));
#756=AXIS2_PLACEMENT_3D('',#753,#754,#755);
#758=CARTESIAN_POINT('',(1.977476572774E0,3.671669379584E1,-2.872E1));
#759=CARTESIAN_POINT('',(2.005067143306E0,3.672312869270E1,-2.872E1));
#760=CARTESIAN_POINT('',(2.055004619049E0,3.675059970626E1,-2.872E1));
#761=CARTESIAN_POINT('',(2.123706954705E0,3.679812265444E1,-2.872E1));
#762=CARTESIAN_POINT('',(2.171234229578E0,3.686691515439E1,-2.872E1));
#763=CARTESIAN_POINT('',(2.198595372823E0,3.691674751019E1,-2.872E1));
#764=CARTESIAN_POINT('',(2.205006999459E0,3.694423726927E1,-2.872E1));
#766=DIRECTION('',(9.999997217984E-1,-7.459243553994E-4,0.E0));
#767=VECTOR('',#766,6.062069665308E-1);
#768=CARTESIAN_POINT('',(2.203846004221E0,3.588368260313E1,-2.872E1));
#769=LINE('',#768,#767);
#770=DIRECTION('',(0.E0,5.E-1,8.660254037844E-1));
#771=VECTOR('',#770,1.564219224730E0);
#772=CARTESIAN_POINT('',(2.807980300550E0,3.503162453853E1,-3.019580785890E1));
#773=LINE('',#772,#771);
#774=DIRECTION('',(0.E0,0.E0,1.E0));
#775=VECTOR('',#774,1.513641383547E0);
#776=CARTESIAN_POINT('',(2.807980300550E0,3.581373415090E1,-3.035479565674E1));
#777=LINE('',#776,#775);
#778=DIRECTION('',(1.232243450559E-14,0.E0,-1.E0));
#779=VECTOR('',#778,1.513641383547E0);
#780=CARTESIAN_POINT('',(3.107980300550E0,3.611373415089E1,-2.884115427319E1));
#781=LINE('',#780,#779);
#782=DIRECTION('',(-1.576158687686E-13,0.E0,-1.E0));
#783=VECTOR('',#782,1.211542731880E-1);
#784=CARTESIAN_POINT('',(3.107980300550E0,3.611373415089E1,-2.872E1));
#785=LINE('',#784,#783);
#786=DIRECTION('',(0.E0,-5.864776512317E-14,1.E0));
#787=VECTOR('',#786,1.211542731880E-1);
#788=CARTESIAN_POINT('',(2.807980300550E0,3.581373415090E1,-2.884115427319E1));
#789=LINE('',#788,#787);
#790=CARTESIAN_POINT('',(2.507980300550E0,3.611373415089E1,-2.54E1));
#791=DIRECTION('',(0.E0,1.E0,0.E0));
#792=DIRECTION('',(2.769208293869E-1,0.E0,-9.608927381616E-1));
#793=AXIS2_PLACEMENT_3D('',#790,#791,#792);
#795=DIRECTION('',(5.E-1,0.E0,-8.660254037844E-1));
#796=VECTOR('',#795,1.564219224730E0);
#797=CARTESIAN_POINT('',(3.107980300550E0,3.611373415089E1,-2.884115427319E1));
#798=LINE('',#797,#796);
#799=CARTESIAN_POINT('',(3.107980300550E0,3.611373415089E1,-2.872E1));
#800=CARTESIAN_POINT('',(3.095766626398E0,3.611373415089E1,-2.872E1));
#801=CARTESIAN_POINT('',(3.071894876873E0,3.611580129906E1,-2.872E1));
#802=CARTESIAN_POINT('',(3.049134324906E0,3.610959985457E1,-2.872E1));
#803=CARTESIAN_POINT('',(3.038031848311E0,3.610959985457E1,-2.872E1));
#805=DIRECTION('',(4.997818060780E-1,2.953955405989E-2,-8.656474808254E-1));
#806=VECTOR('',#805,1.399579804385E-1);
#807=CARTESIAN_POINT('',(3.038031848311E0,3.610959985457E1,-2.872E1));
#808=LINE('',#807,#806);
#809=DIRECTION('',(1.483678123879E-2,4.975151496858E-1,8.673283955663E-1));
#810=VECTOR('',#809,1.396867366587E-1);
#811=CARTESIAN_POINT('',(2.807980300550E0,3.581373415090E1,-2.884115427319E1));
#812=LINE('',#811,#810);
#813=CARTESIAN_POINT('',(2.810052802104E0,3.588323041859E1,-2.872E1));
#814=CARTESIAN_POINT('',(2.810052802104E0,3.587146942193E1,-2.872E1));
#815=CARTESIAN_POINT('',(2.806944049773E0,3.584872862671E1,-2.872E1));
#816=CARTESIAN_POINT('',(2.807980300550E0,3.582528930498E1,-2.872E1));
#817=CARTESIAN_POINT('',(2.807980300550E0,3.581373415090E1,-2.872E1));
#819=CARTESIAN_POINT('',(2.207980300550E0,3.581373415089E1,-2.872E1));
#820=CARTESIAN_POINT('',(2.207980300550E0,3.582594782505E1,-2.872E1));
#821=CARTESIAN_POINT('',(2.210047448715E0,3.584981957457E1,-2.872E1));
#822=CARTESIAN_POINT('',(2.203846004221E0,3.587258012654E1,-2.872E1));
#823=CARTESIAN_POINT('',(2.203846004221E0,3.588368260313E1,-2.872E1));
#825=DIRECTION('',(2.953955405989E-2,-4.997818060781E-1,-8.656474808254E-1));
#826=VECTOR('',#825,1.399579804385E-1);
#827=CARTESIAN_POINT('',(2.203846004221E0,3.588368260313E1,-2.872E1));
#828=LINE('',#827,#826);
#829=CARTESIAN_POINT('',(2.807980300550E0,3.701373415090E1,-2.872E1));
#830=CARTESIAN_POINT('',(2.807980300550E0,3.700152047674E1,-2.872E1));
#831=CARTESIAN_POINT('',(2.805913152385E0,3.697764872722E1,-2.872E1));
#832=CARTESIAN_POINT('',(2.812114596879E0,3.695488817525E1,-2.872E1));
#833=CARTESIAN_POINT('',(2.812114596879E0,3.694378569866E1,-2.872E1));
#835=DIRECTION('',(-2.953955405989E-2,4.997818060782E-1,-8.656474808253E-1));
#836=VECTOR('',#835,1.399579804385E-1);
#837=CARTESIAN_POINT('',(2.812114596879E0,3.694378569866E1,-2.872E1));
#838=LINE('',#837,#836);
#839=DIRECTION('',(-2.128296801921E-2,-4.974605206838E-1,8.672254987218E-1));
#840=VECTOR('',#839,1.397033105767E-1);
#841=CARTESIAN_POINT('',(2.207980300550E0,3.701373415089E1,-2.884115427319E1));
#842=LINE('',#841,#840);
#843=CARTESIAN_POINT('',(2.205006999459E0,3.694423726927E1,-2.872E1));
#844=CARTESIAN_POINT('',(2.205006999459E0,3.695596517101E1,-2.872E1));
#845=CARTESIAN_POINT('',(2.209466951096E0,3.697867379218E1,-2.872E1));
#846=CARTESIAN_POINT('',(2.207980300550E0,3.700214590188E1,-2.872E1));
#847=CARTESIAN_POINT('',(2.207980300550E0,3.701373415089E1,-2.872E1));
#849=CARTESIAN_POINT('',(1.907980300550E0,3.671373415090E1,-2.872E1));
#850=CARTESIAN_POINT('',(1.919535917576E0,3.671373415090E1,-2.872E1));
#851=CARTESIAN_POINT('',(1.942975699982E0,3.671225432842E1,-2.872E1));
#852=CARTESIAN_POINT('',(1.965716039054E0,3.671669379584E1,-2.872E1));
#853=CARTESIAN_POINT('',(1.977476572774E0,3.671669379584E1,-2.872E1));
#855=DIRECTION('',(-4.974582706243E-1,-2.118530687592E-2,-8.672291806437E-1));
#856=VECTOR('',#855,1.397027174501E-1);
#857=CARTESIAN_POINT('',(1.977476572774E0,3.671669379584E1,-2.872E1));
#858=LINE('',#857,#856);
#859=DIRECTION('',(4.975151496859E-1,-1.483678123877E-2,8.673283955662E-1));
#860=VECTOR('',#859,1.396867366586E-1);
#861=CARTESIAN_POINT('',(1.907980300550E0,3.611373415089E1,-2.884115427319E1));
#862=LINE('',#861,#860);
#863=CARTESIAN_POINT('',(1.977476568248E0,3.611166164934E1,-2.872E1));
#864=CARTESIAN_POINT('',(1.965715571587E0,3.611166164934E1,-2.872E1));
#865=CARTESIAN_POINT('',(1.942974776363E0,3.611477040167E1,-2.872E1));
#866=CARTESIAN_POINT('',(1.919535454635E0,3.611373415089E1,-2.872E1));
#867=CARTESIAN_POINT('',(1.907980300550E0,3.611373415089E1,-2.872E1));
#869=DIRECTION('',(1.813990291133E-5,1.416845573438E-8,9.999999998355E-1));
#870=VECTOR('',#869,1.542463035696E0);
#871=CARTESIAN_POINT('',(-1.761096115482E1,-3.335993749500E1,
-2.954246303545E1));
#872=LINE('',#871,#870);
#873=DIRECTION('',(4.030727994801E-14,0.E0,1.E0));
#874=VECTOR('',#873,1.542463035442E0);
#875=CARTESIAN_POINT('',(-1.201096115482E1,-3.335993749500E1,
-2.954246303545E1));
#876=LINE('',#875,#874);
#877=CARTESIAN_POINT('',(0.E0,0.E0,-2.8E1));
#878=DIRECTION('',(0.E0,0.E0,-1.E0));
#879=DIRECTION('',(2.899911768415E-1,-9.570293189626E-1,0.E0));
#880=AXIS2_PLACEMENT_3D('',#877,#878,#879);
#882=CARTESIAN_POINT('',(1.009749999181E1,-3.507549705871E1,-2.8E1));
#883=DIRECTION('',(0.E0,0.E0,1.E0));
#884=DIRECTION('',(8.385148012857E-2,-9.964782633255E-1,0.E0));
#885=AXIS2_PLACEMENT_3D('',#882,#883,#884);
#887=DIRECTION('',(2.678130211288E-5,-3.249902276302E-8,9.999999996414E-1));
#888=VECTOR('',#887,1.542463035995E0);
#889=CARTESIAN_POINT('',(7.297499991810E0,-3.507549705871E1,-2.954246303545E1));
#890=LINE('',#889,#888);
#891=DIRECTION('',(4.261055308789E-14,0.E0,1.E0));
#892=VECTOR('',#891,1.542463035442E0);
#893=CARTESIAN_POINT('',(1.289749999181E1,-3.507549705871E1,-2.954246303545E1));
#894=LINE('',#893,#892);
#895=CARTESIAN_POINT('',(1.009749999181E1,-3.507549705871E1,-2.954246303545E1));
#896=DIRECTION('',(0.E0,0.E0,-1.E0));
#897=DIRECTION('',(1.E0,0.E0,0.E0));
#898=AXIS2_PLACEMENT_3D('',#895,#896,#897);
#900=CARTESIAN_POINT('',(1.009749999181E1,-3.507549705871E1,-2.954246303545E1));
#901=DIRECTION('',(0.E0,0.E0,-1.E0));
#902=DIRECTION('',(-1.E0,0.E0,0.E0));
#903=AXIS2_PLACEMENT_3D('',#900,#901,#902);
#905=CARTESIAN_POINT('',(9.797499991810E0,-3.507549705871E1,-2.54E1));
#906=DIRECTION('',(-1.E0,0.E0,0.E0));
#907=DIRECTION('',(0.E0,-1.202165849551E-1,-9.927476883386E-1));
#908=AXIS2_PLACEMENT_3D('',#905,#906,#907);
#910=CARTESIAN_POINT('',(9.497499991810E0,-3.537549705871E1,-3.035479565674E1));
#911=CARTESIAN_POINT('',(9.535720713962E0,-3.537549705871E1,-3.035942398753E1));
#912=CARTESIAN_POINT('',(9.612658070724E0,-3.538988040456E1,-3.036698585449E1));
#913=CARTESIAN_POINT('',(9.714435428664E0,-3.545745096990E1,-3.037111397942E1));
#914=CARTESIAN_POINT('',(9.779494431679E0,-3.555265662910E1,-3.036747605332E1));
#915=CARTESIAN_POINT('',(9.797499991810E0,-3.563393862869E1,-3.035982816660E1));
#916=CARTESIAN_POINT('',(9.797499991810E0,-3.567549705871E1,-3.035479565674E1));
#918=CARTESIAN_POINT('',(9.797499991810E0,-3.447549705871E1,-3.035479565674E1));
#919=CARTESIAN_POINT('',(9.797499991810E0,-3.451538661854E1,-3.035962607510E1));
#920=CARTESIAN_POINT('',(9.781468651458E0,-3.459490479899E1,-3.036730012029E1));
#921=CARTESIAN_POINT('',(9.712807183294E0,-3.469563508718E1,-3.037116984390E1));
#922=CARTESIAN_POINT('',(9.612530876774E0,-3.476077049283E1,-3.036692914825E1));
#923=CARTESIAN_POINT('',(9.535638219538E0,-3.477549705871E1,-3.035941399788E1));
#924=CARTESIAN_POINT('',(9.497499991810E0,-3.477549705871E1,-3.035479565674E1));
#926=CARTESIAN_POINT('',(9.797499991810E0,-3.507549705871E1,-2.54E1));
#927=DIRECTION('',(-1.E0,0.E0,0.E0));
#928=DIRECTION('',(0.E0,2.769208293869E-1,-9.608927381616E-1));
#929=AXIS2_PLACEMENT_3D('',#926,#927,#928);
#931=CARTESIAN_POINT('',(1.009749999181E1,-3.611556056817E1,-2.600048094717E1));
#932=DIRECTION('',(0.E0,8.660254037844E-1,5.E-1));
#933=DIRECTION('',(6.180945277075E-2,4.990439839203E-1,-8.643695353615E-1));
#934=AXIS2_PLACEMENT_3D('',#931,#932,#933);
#936=CARTESIAN_POINT('',(1.039749999181E1,-3.507549705871E1,-2.54E1));
#937=DIRECTION('',(1.E0,0.E0,0.E0));
#938=DIRECTION('',(0.E0,1.202165849551E-1,-9.927476883386E-1));
#939=AXIS2_PLACEMENT_3D('',#936,#937,#938);
#941=CARTESIAN_POINT('',(1.069749999181E1,-3.477549705871E1,-3.035479565674E1));
#942=CARTESIAN_POINT('',(1.065765181991E1,-3.477549705871E1,-3.035962106323E1));
#943=CARTESIAN_POINT('',(1.057819230405E1,-3.475949848775E1,-3.036729199449E1));
#944=CARTESIAN_POINT('',(1.047745263500E1,-3.469090101553E1,-3.037117058083E1));
#945=CARTESIAN_POINT('',(1.041224528644E1,-3.459059894640E1,-3.036693545849E1));
#946=CARTESIAN_POINT('',(1.039749999181E1,-3.451366242436E1,-3.035941728414E1));
#947=CARTESIAN_POINT('',(1.039749999181E1,-3.447549705871E1,-3.035479565674E1));
#949=CARTESIAN_POINT('',(9.057436482349E0,-3.507549705871E1,-2.600048094717E1));
#950=DIRECTION('',(8.660254037844E-1,0.E0,5.E-1));
#951=DIRECTION('',(4.990439839203E-1,-6.180945277076E-2,-8.643695353615E-1));
#952=AXIS2_PLACEMENT_3D('',#949,#950,#951);
#954=CARTESIAN_POINT('',(1.039749999181E1,-3.567549705871E1,-3.035479565674E1));
#955=CARTESIAN_POINT('',(1.039749999181E1,-3.563601443754E1,-3.035957679694E1));
#956=CARTESIAN_POINT('',(1.041306937538E1,-3.555727915980E1,-3.036721206202E1));
#957=CARTESIAN_POINT('',(1.048125360480E1,-3.545669236947E1,-3.037112252213E1));
#958=CARTESIAN_POINT('',(1.057826788670E1,-3.539201101993E1,-3.036722049365E1));
#959=CARTESIAN_POINT('',(1.065748273669E1,-3.537549705871E1,-3.035964153833E1));
#960=CARTESIAN_POINT('',(1.069749999181E1,-3.537549705871E1,-3.035479565674E1));
#962=CARTESIAN_POINT('',(1.039749999181E1,-3.507549705871E1,-2.54E1));
#963=DIRECTION('',(1.E0,0.E0,0.E0));
#964=DIRECTION('',(0.E0,-2.769208293869E-1,-9.608927381616E-1));
#965=AXIS2_PLACEMENT_3D('',#962,#963,#964);
#967=CARTESIAN_POINT('',(1.009749999181E1,-3.403543354925E1,-2.600048094717E1));
#968=DIRECTION('',(0.E0,-8.660254037844E-1,5.E-1));
#969=DIRECTION('',(-6.180945277075E-2,-4.990439839203E-1,-8.643695353615E-1));
#970=AXIS2_PLACEMENT_3D('',#967,#968,#969);
#972=DIRECTION('',(0.E0,-5.E-1,-8.660254037844E-1));
#973=VECTOR('',#972,1.564219224730E0);
#974=CARTESIAN_POINT('',(9.797499991810E0,-3.567549705871E1,-2.884115427319E1));
#975=LINE('',#974,#973);
#976=DIRECTION('',(0.E0,0.E0,1.E0));
#977=VECTOR('',#976,1.513641383547E0);
#978=CARTESIAN_POINT('',(9.497499991810E0,-3.537549705871E1,-3.035479565674E1));
#979=LINE('',#978,#977);
#980=DIRECTION('',(0.E0,0.E0,-1.E0));
#981=VECTOR('',#980,1.513641383547E0);
#982=CARTESIAN_POINT('',(9.797499991810E0,-3.567549705871E1,-2.884115427319E1));
#983=LINE('',#982,#981);
#984=DIRECTION('',(1.466194128080E-14,1.759432953696E-13,-1.E0));
#985=VECTOR('',#984,1.211542731880E-1);
#986=CARTESIAN_POINT('',(9.797499991810E0,-3.567549705871E1,-2.872E1));
#987=LINE('',#986,#985);
#988=DIRECTION('',(-8.797164768479E-14,0.E0,1.E0));
#989=VECTOR('',#988,1.211542731880E-1);
#990=CARTESIAN_POINT('',(9.497499991810E0,-3.537549705871E1,-2.884115427319E1));
#991=LINE('',#990,#989);
#992=DIRECTION('',(5.E-1,0.E0,8.660254037844E-1));
#993=VECTOR('',#992,1.564219224730E0);
#994=CARTESIAN_POINT('',(8.715390379445E0,-3.537549705871E1,-3.019580785890E1));
#995=LINE('',#994,#993);
#996=CARTESIAN_POINT('',(1.009749999181E1,-3.537549705871E1,-2.54E1));
#997=DIRECTION('',(0.E0,1.E0,0.E0));
#998=DIRECTION('',(-1.202165849551E-1,0.E0,-9.927476883386E-1));
#999=AXIS2_PLACEMENT_3D('',#996,#997,#998);
#1001=CARTESIAN_POINT('',(1.113756350127E1,-3.507549705871E1,
-2.600048094717E1));
#1002=DIRECTION('',(8.660254037844E-1,0.E0,-5.E-1));
#1003=DIRECTION('',(-4.990439839203E-1,-6.180945277075E-2,-8.643695353615E-1));
#1004=AXIS2_PLACEMENT_3D('',#1001,#1002,#1003);
#1006=DIRECTION('',(-7.481262221552E-9,-1.E0,0.E0));
#1007=VECTOR('',#1006,6.050321464944E-1);
#1008=CARTESIAN_POINT('',(9.566996264034E0,-3.477253741377E1,-2.872E1));
#1009=LINE('',#1008,#1007);
#1010=CARTESIAN_POINT('',(1.009749999181E1,-3.477549705871E1,-2.54E1));
#1011=DIRECTION('',(0.E0,-1.E0,0.E0));
#1012=DIRECTION('',(-2.769208293869E-1,0.E0,-9.608927381616E-1));
#1013=AXIS2_PLACEMENT_3D('',#1010,#1011,#1012);
#1015=DIRECTION('',(-5.E-1,0.E0,-8.660254037844E-1));
#1016=VECTOR('',#1015,1.564219224730E0);
#1017=CARTESIAN_POINT('',(9.497499991810E0,-3.477549705871E1,
-2.884115427319E1));
#1018=LINE('',#1017,#1016);
#1019=DIRECTION('',(0.E0,0.E0,1.E0));
#1020=VECTOR('',#1019,1.513641383547E0);
#1021=CARTESIAN_POINT('',(9.797499991810E0,-3.447549705871E1,
-3.035479565674E1));
#1022=LINE('',#1021,#1020);
#1023=DIRECTION('',(0.E0,0.E0,-1.E0));
#1024=VECTOR('',#1023,1.513641383547E0);
#1025=CARTESIAN_POINT('',(9.497499991810E0,-3.477549705871E1,
-2.884115427319E1));
#1026=LINE('',#1025,#1024);
#1027=DIRECTION('',(5.864776512320E-14,5.864776512320E-14,-1.E0));
#1028=VECTOR('',#1027,1.211542731880E-1);
#1029=CARTESIAN_POINT('',(9.497499991810E0,-3.477549705871E1,-2.872E1));
#1030=LINE('',#1029,#1028);
#1031=DIRECTION('',(-1.466194128080E-14,5.864776512319E-14,1.E0));
#1032=VECTOR('',#1031,1.211542731880E-1);
#1033=CARTESIAN_POINT('',(9.797499991810E0,-3.447549705871E1,
-2.884115427319E1));
#1034=LINE('',#1033,#1032);
#1035=DIRECTION('',(0.E0,-5.E-1,8.660254037844E-1));
#1036=VECTOR('',#1035,1.564219224730E0);
#1037=CARTESIAN_POINT('',(9.797499991810E0,-3.369338744635E1,
-3.019580785890E1));
#1038=LINE('',#1037,#1036);
#1039=DIRECTION('',(-9.999997233760E-1,7.438063612168E-4,0.E0));
#1040=VECTOR('',#1039,6.071077653610E-1);
#1041=CARTESIAN_POINT('',(1.040163428814E1,-3.454544551095E1,-2.872E1));
#1042=LINE('',#1041,#1040);
#1043=DIRECTION('',(0.E0,5.E-1,-8.660254037844E-1));
#1044=VECTOR('',#1043,1.564219224730E0);
#1045=CARTESIAN_POINT('',(1.039749999181E1,-3.447549705871E1,
-2.884115427319E1));
#1046=LINE('',#1045,#1044);
#1047=DIRECTION('',(0.E0,0.E0,1.E0));
#1048=VECTOR('',#1047,1.513641383547E0);
#1049=CARTESIAN_POINT('',(1.069749999181E1,-3.477549705871E1,
-3.035479565674E1));
#1050=LINE('',#1049,#1048);
#1051=DIRECTION('',(0.E0,0.E0,-1.E0));
#1052=VECTOR('',#1051,1.513641383547E0);
#1053=CARTESIAN_POINT('',(1.039749999181E1,-3.447549705871E1,
-2.884115427319E1));
#1054=LINE('',#1053,#1052);
#1055=DIRECTION('',(0.E0,-1.172955302464E-13,-1.E0));
#1056=VECTOR('',#1055,1.211542731880E-1);
#1057=CARTESIAN_POINT('',(1.039749999181E1,-3.447549705871E1,-2.872E1));
#1058=LINE('',#1057,#1056);
#1059=DIRECTION('',(7.330970640396E-14,-5.864776512317E-14,1.E0));
#1060=VECTOR('',#1059,1.211542731880E-1);
#1061=CARTESIAN_POINT('',(1.069749999181E1,-3.477549705871E1,
-2.884115427319E1));
#1062=LINE('',#1061,#1060);
#1063=DIRECTION('',(-5.E-1,0.E0,8.660254037844E-1));
#1064=VECTOR('',#1063,1.564219224730E0);
#1065=CARTESIAN_POINT('',(1.147960960417E1,-3.477549705871E1,
-3.019580785890E1));
#1066=LINE('',#1065,#1064);
#1067=CARTESIAN_POINT('',(1.009749999181E1,-3.477549705871E1,-2.54E1));
#1068=DIRECTION('',(0.E0,-1.E0,0.E0));
#1069=DIRECTION('',(1.202165849551E-1,0.E0,-9.927476883386E-1));
#1070=AXIS2_PLACEMENT_3D('',#1067,#1068,#1069);
#1072=DIRECTION('',(7.459243553994E-4,9.999997217984E-1,0.E0));
#1073=VECTOR('',#1072,6.062069665308E-1);
#1074=CARTESIAN_POINT('',(1.062755153957E1,-3.537963135504E1,-2.872E1));
#1075=LINE('',#1074,#1073);
#1076=DIRECTION('',(-4.975151496858E-1,1.483678123877E-2,8.673283955663E-1));
#1077=VECTOR('',#1076,1.396867366587E-1);
#1078=CARTESIAN_POINT('',(1.069749999181E1,-3.477549705871E1,
-2.884115427319E1));
#1079=LINE('',#1078,#1077);
#1080=CARTESIAN_POINT('',(1.062800372411E1,-3.477342455716E1,-2.872E1));
#1081=CARTESIAN_POINT('',(1.063976472077E1,-3.477342455716E1,-2.872E1));
#1082=CARTESIAN_POINT('',(1.066250551600E1,-3.477653330949E1,-2.872E1));
#1083=CARTESIAN_POINT('',(1.068594483773E1,-3.477549705871E1,-2.872E1));
#1084=CARTESIAN_POINT('',(1.069749999181E1,-3.477549705871E1,-2.872E1));
#1086=CARTESIAN_POINT('',(9.497499991810E0,-3.567549705871E1,-2.872E1));
#1087=DIRECTION('',(0.E0,0.E0,1.E0));
#1088=DIRECTION('',(9.724380244715E-1,2.331615074620E-1,0.E0));
#1089=AXIS2_PLACEMENT_3D('',#1086,#1087,#1088);
#1091=CARTESIAN_POINT('',(1.069749999181E1,-3.567549705871E1,-2.872E1));
#1092=DIRECTION('',(0.E0,0.E0,1.E0));
#1093=DIRECTION('',(-2.331615074620E-1,9.724380244715E-1,0.E0));
#1094=AXIS2_PLACEMENT_3D('',#1091,#1092,#1093);
#1096=CARTESIAN_POINT('',(1.069749999181E1,-3.447549705871E1,-2.872E1));
#1097=DIRECTION('',(0.E0,0.E0,1.E0));
#1098=DIRECTION('',(-9.724380244715E-1,-2.331615074620E-1,0.E0));
#1099=AXIS2_PLACEMENT_3D('',#1096,#1097,#1098);
#1101=CARTESIAN_POINT('',(9.566996264034E0,-3.477253741377E1,-2.872E1));
#1102=CARTESIAN_POINT('',(9.594586834566E0,-3.476610251690E1,-2.872E1));
#1103=CARTESIAN_POINT('',(9.644524310309E0,-3.473863150334E1,-2.872E1));
#1104=CARTESIAN_POINT('',(9.713226645965E0,-3.469110855516E1,-2.872E1));
#1105=CARTESIAN_POINT('',(9.760753920838E0,-3.462231605521E1,-2.872E1));
#1106=CARTESIAN_POINT('',(9.788115064083E0,-3.457248369942E1,-2.872E1));
#1107=CARTESIAN_POINT('',(9.794526690719E0,-3.454499394033E1,-2.872E1));
#1109=DIRECTION('',(9.999997217984E-1,-7.459243553995E-4,0.E0));
#1110=VECTOR('',#1109,6.062069665308E-1);
#1111=CARTESIAN_POINT('',(9.793365695481E0,-3.560554860647E1,-2.872E1));
#1112=LINE('',#1111,#1110);
#1113=DIRECTION('',(0.E0,5.E-1,8.660254037844E-1));
#1114=VECTOR('',#1113,1.564219224730E0);
#1115=CARTESIAN_POINT('',(1.039749999181E1,-3.645760667107E1,
-3.019580785890E1));
#1116=LINE('',#1115,#1114);
#1117=DIRECTION('',(0.E0,0.E0,1.E0));
#1118=VECTOR('',#1117,1.513641383547E0);
#1119=CARTESIAN_POINT('',(1.039749999181E1,-3.567549705871E1,
-3.035479565674E1));
#1120=LINE('',#1119,#1118);
#1121=DIRECTION('',(1.290921710109E-14,0.E0,-1.E0));
#1122=VECTOR('',#1121,1.513641383547E0);
#1123=CARTESIAN_POINT('',(1.069749999181E1,-3.537549705871E1,
-2.884115427319E1));
#1124=LINE('',#1123,#1122);
#1125=DIRECTION('',(-1.612813540888E-13,0.E0,-1.E0));
#1126=VECTOR('',#1125,1.211542731880E-1);
#1127=CARTESIAN_POINT('',(1.069749999181E1,-3.537549705871E1,-2.872E1));
#1128=LINE('',#1127,#1126);
#1129=DIRECTION('',(-1.466194128079E-14,-5.864776512317E-14,1.E0));
#1130=VECTOR('',#1129,1.211542731880E-1);
#1131=CARTESIAN_POINT('',(1.039749999181E1,-3.567549705871E1,
-2.884115427319E1));
#1132=LINE('',#1131,#1130);
#1133=CARTESIAN_POINT('',(1.009749999181E1,-3.537549705871E1,-2.54E1));
#1134=DIRECTION('',(0.E0,1.E0,0.E0));
#1135=DIRECTION('',(2.769208293869E-1,0.E0,-9.608927381616E-1));
#1136=AXIS2_PLACEMENT_3D('',#1133,#1134,#1135);
#1138=DIRECTION('',(5.E-1,0.E0,-8.660254037844E-1));
#1139=VECTOR('',#1138,1.564219224730E0);
#1140=CARTESIAN_POINT('',(1.069749999181E1,-3.537549705871E1,
-2.884115427319E1));
#1141=LINE('',#1140,#1139);
#1142=CARTESIAN_POINT('',(1.069749999181E1,-3.537549705871E1,-2.872E1));
#1143=CARTESIAN_POINT('',(1.068528631766E1,-3.537549705871E1,-2.872E1));
#1144=CARTESIAN_POINT('',(1.066141456813E1,-3.537342991055E1,-2.872E1));
#1145=CARTESIAN_POINT('',(1.063865401617E1,-3.537963135504E1,-2.872E1));
#1146=CARTESIAN_POINT('',(1.062755153957E1,-3.537963135504E1,-2.872E1));
#1148=DIRECTION('',(4.997818060780E-1,2.953955405989E-2,-8.656474808254E-1));
#1149=VECTOR('',#1148,1.399579804385E-1);
#1150=CARTESIAN_POINT('',(1.062755153957E1,-3.537963135504E1,-2.872E1));
#1151=LINE('',#1150,#1149);
#1152=DIRECTION('',(1.483678123877E-2,4.975151496858E-1,8.673283955663E-1));
#1153=VECTOR('',#1152,1.396867366586E-1);
#1154=CARTESIAN_POINT('',(1.039749999181E1,-3.567549705871E1,
-2.884115427319E1));
#1155=LINE('',#1154,#1153);
#1156=CARTESIAN_POINT('',(1.039957249336E1,-3.560600079101E1,-2.872E1));
#1157=CARTESIAN_POINT('',(1.039957249336E1,-3.561776178767E1,-2.872E1));
#1158=CARTESIAN_POINT('',(1.039646374103E1,-3.564050258290E1,-2.872E1));
#1159=CARTESIAN_POINT('',(1.039749999181E1,-3.566394190463E1,-2.872E1));
#1160=CARTESIAN_POINT('',(1.039749999181E1,-3.567549705871E1,-2.872E1));
#1162=CARTESIAN_POINT('',(9.797499991810E0,-3.567549705871E1,-2.872E1));
#1163=CARTESIAN_POINT('',(9.797499991810E0,-3.566328338456E1,-2.872E1));
#1164=CARTESIAN_POINT('',(9.799567139975E0,-3.563941163503E1,-2.872E1));
#1165=CARTESIAN_POINT('',(9.793365695481E0,-3.561665108307E1,-2.872E1));
#1166=CARTESIAN_POINT('',(9.793365695481E0,-3.560554860647E1,-2.872E1));
#1168=DIRECTION('',(2.953955405990E-2,-4.997818060780E-1,-8.656474808254E-1));
#1169=VECTOR('',#1168,1.399579804385E-1);
#1170=CARTESIAN_POINT('',(9.793365695481E0,-3.560554860647E1,-2.872E1));
#1171=LINE('',#1170,#1169);
#1172=CARTESIAN_POINT('',(1.039749999181E1,-3.447549705871E1,-2.872E1));
#1173=CARTESIAN_POINT('',(1.039749999181E1,-3.448771073286E1,-2.872E1));
#1174=CARTESIAN_POINT('',(1.039543284365E1,-3.451158248239E1,-2.872E1));
#1175=CARTESIAN_POINT('',(1.040163428814E1,-3.453434303435E1,-2.872E1));
#1176=CARTESIAN_POINT('',(1.040163428814E1,-3.454544551095E1,-2.872E1));
#1178=DIRECTION('',(-2.953955405988E-2,4.997818060781E-1,-8.656474808253E-1));
#1179=VECTOR('',#1178,1.399579804385E-1);
#1180=CARTESIAN_POINT('',(1.040163428814E1,-3.454544551095E1,-2.872E1));
#1181=LINE('',#1180,#1179);
#1182=DIRECTION('',(-2.128296801921E-2,-4.974605206839E-1,8.672254987218E-1));
#1183=VECTOR('',#1182,1.397033105767E-1);
#1184=CARTESIAN_POINT('',(9.797499991810E0,-3.447549705871E1,
-2.884115427319E1));
#1185=LINE('',#1184,#1183);
#1186=CARTESIAN_POINT('',(9.794526690719E0,-3.454499394033E1,-2.872E1));
#1187=CARTESIAN_POINT('',(9.794526690719E0,-3.453326603860E1,-2.872E1));
#1188=CARTESIAN_POINT('',(9.798986642356E0,-3.451055741742E1,-2.872E1));
#1189=CARTESIAN_POINT('',(9.797499991810E0,-3.448708530772E1,-2.872E1));
#1190=CARTESIAN_POINT('',(9.797499991810E0,-3.447549705871E1,-2.872E1));
#1192=CARTESIAN_POINT('',(9.497499991810E0,-3.477549705871E1,-2.872E1));
#1193=CARTESIAN_POINT('',(9.509055608836E0,-3.477549705871E1,-2.872E1));
#1194=CARTESIAN_POINT('',(9.532495391242E0,-3.477697688118E1,-2.872E1));
#1195=CARTESIAN_POINT('',(9.555235730314E0,-3.477253741377E1,-2.872E1));
#1196=CARTESIAN_POINT('',(9.566996264034E0,-3.477253741377E1,-2.872E1));
#1198=DIRECTION('',(-4.974582706243E-1,-2.118530687593E-2,-8.672291806438E-1));
#1199=VECTOR('',#1198,1.397027174501E-1);
#1200=CARTESIAN_POINT('',(9.566996264034E0,-3.477253741377E1,-2.872E1));
#1201=LINE('',#1200,#1199);
#1202=DIRECTION('',(4.975151496859E-1,-1.483678123872E-2,8.673283955662E-1));
#1203=VECTOR('',#1202,1.396867366586E-1);
#1204=CARTESIAN_POINT('',(9.497499991810E0,-3.537549705871E1,
-2.884115427319E1));
#1205=LINE('',#1204,#1203);
#1206=CARTESIAN_POINT('',(9.566996259508E0,-3.537756956026E1,-2.872E1));
#1207=CARTESIAN_POINT('',(9.555235262847E0,-3.537756956026E1,-2.872E1));
#1208=CARTESIAN_POINT('',(9.532494467623E0,-3.537446080793E1,-2.872E1));
#1209=CARTESIAN_POINT('',(9.509055145895E0,-3.537549705871E1,-2.872E1));
#1210=CARTESIAN_POINT('',(9.497499991810E0,-3.537549705871E1,-2.872E1));
#1212=DIRECTION('',(2.729523923956E-14,0.E0,1.E0));
#1213=VECTOR('',#1212,8.2E0);
#1214=CARTESIAN_POINT('',(1.031313753045E1,3.082027245626E1,-3.62E1));
#1215=LINE('',#1214,#1213);
#1216=DIRECTION('',(0.E0,0.E0,-1.E0));
#1217=VECTOR('',#1216,8.2E0);
#1218=CARTESIAN_POINT('',(-6.151189999666E0,3.191258155631E1,-2.8E1));
#1219=LINE('',#1218,#1217);
#1220=CARTESIAN_POINT('',(1.942466288608E1,1.728243246080E1,-3.9E1));
#1221=DIRECTION('',(0.E0,0.E0,1.E0));
#1222=DIRECTION('',(6.647089408E-1,-7.471024186954E-1,0.E0));
#1223=AXIS2_PLACEMENT_3D('',#1220,#1221,#1222);
#1225=CARTESIAN_POINT('',(2.542088097482E1,1.860184965168E1,-3.9E1));
#1226=DIRECTION('',(0.E0,0.E0,1.E0));
#1227=DIRECTION('',(8.070120944419E-1,5.905349095731E-1,0.E0));
#1228=AXIS2_PLACEMENT_3D('',#1225,#1226,#1227);
#1230=CARTESIAN_POINT('',(0.E0,0.E0,-3.9E1));
#1231=DIRECTION('',(0.E0,0.E0,-1.E0));
#1232=DIRECTION('',(7.471024186954E-1,6.647089408E-1,0.E0));
#1233=AXIS2_PLACEMENT_3D('',#1230,#1231,#1232);
#1235=CARTESIAN_POINT('',(0.E0,0.E0,-3.9E1));
#1236=DIRECTION('',(0.E0,0.E0,-1.E0));
#1237=DIRECTION('',(6.804008676197E-1,7.328401321859E-1,0.E0));
#1238=AXIS2_PLACEMENT_3D('',#1235,#1236,#1237);
#1240=CARTESIAN_POINT('',(2.143262733002E1,2.308446416385E1,-3.9E1));
#1241=DIRECTION('',(0.E0,0.E0,1.E0));
#1242=DIRECTION('',(6.647089407715E-1,-7.471024187207E-1,0.E0));
#1243=AXIS2_PLACEMENT_3D('',#1240,#1241,#1242);
#1245=DIRECTION('',(-3.157967714488E-14,7.697546304065E-14,-1.E0));
#1246=VECTOR('',#1245,9.000000000003E-1);
#1247=CARTESIAN_POINT('',(2.075408076768E1,1.578822762341E1,-3.9E1));
#1248=LINE('',#1247,#1246);
#1249=DIRECTION('',(-6.311987969333E-11,-5.628287959147E-11,1.E0));
#1250=VECTOR('',#1249,9.000000000003E-1);
#1251=CARTESIAN_POINT('',(1.809524500454E1,1.877663729824E1,-3.99E1));
#1252=LINE('',#1251,#1250);
#1253=DIRECTION('',(7.471024186954E-1,6.647089408E-1,0.E0));
#1254=VECTOR('',#1253,5.356817440550E0);
#1255=CARTESIAN_POINT('',(2.075408076768E1,1.578822762341E1,-3.9E1));
#1256=LINE('',#1255,#1254);
#1257=DIRECTION('',(-7.471024186954E-1,-6.647089408E-1,-7.932033613294E-13));
#1258=VECTOR('',#1257,5.356817390088E0);
#1259=CARTESIAN_POINT('',(2.508852646631E1,1.897540082712E1,-4.14E1));
#1260=LINE('',#1259,#1258);
#1261=DIRECTION('',(7.471024186954E-1,6.647089408E-1,9.470688915956E-13));
#1262=VECTOR('',#1261,5.356817416714E0);
#1263=CARTESIAN_POINT('',(2.075408076768E1,1.578822762341E1,-4.09E1));
#1264=LINE('',#1263,#1262);
#1265=CARTESIAN_POINT('',(2.308446416475E1,-2.143262732915E1,
-4.139999999935E1));
#1266=DIRECTION('',(1.042210873270E-9,1.023949881695E-9,-1.E0));
#1267=DIRECTION('',(-6.861956620837E-1,-7.274170147430E-1,-1.459994788068E-9));
#1268=AXIS2_PLACEMENT_3D('',#1265,#1266,#1267);
#1270=CARTESIAN_POINT('',(0.E0,0.E0,-4.14E1));
#1271=DIRECTION('',(0.E0,0.E0,-1.E0));
#1272=DIRECTION('',(7.975371552971E-1,6.032698284521E-1,0.E0));
#1273=AXIS2_PLACEMENT_3D('',#1270,#1271,#1272);
#1275=CARTESIAN_POINT('',(2.542088097564E1,1.860184965069E1,-4.139999999977E1));
#1276=DIRECTION('',(2.782941602819E-10,-3.316912732376E-10,-1.E0));
#1277=DIRECTION('',(-6.647090269510E-1,7.471023420455E-1,-4.327915792363E-10));
#1278=AXIS2_PLACEMENT_3D('',#1275,#1276,#1277);
#1280=CARTESIAN_POINT('',(1.942466288608E1,1.728243246080E1,-4.14E1));
#1281=DIRECTION('',(0.E0,0.E0,1.E0));
#1282=DIRECTION('',(-6.647089408007E-1,7.471024186948E-1,0.E0));
#1283=AXIS2_PLACEMENT_3D('',#1280,#1281,#1282);
#1285=CARTESIAN_POINT('',(2.143262732968E1,2.308446416422E1,-4.139999999974E1));
#1286=DIRECTION('',(-4.117767321790E-10,4.371452814662E-10,-1.E0));
#1287=DIRECTION('',(7.274170445291E-1,-6.861956305082E-1,-5.994991164137E-10));
#1288=AXIS2_PLACEMENT_3D('',#1285,#1286,#1287);
#1290=CARTESIAN_POINT('',(0.E0,0.E0,-4.14E1));
#1291=DIRECTION('',(0.E0,0.E0,-1.E0));
#1292=DIRECTION('',(-6.032698284971E-1,7.975371552631E-1,0.E0));
#1293=AXIS2_PLACEMENT_3D('',#1290,#1291,#1292);
#1295=CARTESIAN_POINT('',(-1.860184965137E1,2.542088097509E1,
-4.140000000032E1));
#1296=DIRECTION('',(-2.300791149445E-10,-1.769702667668E-10,-1.E0));
#1297=DIRECTION('',(-7.471023420234E-1,-6.647090269758E-1,2.895319537316E-10));
#1298=AXIS2_PLACEMENT_3D('',#1295,#1296,#1297);
#1300=CARTESIAN_POINT('',(-1.728243246080E1,1.942466288608E1,-4.14E1));
#1301=DIRECTION('',(0.E0,0.E0,1.E0));
#1302=DIRECTION('',(-7.471024186953E-1,-6.647089408001E-1,0.E0));
#1303=AXIS2_PLACEMENT_3D('',#1300,#1301,#1302);
#1305=CARTESIAN_POINT('',(-2.308446416359E1,2.143262733028E1,-4.14E1));
#1306=DIRECTION('',(5.895607728426E-13,5.722063872678E-13,-1.E0));
#1307=DIRECTION('',(6.861955427329E-1,7.274171273304E-1,8.242295740780E-13));
#1308=AXIS2_PLACEMENT_3D('',#1305,#1306,#1307);
#1310=CARTESIAN_POINT('',(0.E0,0.E0,-4.14E1));
#1311=DIRECTION('',(0.E0,0.E0,-1.E0));
#1312=DIRECTION('',(-7.975371552929E-1,-6.032698284576E-1,0.E0));
#1313=AXIS2_PLACEMENT_3D('',#1310,#1311,#1312);
#1315=CARTESIAN_POINT('',(-2.542088097502E1,-1.860184965145E1,
-4.140000000028E1));
#1316=DIRECTION('',(1.292800449608E-10,-1.619534073977E-10,-1.E0));
#1317=DIRECTION('',(6.647091161831E-1,-7.471022626542E-1,2.069242553829E-10));
#1318=AXIS2_PLACEMENT_3D('',#1315,#1316,#1317);
#1320=CARTESIAN_POINT('',(-1.942466288608E1,-1.728243246080E1,-4.14E1));
#1321=DIRECTION('',(0.E0,0.E0,1.E0));
#1322=DIRECTION('',(6.647089537681E-1,-7.471024071575E-1,0.E0));
#1323=AXIS2_PLACEMENT_3D('',#1320,#1321,#1322);
#1325=CARTESIAN_POINT('',(-2.143262733028E1,-2.308446416359E1,-4.14E1));
#1326=DIRECTION('',(-5.722063872678E-13,5.895607728426E-13,-1.E0));
#1327=DIRECTION('',(-7.274158008820E-1,6.861969488618E-1,8.242295740780E-13));
#1328=AXIS2_PLACEMENT_3D('',#1325,#1326,#1327);
#1330=CARTESIAN_POINT('',(0.E0,0.E0,-4.14E1));
#1331=DIRECTION('',(0.E0,0.E0,-1.E0));
#1332=DIRECTION('',(6.032698284951E-1,-7.975371552645E-1,0.E0));
#1333=AXIS2_PLACEMENT_3D('',#1330,#1331,#1332);
#1335=CARTESIAN_POINT('',(1.860184965134E1,-2.542088097511E1,
-4.140000000030E1));
#1336=DIRECTION('',(2.067546221631E-10,1.579341470446E-10,-1.E0));
#1337=DIRECTION('',(7.471022626947E-1,6.647091161377E-1,2.594475743039E-10));
#1338=AXIS2_PLACEMENT_3D('',#1335,#1336,#1337);
#1340=CARTESIAN_POINT('',(1.728243246080E1,-1.942466288608E1,-4.14E1));
#1341=DIRECTION('',(0.E0,0.E0,1.E0));
#1342=DIRECTION('',(7.471024071579E-1,6.647089537677E-1,0.E0));
#1343=AXIS2_PLACEMENT_3D('',#1340,#1341,#1342);
#1345=CARTESIAN_POINT('',(2.271091291994E1,-2.176498176147E1,-4.09E1));
#1346=DIRECTION('',(6.647088630230E-1,-7.471024878948E-1,-7.222869949208E-11));
#1347=DIRECTION('',(-7.471024878948E-1,-6.647088630230E-1,-1.534772309016E-12));
#1348=AXIS2_PLACEMENT_3D('',#1345,#1346,#1347);
#1350=CARTESIAN_POINT('',(2.308446416423E1,-2.143262732966E1,
-4.089999999927E1));
#1351=DIRECTION('',(1.042210873270E-9,1.023949881695E-9,-1.E0));
#1352=DIRECTION('',(-6.864366075111E-1,-7.271896478008E-1,-1.460016107248E-9));
#1353=AXIS2_PLACEMENT_3D('',#1350,#1351,#1352);
#1355=CARTESIAN_POINT('',(2.239802759660E1,-2.215981693534E1,
-4.089999035975E1));
#1356=CARTESIAN_POINT('',(2.239804669581E1,-2.215983496407E1,
-4.096501892362E1));
#1357=CARTESIAN_POINT('',(2.241572025878E1,-2.214118954507E1,
-4.109531820943E1));
#1358=CARTESIAN_POINT('',(2.249175762669E1,-2.206072875661E1,
-4.126194995773E1));
#1359=CARTESIAN_POINT('',(2.260611928189E1,-2.193962739500E1,
-4.137374792626E1));
#1360=CARTESIAN_POINT('',(2.269625173495E1,-2.184413938489E1,
-4.140000000001E1));
#1361=CARTESIAN_POINT('',(2.274136623770E1,-2.179633595953E1,
-4.140000000002E1));
#1363=CARTESIAN_POINT('',(2.381739339969E1,-2.211293227733E1,
-4.040000068066E1));
#1364=CARTESIAN_POINT('',(2.373580627993E1,-2.220082998977E1,
-4.046048039792E1));
#1365=CARTESIAN_POINT('',(2.354544391337E1,-2.233715481256E1,
-4.057175805677E1));
#1366=CARTESIAN_POINT('',(2.327803798373E1,-2.242947990399E1,
-4.069749189225E1));
#1367=CARTESIAN_POINT('',(2.293369779817E1,-2.244186239769E1,
-4.081841830019E1));
#1368=CARTESIAN_POINT('',(2.261663654265E1,-2.233434717671E1,
-4.088489557991E1));
#1369=CARTESIAN_POINT('',(2.246273629298E1,-2.222089923782E1,
-4.090019923748E1));
#1370=CARTESIAN_POINT('',(2.239802759660E1,-2.215981693534E1,
-4.089999035975E1));
#1372=CARTESIAN_POINT('',(2.381739339969E1,-2.211293227733E1,
-4.040000068066E1));
#1373=CARTESIAN_POINT('',(2.378299193289E1,-2.214998540986E1,
-4.049558448470E1));
#1374=CARTESIAN_POINT('',(2.369535547824E1,-2.220275731709E1,
-4.069195523580E1));
#1375=CARTESIAN_POINT('',(2.350162661232E1,-2.221830559939E1,
-4.097132752183E1));
#1376=CARTESIAN_POINT('',(2.324866736533E1,-2.214945736810E1,
-4.121553874236E1));
#1377=CARTESIAN_POINT('',(2.298085047348E1,-2.200054523344E1,
-4.136771457511E1));
#1378=CARTESIAN_POINT('',(2.281666314115E1,-2.186750630882E1,
-4.140000000002E1));
#1379=CARTESIAN_POINT('',(2.274136623770E1,-2.179633595953E1,
-4.140000000002E1));
#1381=CARTESIAN_POINT('',(0.E0,0.E0,-4.04E1));
#1382=DIRECTION('',(0.E0,0.E0,-1.E0));
#1383=DIRECTION('',(8.070128746215E-1,5.905338433952E-1,0.E0));
#1384=AXIS2_PLACEMENT_3D('',#1381,#1382,#1383);
#1386=DIRECTION('',(7.147079147008E-6,6.358518461043E-6,-9.999999999542E-1));
#1387=VECTOR('',#1386,1.100000000050E1);
#1388=CARTESIAN_POINT('',(-2.428090722547E1,-2.160311051970E1,-2.8E1));
#1389=LINE('',#1388,#1387);
#1390=DIRECTION('',(-2.729523923956E-14,0.E0,1.E0));
#1391=VECTOR('',#1390,8.2E0);
#1392=CARTESIAN_POINT('',(-1.031313753045E1,-3.082027245626E1,-3.62E1));
#1393=LINE('',#1392,#1391);
#1394=DIRECTION('',(0.E0,0.E0,-1.E0));
#1395=VECTOR('',#1394,8.2E0);
#1396=CARTESIAN_POINT('',(6.151189999666E0,-3.191258155631E1,-2.8E1));
#1397=LINE('',#1396,#1395);
#1398=DIRECTION('',(-7.147079146362E-6,-6.358518461689E-6,-9.999999999542E-1));
#1399=VECTOR('',#1398,1.100000000050E1);
#1400=CARTESIAN_POINT('',(2.428090722547E1,2.160311051970E1,-2.8E1));
#1401=LINE('',#1400,#1399);
#1402=DIRECTION('',(9.372774836984E-9,8.339008080574E-9,1.E0));
#1403=VECTOR('',#1402,1.899999999995E0);
#1404=CARTESIAN_POINT('',(2.475617201622E1,1.934895205453E1,-4.09E1));
#1405=LINE('',#1404,#1403);
#1406=CARTESIAN_POINT('',(2.622791745239E1,1.919235124484E1,-4.039999959607E1));
#1407=CARTESIAN_POINT('',(2.617440381421E1,1.926548840182E1,-4.044723013378E1));
#1408=CARTESIAN_POINT('',(2.604319639437E1,1.941164322649E1,-4.054084228956E1));
#1409=CARTESIAN_POINT('',(2.569523461918E1,1.958500926385E1,-4.071442338477E1));
#1410=CARTESIAN_POINT('',(2.539404938913E1,1.961563991102E1,-4.081406029281E1));
#1411=CARTESIAN_POINT('',(2.508489480772E1,1.956114960551E1,-4.088631414579E1));
#1412=CARTESIAN_POINT('',(2.490472909294E1,1.946424266255E1,-4.090025523717E1));
#1413=CARTESIAN_POINT('',(2.482396031715E1,1.940414992492E1,-4.089999990557E1));
#1415=DIRECTION('',(5.342435515786E-6,-7.296880936997E-6,-9.999999999591E-1));
#1416=VECTOR('',#1415,1.399999596121E0);
#1417=CARTESIAN_POINT('',(2.622790997298E1,1.919236146047E1,-3.9E1));
#1418=LINE('',#1417,#1416);
#1419=CARTESIAN_POINT('',(2.542088097550E1,1.860184965085E1,-4.089999999979E1));
#1420=DIRECTION('',(2.782941602819E-10,-3.316912732376E-10,-1.E0));
#1421=DIRECTION('',(-6.647089407677E-1,7.471024187242E-1,-4.327915798876E-10));
#1422=AXIS2_PLACEMENT_3D('',#1419,#1420,#1421);
#1424=CARTESIAN_POINT('',(2.508852650438E1,1.897540086101E1,-4.09E1));
#1425=DIRECTION('',(7.471024186954E-1,6.647089408E-1,-1.256391465095E-11));
#1426=DIRECTION('',(8.725464795365E-12,-2.871303195283E-11,-1.E0));
#1427=AXIS2_PLACEMENT_3D('',#1424,#1425,#1426);
#1429=CARTESIAN_POINT('',(2.512241995634E1,1.900300012845E1,-4.14E1));
#1430=CARTESIAN_POINT('',(2.508724462094E1,1.905027800810E1,-4.139999983845E1));
#1431=CARTESIAN_POINT('',(2.501125469459E1,1.915241329692E1,-4.137864090759E1));
#1432=CARTESIAN_POINT('',(2.490506904626E1,1.929513369271E1,-4.126410585186E1));
#1433=CARTESIAN_POINT('',(2.483670657652E1,1.938701655297E1,-4.108621614953E1));
#1434=CARTESIAN_POINT('',(2.482396029671E1,1.940414995132E1,-4.095892296761E1));
#1435=CARTESIAN_POINT('',(2.482396031715E1,1.940414992492E1,-4.089999990557E1));
#1437=CARTESIAN_POINT('',(2.622791745239E1,1.919235124484E1,-4.039999959607E1));
#1438=CARTESIAN_POINT('',(2.620947034783E1,1.921756071907E1,-4.046042055607E1));
#1439=CARTESIAN_POINT('',(2.616357091120E1,1.925957465890E1,-4.058021874845E1));
#1440=CARTESIAN_POINT('',(2.608737044637E1,1.929853965274E1,-4.072967207367E1));
#1441=CARTESIAN_POINT('',(2.596489318289E1,1.932361468303E1,-4.091231182420E1));
#1442=CARTESIAN_POINT('',(2.581872473497E1,1.932108816584E1,-4.107887827263E1));
#1443=CARTESIAN_POINT('',(2.559464927663E1,1.926839700042E1,-4.125841786250E1));
#1444=CARTESIAN_POINT('',(2.537102362628E1,1.916846841699E1,-4.136740592167E1));
#1445=CARTESIAN_POINT('',(2.520502448017E1,1.906253309259E1,-4.14E1));
#1446=CARTESIAN_POINT('',(2.512241995634E1,1.900300012845E1,-4.14E1));
#1448=DIRECTION('',(-2.610064692430E-5,-2.685058660827E-5,9.999999992989E-1));
#1449=VECTOR('',#1448,1.400000681640E0);
#1450=CARTESIAN_POINT('',(2.381739339969E1,-2.211293227733E1,
-4.040000068066E1));
#1451=LINE('',#1450,#1449);
#1452=DIRECTION('',(-2.071808922938E-8,2.328608977804E-8,-1.E0));
#1453=VECTOR('',#1452,1.900000000287E0);
#1454=CARTESIAN_POINT('',(2.233736174513E1,-2.209733627080E1,-3.9E1));
#1455=LINE('',#1454,#1453);
#1456=CARTESIAN_POINT('',(1.728243246080E1,-1.942466288608E1,-3.9E1));
#1457=DIRECTION('',(0.E0,0.E0,1.E0));
#1458=DIRECTION('',(-7.471024186954E-1,-6.647089408E-1,0.E0));
#1459=AXIS2_PLACEMENT_3D('',#1456,#1457,#1458);
#1461=CARTESIAN_POINT('',(1.860184965168E1,-2.542088097482E1,-3.9E1));
#1462=DIRECTION('',(0.E0,0.E0,1.E0));
#1463=DIRECTION('',(5.905349095729E-1,-8.070120944420E-1,0.E0));
#1464=AXIS2_PLACEMENT_3D('',#1461,#1462,#1463);
#1466=CARTESIAN_POINT('',(0.E0,0.E0,-3.9E1));
#1467=DIRECTION('',(0.E0,0.E0,-1.E0));
#1468=DIRECTION('',(7.328396989073E-1,-6.804013342914E-1,0.E0));
#1469=AXIS2_PLACEMENT_3D('',#1466,#1467,#1468);
#1471=CARTESIAN_POINT('',(2.308446416385E1,-2.143262733002E1,-3.9E1));
#1472=DIRECTION('',(0.E0,0.E0,1.E0));
#1473=DIRECTION('',(-7.471024187353E-1,-6.647089407551E-1,0.E0));
#1474=AXIS2_PLACEMENT_3D('',#1471,#1472,#1473);
#1476=DIRECTION('',(7.285036771360E-12,-8.198873678740E-12,-1.E0));
#1477=VECTOR('',#1476,9.000000000003E-1);
#1478=CARTESIAN_POINT('',(1.578822762355E1,-2.075408076784E1,-3.9E1));
#1479=LINE('',#1478,#1477);
#1480=DIRECTION('',(-1.169553343061E-10,1.314504061156E-10,1.E0));
#1481=VECTOR('',#1480,9.000000000003E-1);
#1482=CARTESIAN_POINT('',(1.877663729859E1,-1.809524500493E1,-3.99E1));
#1483=LINE('',#1482,#1481);
#1484=DIRECTION('',(6.647089408E-1,-7.471024186954E-1,0.E0));
#1485=VECTOR('',#1484,5.356817434388E0);
#1486=CARTESIAN_POINT('',(1.578822762355E1,-2.075408076784E1,-3.9E1));
#1487=LINE('',#1486,#1485);
#1488=DIRECTION('',(-6.647089408E-1,7.471024186954E-1,1.049071142158E-11));
#1489=VECTOR('',#1488,5.356817351362E0);
#1490=CARTESIAN_POINT('',(1.897540080120E1,-2.508852643703E1,
-4.140000000006E1));
#1491=LINE('',#1490,#1489);
#1492=DIRECTION('',(6.647089408E-1,-7.471024186954E-1,1.710029727380E-11));
#1493=VECTOR('',#1492,5.356817371506E0);
#1494=CARTESIAN_POINT('',(1.578822762345E1,-2.075408076773E1,-4.09E1));
#1495=LINE('',#1494,#1493);
#1496=CARTESIAN_POINT('',(1.860184965124E1,-2.542088097519E1,
-4.090000000013E1));
#1497=DIRECTION('',(2.067546221631E-10,1.579341470446E-10,-1.E0));
#1498=DIRECTION('',(7.471024187113E-1,6.647089407822E-1,2.594475743861E-10));
#1499=AXIS2_PLACEMENT_3D('',#1496,#1497,#1498);
#1501=CARTESIAN_POINT('',(1.897540082255E1,-2.508852646143E1,-4.09E1));
#1502=DIRECTION('',(6.647090269835E-1,-7.471023420166E-1,1.943869258101E-11));
#1503=DIRECTION('',(4.839577625907E-10,4.045617173236E-10,-1.E0));
#1504=AXIS2_PLACEMENT_3D('',#1501,#1502,#1503);
#1506=CARTESIAN_POINT('',(1.940415289790E1,-2.482396431299E1,
-4.089999999980E1));
#1507=CARTESIAN_POINT('',(1.940415303827E1,-2.482396450291E1,
-4.095892313420E1));
#1508=CARTESIAN_POINT('',(1.938701899207E1,-2.483671015606E1,
-4.108621675141E1));
#1509=CARTESIAN_POINT('',(1.929513614102E1,-2.490507312356E1,
-4.126410640065E1));
#1510=CARTESIAN_POINT('',(1.915241590163E1,-2.501126004824E1,
-4.137864127426E1));
#1511=CARTESIAN_POINT('',(1.905027861416E1,-2.508724624583E1,
-4.139999995386E1));
#1512=CARTESIAN_POINT('',(1.900300058600E1,-2.512242139652E1,
-4.140000000004E1));
#1514=DIRECTION('',(2.205232768429E-8,-2.478580802708E-8,1.E0));
#1515=VECTOR('',#1514,1.899999999908E0);
#1516=CARTESIAN_POINT('',(1.934895202452E1,-2.475617198249E1,
-4.089999999991E1));
#1517=LINE('',#1516,#1515);
#1518=CARTESIAN_POINT('',(1.919234325116E1,-2.622792330742E1,
-4.039998485250E1));
#1519=CARTESIAN_POINT('',(1.926565810556E1,-2.617427965003E1,
-4.044733709359E1));
#1520=CARTESIAN_POINT('',(1.941198918800E1,-2.604276884181E1,
-4.054110302579E1));
#1521=CARTESIAN_POINT('',(1.958511244956E1,-2.569480913978E1,
-4.071459272808E1));
#1522=CARTESIAN_POINT('',(1.961560980077E1,-2.539369950865E1,
-4.081415381022E1));
#1523=CARTESIAN_POINT('',(1.956111448085E1,-2.508487057896E1,
-4.088630959893E1));
#1524=CARTESIAN_POINT('',(1.946424473839E1,-2.490473250358E1,
-4.090024773517E1));
#1525=CARTESIAN_POINT('',(1.940415289790E1,-2.482396431299E1,
-4.089999999980E1));
#1527=DIRECTION('',(-1.300679205649E-5,-9.524703906724E-6,-9.999999998701E-1));
#1528=VECTOR('',#1527,1.399984852679E0);
#1529=CARTESIAN_POINT('',(1.919236146047E1,-2.622790997298E1,-3.9E1));
#1530=LINE('',#1529,#1528);
#1531=CARTESIAN_POINT('',(-2.211293227732E1,-2.381739339970E1,
-4.040000068065E1));
#1532=CARTESIAN_POINT('',(-2.214998535270E1,-2.378299198596E1,
-4.049558462932E1));
#1533=CARTESIAN_POINT('',(-2.220275583196E1,-2.369535433032E1,
-4.069195552718E1));
#1534=CARTESIAN_POINT('',(-2.221830913925E1,-2.350163166418E1,
-4.097132754047E1));
#1535=CARTESIAN_POINT('',(-2.214944081869E1,-2.324865193806E1,
-4.121553840872E1));
#1536=CARTESIAN_POINT('',(-2.200060328164E1,-2.298091513406E1,
-4.136771392951E1));
#1537=CARTESIAN_POINT('',(-2.186738038228E1,-2.281653136301E1,
-4.139999998817E1));
#1538=CARTESIAN_POINT('',(-2.179621004245E1,-2.274123328406E1,
-4.139999998817E1));
#1540=CARTESIAN_POINT('',(0.E0,0.E0,-4.04E1));
#1541=DIRECTION('',(0.E0,0.E0,-1.E0));
#1542=DIRECTION('',(5.905338433952E-1,-8.070128746215E-1,0.E0));
#1543=AXIS2_PLACEMENT_3D('',#1540,#1541,#1542);
#1545=CARTESIAN_POINT('',(1.900300058600E1,-2.512242139652E1,
-4.140000000004E1));
#1546=CARTESIAN_POINT('',(1.906417449044E1,-2.520639867932E1,
-4.140000000004E1));
#1547=CARTESIAN_POINT('',(1.917393327497E1,-2.537905543659E1,
-4.136656695991E1));
#1548=CARTESIAN_POINT('',(1.927984294103E1,-2.562610349948E1,
-4.124005904835E1));
#1549=CARTESIAN_POINT('',(1.932880319604E1,-2.586479181085E1,
-4.103599663463E1));
#1550=CARTESIAN_POINT('',(1.931544555797E1,-2.604109379203E1,
-4.081053569688E1));
#1551=CARTESIAN_POINT('',(1.926460057172E1,-2.616179063154E1,
-4.059053032957E1));
#1552=CARTESIAN_POINT('',(1.921761078073E1,-2.620943374435E1,
-4.045982478383E1));
#1553=CARTESIAN_POINT('',(1.919234325116E1,-2.622792330742E1,
-4.039998485250E1));
#1555=CARTESIAN_POINT('',(-2.179608474860E1,-2.274110035551E1,-4.09E1));
#1556=DIRECTION('',(-6.867276166705E-1,-7.269148371728E-1,-3.561054462225E-14));
#1557=DIRECTION('',(-7.269148371728E-1,6.867276166705E-1,8.242295734815E-13));
#1558=AXIS2_PLACEMENT_3D('',#1555,#1556,#1557);
#1560=CARTESIAN_POINT('',(-2.211293227732E1,-2.381739339970E1,
-4.040000068065E1));
#1561=CARTESIAN_POINT('',(-2.220085509818E1,-2.373578297418E1,
-4.046049729803E1));
#1562=CARTESIAN_POINT('',(-2.233720390694E1,-2.354536140079E1,
-4.057180087413E1));
#1563=CARTESIAN_POINT('',(-2.242951610016E1,-2.327789263761E1,
-4.069756240283E1));
#1564=CARTESIAN_POINT('',(-2.244182840113E1,-2.293349136036E1,
-4.081846792299E1));
#1565=CARTESIAN_POINT('',(-2.233427866661E1,-2.261646975750E1,
-4.088491039034E1));
#1566=CARTESIAN_POINT('',(-2.222067941877E1,-2.246247249779E1,
-4.090019505583E1));
#1567=CARTESIAN_POINT('',(-2.215957873421E1,-2.239777545232E1,
-4.089998348534E1));
#1569=CARTESIAN_POINT('',(-2.176498176152E1,-2.271091291989E1,-4.09E1));
#1570=DIRECTION('',(-7.471024879464E-1,-6.647088629650E-1,3.561054458167E-14));
#1571=DIRECTION('',(-6.647088629650E-1,7.471024879464E-1,7.673861546207E-13));
#1572=AXIS2_PLACEMENT_3D('',#1569,#1570,#1571);
#1574=CARTESIAN_POINT('',(-2.143262733028E1,-2.308446416359E1,-4.09E1));
#1575=DIRECTION('',(-5.722063872678E-13,5.895607728426E-13,-1.E0));
#1576=DIRECTION('',(-7.270248236905E-1,6.866111750750E-1,8.242295737795E-13));
#1577=AXIS2_PLACEMENT_3D('',#1574,#1575,#1576);
#1579=DIRECTION('',(7.471024186954E-1,6.647089408E-1,0.E0));
#1580=VECTOR('',#1579,5.356817381016E0);
#1581=CARTESIAN_POINT('',(-2.209733622655E1,-2.233736170576E1,-4.09E1));
#1582=LINE('',#1581,#1580);
#1583=DIRECTION('',(-7.471024186954E-1,-6.647089408E-1,-3.050780719468E-14));
#1584=VECTOR('',#1583,5.356819917668E0);
#1585=CARTESIAN_POINT('',(-1.776289052429E1,-1.915018849678E1,-4.14E1));
#1586=LINE('',#1585,#1584);
#1587=DIRECTION('',(7.471024186954E-1,6.647089408E-1,0.E0));
#1588=VECTOR('',#1587,5.356817439864E0);
#1589=CARTESIAN_POINT('',(-2.209733627081E1,-2.233736174515E1,-3.9E1));
#1590=LINE('',#1589,#1588);
#1591=CARTESIAN_POINT('',(-1.942466288608E1,-1.728243246080E1,-3.9E1));
#1592=DIRECTION('',(0.E0,0.E0,1.E0));
#1593=DIRECTION('',(-6.647089408E-1,7.471024186954E-1,0.E0));
#1594=AXIS2_PLACEMENT_3D('',#1591,#1592,#1593);
#1596=CARTESIAN_POINT('',(-2.542088097482E1,-1.860184965168E1,-3.9E1));
#1597=DIRECTION('',(0.E0,0.E0,1.E0));
#1598=DIRECTION('',(-8.070120944419E-1,-5.905349095731E-1,0.E0));
#1599=AXIS2_PLACEMENT_3D('',#1596,#1597,#1598);
#1601=CARTESIAN_POINT('',(0.E0,0.E0,-3.9E1));
#1602=DIRECTION('',(0.E0,0.E0,-1.E0));
#1603=DIRECTION('',(-7.471024186954E-1,-6.647089408E-1,0.E0));
#1604=AXIS2_PLACEMENT_3D('',#1601,#1602,#1603);
#1606=CARTESIAN_POINT('',(0.E0,0.E0,-3.9E1));
#1607=DIRECTION('',(0.E0,0.E0,-1.E0));
#1608=DIRECTION('',(-6.804010766236E-1,-7.328399381376E-1,0.E0));
#1609=AXIS2_PLACEMENT_3D('',#1606,#1607,#1608);
#1611=CARTESIAN_POINT('',(-2.143262733002E1,-2.308446416385E1,-3.9E1));
#1612=DIRECTION('',(0.E0,0.E0,1.E0));
#1613=DIRECTION('',(-6.647089408E-1,7.471024186954E-1,0.E0));
#1614=AXIS2_PLACEMENT_3D('',#1611,#1612,#1613);
#1616=DIRECTION('',(-1.263147611199E-10,-1.123999658779E-10,-1.E0));
#1617=VECTOR('',#1616,9.000000000003E-1);
#1618=CARTESIAN_POINT('',(-2.075408076800E1,-1.578822762369E1,-3.9E1));
#1619=LINE('',#1618,#1617);
#1620=DIRECTION('',(-5.663815095935E-11,-5.035774266716E-11,1.E0));
#1621=VECTOR('',#1620,9.000000000003E-1);
#1622=CARTESIAN_POINT('',(-1.809524500493E1,-1.877663729859E1,-3.99E1));
#1623=LINE('',#1622,#1621);
#1624=DIRECTION('',(-7.471024186954E-1,-6.647089408E-1,0.E0));
#1625=VECTOR('',#1624,5.356817434180E0);
#1626=CARTESIAN_POINT('',(-2.075408076800E1,-1.578822762369E1,-3.9E1));
#1627=LINE('',#1626,#1625);
#1628=DIRECTION('',(7.471024186954E-1,6.647089408E-1,1.048275285939E-11));
#1629=VECTOR('',#1628,5.356817351352E0);
#1630=CARTESIAN_POINT('',(-2.508852643703E1,-1.897540080119E1,
-4.140000000006E1));
#1631=LINE('',#1630,#1629);
#1632=DIRECTION('',(-7.471024186954E-1,-6.647089408E-1,1.588131083358E-11));
#1633=VECTOR('',#1632,5.356817371314E0);
#1634=CARTESIAN_POINT('',(-2.075408076787E1,-1.578822762358E1,-4.09E1));
#1635=LINE('',#1634,#1633);
#1636=CARTESIAN_POINT('',(-2.542088097508E1,-1.860184965137E1,
-4.090000000011E1));
#1637=DIRECTION('',(1.292800449608E-10,-1.619534073977E-10,-1.E0));
#1638=DIRECTION('',(6.647089407854E-1,-7.471024187084E-1,2.069313608515E-10));
#1639=AXIS2_PLACEMENT_3D('',#1636,#1637,#1638);
#1641=CARTESIAN_POINT('',(-2.508852646143E1,-1.897540082255E1,-4.09E1));
#1642=DIRECTION('',(-7.471023420154E-1,-6.647090269849E-1,1.106646748216E-11));
#1643=DIRECTION('',(4.106865957038E-10,-4.782449989971E-10,-1.E0));
#1644=AXIS2_PLACEMENT_3D('',#1641,#1642,#1643);
#1646=DIRECTION('',(-2.478557055614E-8,-2.205209582290E-8,1.E0));
#1647=VECTOR('',#1646,1.899999999915E0);
#1648=CARTESIAN_POINT('',(-2.475617198249E1,-1.934895202453E1,
-4.089999999992E1));
#1649=LINE('',#1648,#1647);
#1650=CARTESIAN_POINT('',(-2.622792229592E1,-1.919234463357E1,
-4.039998474694E1));
#1651=CARTESIAN_POINT('',(-2.617427643972E1,-1.926566249310E1,
-4.044733878238E1));
#1652=CARTESIAN_POINT('',(-2.604276184482E1,-1.941199431282E1,
-4.054110756664E1));
#1653=CARTESIAN_POINT('',(-2.569480295745E1,-1.958511432393E1,
-4.071459512314E1));
#1654=CARTESIAN_POINT('',(-2.539369011902E1,-1.961560925122E1,
-4.081415649486E1));
#1655=CARTESIAN_POINT('',(-2.508486755318E1,-1.956111347261E1,
-4.088631003943E1));
#1656=CARTESIAN_POINT('',(-2.490472792743E1,-1.946424121020E1,
-4.090024765525E1));
#1657=CARTESIAN_POINT('',(-2.482396156443E1,-1.940415085291E1,
-4.089999984066E1));
#1659=DIRECTION('',(-8.802195621447E-6,1.201934528996E-5,-9.999999998890E-1));
#1660=VECTOR('',#1659,1.399984747093E0);
#1661=CARTESIAN_POINT('',(-2.622790997298E1,-1.919236146047E1,-3.9E1));
#1662=LINE('',#1661,#1660);
#1663=CARTESIAN_POINT('',(-2.512241996249E1,-1.900300013374E1,
-4.140000000005E1));
#1664=CARTESIAN_POINT('',(-2.508724461743E1,-1.905027802638E1,
-4.139999983849E1));
#1665=CARTESIAN_POINT('',(-2.501125461475E1,-1.915241330493E1,
-4.137864089081E1));
#1666=CARTESIAN_POINT('',(-2.490506914904E1,-1.929513388181E1,
-4.126410578984E1));
#1667=CARTESIAN_POINT('',(-2.483670595676E1,-1.938701617628E1,
-4.108621593111E1));
#1668=CARTESIAN_POINT('',(-2.482396153031E1,-1.940415089769E1,
-4.095892290941E1));
#1669=CARTESIAN_POINT('',(-2.482396156443E1,-1.940415085291E1,
-4.089999984066E1));
#1671=CARTESIAN_POINT('',(-2.381739340674E1,2.211293226973E1,
-4.040000068120E1));
#1672=CARTESIAN_POINT('',(-2.378302131096E1,2.214995376743E1,
-4.049553451226E1));
#1673=CARTESIAN_POINT('',(-2.369542487867E1,2.220267202103E1,
-4.069179295840E1));
#1674=CARTESIAN_POINT('',(-2.350216502857E1,2.221833863686E1,
-4.097068564090E1));
#1675=CARTESIAN_POINT('',(-2.324901763454E1,2.214962536957E1,
-4.121532365760E1));
#1676=CARTESIAN_POINT('',(-2.298089056092E1,2.200059476275E1,
-4.136775173139E1));
#1677=CARTESIAN_POINT('',(-2.281648955168E1,2.186736902383E1,
-4.139999998817E1));
#1678=CARTESIAN_POINT('',(-2.274123559841E1,2.179620798381E1,
-4.139999998817E1));
#1680=CARTESIAN_POINT('',(0.E0,0.E0,-4.04E1));
#1681=DIRECTION('',(0.E0,0.E0,-1.E0));
#1682=DIRECTION('',(-8.070128746215E-1,-5.905338433952E-1,0.E0));
#1683=AXIS2_PLACEMENT_3D('',#1680,#1681,#1682);
#1685=CARTESIAN_POINT('',(-2.512241996249E1,-1.900300013374E1,
-4.140000000005E1));
#1686=CARTESIAN_POINT('',(-2.520686808213E1,-1.906566236991E1,
-4.140000000005E1));
#1687=CARTESIAN_POINT('',(-2.538676365554E1,-1.917948891491E1,
-4.136659555865E1));
#1688=CARTESIAN_POINT('',(-2.566687513536E1,-1.929421651314E1,
-4.121535718364E1));
#1689=CARTESIAN_POINT('',(-2.592311039467E1,-1.933353486208E1,
-4.097504447774E1));
#1690=CARTESIAN_POINT('',(-2.611471222050E1,-1.929697776691E1,
-4.069678543573E1));
#1691=CARTESIAN_POINT('',(-2.619743755310E1,-1.923400455725E1,
-4.049766888353E1));
#1692=CARTESIAN_POINT('',(-2.622792229592E1,-1.919234463357E1,
-4.039998474694E1));
#1694=CARTESIAN_POINT('',(-2.274110035551E1,2.179608474860E1,-4.09E1));
#1695=DIRECTION('',(-7.269148371728E-1,6.867276166705E-1,-3.561054462225E-14));
#1696=DIRECTION('',(6.867276166705E-1,7.269148371728E-1,8.242295734815E-13));
#1697=AXIS2_PLACEMENT_3D('',#1694,#1695,#1696);
#1699=CARTESIAN_POINT('',(-2.381739340674E1,2.211293226973E1,
-4.040000068120E1));
#1700=CARTESIAN_POINT('',(-2.373578298114E1,2.220085509067E1,
-4.046049729861E1));
#1701=CARTESIAN_POINT('',(-2.354536139726E1,2.233720391057E1,
-4.057180087394E1));
#1702=CARTESIAN_POINT('',(-2.327789263881E1,2.242951609910E1,
-4.069756240274E1));
#1703=CARTESIAN_POINT('',(-2.293349136058E1,2.244182840147E1,
-4.081846792284E1));
#1704=CARTESIAN_POINT('',(-2.261646975776E1,2.233427866667E1,
-4.088491039029E1));
#1705=CARTESIAN_POINT('',(-2.246247249785E1,2.222067941883E1,
-4.090019505581E1));
#1706=CARTESIAN_POINT('',(-2.239777545232E1,2.215957873421E1,
-4.089998348534E1));
#1708=CARTESIAN_POINT('',(-2.271091295452E1,2.176498180044E1,-4.09E1));
#1709=DIRECTION('',(-6.647089408E-1,7.471024186954E-1,3.561045906733E-14));
#1710=DIRECTION('',(7.471024186954E-1,6.647089408E-1,7.673861546207E-13));
#1711=AXIS2_PLACEMENT_3D('',#1708,#1709,#1710);
#1713=CARTESIAN_POINT('',(-2.308446416359E1,2.143262733028E1,-4.09E1));
#1714=DIRECTION('',(5.895607728426E-13,5.722063872678E-13,-1.E0));
#1715=DIRECTION('',(6.866111750750E-1,7.270248236905E-1,8.242295737795E-13));
#1716=AXIS2_PLACEMENT_3D('',#1713,#1714,#1715);
#1718=DIRECTION('',(6.647089408E-1,-7.471024186954E-1,0.E0));
#1719=VECTOR('',#1718,5.356817419046E0);
#1720=CARTESIAN_POINT('',(-2.233736173086E1,2.209733625476E1,-4.09E1));
#1721=LINE('',#1720,#1719);
#1722=DIRECTION('',(-6.647089408E-1,7.471024186954E-1,-3.050780687068E-14));
#1723=VECTOR('',#1722,5.356819974558E0);
#1724=CARTESIAN_POINT('',(-1.915018850754E1,1.776289053408E1,-4.14E1));
#1725=LINE('',#1724,#1723);
#1726=DIRECTION('',(6.647089408E-1,-7.471024186954E-1,0.E0));
#1727=VECTOR('',#1726,5.356817440544E0);
#1728=CARTESIAN_POINT('',(-2.233736174515E1,2.209733627082E1,-3.9E1));
#1729=LINE('',#1728,#1727);
#1730=CARTESIAN_POINT('',(-1.728243246080E1,1.942466288608E1,-3.9E1));
#1731=DIRECTION('',(0.E0,0.E0,1.E0));
#1732=DIRECTION('',(7.471024186954E-1,6.647089408E-1,0.E0));
#1733=AXIS2_PLACEMENT_3D('',#1730,#1731,#1732);
#1735=CARTESIAN_POINT('',(-1.860184965168E1,2.542088097482E1,-3.9E1));
#1736=DIRECTION('',(0.E0,0.E0,1.E0));
#1737=DIRECTION('',(-5.905349095729E-1,8.070120944420E-1,0.E0));
#1738=AXIS2_PLACEMENT_3D('',#1735,#1736,#1737);
#1740=CARTESIAN_POINT('',(0.E0,0.E0,-3.9E1));
#1741=DIRECTION('',(0.E0,0.E0,-1.E0));
#1742=DIRECTION('',(-7.328401321860E-1,6.804008676197E-1,0.E0));
#1743=AXIS2_PLACEMENT_3D('',#1740,#1741,#1742);
#1745=CARTESIAN_POINT('',(-2.308446416385E1,2.143262733002E1,-3.9E1));
#1746=DIRECTION('',(0.E0,0.E0,1.E0));
#1747=DIRECTION('',(7.471024187081E-1,6.647089407858E-1,0.E0));
#1748=AXIS2_PLACEMENT_3D('',#1745,#1746,#1747);
#1750=DIRECTION('',(-2.171102803711E-14,2.368475785866E-14,-1.E0));
#1751=VECTOR('',#1750,9.000000000003E-1);
#1752=CARTESIAN_POINT('',(-1.578822762341E1,2.075408076768E1,-3.9E1));
#1753=LINE('',#1752,#1751);
#1754=DIRECTION('',(-1.184237892933E-14,1.973729821555E-14,1.E0));
#1755=VECTOR('',#1754,9.000000000003E-1);
#1756=CARTESIAN_POINT('',(-1.877663729819E1,1.809524500448E1,-3.99E1));
#1757=LINE('',#1756,#1755);
#1758=DIRECTION('',(-6.647089408E-1,7.471024186954E-1,0.E0));
#1759=VECTOR('',#1758,5.356817440550E0);
#1760=CARTESIAN_POINT('',(-1.578822762341E1,2.075408076768E1,-3.9E1));
#1761=LINE('',#1760,#1759);
#1762=DIRECTION('',(6.647089408E-1,-7.471024186954E-1,1.049601705380E-11));
#1763=VECTOR('',#1762,5.356817390110E0);
#1764=CARTESIAN_POINT('',(-1.897540082713E1,2.508852646632E1,
-4.140000000006E1));
#1765=LINE('',#1764,#1763);
#1766=DIRECTION('',(-6.647089408E-1,7.471024186954E-1,1.779932416850E-11));
#1767=VECTOR('',#1766,5.356817416720E0);
#1768=CARTESIAN_POINT('',(-1.578822762341E1,2.075408076768E1,-4.09E1));
#1769=LINE('',#1768,#1767);
#1770=CARTESIAN_POINT('',(-1.860184965125E1,2.542088097517E1,
-4.090000000015E1));
#1771=DIRECTION('',(-2.300791149445E-10,-1.769702667668E-10,-1.E0));
#1772=DIRECTION('',(-7.471024187106E-1,-6.647089407830E-1,2.895248483804E-10));
#1773=AXIS2_PLACEMENT_3D('',#1770,#1771,#1772);
#1775=CARTESIAN_POINT('',(-1.897540086089E1,2.508852650452E1,-4.09E1));
#1776=DIRECTION('',(-6.647089408E-1,7.471024186954E-1,2.072073045626E-11));
#1777=DIRECTION('',(-2.651177054776E-10,-2.081392835162E-10,-1.E0));
#1778=AXIS2_PLACEMENT_3D('',#1775,#1776,#1777);
#1780=CARTESIAN_POINT('',(-1.940415289790E1,2.482396431300E1,
-4.089999999980E1));
#1781=CARTESIAN_POINT('',(-1.940415303827E1,2.482396450291E1,
-4.095892313397E1));
#1782=CARTESIAN_POINT('',(-1.938701899156E1,2.483671015633E1,
-4.108621675066E1));
#1783=CARTESIAN_POINT('',(-1.929513614416E1,2.490507312164E1,
-4.126410639939E1));
#1784=CARTESIAN_POINT('',(-1.915241589495E1,2.501126005165E1,
-4.137864127332E1));
#1785=CARTESIAN_POINT('',(-1.905027863443E1,2.508724623410E1,
-4.139999995354E1));
#1786=CARTESIAN_POINT('',(-1.900300060635E1,2.512242138473E1,
-4.140000000004E1));
#1788=DIRECTION('',(-8.336730604517E-9,9.370097213225E-9,1.E0));
#1789=VECTOR('',#1788,1.899999999905E0);
#1790=CARTESIAN_POINT('',(-1.934895205454E1,2.475617201622E1,
-4.089999999991E1));
#1791=LINE('',#1790,#1789);
#1792=CARTESIAN_POINT('',(-1.919234463357E1,2.622792229592E1,
-4.039998474694E1));
#1793=CARTESIAN_POINT('',(-1.926566233992E1,2.617427655179E1,
-4.044733868075E1));
#1794=CARTESIAN_POINT('',(-1.941199395404E1,2.604276231686E1,
-4.054110729019E1));
#1795=CARTESIAN_POINT('',(-1.958511392420E1,2.569480367211E1,
-4.071459475013E1));
#1796=CARTESIAN_POINT('',(-1.961560957385E1,2.539369235702E1,
-4.081415595004E1));
#1797=CARTESIAN_POINT('',(-1.956111284773E1,2.508486722138E1,
-4.088630987701E1));
#1798=CARTESIAN_POINT('',(-1.946424391472E1,2.490473139649E1,
-4.090024778826E1));
#1799=CARTESIAN_POINT('',(-1.940415289790E1,2.482396431300E1,
-4.089999999980E1));
#1801=DIRECTION('',(1.201934589900E-5,8.802196050312E-6,-9.999999998890E-1));
#1802=VECTOR('',#1801,1.399984747093E0);
#1803=CARTESIAN_POINT('',(-1.919236146047E1,2.622790997298E1,-3.9E1));
#1804=LINE('',#1803,#1802);
#1805=CARTESIAN_POINT('',(2.211293065760E1,2.381739496425E1,-4.039994618137E1));
#1806=CARTESIAN_POINT('',(2.214993627461E1,2.378303755814E1,-4.049544188575E1));
#1807=CARTESIAN_POINT('',(2.220267725656E1,2.369545419356E1,-4.069172046429E1));
#1808=CARTESIAN_POINT('',(2.221835293744E1,2.350224052908E1,-4.097057473239E1));
#1809=CARTESIAN_POINT('',(2.214968776536E1,2.324913706171E1,-4.121523607431E1));
#1810=CARTESIAN_POINT('',(2.200065980233E1,2.298098827587E1,-4.136768914872E1));
#1811=CARTESIAN_POINT('',(2.186754470512E1,2.281669311198E1,-4.14E1));
#1812=CARTESIAN_POINT('',(2.179633612023E1,2.274136662173E1,-4.14E1));
#1814=CARTESIAN_POINT('',(0.E0,0.E0,-4.04E1));
#1815=DIRECTION('',(0.E0,0.E0,-1.E0));
#1816=DIRECTION('',(-5.905338433952E-1,8.070128746215E-1,0.E0));
#1817=AXIS2_PLACEMENT_3D('',#1814,#1815,#1816);
#1819=CARTESIAN_POINT('',(-1.900300060635E1,2.512242138473E1,
-4.140000000004E1));
#1820=CARTESIAN_POINT('',(-1.906566310178E1,2.520686991341E1,
-4.140000000004E1));
#1821=CARTESIAN_POINT('',(-1.917948825783E1,2.538676472054E1,
-4.136659520560E1));
#1822=CARTESIAN_POINT('',(-1.929421628670E1,2.566687616903E1,
-4.121535672808E1));
#1823=CARTESIAN_POINT('',(-1.933353446834E1,2.592311090537E1,
-4.097504411498E1));
#1824=CARTESIAN_POINT('',(-1.929697755810E1,2.611471241466E1,
-4.069678528798E1));
#1825=CARTESIAN_POINT('',(-1.923400448004E1,2.619743760960E1,
-4.049766884370E1));
#1826=CARTESIAN_POINT('',(-1.919234463357E1,2.622792229592E1,
-4.039998474694E1));
#1828=CARTESIAN_POINT('',(2.215981693534E1,2.239802759660E1,-4.089999035950E1));
#1829=CARTESIAN_POINT('',(2.215983504966E1,2.239804678640E1,-4.096501894812E1));
#1830=CARTESIAN_POINT('',(2.214118979671E1,2.241572055438E1,-4.109531828516E1));
#1831=CARTESIAN_POINT('',(2.206072910057E1,2.249175813847E1,-4.126195006998E1));
#1832=CARTESIAN_POINT('',(2.193962791601E1,2.260612015008E1,-4.137374804523E1));
#1833=CARTESIAN_POINT('',(2.184413947524E1,2.269625223059E1,-4.14E1));
#1834=CARTESIAN_POINT('',(2.179633612023E1,2.274136662173E1,-4.14E1));
#1836=CARTESIAN_POINT('',(2.211293065760E1,2.381739496425E1,-4.039994618137E1));
#1837=CARTESIAN_POINT('',(2.220070356053E1,2.373592369310E1,-4.046041283759E1));
#1838=CARTESIAN_POINT('',(2.233702515982E1,2.354578168605E1,-4.057162594016E1));
#1839=CARTESIAN_POINT('',(2.242961578812E1,2.327764840450E1,-4.069769927028E1));
#1840=CARTESIAN_POINT('',(2.244176562079E1,2.293319143690E1,-4.081855277085E1));
#1841=CARTESIAN_POINT('',(2.233421118784E1,2.261643586256E1,-4.088495129284E1));
#1842=CARTESIAN_POINT('',(2.222083786676E1,2.246267127839E1,-4.090021646698E1));
#1843=CARTESIAN_POINT('',(2.215981693534E1,2.239802759660E1,-4.089999035950E1));
#1845=CARTESIAN_POINT('',(2.176498180039E1,2.271091295453E1,-4.09E1));
#1846=DIRECTION('',(7.471024186954E-1,6.647089408E-1,-1.706501555428E-11));
#1847=DIRECTION('',(6.647089408E-1,-7.471024186954E-1,2.984279489965E-13));
#1848=AXIS2_PLACEMENT_3D('',#1845,#1846,#1847);
#1850=CARTESIAN_POINT('',(2.143262732988E1,2.308446416400E1,-4.089999999970E1));
#1851=DIRECTION('',(-4.117767321790E-10,4.371452814662E-10,-1.E0));
#1852=DIRECTION('',(7.271896478089E-1,-6.864366075025E-1,-5.995133277492E-10));
#1853=AXIS2_PLACEMENT_3D('',#1850,#1851,#1852);
#1855=DIRECTION('',(-7.471024186954E-1,-6.647089408E-1,1.537063628998E-11));
#1856=VECTOR('',#1855,5.356817419037E0);
#1857=CARTESIAN_POINT('',(2.209733625475E1,2.233736173086E1,-4.090000000009E1));
#1858=LINE('',#1857,#1856);
#1859=DIRECTION('',(7.471024186954E-1,6.647089408E-1,-2.376956083830E-12));
#1860=VECTOR('',#1859,5.356819973007E0);
#1861=CARTESIAN_POINT('',(1.776289053408E1,1.915018850754E1,-4.14E1));
#1862=LINE('',#1861,#1860);
#1863=DIRECTION('',(-7.471024186954E-1,-6.647089408E-1,0.E0));
#1864=VECTOR('',#1863,5.356817440537E0);
#1865=CARTESIAN_POINT('',(2.209733627082E1,2.233736174515E1,-3.9E1));
#1866=LINE('',#1865,#1864);
#1867=DIRECTION('',(2.496383198540E-5,-2.325724206825E-5,9.999999994180E-1));
#1868=VECTOR('',#1867,1.399946182177E0);
#1869=CARTESIAN_POINT('',(2.211293065760E1,2.381739496425E1,-4.039994618137E1));
#1870=LINE('',#1869,#1868);
#1871=DIRECTION('',(-8.453983244077E-9,-7.521665161733E-9,-1.E0));
#1872=VECTOR('',#1871,1.900000000082E0);
#1873=CARTESIAN_POINT('',(2.209733627082E1,2.233736174515E1,-3.9E1));
#1874=LINE('',#1873,#1872);
#1875=DIRECTION('',(5.692157856176E-11,5.055866836303E-11,1.E0));
#1876=VECTOR('',#1875,9.999999999997E-1);
#1877=CARTESIAN_POINT('',(1.809524500448E1,1.877663729819E1,-4.09E1));
#1878=LINE('',#1877,#1876);
#1879=DIRECTION('',(-6.039613253963E-14,7.105427357603E-14,-1.E0));
#1880=VECTOR('',#1879,9.999999999997E-1);
#1881=CARTESIAN_POINT('',(2.075408076768E1,1.578822762341E1,-3.99E1));
#1882=LINE('',#1881,#1880);
#1883=CARTESIAN_POINT('',(2.108643523808E1,1.541467641406E1,-4.09E1));
#1884=DIRECTION('',(-7.471024186954E-1,-6.647089408E-1,0.E0));
#1885=DIRECTION('',(-6.647089408E-1,7.471024186954E-1,0.E0));
#1886=AXIS2_PLACEMENT_3D('',#1883,#1884,#1885);
#1888=CARTESIAN_POINT('',(1.942466288608E1,1.728243246080E1,-4.09E1));
#1889=DIRECTION('',(0.E0,0.E0,1.E0));
#1890=DIRECTION('',(-7.471024186954E-1,-6.647089408E-1,0.E0));
#1891=AXIS2_PLACEMENT_3D('',#1888,#1889,#1890);
#1893=CARTESIAN_POINT('',(1.942466288608E1,1.728243246080E1,-4.09E1));
#1894=DIRECTION('',(0.E0,0.E0,1.E0));
#1895=DIRECTION('',(-6.647089408E-1,7.471024186954E-1,0.E0));
#1896=AXIS2_PLACEMENT_3D('',#1893,#1894,#1895);
#1898=CARTESIAN_POINT('',(1.776289053408E1,1.915018850754E1,-4.09E1));
#1899=DIRECTION('',(-7.471024186954E-1,-6.647089408E-1,0.E0));
#1900=DIRECTION('',(3.836930773105E-13,-4.334310688137E-13,-1.E0));
#1901=AXIS2_PLACEMENT_3D('',#1898,#1899,#1900);
#1903=CARTESIAN_POINT('',(1.942466288608E1,1.728243246080E1,-3.99E1));
#1904=DIRECTION('',(0.E0,0.E0,-1.E0));
#1905=DIRECTION('',(-6.647089408E-1,7.471024186954E-1,0.E0));
#1906=AXIS2_PLACEMENT_3D('',#1903,#1904,#1905);
#1908=CARTESIAN_POINT('',(1.942466288608E1,1.728243246080E1,-3.99E1));
#1909=DIRECTION('',(0.E0,0.E0,-1.E0));
#1910=DIRECTION('',(-7.471024186954E-1,-6.647089408E-1,0.E0));
#1911=AXIS2_PLACEMENT_3D('',#1908,#1909,#1910);
#1913=CARTESIAN_POINT('',(1.942466288608E1,1.728243246080E1,-3.99E1));
#1914=DIRECTION('',(0.E0,0.E0,-1.E0));
#1915=DIRECTION('',(6.647089408E-1,-7.471024186954E-1,0.E0));
#1916=AXIS2_PLACEMENT_3D('',#1913,#1914,#1915);
#1918=CARTESIAN_POINT('',(1.942466288608E1,1.728243246080E1,-3.99E1));
#1919=DIRECTION('',(0.E0,0.E0,-1.E0));
#1920=DIRECTION('',(1.E0,0.E0,0.E0));
#1921=AXIS2_PLACEMENT_3D('',#1918,#1919,#1920);
#1923=CARTESIAN_POINT('',(1.942466288608E1,1.640456612508E1,-3.807561133188E1));
#1924=DIRECTION('',(0.E0,7.933533402912E-1,6.087614290087E-1));
#1925=DIRECTION('',(1.332179311169E-1,6.033353975046E-1,-7.862819983612E-1));
#1926=AXIS2_PLACEMENT_3D('',#1923,#1924,#1925);
#1928=CARTESIAN_POINT('',(1.982466288608E1,1.728243246080E1,-3.740200080064E1));
#1929=DIRECTION('',(1.E0,0.E0,0.E0));
#1930=DIRECTION('',(0.E0,1.259881576697E-1,-9.920317455238E-1));
#1931=AXIS2_PLACEMENT_3D('',#1928,#1929,#1930);
#1933=CARTESIAN_POINT('',(1.854679655036E1,1.728243246080E1,-3.807561133189E1));
#1934=DIRECTION('',(7.933533402912E-1,0.E0,6.087614290088E-1));
#1935=DIRECTION('',(6.033353975047E-1,-1.332179311169E-1,-7.862819983612E-1));
#1936=AXIS2_PLACEMENT_3D('',#1933,#1934,#1935);
#1938=CARTESIAN_POINT('',(1.982466288608E1,1.728243246080E1,-3.740200080064E1));
#1939=DIRECTION('',(1.E0,0.E0,0.E0));
#1940=DIRECTION('',(0.E0,-2.940903151710E-1,-9.557776344541E-1));
#1941=AXIS2_PLACEMENT_3D('',#1938,#1939,#1940);
#1943=CARTESIAN_POINT('',(1.942466288608E1,1.816029879653E1,-3.807561133189E1));
#1944=DIRECTION('',(0.E0,-7.933533402912E-1,6.087614290087E-1));
#1945=DIRECTION('',(-1.332179311169E-1,-6.033353975046E-1,-7.862819983612E-1));
#1946=AXIS2_PLACEMENT_3D('',#1943,#1944,#1945);
#1948=CARTESIAN_POINT('',(1.902466288608E1,1.728243246080E1,-3.740200080064E1));
#1949=DIRECTION('',(-1.E0,0.E0,0.E0));
#1950=DIRECTION('',(0.E0,-1.259881576697E-1,-9.920317455238E-1));
#1951=AXIS2_PLACEMENT_3D('',#1948,#1949,#1950);
#1953=CARTESIAN_POINT('',(2.030252922181E1,1.728243246080E1,-3.807561133188E1));
#1954=DIRECTION('',(-7.933533402913E-1,0.E0,6.087614290087E-1));
#1955=DIRECTION('',(-6.033353975045E-1,1.332179311169E-1,-7.862819983613E-1));
#1956=AXIS2_PLACEMENT_3D('',#1953,#1954,#1955);
#1958=DIRECTION('',(-1.215696138479E-13,-6.087614290088E-1,7.933533402912E-1));
#1959=VECTOR('',#1958,8.767109394402E-1);
#1960=CARTESIAN_POINT('',(1.902466288608E1,1.821614026512E1,-4.043650071598E1));
#1961=LINE('',#1960,#1959);
#1962=CARTESIAN_POINT('',(1.902466288608E1,1.728243246080E1,-3.740200080064E1));
#1963=DIRECTION('',(1.E0,0.E0,0.E0));
#1964=DIRECTION('',(0.E0,1.259881576698E-1,-9.920317455238E-1));
#1965=AXIS2_PLACEMENT_3D('',#1962,#1963,#1964);
#1967=DIRECTION('',(1.533902158152E-13,-2.191288797360E-13,-1.E0));
#1968=VECTOR('',#1967,8.106447865478E-1);
#1969=CARTESIAN_POINT('',(1.902466288608E1,1.768243246080E1,-3.974095916370E1));
#1970=LINE('',#1969,#1968);
#1971=DIRECTION('',(-1.539881775406E-13,6.087614290088E-1,-7.933533402912E-1));
#1972=VECTOR('',#1971,8.767109394408E-1);
#1973=CARTESIAN_POINT('',(1.982466288608E1,1.768243246080E1,-3.974095916370E1));
#1974=LINE('',#1973,#1972);
#1975=CARTESIAN_POINT('',(1.942466288608E1,1.768243246080E1,-3.740200080064E1));
#1976=DIRECTION('',(0.E0,-1.E0,0.E0));
#1977=DIRECTION('',(1.259881576697E-1,0.E0,-9.920317455238E-1));
#1978=AXIS2_PLACEMENT_3D('',#1975,#1976,#1977);
#1980=DIRECTION('',(-1.665379485992E-13,-3.944319835245E-14,-1.E0));
#1981=VECTOR('',#1980,8.106447865484E-1);
#1982=CARTESIAN_POINT('',(1.982466288608E1,1.768243246080E1,-3.974095916370E1));
#1983=LINE('',#1982,#1981);
#1984=DIRECTION('',(-6.087614290088E-1,5.673248646234E-14,7.933533402912E-1));
#1985=VECTOR('',#1984,8.767109394408E-1);
#1986=CARTESIAN_POINT('',(2.035837069040E1,1.768243246080E1,-4.043650071598E1));
#1987=LINE('',#1986,#1985);
#1988=DIRECTION('',(-2.162755055967E-14,6.087614290089E-1,7.933533402911E-1));
#1989=VECTOR('',#1988,6.570718526815E-1);
#1990=CARTESIAN_POINT('',(1.982466288608E1,1.688243246080E1,-3.974095916370E1));
#1991=LINE('',#1990,#1989);
#1992=DIRECTION('',(-1.332267629550E-13,-1.E0,6.394884621842E-13));
#1993=VECTOR('',#1992,7.999999999999E-1);
#1994=CARTESIAN_POINT('',(1.982466288608E1,1.768243246080E1,-3.974095916370E1));
#1995=LINE('',#1994,#1993);
#1996=DIRECTION('',(1.730204044772E-13,6.087614290086E-1,-7.933533402913E-1));
#1997=VECTOR('',#1996,6.570718526819E-1);
#1998=CARTESIAN_POINT('',(1.982466288608E1,1.728243246080E1,-3.921966901457E1));
#1999=LINE('',#1998,#1997);
#2000=DIRECTION('',(1.E0,1.953992523340E-13,-1.243449787580E-13));
#2001=VECTOR('',#2000,4.E-1);
#2002=CARTESIAN_POINT('',(1.942466288608E1,1.728243246080E1,-3.921966901456E1));
#2003=LINE('',#2002,#2001);
#2004=DIRECTION('',(5.199879418530E-1,5.199879418529E-1,-6.776614793944E-1));
#2005=VECTOR('',#2004,7.692486071402E-1);
#2006=CARTESIAN_POINT('',(1.942466288608E1,1.728243246080E1,-3.921966901456E1));
#2007=LINE('',#2006,#2005);
#2008=DIRECTION('',(-5.199879418529E-1,5.199879418530E-1,-6.776614793945E-1));
#2009=VECTOR('',#2008,7.692486071404E-1);
#2010=CARTESIAN_POINT('',(1.942466288608E1,1.728243246080E1,-3.921966901456E1));
#2011=LINE('',#2010,#2009);
#2012=DIRECTION('',(7.105427357600E-14,-1.E0,-8.881784197E-14));
#2013=VECTOR('',#2012,4.000000000001E-1);
#2014=CARTESIAN_POINT('',(1.942466288608E1,1.768243246080E1,-3.921966901456E1));
#2015=LINE('',#2014,#2013);
#2016=DIRECTION('',(-6.087614290087E-1,2.162755055965E-14,7.933533402913E-1));
#2017=VECTOR('',#2016,6.570718526821E-1);
#2018=CARTESIAN_POINT('',(1.982466288608E1,1.768243246080E1,-3.974095916370E1));
#2019=LINE('',#2018,#2017);
#2020=DIRECTION('',(1.E0,-1.909583602355E-13,2.842170943039E-13));
#2021=VECTOR('',#2020,8.000000000003E-1);
#2022=CARTESIAN_POINT('',(1.902466288608E1,1.768243246080E1,-3.974095916370E1));
#2023=LINE('',#2022,#2021);
#2024=DIRECTION('',(-6.087614290085E-1,2.216823932363E-13,-7.933533402914E-1));
#2025=VECTOR('',#2024,6.570718526823E-1);
#2026=CARTESIAN_POINT('',(1.942466288608E1,1.768243246080E1,-3.921966901456E1));
#2027=LINE('',#2026,#2025);
#2028=DIRECTION('',(-5.199879418529E-1,-5.199879418529E-1,-6.776614793945E-1));
#2029=VECTOR('',#2028,7.692486071402E-1);
#2030=CARTESIAN_POINT('',(1.942466288608E1,1.728243246080E1,-3.921966901456E1));
#2031=LINE('',#2030,#2029);
#2032=DIRECTION('',(1.E0,-1.865174681370E-13,1.243449787580E-13));
#2033=VECTOR('',#2032,4.E-1);
#2034=CARTESIAN_POINT('',(1.902466288608E1,1.728243246080E1,-3.921966901457E1));
#2035=LINE('',#2034,#2033);
#2036=DIRECTION('',(2.000548426767E-13,-6.087614290086E-1,7.933533402914E-1));
#2037=VECTOR('',#2036,6.570718526822E-1);
#2038=CARTESIAN_POINT('',(1.902466288608E1,1.768243246080E1,-3.974095916370E1));
#2039=LINE('',#2038,#2037);
#2040=DIRECTION('',(-7.569642695876E-14,-6.087614290086E-1,-7.933533402913E-1));
#2041=VECTOR('',#2040,6.570718526821E-1);
#2042=CARTESIAN_POINT('',(1.902466288608E1,1.728243246080E1,-3.921966901457E1));
#2043=LINE('',#2042,#2041);
#2044=DIRECTION('',(9.769962616698E-14,-1.E0,1.065814103640E-13));
#2045=VECTOR('',#2044,8.000000000002E-1);
#2046=CARTESIAN_POINT('',(1.902466288608E1,1.768243246080E1,-3.974095916370E1));
#2047=LINE('',#2046,#2045);
#2048=CARTESIAN_POINT('',(1.942466288608E1,1.688243246080E1,-3.740200080064E1));
#2049=DIRECTION('',(0.E0,1.E0,0.E0));
#2050=DIRECTION('',(-1.259881576697E-1,0.E0,-9.920317455238E-1));
#2051=AXIS2_PLACEMENT_3D('',#2048,#2049,#2050);
#2053=DIRECTION('',(7.888639670494E-14,1.007992846785E-13,-1.E0));
#2054=VECTOR('',#2053,8.106447865479E-1);
#2055=CARTESIAN_POINT('',(1.902466288608E1,1.688243246080E1,-3.974095916370E1));
#2056=LINE('',#2055,#2054);
#2057=DIRECTION('',(6.087614290087E-1,-8.509872969353E-14,7.933533402912E-1));
#2058=VECTOR('',#2057,8.767109394406E-1);
#2059=CARTESIAN_POINT('',(1.849095508176E1,1.688243246080E1,-4.043650071598E1));
#2060=LINE('',#2059,#2058);
#2061=DIRECTION('',(6.888944784714E-14,-6.087614290087E-1,-7.933533402912E-1));
#2062=VECTOR('',#2061,8.767109394406E-1);
#2063=CARTESIAN_POINT('',(1.902466288608E1,1.688243246080E1,-3.974095916370E1));
#2064=LINE('',#2063,#2062);
#2065=DIRECTION('',(1.E0,2.442490654175E-13,8.082423619270E-13));
#2066=VECTOR('',#2065,8.000000000001E-1);
#2067=CARTESIAN_POINT('',(1.902466288608E1,1.688243246080E1,-3.974095916370E1));
#2068=LINE('',#2067,#2066);
#2069=DIRECTION('',(2.836624323115E-14,6.087614290087E-1,7.933533402912E-1));
#2070=VECTOR('',#2069,8.767109394413E-1);
#2071=CARTESIAN_POINT('',(1.982466288608E1,1.634872465648E1,-4.043650071598E1));
#2072=LINE('',#2071,#2070);
#2073=DIRECTION('',(-3.067804316301E-14,-1.533902158150E-13,-1.E0));
#2074=VECTOR('',#2073,8.106447865486E-1);
#2075=CARTESIAN_POINT('',(1.982466288608E1,1.688243246080E1,-3.974095916370E1));
#2076=LINE('',#2075,#2074);
#2077=DIRECTION('',(6.087614290086E-1,-1.337265752326E-13,-7.933533402913E-1));
#2078=VECTOR('',#2077,8.767109394411E-1);
#2079=CARTESIAN_POINT('',(1.982466288608E1,1.688243246080E1,-3.974095916370E1));
#2080=LINE('',#2079,#2078);
#2081=CARTESIAN_POINT('',(1.942466288608E1,1.688243246080E1,-3.740200080064E1));
#2082=DIRECTION('',(0.E0,1.E0,0.E0));
#2083=DIRECTION('',(2.940903151708E-1,0.E0,-9.557776344541E-1));
#2084=AXIS2_PLACEMENT_3D('',#2081,#2082,#2083);
#2086=DIRECTION('',(6.087614290085E-1,1.189515280780E-13,7.933533402914E-1));
#2087=VECTOR('',#2086,6.570718526823E-1);
#2088=CARTESIAN_POINT('',(1.902466288608E1,1.688243246080E1,-3.974095916370E1));
#2089=LINE('',#2088,#2087);
#2090=DIRECTION('',(6.087614290088E-1,1.892410673970E-13,-7.933533402912E-1));
#2091=VECTOR('',#2090,6.570718526817E-1);
#2092=CARTESIAN_POINT('',(1.942466288608E1,1.688243246080E1,-3.921966901456E1));
#2093=LINE('',#2092,#2091);
#2094=DIRECTION('',(1.421085471520E-13,-1.E0,3.197442310921E-13));
#2095=VECTOR('',#2094,4.E-1);
#2096=CARTESIAN_POINT('',(1.942466288608E1,1.728243246080E1,-3.921966901456E1));
#2097=LINE('',#2096,#2095);
#2098=DIRECTION('',(5.199879418532E-1,-5.199879418530E-1,-6.776614793942E-1));
#2099=VECTOR('',#2098,7.692486071397E-1);
#2100=CARTESIAN_POINT('',(1.942466288608E1,1.728243246080E1,-3.921966901456E1));
#2101=LINE('',#2100,#2099);
#2102=DIRECTION('',(-6.087614290088E-1,-2.107206640030E-13,-7.933533402912E-1));
#2103=VECTOR('',#2102,8.767109394407E-1);
#2104=CARTESIAN_POINT('',(1.902466288608E1,1.768243246080E1,-3.974095916370E1));
#2105=LINE('',#2104,#2103);
#2106=CARTESIAN_POINT('',(1.942466288608E1,1.768243246080E1,-3.740200080064E1));
#2107=DIRECTION('',(0.E0,-1.E0,0.E0));
#2108=DIRECTION('',(-2.940903151708E-1,0.E0,-9.557776344541E-1));
#2109=AXIS2_PLACEMENT_3D('',#2106,#2107,#2108);
#2111=CARTESIAN_POINT('',(-1.541467641406E1,2.108643523808E1,-4.09E1));
#2112=DIRECTION('',(6.647089408E-1,-7.471024186954E-1,0.E0));
#2113=DIRECTION('',(-7.471024186954E-1,-6.647089408E-1,0.E0));
#2114=AXIS2_PLACEMENT_3D('',#2111,#2112,#2113);
#2116=CARTESIAN_POINT('',(-1.728243246080E1,1.942466288608E1,-4.09E1));
#2117=DIRECTION('',(0.E0,0.E0,-1.E0));
#2118=DIRECTION('',(7.471024186954E-1,6.647089408E-1,0.E0));
#2119=AXIS2_PLACEMENT_3D('',#2116,#2117,#2118);
#2121=CARTESIAN_POINT('',(-1.915018850754E1,1.776289053408E1,-4.09E1));
#2122=DIRECTION('',(6.647089408E-1,-7.471024186954E-1,0.E0));
#2123=DIRECTION('',(4.973799150321E-14,4.973799150321E-14,-1.E0));
#2124=AXIS2_PLACEMENT_3D('',#2121,#2122,#2123);
#2126=DIRECTION('',(-1.065814103640E-14,-1.065814103640E-14,1.E0));
#2127=VECTOR('',#2126,9.999999999997E-1);
#2128=CARTESIAN_POINT('',(-1.877663729819E1,1.809524500448E1,-4.09E1));
#2129=LINE('',#2128,#2127);
#2130=DIRECTION('',(1.065814103640E-14,0.E0,-1.E0));
#2131=VECTOR('',#2130,9.999999999997E-1);
#2132=CARTESIAN_POINT('',(-1.578822762341E1,2.075408076768E1,-3.99E1));
#2133=LINE('',#2132,#2131);
#2134=CARTESIAN_POINT('',(-1.728243246080E1,1.942466288608E1,-3.99E1));
#2135=DIRECTION('',(0.E0,0.E0,-1.E0));
#2136=DIRECTION('',(-7.471024186954E-1,-6.647089408E-1,0.E0));
#2137=AXIS2_PLACEMENT_3D('',#2134,#2135,#2136);
#2139=CARTESIAN_POINT('',(-1.728243246080E1,1.942466288608E1,-3.99E1));
#2140=DIRECTION('',(0.E0,0.E0,-1.E0));
#2141=DIRECTION('',(7.471024186954E-1,6.647089408E-1,0.E0));
#2142=AXIS2_PLACEMENT_3D('',#2139,#2140,#2141);
#2144=CARTESIAN_POINT('',(-1.728243246080E1,1.942466288608E1,-3.99E1));
#2145=DIRECTION('',(0.E0,0.E0,-1.E0));
#2146=DIRECTION('',(0.E0,1.E0,0.E0));
#2147=AXIS2_PLACEMENT_3D('',#2144,#2145,#2146);
#2149=CARTESIAN_POINT('',(-1.640456612508E1,1.942466288608E1,
-3.807561133188E1));
#2150=DIRECTION('',(-7.933533402912E-1,0.E0,6.087614290087E-1));
#2151=DIRECTION('',(-6.033353975046E-1,1.332179311169E-1,-7.862819983612E-1));
#2152=AXIS2_PLACEMENT_3D('',#2149,#2150,#2151);
#2154=CARTESIAN_POINT('',(-1.728243246080E1,1.982466288608E1,
-3.740200080064E1));
#2155=DIRECTION('',(0.E0,1.E0,0.E0));
#2156=DIRECTION('',(-1.259881576697E-1,0.E0,-9.920317455238E-1));
#2157=AXIS2_PLACEMENT_3D('',#2154,#2155,#2156);
#2159=CARTESIAN_POINT('',(-1.728243246080E1,1.854679655036E1,
-3.807561133189E1));
#2160=DIRECTION('',(0.E0,7.933533402912E-1,6.087614290088E-1));
#2161=DIRECTION('',(1.332179311169E-1,6.033353975047E-1,-7.862819983612E-1));
#2162=AXIS2_PLACEMENT_3D('',#2159,#2160,#2161);
#2164=CARTESIAN_POINT('',(-1.728243246080E1,1.982466288608E1,
-3.740200080064E1));
#2165=DIRECTION('',(0.E0,1.E0,0.E0));
#2166=DIRECTION('',(2.940903151710E-1,0.E0,-9.557776344541E-1));
#2167=AXIS2_PLACEMENT_3D('',#2164,#2165,#2166);
#2169=CARTESIAN_POINT('',(-1.816029879653E1,1.942466288608E1,
-3.807561133189E1));
#2170=DIRECTION('',(7.933533402912E-1,0.E0,6.087614290087E-1));
#2171=DIRECTION('',(6.033353975046E-1,-1.332179311169E-1,-7.862819983612E-1));
#2172=AXIS2_PLACEMENT_3D('',#2169,#2170,#2171);
#2174=CARTESIAN_POINT('',(-1.728243246080E1,1.902466288608E1,
-3.740200080064E1));
#2175=DIRECTION('',(0.E0,-1.E0,0.E0));
#2176=DIRECTION('',(1.259881576697E-1,0.E0,-9.920317455238E-1));
#2177=AXIS2_PLACEMENT_3D('',#2174,#2175,#2176);
#2179=CARTESIAN_POINT('',(-1.728243246080E1,2.030252922181E1,
-3.807561133188E1));
#2180=DIRECTION('',(0.E0,-7.933533402913E-1,6.087614290087E-1));
#2181=DIRECTION('',(-1.332179311169E-1,-6.033353975045E-1,-7.862819983613E-1));
#2182=AXIS2_PLACEMENT_3D('',#2179,#2180,#2181);
#2184=DIRECTION('',(6.087614290088E-1,-1.215696138479E-13,7.933533402912E-1));
#2185=VECTOR('',#2184,8.767109394402E-1);
#2186=CARTESIAN_POINT('',(-1.821614026512E1,1.902466288608E1,
-4.043650071598E1));
#2187=LINE('',#2186,#2185);
#2188=CARTESIAN_POINT('',(-1.728243246080E1,1.902466288608E1,
-3.740200080064E1));
#2189=DIRECTION('',(0.E0,1.E0,0.E0));
#2190=DIRECTION('',(-1.259881576698E-1,0.E0,-9.920317455238E-1));
#2191=AXIS2_PLACEMENT_3D('',#2188,#2189,#2190);
#2193=DIRECTION('',(2.191288797360E-13,1.533902158152E-13,-1.E0));
#2194=VECTOR('',#2193,8.106447865478E-1);
#2195=CARTESIAN_POINT('',(-1.768243246080E1,1.902466288608E1,
-3.974095916370E1));
#2196=LINE('',#2195,#2194);
#2197=DIRECTION('',(-6.087614290088E-1,-1.539881775406E-13,-7.933533402912E-1));
#2198=VECTOR('',#2197,8.767109394408E-1);
#2199=CARTESIAN_POINT('',(-1.768243246080E1,1.982466288608E1,
-3.974095916370E1));
#2200=LINE('',#2199,#2198);
#2201=CARTESIAN_POINT('',(-1.768243246080E1,1.942466288608E1,
-3.740200080064E1));
#2202=DIRECTION('',(1.E0,0.E0,0.E0));
#2203=DIRECTION('',(0.E0,1.259881576697E-1,-9.920317455238E-1));
#2204=AXIS2_PLACEMENT_3D('',#2201,#2202,#2203);
#2206=DIRECTION('',(3.944319835245E-14,-1.709205261939E-13,-1.E0));
#2207=VECTOR('',#2206,8.106447865484E-1);
#2208=CARTESIAN_POINT('',(-1.768243246080E1,1.982466288608E1,
-3.974095916370E1));
#2209=LINE('',#2208,#2207);
#2210=DIRECTION('',(-5.673248646234E-14,-6.087614290088E-1,7.933533402912E-1));
#2211=VECTOR('',#2210,8.767109394408E-1);
#2212=CARTESIAN_POINT('',(-1.768243246080E1,2.035837069040E1,
-4.043650071598E1));
#2213=LINE('',#2212,#2211);
#2214=DIRECTION('',(-6.087614290089E-1,-2.162755055967E-14,7.933533402911E-1));
#2215=VECTOR('',#2214,6.570718526815E-1);
#2216=CARTESIAN_POINT('',(-1.688243246080E1,1.982466288608E1,
-3.974095916370E1));
#2217=LINE('',#2216,#2215);
#2218=DIRECTION('',(1.E0,-1.332267629550E-13,6.394884621842E-13));
#2219=VECTOR('',#2218,7.999999999999E-1);
#2220=CARTESIAN_POINT('',(-1.768243246080E1,1.982466288608E1,
-3.974095916370E1));
#2221=LINE('',#2220,#2219);
#2222=DIRECTION('',(-6.087614290086E-1,1.730204044772E-13,-7.933533402913E-1));
#2223=VECTOR('',#2222,6.570718526820E-1);
#2224=CARTESIAN_POINT('',(-1.728243246080E1,1.982466288608E1,
-3.921966901457E1));
#2225=LINE('',#2224,#2223);
#2226=DIRECTION('',(-1.953992523340E-13,1.E0,-1.243449787580E-13));
#2227=VECTOR('',#2226,4.E-1);
#2228=CARTESIAN_POINT('',(-1.728243246080E1,1.942466288608E1,
-3.921966901456E1));
#2229=LINE('',#2228,#2227);
#2230=DIRECTION('',(-5.199879418529E-1,5.199879418530E-1,-6.776614793944E-1));
#2231=VECTOR('',#2230,7.692486071402E-1);
#2232=CARTESIAN_POINT('',(-1.728243246080E1,1.942466288608E1,
-3.921966901456E1));
#2233=LINE('',#2232,#2231);
#2234=DIRECTION('',(-5.199879418530E-1,-5.199879418529E-1,-6.776614793945E-1));
#2235=VECTOR('',#2234,7.692486071404E-1);
#2236=CARTESIAN_POINT('',(-1.728243246080E1,1.942466288608E1,
-3.921966901456E1));
#2237=LINE('',#2236,#2235);
#2238=DIRECTION('',(1.E0,7.105427357600E-14,-8.881784197E-14));
#2239=VECTOR('',#2238,4.000000000001E-1);
#2240=CARTESIAN_POINT('',(-1.768243246080E1,1.942466288608E1,
-3.921966901456E1));
#2241=LINE('',#2240,#2239);
#2242=DIRECTION('',(-2.162755055965E-14,-6.087614290087E-1,7.933533402913E-1));
#2243=VECTOR('',#2242,6.570718526821E-1);
#2244=CARTESIAN_POINT('',(-1.768243246080E1,1.982466288608E1,
-3.974095916370E1));
#2245=LINE('',#2244,#2243);
#2246=DIRECTION('',(1.909583602355E-13,1.E0,2.842170943039E-13));
#2247=VECTOR('',#2246,8.000000000003E-1);
#2248=CARTESIAN_POINT('',(-1.768243246080E1,1.902466288608E1,
-3.974095916370E1));
#2249=LINE('',#2248,#2247);
#2250=DIRECTION('',(-2.216823932363E-13,-6.087614290085E-1,-7.933533402914E-1));
#2251=VECTOR('',#2250,6.570718526823E-1);
#2252=CARTESIAN_POINT('',(-1.768243246080E1,1.942466288608E1,
-3.921966901456E1));
#2253=LINE('',#2252,#2251);
#2254=DIRECTION('',(5.199879418529E-1,-5.199879418529E-1,-6.776614793945E-1));
#2255=VECTOR('',#2254,7.692486071402E-1);
#2256=CARTESIAN_POINT('',(-1.728243246080E1,1.942466288608E1,
-3.921966901456E1));
#2257=LINE('',#2256,#2255);
#2258=DIRECTION('',(1.865174681370E-13,1.E0,1.243449787580E-13));
#2259=VECTOR('',#2258,4.E-1);
#2260=CARTESIAN_POINT('',(-1.728243246080E1,1.902466288608E1,
-3.921966901457E1));
#2261=LINE('',#2260,#2259);
#2262=DIRECTION('',(6.087614290086E-1,2.000548426767E-13,7.933533402914E-1));
#2263=VECTOR('',#2262,6.570718526822E-1);
#2264=CARTESIAN_POINT('',(-1.768243246080E1,1.902466288608E1,
-3.974095916370E1));
#2265=LINE('',#2264,#2263);
#2266=DIRECTION('',(6.087614290086E-1,-7.569642695876E-14,-7.933533402913E-1));
#2267=VECTOR('',#2266,6.570718526821E-1);
#2268=CARTESIAN_POINT('',(-1.728243246080E1,1.902466288608E1,
-3.921966901457E1));
#2269=LINE('',#2268,#2267);
#2270=DIRECTION('',(1.E0,9.769962616698E-14,1.065814103640E-13));
#2271=VECTOR('',#2270,8.000000000002E-1);
#2272=CARTESIAN_POINT('',(-1.768243246080E1,1.902466288608E1,
-3.974095916370E1));
#2273=LINE('',#2272,#2271);
#2274=CARTESIAN_POINT('',(-1.688243246080E1,1.942466288608E1,
-3.740200080064E1));
#2275=DIRECTION('',(-1.E0,0.E0,0.E0));
#2276=DIRECTION('',(0.E0,-1.259881576697E-1,-9.920317455238E-1));
#2277=AXIS2_PLACEMENT_3D('',#2274,#2275,#2276);
#2279=DIRECTION('',(-1.051818622733E-13,7.888639670494E-14,-1.E0));
#2280=VECTOR('',#2279,8.106447865479E-1);
#2281=CARTESIAN_POINT('',(-1.688243246080E1,1.902466288608E1,
-3.974095916370E1));
#2282=LINE('',#2281,#2280);
#2283=DIRECTION('',(8.509872969353E-14,6.087614290087E-1,7.933533402912E-1));
#2284=VECTOR('',#2283,8.767109394406E-1);
#2285=CARTESIAN_POINT('',(-1.688243246080E1,1.849095508176E1,
-4.043650071598E1));
#2286=LINE('',#2285,#2284);
#2287=DIRECTION('',(6.087614290087E-1,6.888944784714E-14,-7.933533402912E-1));
#2288=VECTOR('',#2287,8.767109394406E-1);
#2289=CARTESIAN_POINT('',(-1.688243246080E1,1.902466288608E1,
-3.974095916370E1));
#2290=LINE('',#2289,#2288);
#2291=DIRECTION('',(-2.442490654175E-13,1.E0,8.082423619270E-13));
#2292=VECTOR('',#2291,8.000000000001E-1);
#2293=CARTESIAN_POINT('',(-1.688243246080E1,1.902466288608E1,
-3.974095916370E1));
#2294=LINE('',#2293,#2292);
#2295=DIRECTION('',(-6.087614290087E-1,2.836624323115E-14,7.933533402912E-1));
#2296=VECTOR('',#2295,8.767109394413E-1);
#2297=CARTESIAN_POINT('',(-1.634872465648E1,1.982466288608E1,
-4.043650071598E1));
#2298=LINE('',#2297,#2296);
#2299=DIRECTION('',(1.533902158150E-13,-3.067804316301E-14,-1.E0));
#2300=VECTOR('',#2299,8.106447865486E-1);
#2301=CARTESIAN_POINT('',(-1.688243246080E1,1.982466288608E1,
-3.974095916370E1));
#2302=LINE('',#2301,#2300);
#2303=DIRECTION('',(1.337265752326E-13,6.087614290086E-1,-7.933533402913E-1));
#2304=VECTOR('',#2303,8.767109394411E-1);
#2305=CARTESIAN_POINT('',(-1.688243246080E1,1.982466288608E1,
-3.974095916370E1));
#2306=LINE('',#2305,#2304);
#2307=CARTESIAN_POINT('',(-1.688243246080E1,1.942466288608E1,
-3.740200080064E1));
#2308=DIRECTION('',(-1.E0,0.E0,0.E0));
#2309=DIRECTION('',(0.E0,2.940903151708E-1,-9.557776344541E-1));
#2310=AXIS2_PLACEMENT_3D('',#2307,#2308,#2309);
#2312=DIRECTION('',(-1.189515280780E-13,6.087614290085E-1,7.933533402914E-1));
#2313=VECTOR('',#2312,6.570718526823E-1);
#2314=CARTESIAN_POINT('',(-1.688243246080E1,1.902466288608E1,
-3.974095916370E1));
#2315=LINE('',#2314,#2313);
#2316=DIRECTION('',(-1.892410673970E-13,6.087614290088E-1,-7.933533402912E-1));
#2317=VECTOR('',#2316,6.570718526817E-1);
#2318=CARTESIAN_POINT('',(-1.688243246080E1,1.942466288608E1,
-3.921966901456E1));
#2319=LINE('',#2318,#2317);
#2320=DIRECTION('',(1.E0,1.421085471520E-13,3.197442310921E-13));
#2321=VECTOR('',#2320,4.E-1);
#2322=CARTESIAN_POINT('',(-1.728243246080E1,1.942466288608E1,
-3.921966901456E1));
#2323=LINE('',#2322,#2321);
#2324=DIRECTION('',(5.199879418530E-1,5.199879418532E-1,-6.776614793942E-1));
#2325=VECTOR('',#2324,7.692486071397E-1);
#2326=CARTESIAN_POINT('',(-1.728243246080E1,1.942466288608E1,
-3.921966901456E1));
#2327=LINE('',#2326,#2325);
#2328=DIRECTION('',(2.107206640030E-13,-6.087614290088E-1,-7.933533402912E-1));
#2329=VECTOR('',#2328,8.767109394407E-1);
#2330=CARTESIAN_POINT('',(-1.768243246080E1,1.902466288608E1,
-3.974095916370E1));
#2331=LINE('',#2330,#2329);
#2332=CARTESIAN_POINT('',(-1.768243246080E1,1.942466288608E1,
-3.740200080064E1));
#2333=DIRECTION('',(1.E0,0.E0,0.E0));
#2334=DIRECTION('',(0.E0,-2.940903151708E-1,-9.557776344541E-1));
#2335=AXIS2_PLACEMENT_3D('',#2332,#2333,#2334);
#2337=DIRECTION('',(2.214335693755E-5,2.381082848488E-5,9.999999994714E-1));
#2338=VECTOR('',#2337,1.400000681939E0);
#2339=CARTESIAN_POINT('',(-2.381739340674E1,2.211293226973E1,
-4.040000068120E1));
#2340=LINE('',#2339,#2338);
#2341=DIRECTION('',(7.520999495706E-9,-8.453302619297E-9,-1.E0));
#2342=VECTOR('',#2341,1.9E0);
#2343=CARTESIAN_POINT('',(-2.233736174515E1,2.209733627082E1,-3.9E1));
#2344=LINE('',#2343,#2342);
#2345=CARTESIAN_POINT('',(-2.108643523808E1,-1.541467641406E1,-4.09E1));
#2346=DIRECTION('',(7.471024186954E-1,6.647089408001E-1,0.E0));
#2347=DIRECTION('',(6.647089408001E-1,-7.471024186954E-1,0.E0));
#2348=AXIS2_PLACEMENT_3D('',#2345,#2346,#2347);
#2350=CARTESIAN_POINT('',(-1.942466288608E1,-1.728243246080E1,-4.09E1));
#2351=DIRECTION('',(0.E0,0.E0,1.E0));
#2352=DIRECTION('',(7.471024186954E-1,6.647089408E-1,0.E0));
#2353=AXIS2_PLACEMENT_3D('',#2350,#2351,#2352);
#2355=CARTESIAN_POINT('',(-1.942466288608E1,-1.728243246080E1,-4.09E1));
#2356=DIRECTION('',(0.E0,0.E0,1.E0));
#2357=DIRECTION('',(6.647089405928E-1,-7.471024188798E-1,0.E0));
#2358=AXIS2_PLACEMENT_3D('',#2355,#2356,#2357);
#2360=CARTESIAN_POINT('',(-1.776289053408E1,-1.915018850754E1,-4.09E1));
#2361=DIRECTION('',(7.471024186954E-1,6.647089408E-1,0.E0));
#2362=DIRECTION('',(-3.052477381971E-9,3.430848494190E-9,-1.E0));
#2363=AXIS2_PLACEMENT_3D('',#2360,#2361,#2362);
#2365=DIRECTION('',(-2.481890248874E-10,-2.208260241333E-10,1.E0));
#2366=VECTOR('',#2365,9.999999999997E-1);
#2367=CARTESIAN_POINT('',(-1.809524500468E1,-1.877663729837E1,-4.09E1));
#2368=LINE('',#2367,#2366);
#2369=DIRECTION('',(2.386855157966E-10,2.123297093704E-10,-1.E0));
#2370=VECTOR('',#2369,9.999999999997E-1);
#2371=CARTESIAN_POINT('',(-2.075408076811E1,-1.578822762379E1,-3.99E1));
#2372=LINE('',#2371,#2370);
#2373=CARTESIAN_POINT('',(-1.942466288608E1,-1.728243246080E1,-3.99E1));
#2374=DIRECTION('',(0.E0,0.E0,-1.E0));
#2375=DIRECTION('',(6.647089405610E-1,-7.471024189080E-1,0.E0));
#2376=AXIS2_PLACEMENT_3D('',#2373,#2374,#2375);
#2378=CARTESIAN_POINT('',(-1.942466288608E1,-1.728243246080E1,-3.99E1));
#2379=DIRECTION('',(0.E0,0.E0,-1.E0));
#2380=DIRECTION('',(7.471024186954E-1,6.647089408E-1,0.E0));
#2381=AXIS2_PLACEMENT_3D('',#2378,#2379,#2380);
#2383=CARTESIAN_POINT('',(-1.942466288608E1,-1.728243246080E1,-3.99E1));
#2384=DIRECTION('',(0.E0,0.E0,-1.E0));
#2385=DIRECTION('',(-6.647089409992E-1,7.471024185182E-1,0.E0));
#2386=AXIS2_PLACEMENT_3D('',#2383,#2384,#2385);
#2388=CARTESIAN_POINT('',(-1.942466288608E1,-1.728243246080E1,-3.99E1));
#2389=DIRECTION('',(0.E0,0.E0,-1.E0));
#2390=DIRECTION('',(-1.E0,0.E0,0.E0));
#2391=AXIS2_PLACEMENT_3D('',#2388,#2389,#2390);
#2393=CARTESIAN_POINT('',(-1.942466288608E1,-1.640456612508E1,
-3.807561133188E1));
#2394=DIRECTION('',(0.E0,-7.933533402912E-1,6.087614290087E-1));
#2395=DIRECTION('',(-1.332179311169E-1,-6.033353975046E-1,-7.862819983612E-1));
#2396=AXIS2_PLACEMENT_3D('',#2393,#2394,#2395);
#2398=CARTESIAN_POINT('',(-1.982466288608E1,-1.728243246080E1,
-3.740200080064E1));
#2399=DIRECTION('',(-1.E0,0.E0,0.E0));
#2400=DIRECTION('',(0.E0,-1.259881576697E-1,-9.920317455238E-1));
#2401=AXIS2_PLACEMENT_3D('',#2398,#2399,#2400);
#2403=CARTESIAN_POINT('',(-1.854679655036E1,-1.728243246080E1,
-3.807561133189E1));
#2404=DIRECTION('',(-7.933533402912E-1,0.E0,6.087614290088E-1));
#2405=DIRECTION('',(-6.033353975047E-1,1.332179311169E-1,-7.862819983612E-1));
#2406=AXIS2_PLACEMENT_3D('',#2403,#2404,#2405);
#2408=CARTESIAN_POINT('',(-1.982466288608E1,-1.728243246080E1,
-3.740200080064E1));
#2409=DIRECTION('',(-1.E0,0.E0,0.E0));
#2410=DIRECTION('',(0.E0,2.940903151710E-1,-9.557776344541E-1));
#2411=AXIS2_PLACEMENT_3D('',#2408,#2409,#2410);
#2413=CARTESIAN_POINT('',(-1.942466288608E1,-1.816029879653E1,
-3.807561133189E1));
#2414=DIRECTION('',(0.E0,7.933533402912E-1,6.087614290087E-1));
#2415=DIRECTION('',(1.332179311169E-1,6.033353975046E-1,-7.862819983612E-1));
#2416=AXIS2_PLACEMENT_3D('',#2413,#2414,#2415);
#2418=CARTESIAN_POINT('',(-1.902466288608E1,-1.728243246080E1,
-3.740200080064E1));
#2419=DIRECTION('',(1.E0,0.E0,0.E0));
#2420=DIRECTION('',(0.E0,1.259881576697E-1,-9.920317455238E-1));
#2421=AXIS2_PLACEMENT_3D('',#2418,#2419,#2420);
#2423=CARTESIAN_POINT('',(-2.030252922181E1,-1.728243246080E1,
-3.807561133188E1));
#2424=DIRECTION('',(7.933533402913E-1,0.E0,6.087614290087E-1));
#2425=DIRECTION('',(6.033353975045E-1,-1.332179311169E-1,-7.862819983613E-1));
#2426=AXIS2_PLACEMENT_3D('',#2423,#2424,#2425);
#2428=DIRECTION('',(1.215696138479E-13,6.087614290088E-1,7.933533402912E-1));
#2429=VECTOR('',#2428,8.767109394402E-1);
#2430=CARTESIAN_POINT('',(-1.902466288608E1,-1.821614026512E1,
-4.043650071598E1));
#2431=LINE('',#2430,#2429);
#2432=CARTESIAN_POINT('',(-1.902466288608E1,-1.728243246080E1,
-3.740200080064E1));
#2433=DIRECTION('',(-1.E0,0.E0,0.E0));
#2434=DIRECTION('',(0.E0,-1.259881576698E-1,-9.920317455238E-1));
#2435=AXIS2_PLACEMENT_3D('',#2432,#2433,#2434);
#2437=DIRECTION('',(-1.533902158152E-13,2.191288797360E-13,-1.E0));
#2438=VECTOR('',#2437,8.106447865478E-1);
#2439=CARTESIAN_POINT('',(-1.902466288608E1,-1.768243246080E1,
-3.974095916370E1));
#2440=LINE('',#2439,#2438);
#2441=DIRECTION('',(1.539881775406E-13,-6.087614290088E-1,-7.933533402912E-1));
#2442=VECTOR('',#2441,8.767109394408E-1);
#2443=CARTESIAN_POINT('',(-1.982466288608E1,-1.768243246080E1,
-3.974095916370E1));
#2444=LINE('',#2443,#2442);
#2445=CARTESIAN_POINT('',(-1.942466288608E1,-1.768243246080E1,
-3.740200080064E1));
#2446=DIRECTION('',(0.E0,1.E0,0.E0));
#2447=DIRECTION('',(-1.259881576697E-1,0.E0,-9.920317455238E-1));
#2448=AXIS2_PLACEMENT_3D('',#2445,#2446,#2447);
#2450=DIRECTION('',(1.709205261939E-13,3.944319835245E-14,-1.E0));
#2451=VECTOR('',#2450,8.106447865484E-1);
#2452=CARTESIAN_POINT('',(-1.982466288608E1,-1.768243246080E1,
-3.974095916370E1));
#2453=LINE('',#2452,#2451);
#2454=DIRECTION('',(6.087614290088E-1,-5.673248646234E-14,7.933533402912E-1));
#2455=VECTOR('',#2454,8.767109394408E-1);
#2456=CARTESIAN_POINT('',(-2.035837069040E1,-1.768243246080E1,
-4.043650071598E1));
#2457=LINE('',#2456,#2455);
#2458=DIRECTION('',(2.162755055967E-14,-6.087614290089E-1,7.933533402911E-1));
#2459=VECTOR('',#2458,6.570718526815E-1);
#2460=CARTESIAN_POINT('',(-1.982466288608E1,-1.688243246080E1,
-3.974095916370E1));
#2461=LINE('',#2460,#2459);
#2462=DIRECTION('',(1.332267629550E-13,1.E0,6.394884621842E-13));
#2463=VECTOR('',#2462,7.999999999999E-1);
#2464=CARTESIAN_POINT('',(-1.982466288608E1,-1.768243246080E1,
-3.974095916370E1));
#2465=LINE('',#2464,#2463);
#2466=DIRECTION('',(-1.730204044772E-13,-6.087614290086E-1,-7.933533402913E-1));
#2467=VECTOR('',#2466,6.570718526819E-1);
#2468=CARTESIAN_POINT('',(-1.982466288608E1,-1.728243246080E1,
-3.921966901457E1));
#2469=LINE('',#2468,#2467);
#2470=DIRECTION('',(-1.E0,-1.953992523340E-13,-1.243449787580E-13));
#2471=VECTOR('',#2470,4.E-1);
#2472=CARTESIAN_POINT('',(-1.942466288608E1,-1.728243246080E1,
-3.921966901456E1));
#2473=LINE('',#2472,#2471);
#2474=DIRECTION('',(-5.199879418530E-1,-5.199879418529E-1,-6.776614793944E-1));
#2475=VECTOR('',#2474,7.692486071402E-1);
#2476=CARTESIAN_POINT('',(-1.942466288608E1,-1.728243246080E1,
-3.921966901456E1));
#2477=LINE('',#2476,#2475);
#2478=DIRECTION('',(5.199879418529E-1,-5.199879418530E-1,-6.776614793945E-1));
#2479=VECTOR('',#2478,7.692486071404E-1);
#2480=CARTESIAN_POINT('',(-1.942466288608E1,-1.728243246080E1,
-3.921966901456E1));
#2481=LINE('',#2480,#2479);
#2482=DIRECTION('',(-7.105427357600E-14,1.E0,-8.881784197E-14));
#2483=VECTOR('',#2482,4.000000000001E-1);
#2484=CARTESIAN_POINT('',(-1.942466288608E1,-1.768243246080E1,
-3.921966901456E1));
#2485=LINE('',#2484,#2483);
#2486=DIRECTION('',(6.087614290087E-1,-2.162755055965E-14,7.933533402913E-1));
#2487=VECTOR('',#2486,6.570718526821E-1);
#2488=CARTESIAN_POINT('',(-1.982466288608E1,-1.768243246080E1,
-3.974095916370E1));
#2489=LINE('',#2488,#2487);
#2490=DIRECTION('',(-1.E0,1.909583602355E-13,2.842170943039E-13));
#2491=VECTOR('',#2490,8.000000000003E-1);
#2492=CARTESIAN_POINT('',(-1.902466288608E1,-1.768243246080E1,
-3.974095916370E1));
#2493=LINE('',#2492,#2491);
#2494=DIRECTION('',(6.087614290085E-1,-2.216823932363E-13,-7.933533402914E-1));
#2495=VECTOR('',#2494,6.570718526823E-1);
#2496=CARTESIAN_POINT('',(-1.942466288608E1,-1.768243246080E1,
-3.921966901456E1));
#2497=LINE('',#2496,#2495);
#2498=DIRECTION('',(5.199879418529E-1,5.199879418529E-1,-6.776614793945E-1));
#2499=VECTOR('',#2498,7.692486071402E-1);
#2500=CARTESIAN_POINT('',(-1.942466288608E1,-1.728243246080E1,
-3.921966901456E1));
#2501=LINE('',#2500,#2499);
#2502=DIRECTION('',(-1.E0,1.865174681370E-13,1.243449787580E-13));
#2503=VECTOR('',#2502,4.E-1);
#2504=CARTESIAN_POINT('',(-1.902466288608E1,-1.728243246080E1,
-3.921966901457E1));
#2505=LINE('',#2504,#2503);
#2506=DIRECTION('',(-2.000548426767E-13,6.087614290086E-1,7.933533402914E-1));
#2507=VECTOR('',#2506,6.570718526822E-1);
#2508=CARTESIAN_POINT('',(-1.902466288608E1,-1.768243246080E1,
-3.974095916370E1));
#2509=LINE('',#2508,#2507);
#2510=DIRECTION('',(7.569642695876E-14,6.087614290086E-1,-7.933533402913E-1));
#2511=VECTOR('',#2510,6.570718526821E-1);
#2512=CARTESIAN_POINT('',(-1.902466288608E1,-1.728243246080E1,
-3.921966901457E1));
#2513=LINE('',#2512,#2511);
#2514=DIRECTION('',(-9.769962616698E-14,1.E0,1.065814103640E-13));
#2515=VECTOR('',#2514,8.000000000002E-1);
#2516=CARTESIAN_POINT('',(-1.902466288608E1,-1.768243246080E1,
-3.974095916370E1));
#2517=LINE('',#2516,#2515);
#2518=CARTESIAN_POINT('',(-1.942466288608E1,-1.688243246080E1,
-3.740200080064E1));
#2519=DIRECTION('',(0.E0,-1.E0,0.E0));
#2520=DIRECTION('',(1.259881576697E-1,0.E0,-9.920317455238E-1));
#2521=AXIS2_PLACEMENT_3D('',#2518,#2519,#2520);
#2523=DIRECTION('',(-7.888639670494E-14,-1.051818622733E-13,-1.E0));
#2524=VECTOR('',#2523,8.106447865479E-1);
#2525=CARTESIAN_POINT('',(-1.902466288608E1,-1.688243246080E1,
-3.974095916370E1));
#2526=LINE('',#2525,#2524);
#2527=DIRECTION('',(-6.087614290087E-1,8.509872969353E-14,7.933533402912E-1));
#2528=VECTOR('',#2527,8.767109394406E-1);
#2529=CARTESIAN_POINT('',(-1.849095508176E1,-1.688243246080E1,
-4.043650071598E1));
#2530=LINE('',#2529,#2528);
#2531=DIRECTION('',(-6.888944784714E-14,6.087614290087E-1,-7.933533402912E-1));
#2532=VECTOR('',#2531,8.767109394406E-1);
#2533=CARTESIAN_POINT('',(-1.902466288608E1,-1.688243246080E1,
-3.974095916370E1));
#2534=LINE('',#2533,#2532);
#2535=DIRECTION('',(-1.E0,-2.442490654175E-13,8.082423619270E-13));
#2536=VECTOR('',#2535,8.000000000001E-1);
#2537=CARTESIAN_POINT('',(-1.902466288608E1,-1.688243246080E1,
-3.974095916370E1));
#2538=LINE('',#2537,#2536);
#2539=DIRECTION('',(-2.836624323115E-14,-6.087614290087E-1,7.933533402912E-1));
#2540=VECTOR('',#2539,8.767109394413E-1);
#2541=CARTESIAN_POINT('',(-1.982466288608E1,-1.634872465648E1,
-4.043650071598E1));
#2542=LINE('',#2541,#2540);
#2543=DIRECTION('',(3.067804316301E-14,1.533902158150E-13,-1.E0));
#2544=VECTOR('',#2543,8.106447865486E-1);
#2545=CARTESIAN_POINT('',(-1.982466288608E1,-1.688243246080E1,
-3.974095916370E1));
#2546=LINE('',#2545,#2544);
#2547=DIRECTION('',(-6.087614290086E-1,1.337265752326E-13,-7.933533402913E-1));
#2548=VECTOR('',#2547,8.767109394411E-1);
#2549=CARTESIAN_POINT('',(-1.982466288608E1,-1.688243246080E1,
-3.974095916370E1));
#2550=LINE('',#2549,#2548);
#2551=CARTESIAN_POINT('',(-1.942466288608E1,-1.688243246080E1,
-3.740200080064E1));
#2552=DIRECTION('',(0.E0,-1.E0,0.E0));
#2553=DIRECTION('',(-2.940903151708E-1,0.E0,-9.557776344541E-1));
#2554=AXIS2_PLACEMENT_3D('',#2551,#2552,#2553);
#2556=DIRECTION('',(-6.087614290085E-1,-1.189515280780E-13,7.933533402914E-1));
#2557=VECTOR('',#2556,6.570718526823E-1);
#2558=CARTESIAN_POINT('',(-1.902466288608E1,-1.688243246080E1,
-3.974095916370E1));
#2559=LINE('',#2558,#2557);
#2560=DIRECTION('',(-6.087614290088E-1,-1.892410673970E-13,-7.933533402912E-1));
#2561=VECTOR('',#2560,6.570718526817E-1);
#2562=CARTESIAN_POINT('',(-1.942466288608E1,-1.688243246080E1,
-3.921966901456E1));
#2563=LINE('',#2562,#2561);
#2564=DIRECTION('',(-1.421085471520E-13,1.E0,3.197442310921E-13));
#2565=VECTOR('',#2564,4.E-1);
#2566=CARTESIAN_POINT('',(-1.942466288608E1,-1.728243246080E1,
-3.921966901456E1));
#2567=LINE('',#2566,#2565);
#2568=DIRECTION('',(-5.199879418532E-1,5.199879418530E-1,-6.776614793942E-1));
#2569=VECTOR('',#2568,7.692486071397E-1);
#2570=CARTESIAN_POINT('',(-1.942466288608E1,-1.728243246080E1,
-3.921966901456E1));
#2571=LINE('',#2570,#2569);
#2572=DIRECTION('',(6.087614290088E-1,2.107206640030E-13,-7.933533402912E-1));
#2573=VECTOR('',#2572,8.767109394407E-1);
#2574=CARTESIAN_POINT('',(-1.902466288608E1,-1.768243246080E1,
-3.974095916370E1));
#2575=LINE('',#2574,#2573);
#2576=CARTESIAN_POINT('',(-1.942466288608E1,-1.768243246080E1,
-3.740200080064E1));
#2577=DIRECTION('',(0.E0,1.E0,0.E0));
#2578=DIRECTION('',(2.940903151708E-1,0.E0,-9.557776344541E-1));
#2579=AXIS2_PLACEMENT_3D('',#2576,#2577,#2578);
#2581=DIRECTION('',(-2.516921463371E-5,2.391288507140E-5,9.999999993973E-1));
#2582=VECTOR('',#2581,1.400000681489E0);
#2583=CARTESIAN_POINT('',(-2.211293227732E1,-2.381739339970E1,
-4.040000068065E1));
#2584=LINE('',#2583,#2582);
#2585=DIRECTION('',(2.329724717236E-8,2.072790407151E-8,-1.E0));
#2586=VECTOR('',#2585,1.9E0);
#2587=CARTESIAN_POINT('',(-2.209733627081E1,-2.233736174515E1,-3.9E1));
#2588=LINE('',#2587,#2586);
#2589=CARTESIAN_POINT('',(1.541467641406E1,-2.108643523808E1,-4.09E1));
#2590=DIRECTION('',(-6.647089408E-1,7.471024186954E-1,0.E0));
#2591=DIRECTION('',(7.471024186954E-1,6.647089408E-1,0.E0));
#2592=AXIS2_PLACEMENT_3D('',#2589,#2590,#2591);
#2594=CARTESIAN_POINT('',(1.728243246080E1,-1.942466288608E1,-4.09E1));
#2595=DIRECTION('',(0.E0,0.E0,-1.E0));
#2596=DIRECTION('',(-7.471024186954E-1,-6.647089408E-1,0.E0));
#2597=AXIS2_PLACEMENT_3D('',#2594,#2595,#2596);
#2599=CARTESIAN_POINT('',(1.915018850754E1,-1.776289053408E1,-4.09E1));
#2600=DIRECTION('',(-6.647089408E-1,7.471024186954E-1,0.E0));
#2601=DIRECTION('',(-3.414982074901E-9,-3.038358897811E-9,-1.E0));
#2602=AXIS2_PLACEMENT_3D('',#2599,#2600,#2601);
#2604=DIRECTION('',(2.207976024238E-10,-2.481677086053E-10,1.E0));
#2605=VECTOR('',#2604,9.999999999997E-1);
#2606=CARTESIAN_POINT('',(1.877663729837E1,-1.809524500468E1,-4.09E1));
#2607=LINE('',#2606,#2605);
#2608=DIRECTION('',(-1.077626876622E-10,1.211439837335E-10,-1.E0));
#2609=VECTOR('',#2608,9.999999999997E-1);
#2610=CARTESIAN_POINT('',(1.578822762356E1,-2.075408076785E1,-3.99E1));
#2611=LINE('',#2610,#2609);
#2612=DIRECTION('',(-6.647089408E-1,7.471024186954E-1,0.E0));
#2613=VECTOR('',#2612,5.356817440071E0);
#2614=CARTESIAN_POINT('',(2.233736174513E1,-2.209733627080E1,-3.9E1));
#2615=LINE('',#2614,#2613);
#2616=DIRECTION('',(-6.647089408E-1,7.471024186954E-1,5.364070900741E-11));
#2617=VECTOR('',#2616,5.356817381025E0);
#2618=CARTESIAN_POINT('',(2.233736170577E1,-2.209733622655E1,
-4.090000000029E1));
#2619=LINE('',#2618,#2617);
#2620=DIRECTION('',(6.647089408009E-1,-7.471024186946E-1,-4.529746153503E-12));
#2621=VECTOR('',#2620,5.356819919686E0);
#2622=CARTESIAN_POINT('',(1.915018849678E1,-1.776289052429E1,-4.14E1));
#2623=LINE('',#2622,#2621);
#2624=CARTESIAN_POINT('',(1.728243246080E1,-1.942466288608E1,-3.99E1));
#2625=DIRECTION('',(0.E0,0.E0,-1.E0));
#2626=DIRECTION('',(7.471024189080E-1,6.647089405611E-1,0.E0));
#2627=AXIS2_PLACEMENT_3D('',#2624,#2625,#2626);
#2629=CARTESIAN_POINT('',(1.728243246080E1,-1.942466288608E1,-3.99E1));
#2630=DIRECTION('',(0.E0,0.E0,-1.E0));
#2631=DIRECTION('',(-7.471024186954E-1,-6.647089408E-1,0.E0));
#2632=AXIS2_PLACEMENT_3D('',#2629,#2630,#2631);
#2634=CARTESIAN_POINT('',(1.728243246080E1,-1.942466288608E1,-3.99E1));
#2635=DIRECTION('',(0.E0,0.E0,-1.E0));
#2636=DIRECTION('',(0.E0,-1.E0,0.E0));
#2637=AXIS2_PLACEMENT_3D('',#2634,#2635,#2636);
#2639=CARTESIAN_POINT('',(1.640456612508E1,-1.942466288608E1,
-3.807561133188E1));
#2640=DIRECTION('',(7.933533402912E-1,0.E0,6.087614290087E-1));
#2641=DIRECTION('',(6.033353975046E-1,-1.332179311169E-1,-7.862819983612E-1));
#2642=AXIS2_PLACEMENT_3D('',#2639,#2640,#2641);
#2644=CARTESIAN_POINT('',(1.728243246080E1,-1.982466288608E1,
-3.740200080064E1));
#2645=DIRECTION('',(0.E0,-1.E0,0.E0));
#2646=DIRECTION('',(1.259881576697E-1,0.E0,-9.920317455238E-1));
#2647=AXIS2_PLACEMENT_3D('',#2644,#2645,#2646);
#2649=CARTESIAN_POINT('',(1.728243246080E1,-1.854679655036E1,
-3.807561133189E1));
#2650=DIRECTION('',(0.E0,-7.933533402912E-1,6.087614290088E-1));
#2651=DIRECTION('',(-1.332179311169E-1,-6.033353975047E-1,-7.862819983612E-1));
#2652=AXIS2_PLACEMENT_3D('',#2649,#2650,#2651);
#2654=CARTESIAN_POINT('',(1.728243246080E1,-1.982466288608E1,
-3.740200080064E1));
#2655=DIRECTION('',(0.E0,-1.E0,0.E0));
#2656=DIRECTION('',(-2.940903151710E-1,0.E0,-9.557776344541E-1));
#2657=AXIS2_PLACEMENT_3D('',#2654,#2655,#2656);
#2659=CARTESIAN_POINT('',(1.816029879653E1,-1.942466288608E1,
-3.807561133189E1));
#2660=DIRECTION('',(-7.933533402912E-1,0.E0,6.087614290087E-1));
#2661=DIRECTION('',(-6.033353975046E-1,1.332179311169E-1,-7.862819983612E-1));
#2662=AXIS2_PLACEMENT_3D('',#2659,#2660,#2661);
#2664=CARTESIAN_POINT('',(1.728243246080E1,-1.902466288608E1,
-3.740200080064E1));
#2665=DIRECTION('',(0.E0,1.E0,0.E0));
#2666=DIRECTION('',(-1.259881576697E-1,0.E0,-9.920317455238E-1));
#2667=AXIS2_PLACEMENT_3D('',#2664,#2665,#2666);
#2669=CARTESIAN_POINT('',(1.728243246080E1,-2.030252922181E1,
-3.807561133188E1));
#2670=DIRECTION('',(0.E0,7.933533402913E-1,6.087614290087E-1));
#2671=DIRECTION('',(1.332179311169E-1,6.033353975045E-1,-7.862819983613E-1));
#2672=AXIS2_PLACEMENT_3D('',#2669,#2670,#2671);
#2674=DIRECTION('',(-6.087614290088E-1,1.215696138480E-13,7.933533402912E-1));
#2675=VECTOR('',#2674,8.767109394402E-1);
#2676=CARTESIAN_POINT('',(1.821614026512E1,-1.902466288608E1,
-4.043650071598E1));
#2677=LINE('',#2676,#2675);
#2678=CARTESIAN_POINT('',(1.728243246080E1,-1.902466288608E1,
-3.740200080064E1));
#2679=DIRECTION('',(0.E0,-1.E0,0.E0));
#2680=DIRECTION('',(1.259881576698E-1,0.E0,-9.920317455238E-1));
#2681=AXIS2_PLACEMENT_3D('',#2678,#2679,#2680);
#2683=DIRECTION('',(-2.191288797360E-13,-1.533902158152E-13,-1.E0));
#2684=VECTOR('',#2683,8.106447865478E-1);
#2685=CARTESIAN_POINT('',(1.768243246080E1,-1.902466288608E1,
-3.974095916370E1));
#2686=LINE('',#2685,#2684);
#2687=DIRECTION('',(6.087614290088E-1,1.539881775406E-13,-7.933533402912E-1));
#2688=VECTOR('',#2687,8.767109394408E-1);
#2689=CARTESIAN_POINT('',(1.768243246080E1,-1.982466288608E1,
-3.974095916370E1));
#2690=LINE('',#2689,#2688);
#2691=CARTESIAN_POINT('',(1.768243246080E1,-1.942466288608E1,
-3.740200080064E1));
#2692=DIRECTION('',(-1.E0,0.E0,0.E0));
#2693=DIRECTION('',(0.E0,-1.259881576697E-1,-9.920317455238E-1));
#2694=AXIS2_PLACEMENT_3D('',#2691,#2692,#2693);
#2696=DIRECTION('',(-3.944319835245E-14,1.665379485992E-13,-1.E0));
#2697=VECTOR('',#2696,8.106447865484E-1);
#2698=CARTESIAN_POINT('',(1.768243246080E1,-1.982466288608E1,
-3.974095916370E1));
#2699=LINE('',#2698,#2697);
#2700=DIRECTION('',(6.078480692393E-14,6.087614290088E-1,7.933533402912E-1));
#2701=VECTOR('',#2700,8.767109394408E-1);
#2702=CARTESIAN_POINT('',(1.768243246080E1,-2.035837069040E1,
-4.043650071598E1));
#2703=LINE('',#2702,#2701);
#2704=DIRECTION('',(6.087614290089E-1,2.162755055967E-14,7.933533402911E-1));
#2705=VECTOR('',#2704,6.570718526815E-1);
#2706=CARTESIAN_POINT('',(1.688243246080E1,-1.982466288608E1,
-3.974095916370E1));
#2707=LINE('',#2706,#2705);
#2708=DIRECTION('',(-1.E0,1.332267629550E-13,6.394884621842E-13));
#2709=VECTOR('',#2708,7.999999999999E-1);
#2710=CARTESIAN_POINT('',(1.768243246080E1,-1.982466288608E1,
-3.974095916370E1));
#2711=LINE('',#2710,#2709);
#2712=DIRECTION('',(6.087614290086E-1,-1.730204044772E-13,-7.933533402913E-1));
#2713=VECTOR('',#2712,6.570718526819E-1);
#2714=CARTESIAN_POINT('',(1.728243246080E1,-1.982466288608E1,
-3.921966901457E1));
#2715=LINE('',#2714,#2713);
#2716=DIRECTION('',(1.953992523340E-13,-1.E0,-1.243449787580E-13));
#2717=VECTOR('',#2716,4.E-1);
#2718=CARTESIAN_POINT('',(1.728243246080E1,-1.942466288608E1,
-3.921966901456E1));
#2719=LINE('',#2718,#2717);
#2720=DIRECTION('',(5.199879418529E-1,-5.199879418530E-1,-6.776614793944E-1));
#2721=VECTOR('',#2720,7.692486071402E-1);
#2722=CARTESIAN_POINT('',(1.728243246080E1,-1.942466288608E1,
-3.921966901456E1));
#2723=LINE('',#2722,#2721);
#2724=DIRECTION('',(5.199879418530E-1,5.199879418529E-1,-6.776614793945E-1));
#2725=VECTOR('',#2724,7.692486071404E-1);
#2726=CARTESIAN_POINT('',(1.728243246080E1,-1.942466288608E1,
-3.921966901456E1));
#2727=LINE('',#2726,#2725);
#2728=DIRECTION('',(-1.E0,-7.105427357600E-14,-8.881784197E-14));
#2729=VECTOR('',#2728,4.000000000001E-1);
#2730=CARTESIAN_POINT('',(1.768243246080E1,-1.942466288608E1,
-3.921966901456E1));
#2731=LINE('',#2730,#2729);
#2732=DIRECTION('',(2.162755055965E-14,6.087614290087E-1,7.933533402913E-1));
#2733=VECTOR('',#2732,6.570718526821E-1);
#2734=CARTESIAN_POINT('',(1.768243246080E1,-1.982466288608E1,
-3.974095916370E1));
#2735=LINE('',#2734,#2733);
#2736=DIRECTION('',(-1.909583602355E-13,-1.E0,2.842170943039E-13));
#2737=VECTOR('',#2736,8.000000000003E-1);
#2738=CARTESIAN_POINT('',(1.768243246080E1,-1.902466288608E1,
-3.974095916370E1));
#2739=LINE('',#2738,#2737);
#2740=DIRECTION('',(2.216823932363E-13,6.087614290085E-1,-7.933533402914E-1));
#2741=VECTOR('',#2740,6.570718526823E-1);
#2742=CARTESIAN_POINT('',(1.768243246080E1,-1.942466288608E1,
-3.921966901456E1));
#2743=LINE('',#2742,#2741);
#2744=DIRECTION('',(-5.199879418529E-1,5.199879418529E-1,-6.776614793945E-1));
#2745=VECTOR('',#2744,7.692486071402E-1);
#2746=CARTESIAN_POINT('',(1.728243246080E1,-1.942466288608E1,
-3.921966901456E1));
#2747=LINE('',#2746,#2745);
#2748=DIRECTION('',(-1.865174681370E-13,-1.E0,1.243449787580E-13));
#2749=VECTOR('',#2748,4.E-1);
#2750=CARTESIAN_POINT('',(1.728243246080E1,-1.902466288608E1,
-3.921966901457E1));
#2751=LINE('',#2750,#2749);
#2752=DIRECTION('',(-6.087614290086E-1,-2.000548426767E-13,7.933533402914E-1));
#2753=VECTOR('',#2752,6.570718526822E-1);
#2754=CARTESIAN_POINT('',(1.768243246080E1,-1.902466288608E1,
-3.974095916370E1));
#2755=LINE('',#2754,#2753);
#2756=DIRECTION('',(-6.087614290086E-1,7.569642695876E-14,-7.933533402913E-1));
#2757=VECTOR('',#2756,6.570718526821E-1);
#2758=CARTESIAN_POINT('',(1.728243246080E1,-1.902466288608E1,
-3.921966901457E1));
#2759=LINE('',#2758,#2757);
#2760=DIRECTION('',(-1.E0,-9.769962616698E-14,1.065814103640E-13));
#2761=VECTOR('',#2760,8.000000000002E-1);
#2762=CARTESIAN_POINT('',(1.768243246080E1,-1.902466288608E1,
-3.974095916370E1));
#2763=LINE('',#2762,#2761);
#2764=CARTESIAN_POINT('',(1.688243246080E1,-1.942466288608E1,
-3.740200080064E1));
#2765=DIRECTION('',(1.E0,0.E0,0.E0));
#2766=DIRECTION('',(0.E0,1.259881576697E-1,-9.920317455238E-1));
#2767=AXIS2_PLACEMENT_3D('',#2764,#2765,#2766);
#2769=DIRECTION('',(1.007992846785E-13,-7.888639670494E-14,-1.E0));
#2770=VECTOR('',#2769,8.106447865479E-1);
#2771=CARTESIAN_POINT('',(1.688243246080E1,-1.902466288608E1,
-3.974095916370E1));
#2772=LINE('',#2771,#2770);
#2773=DIRECTION('',(-8.509872969353E-14,-6.087614290087E-1,7.933533402912E-1));
#2774=VECTOR('',#2773,8.767109394406E-1);
#2775=CARTESIAN_POINT('',(1.688243246080E1,-1.849095508176E1,
-4.043650071598E1));
#2776=LINE('',#2775,#2774);
#2777=DIRECTION('',(-6.087614290087E-1,-6.888944784714E-14,-7.933533402912E-1));
#2778=VECTOR('',#2777,8.767109394406E-1);
#2779=CARTESIAN_POINT('',(1.688243246080E1,-1.902466288608E1,
-3.974095916370E1));
#2780=LINE('',#2779,#2778);
#2781=DIRECTION('',(2.442490654175E-13,-1.E0,8.082423619270E-13));
#2782=VECTOR('',#2781,8.000000000001E-1);
#2783=CARTESIAN_POINT('',(1.688243246080E1,-1.902466288608E1,
-3.974095916370E1));
#2784=LINE('',#2783,#2782);
#2785=DIRECTION('',(6.087614290087E-1,-2.836624323115E-14,7.933533402912E-1));
#2786=VECTOR('',#2785,8.767109394413E-1);
#2787=CARTESIAN_POINT('',(1.634872465648E1,-1.982466288608E1,
-4.043650071598E1));
#2788=LINE('',#2787,#2786);
#2789=DIRECTION('',(-1.533902158150E-13,3.067804316301E-14,-1.E0));
#2790=VECTOR('',#2789,8.106447865486E-1);
#2791=CARTESIAN_POINT('',(1.688243246080E1,-1.982466288608E1,
-3.974095916370E1));
#2792=LINE('',#2791,#2790);
#2793=DIRECTION('',(-1.377788956942E-13,-6.087614290086E-1,-7.933533402913E-1));
#2794=VECTOR('',#2793,8.767109394411E-1);
#2795=CARTESIAN_POINT('',(1.688243246080E1,-1.982466288608E1,
-3.974095916370E1));
#2796=LINE('',#2795,#2794);
#2797=CARTESIAN_POINT('',(1.688243246080E1,-1.942466288608E1,
-3.740200080064E1));
#2798=DIRECTION('',(1.E0,0.E0,0.E0));
#2799=DIRECTION('',(0.E0,-2.940903151708E-1,-9.557776344541E-1));
#2800=AXIS2_PLACEMENT_3D('',#2797,#2798,#2799);
#2802=DIRECTION('',(1.189515280780E-13,-6.087614290085E-1,7.933533402914E-1));
#2803=VECTOR('',#2802,6.570718526823E-1);
#2804=CARTESIAN_POINT('',(1.688243246080E1,-1.902466288608E1,
-3.974095916370E1));
#2805=LINE('',#2804,#2803);
#2806=DIRECTION('',(1.892410673970E-13,-6.087614290088E-1,-7.933533402912E-1));
#2807=VECTOR('',#2806,6.570718526817E-1);
#2808=CARTESIAN_POINT('',(1.688243246080E1,-1.942466288608E1,
-3.921966901456E1));
#2809=LINE('',#2808,#2807);
#2810=DIRECTION('',(-1.E0,-1.421085471520E-13,3.197442310921E-13));
#2811=VECTOR('',#2810,4.E-1);
#2812=CARTESIAN_POINT('',(1.728243246080E1,-1.942466288608E1,
-3.921966901456E1));
#2813=LINE('',#2812,#2811);
#2814=DIRECTION('',(-5.199879418530E-1,-5.199879418532E-1,-6.776614793942E-1));
#2815=VECTOR('',#2814,7.692486071397E-1);
#2816=CARTESIAN_POINT('',(1.728243246080E1,-1.942466288608E1,
-3.921966901456E1));
#2817=LINE('',#2816,#2815);
#2818=DIRECTION('',(-2.107206640030E-13,6.087614290088E-1,-7.933533402912E-1));
#2819=VECTOR('',#2818,8.767109394407E-1);
#2820=CARTESIAN_POINT('',(1.768243246080E1,-1.902466288608E1,
-3.974095916370E1));
#2821=LINE('',#2820,#2819);
#2822=CARTESIAN_POINT('',(1.768243246080E1,-1.942466288608E1,
-3.740200080064E1));
#2823=DIRECTION('',(-1.E0,0.E0,0.E0));
#2824=DIRECTION('',(0.E0,2.940903151708E-1,-9.557776344541E-1));
#2825=AXIS2_PLACEMENT_3D('',#2822,#2823,#2824);
#2827=DIRECTION('',(6.619845797919E-2,9.978064763075E-1,1.387692087190E-14));
#2828=VECTOR('',#2827,5.120319862880E-1);
#2829=CARTESIAN_POINT('',(-9.036434921072E0,-3.121846959601E1,-3.62E1));
#2830=LINE('',#2829,#2828);
#2831=CARTESIAN_POINT('',(0.E0,0.E0,-3.62E1));
#2832=DIRECTION('',(0.E0,0.E0,1.E0));
#2833=DIRECTION('',(-3.173273086291E-1,-9.483160755772E-1,0.E0));
#2834=AXIS2_PLACEMENT_3D('',#2831,#2832,#2833);
#2836=DIRECTION('',(-5.826098694675E-2,-9.983013860553E-1,0.E0));
#2837=VECTOR('',#2836,5.183285809088E-1);
#2838=CARTESIAN_POINT('',(-1.028293919576E1,-3.030282431550E1,-3.62E1));
#2839=LINE('',#2838,#2837);
#2840=CARTESIAN_POINT('',(0.E0,0.E0,-3.62E1));
#2841=DIRECTION('',(0.E0,0.E0,-1.E0));
#2842=DIRECTION('',(-2.813293497857E-1,-9.596112738756E-1,0.E0));
#2843=AXIS2_PLACEMENT_3D('',#2840,#2841,#2842);
#2845=DIRECTION('',(0.E0,0.E0,1.E0));
#2846=VECTOR('',#2845,5.199999056706E0);
#2847=CARTESIAN_POINT('',(-9.284799010614E0,-3.496205070942E1,-3.62E1));
#2848=LINE('',#2847,#2846);
#2849=DIRECTION('',(-6.619845797917E-2,-9.978064763075E-1,0.E0));
#2850=VECTOR('',#2849,3.751810799285E0);
#2851=CARTESIAN_POINT('',(-9.036434921072E0,-3.121846959601E1,-3.62E1));
#2852=LINE('',#2851,#2850);
#2853=DIRECTION('',(0.E0,2.368476215516E-14,-1.E0));
#2854=VECTOR('',#2853,5.999998911580E-1);
#2855=CARTESIAN_POINT('',(-9.198741030853E0,-3.366490252553E1,
-3.330000052607E1));
#2856=LINE('',#2855,#2854);
#2857=DIRECTION('',(-6.619845797917E-2,-9.978064763075E-1,0.E0));
#2858=VECTOR('',#2857,2.399999564634E0);
#2859=CARTESIAN_POINT('',(-9.039864760523E0,-3.127016741681E1,
-3.330000052607E1));
#2860=LINE('',#2859,#2858);
#2861=DIRECTION('',(0.E0,-4.736952431033E-14,1.E0));
#2862=VECTOR('',#2861,5.999998911580E-1);
#2863=CARTESIAN_POINT('',(-9.039864760523E0,-3.127016741681E1,
-3.390000041723E1));
#2864=LINE('',#2863,#2862);
#2865=DIRECTION('',(6.619845797920E-2,9.978064763075E-1,0.E0));
#2866=VECTOR('',#2865,4.162865160481E-1);
#2867=CARTESIAN_POINT('',(4.131178337472E0,-3.214398690362E1,
-3.100000094330E1));
#2868=LINE('',#2867,#2866);
#2869=DIRECTION('',(-6.587463471677E-1,7.523651042501E-1,0.E0));
#2870=VECTOR('',#2869,9.899493140815E-1);
#2871=CARTESIAN_POINT('',(4.783303832004E0,-3.288879022251E1,
-3.100000094330E1));
#2872=LINE('',#2871,#2870);
#2873=DIRECTION('',(9.978064763075E-1,-6.619845797917E-2,0.E0));
#2874=VECTOR('',#2873,1.389999747850E1);
#2875=CARTESIAN_POINT('',(-9.284799010614E0,-3.496205070942E1,
-3.100000094330E1));
#2876=LINE('',#2875,#2874);
#2877=DIRECTION('',(-6.619845797917E-2,-9.978064763075E-1,0.E0));
#2878=VECTOR('',#2877,4.263842785573E0);
#2879=CARTESIAN_POINT('',(-9.002539193144E0,-3.070756076402E1,
-3.100000094330E1));
#2880=LINE('',#2879,#2878);
#2881=CARTESIAN_POINT('',(0.E0,0.E0,-3.100000094330E1));
#2882=DIRECTION('',(0.E0,0.E0,-1.E0));
#2883=DIRECTION('',(1.299604957160E-1,-9.915191725596E-1,0.E0));
#2884=AXIS2_PLACEMENT_3D('',#2881,#2882,#2883);
#2886=DIRECTION('',(0.E0,2.162521761992E-14,-1.E0));
#2887=VECTOR('',#2886,2.299999582773E0);
#2888=CARTESIAN_POINT('',(4.131178337472E0,-3.214398690362E1,
-3.390000041723E1));
#2889=LINE('',#2888,#2887);
#2890=DIRECTION('',(-2.516505978983E-14,0.E0,-1.E0));
#2891=VECTOR('',#2890,5.999998911587E-1);
#2892=CARTESIAN_POINT('',(4.131178337472E0,-3.214398690362E1,
-3.330000052607E1));
#2893=LINE('',#2892,#2891);
#2894=DIRECTION('',(0.E0,-1.853590081707E-14,-1.E0));
#2895=VECTOR('',#2894,2.299999582774E0);
#2896=CARTESIAN_POINT('',(4.131178337472E0,-3.214398690362E1,
-3.100000094330E1));
#2897=LINE('',#2896,#2895);
#2898=DIRECTION('',(6.587463471678E-1,-7.523651042500E-1,-6.441941534213E-14));
#2899=VECTOR('',#2898,1.102994698083E-1);
#2900=CARTESIAN_POINT('',(4.131178337472E0,-3.214398690362E1,-3.62E1));
#2901=LINE('',#2900,#2899);
#2902=DIRECTION('',(-6.619845797918E-2,-9.978064763075E-1,0.E0));
#2903=VECTOR('',#2902,4.162865160481E-1);
#2904=CARTESIAN_POINT('',(4.158735862912E0,-3.172861352191E1,-3.62E1));
#2905=LINE('',#2904,#2903);
#2906=CARTESIAN_POINT('',(0.E0,0.E0,-3.62E1));
#2907=DIRECTION('',(0.E0,0.E0,-1.E0));
#2908=DIRECTION('',(1.931643884707E-1,-9.811664074084E-1,0.E0));
#2909=AXIS2_PLACEMENT_3D('',#2906,#2907,#2908);
#2911=DIRECTION('',(5.826098694555E-2,9.983013860554E-1,0.E0));
#2912=VECTOR('',#2911,5.161332303411E-1);
#2913=CARTESIAN_POINT('',(6.151189999666E0,-3.191258155631E1,-3.62E1));
#2914=LINE('',#2913,#2912);
#2915=CARTESIAN_POINT('',(0.E0,0.E0,-3.62E1));
#2916=DIRECTION('',(0.E0,0.E0,1.E0));
#2917=DIRECTION('',(1.293488526247E-1,-9.915991500222E-1,0.E0));
#2918=AXIS2_PLACEMENT_3D('',#2915,#2916,#2917);
#2920=DIRECTION('',(0.E0,0.E0,-1.E0));
#2921=VECTOR('',#2920,2.299999582774E0);
#2922=CARTESIAN_POINT('',(4.783303832004E0,-3.288879022251E1,
-3.390000041723E1));
#2923=LINE('',#2922,#2921);
#2924=DIRECTION('',(0.E0,-2.368476215515E-14,1.E0));
#2925=VECTOR('',#2924,5.999998911583E-1);
#2926=CARTESIAN_POINT('',(4.670766473854E0,-3.458506092453E1,
-3.390000041723E1));
#2927=LINE('',#2926,#2925);
#2928=DIRECTION('',(-6.619845797917E-2,-9.978064763075E-1,1.880848759379E-13));
#2929=VECTOR('',#2928,1.699999691616E0);
#2930=CARTESIAN_POINT('',(4.783303832004E0,-3.288879022251E1,
-3.390000041723E1));
#2931=LINE('',#2930,#2929);
#2932=DIRECTION('',(0.E0,0.E0,-1.E0));
#2933=VECTOR('',#2932,5.199999056706E0);
#2934=CARTESIAN_POINT('',(4.584708494093E0,-3.588220910841E1,
-3.100000094330E1));
#2935=LINE('',#2934,#2933);
#2936=DIRECTION('',(-6.619845797917E-2,-9.978064763075E-1,0.E0));
#2937=VECTOR('',#2936,2.999999455785E0);
#2938=CARTESIAN_POINT('',(4.783303832004E0,-3.288879022251E1,
-3.100000094330E1));
#2939=LINE('',#2938,#2937);
#2940=DIRECTION('',(9.978064763075E-1,-6.619845797912E-2,0.E0));
#2941=VECTOR('',#2940,7.999998548770E-1);
#2942=CARTESIAN_POINT('',(4.670766473854E0,-3.458506092453E1,
-3.390000041723E1));
#2943=LINE('',#2942,#2941);
#2944=DIRECTION('',(9.978064763075E-1,-6.619845797912E-2,0.E0));
#2945=VECTOR('',#2944,7.999998548770E-1);
#2946=CARTESIAN_POINT('',(4.670766473854E0,-3.458506092453E1,
-3.330000052607E1));
#2947=LINE('',#2946,#2945);
#2948=DIRECTION('',(-6.619845797917E-2,-9.978064763075E-1,0.E0));
#2949=VECTOR('',#2948,1.699999691616E0);
#2950=CARTESIAN_POINT('',(4.783303832004E0,-3.288879022251E1,
-3.330000052607E1));
#2951=LINE('',#2950,#2949);
#2952=DIRECTION('',(6.587463471677E-1,-7.523651042500E-1,0.E0));
#2953=VECTOR('',#2952,9.899493140815E-1);
#2954=CARTESIAN_POINT('',(4.131178337472E0,-3.214398690362E1,
-3.330000052607E1));
#2955=LINE('',#2954,#2953);
#2956=DIRECTION('',(-9.978064763075E-1,6.619845797919E-2,0.E0));
#2957=VECTOR('',#2956,1.499999727895E0);
#2958=CARTESIAN_POINT('',(5.627887780425E0,-3.224328457258E1,
-3.330000052607E1));
#2959=LINE('',#2958,#2957);
#2960=DIRECTION('',(6.619845797917E-2,9.978064763075E-1,0.E0));
#2961=VECTOR('',#2960,7.999998548780E-1);
#2962=CARTESIAN_POINT('',(5.574929023649E0,-3.304152960882E1,
-3.330000052607E1));
#2963=LINE('',#2962,#2961);
#2964=DIRECTION('',(9.978064763075E-1,-6.619845797912E-2,0.E0));
#2965=VECTOR('',#2964,2.499999546490E-1);
#2966=CARTESIAN_POINT('',(5.325477449823E0,-3.302497999732E1,
-3.330000052607E1));
#2967=LINE('',#2966,#2965);
#2968=DIRECTION('',(6.619845797917E-2,9.978064763075E-1,0.E0));
#2969=VECTOR('',#2968,7.999998548780E-1);
#2970=CARTESIAN_POINT('',(5.272518693047E0,-3.382322503357E1,
-3.330000052607E1));
#2971=LINE('',#2970,#2969);
#2972=DIRECTION('',(-9.978064763075E-1,6.619845797912E-2,0.E0));
#2973=VECTOR('',#2972,2.499999546490E-1);
#2974=CARTESIAN_POINT('',(5.521970266872E0,-3.383977464506E1,
-3.330000052607E1));
#2975=LINE('',#2974,#2973);
#2976=DIRECTION('',(6.619845797918E-2,9.978064763075E-1,0.E0));
#2977=VECTOR('',#2976,7.999998548780E-1);
#2978=CARTESIAN_POINT('',(5.469011510096E0,-3.463801968130E1,
-3.330000052607E1));
#2979=LINE('',#2978,#2977);
#2980=DIRECTION('',(0.E0,0.E0,-1.E0));
#2981=VECTOR('',#2980,2.299999582774E0);
#2982=CARTESIAN_POINT('',(4.783303832004E0,-3.288879022251E1,
-3.100000094330E1));
#2983=LINE('',#2982,#2981);
#2984=DIRECTION('',(-9.978064763075E-1,6.619845797919E-2,-2.889540982930E-13));
#2985=VECTOR('',#2984,1.499999727895E0);
#2986=CARTESIAN_POINT('',(5.627887780425E0,-3.224328457258E1,
-3.390000041723E1));
#2987=LINE('',#2986,#2985);
#2988=DIRECTION('',(0.E0,1.184238107758E-14,-1.E0));
#2989=VECTOR('',#2988,5.999998911583E-1);
#2990=CARTESIAN_POINT('',(5.627887780425E0,-3.224328457258E1,
-3.330000052607E1));
#2991=LINE('',#2990,#2989);
#2992=DIRECTION('',(-6.587463471677E-1,7.523651042500E-1,-1.076635024116E-13));
#2993=VECTOR('',#2992,9.899493140815E-1);
#2994=CARTESIAN_POINT('',(4.783303832004E0,-3.288879022251E1,
-3.390000041723E1));
#2995=LINE('',#2994,#2993);
#2996=DIRECTION('',(0.E0,2.368476215515E-14,-1.E0));
#2997=VECTOR('',#2996,5.999998911583E-1);
#2998=CARTESIAN_POINT('',(5.469011510096E0,-3.463801968130E1,
-3.330000052607E1));
#2999=LINE('',#2998,#2997);
#3000=DIRECTION('',(6.619845797918E-2,9.978064763075E-1,0.E0));
#3001=VECTOR('',#3000,7.999998548780E-1);
#3002=CARTESIAN_POINT('',(5.469011510096E0,-3.463801968130E1,
-3.390000041723E1));
#3003=LINE('',#3002,#3001);
#3004=DIRECTION('',(0.E0,0.E0,-1.E0));
#3005=VECTOR('',#3004,5.999998911583E-1);
#3006=CARTESIAN_POINT('',(5.521970266872E0,-3.383977464506E1,
-3.330000052607E1));
#3007=LINE('',#3006,#3005);
#3008=DIRECTION('',(-9.978064763075E-1,6.619845797915E-2,0.E0));
#3009=VECTOR('',#3008,2.499999546490E-1);
#3010=CARTESIAN_POINT('',(5.521970266872E0,-3.383977464506E1,
-3.390000041723E1));
#3011=LINE('',#3010,#3009);
#3012=DIRECTION('',(0.E0,0.E0,-1.E0));
#3013=VECTOR('',#3012,5.999998911583E-1);
#3014=CARTESIAN_POINT('',(5.272518693047E0,-3.382322503357E1,
-3.330000052607E1));
#3015=LINE('',#3014,#3013);
#3016=DIRECTION('',(6.619845797917E-2,9.978064763075E-1,0.E0));
#3017=VECTOR('',#3016,7.999998548780E-1);
#3018=CARTESIAN_POINT('',(5.272518693047E0,-3.382322503357E1,
-3.390000041723E1));
#3019=LINE('',#3018,#3017);
#3020=DIRECTION('',(0.E0,-1.184238107758E-14,-1.E0));
#3021=VECTOR('',#3020,5.999998911583E-1);
#3022=CARTESIAN_POINT('',(5.325477449823E0,-3.302497999732E1,
-3.330000052607E1));
#3023=LINE('',#3022,#3021);
#3024=DIRECTION('',(9.978064763075E-1,-6.619845797912E-2,1.335820585552E-12));
#3025=VECTOR('',#3024,2.499999546490E-1);
#3026=CARTESIAN_POINT('',(5.325477449823E0,-3.302497999732E1,
-3.390000041723E1));
#3027=LINE('',#3026,#3025);
#3028=DIRECTION('',(0.E0,-1.184238107758E-14,-1.E0));
#3029=VECTOR('',#3028,5.999998911580E-1);
#3030=CARTESIAN_POINT('',(5.574929023649E0,-3.304152960882E1,
-3.330000052607E1));
#3031=LINE('',#3030,#3029);
#3032=DIRECTION('',(6.619845797917E-2,9.978064763075E-1,-3.907985755599E-13));
#3033=VECTOR('',#3032,7.999998548780E-1);
#3034=CARTESIAN_POINT('',(5.574929023649E0,-3.304152960882E1,
-3.390000041723E1));
#3035=LINE('',#3034,#3033);
#3036=CARTESIAN_POINT('',(0.E0,0.E0,-3.62E1));
#3037=DIRECTION('',(0.E0,0.E0,1.E0));
#3038=DIRECTION('',(-2.780441514176E-1,-9.605682952620E-1,0.E0));
#3039=AXIS2_PLACEMENT_3D('',#3036,#3037,#3038);
#3041=DIRECTION('',(-9.978064763075E-1,6.619845797917E-2,0.E0));
#3042=VECTOR('',#3041,1.389999747850E1);
#3043=CARTESIAN_POINT('',(4.584708494093E0,-3.588220910841E1,-3.62E1));
#3044=LINE('',#3043,#3042);
#3045=DIRECTION('',(-6.619845797917E-2,-9.978064763075E-1,0.E0));
#3046=VECTOR('',#3045,2.999999455785E0);
#3047=CARTESIAN_POINT('',(4.783303832004E0,-3.288879022251E1,-3.62E1));
#3048=LINE('',#3047,#3046);
#3049=DIRECTION('',(6.587463471677E-1,-7.523651042501E-1,0.E0));
#3050=VECTOR('',#3049,8.796498442732E-1);
#3051=CARTESIAN_POINT('',(4.203837710303E0,-3.222697237572E1,-3.62E1));
#3052=LINE('',#3051,#3050);
#3053=DIRECTION('',(-7.055557257081E-1,4.680937854167E-2,-7.071067811873E-1));
#3054=VECTOR('',#3053,1.579898700721E0);
#3055=CARTESIAN_POINT('',(4.937026833484E-1,-3.561079547993E1,
-3.468284298770E1));
#3056=LINE('',#3055,#3054);
#3057=DIRECTION('',(7.055557257089E-1,-4.680937854121E-2,-7.071067811865E-1));
#3058=VECTOR('',#3057,1.579898700719E0);
#3059=CARTESIAN_POINT('',(-6.210038909839E-1,-3.553684140359E1,
-3.140000087074E1));
#3060=LINE('',#3059,#3058);
#3061=DIRECTION('',(-9.978064763075E-1,6.619845797940E-2,2.664535742461E-14));
#3062=VECTOR('',#3061,7.999998548757E-1);
#3063=CARTESIAN_POINT('',(-4.282527844908E0,-3.509348168022E1,
-3.525000017234E1));
#3064=LINE('',#3063,#3062);
#3065=DIRECTION('',(9.978064763075E-1,-6.619845797919E-2,2.131628593953E-13));
#3066=VECTOR('',#3065,3.999999274408E-1);
#3067=CARTESIAN_POINT('',(-4.894451311283E0,-3.525332387169E1,
-3.545000013606E1));
#3068=LINE('',#3067,#3066);
#3069=DIRECTION('',(-6.619845797895E-2,-9.978064763075E-1,-1.800858639729E-13));
#3070=VECTOR('',#3069,5.799998947860E0);
#3071=CARTESIAN_POINT('',(-4.696821894521E0,-2.925324641069E1,
-3.525000017234E1));
#3072=LINE('',#3071,#3070);
#3073=DIRECTION('',(-6.619845797896E-2,-9.978064763075E-1,-1.923366030187E-13));
#3074=VECTOR('',#3073,5.799998947860E0);
#3075=CARTESIAN_POINT('',(-4.696821894520E0,-2.925324641069E1,
-3.560000010885E1));
#3076=LINE('',#3075,#3074);
#3077=DIRECTION('',(1.294203074905E-13,2.233134717483E-13,1.E0));
#3078=VECTOR('',#3077,3.499999365094E-1);
#3079=CARTESIAN_POINT('',(-4.894451311283E0,-3.525332387169E1,
-3.580000007256E1));
#3080=LINE('',#3079,#3078);
#3081=DIRECTION('',(-3.552714323271E-14,2.030122470441E-14,-1.E0));
#3082=VECTOR('',#3081,3.499999365092E-1);
#3083=CARTESIAN_POINT('',(-5.080772881148E0,-3.504052292344E1,
-3.525000017234E1));
#3084=LINE('',#3083,#3082);
#3085=DIRECTION('',(-5.378641401641E-1,6.143035352260E-1,5.773502691906E-1));
#3086=VECTOR('',#3085,3.464100986695E-1);
#3087=CARTESIAN_POINT('',(-4.894451311283E0,-3.525332387169E1,
-3.545000013606E1));
#3088=LINE('',#3087,#3086);
#3089=DIRECTION('',(9.978064763075E-1,-6.619845797919E-2,-8.704150092022E-14));
#3090=VECTOR('',#3089,3.999999274387E0);
#3091=CARTESIAN_POINT('',(-8.885676492492E0,-3.498853008781E1,
-3.580000007256E1));
#3092=LINE('',#3091,#3090);
#3093=DIRECTION('',(-9.978064763075E-1,6.619845797913E-2,2.960595269392E-14));
#3094=VECTOR('',#3093,3.599999346952E0);
#3095=CARTESIAN_POINT('',(-5.080772881148E0,-3.504052292344E1,
-3.560000010885E1));
#3096=LINE('',#3095,#3094);
#3097=DIRECTION('',(-5.378641401637E-1,6.143035352259E-1,5.773502691910E-1));
#3098=VECTOR('',#3097,3.464100986697E-1);
#3099=CARTESIAN_POINT('',(-4.894451311283E0,-3.525332387169E1,
-3.580000007256E1));
#3100=LINE('',#3099,#3098);
#3101=DIRECTION('',(0.E0,2.260818205722E-13,-1.E0));
#3102=VECTOR('',#3101,4.399999201823E0);
#3103=CARTESIAN_POINT('',(-8.885676492492E0,-3.498853008781E1,
-3.140000087074E1));
#3104=LINE('',#3103,#3102);
#3105=DIRECTION('',(-7.727153653116E-14,-3.694822896203E-13,1.E0));
#3106=VECTOR('',#3105,3.999999274390E0);
#3107=CARTESIAN_POINT('',(-8.672875544240E0,-3.480220851795E1,
-3.560000010885E1));
#3108=LINE('',#3107,#3106);
#3109=DIRECTION('',(6.143035352308E-1,5.378641401577E-1,5.773502691914E-1));
#3110=VECTOR('',#3109,3.464100986690E-1);
#3111=CARTESIAN_POINT('',(-8.885676492492E0,-3.498853008781E1,
-3.580000007256E1));
#3112=LINE('',#3111,#3110);
#3113=DIRECTION('',(-9.978064763075E-1,6.619845797914E-2,-7.720641335203E-14));
#3114=VECTOR('',#3113,8.282841209944E0);
#3115=CARTESIAN_POINT('',(-6.210038909839E-1,-3.553684140359E1,
-3.140000087074E1));
#3116=LINE('',#3115,#3114);
#3117=DIRECTION('',(9.978064763075E-1,-6.619845797923E-2,1.052491618269E-13));
#3118=VECTOR('',#3117,7.999998548781E0);
#3119=CARTESIAN_POINT('',(-8.672875544240E0,-3.480220851795E1,
-3.160000083446E1));
#3120=LINE('',#3119,#3118);
#3121=DIRECTION('',(6.143035352321E-1,5.378641401582E-1,-5.773502691895E-1));
#3122=VECTOR('',#3121,3.464100986678E-1);
#3123=CARTESIAN_POINT('',(-8.885676492492E0,-3.498853008781E1,
-3.140000087074E1));
#3124=LINE('',#3123,#3122);
#3125=DIRECTION('',(7.055557257089E-1,-4.680937854121E-2,-7.071067811865E-1));
#3126=VECTOR('',#3125,1.414213305830E0);
#3127=CARTESIAN_POINT('',(-6.904251818167E-1,-3.533179608571E1,
-3.160000083446E1));
#3128=LINE('',#3127,#3126);
#3129=DIRECTION('',(-2.355459079105E-1,6.957171925748E-1,-6.785983445474E-1));
#3130=VECTOR('',#3129,2.947250981713E-1);
#3131=CARTESIAN_POINT('',(-6.210038909839E-1,-3.553684140359E1,
-3.140000087074E1));
#3132=LINE('',#3131,#3130);
#3133=DIRECTION('',(6.321876590054E-1,-7.220319869923E-1,2.810846377183E-1));
#3134=VECTOR('',#3133,2.947250981714E-1);
#3135=CARTESIAN_POINT('',(3.073811134851E-1,-3.539799453168E1,
-3.260000065305E1));
#3136=LINE('',#3135,#3134);
#3137=DIRECTION('',(-6.619845797907E-2,-9.978064763075E-1,2.315389679651E-13));
#3138=VECTOR('',#3137,5.799998947862E0);
#3139=CARTESIAN_POINT('',(6.913321001138E-1,-2.961071801893E1,
-3.260000065305E1));
#3140=LINE('',#3139,#3138);
#3141=DIRECTION('',(6.619845797896E-2,9.978064763075E-1,-1.047438188413E-13));
#3142=VECTOR('',#3141,5.799998947862E0);
#3143=CARTESIAN_POINT('',(-6.904251818167E-1,-3.533179608571E1,
-3.160000083446E1));
#3144=LINE('',#3143,#3142);
#3145=DIRECTION('',(-5.129231304218E-14,1.527667159005E-13,-1.E0));
#3146=VECTOR('',#3145,1.999999637197E0);
#3147=CARTESIAN_POINT('',(3.073811134851E-1,-3.539799453168E1,
-3.260000065305E1));
#3148=LINE('',#3147,#3146);
#3149=DIRECTION('',(-1.101669561625E-13,1.181129208927E-13,1.E0));
#3150=VECTOR('',#3149,2.165685032089E0);
#3151=CARTESIAN_POINT('',(4.937026833484E-1,-3.561079547993E1,
-3.468284298770E1));
#3152=LINE('',#3151,#3150);
#3153=DIRECTION('',(6.321876590054E-1,-7.220319869930E-1,-2.810846377166E-1));
#3154=VECTOR('',#3153,2.947250981719E-1);
#3155=CARTESIAN_POINT('',(3.073811134850E-1,-3.539799453168E1,
-3.460000029025E1));
#3156=LINE('',#3155,#3154);
#3157=DIRECTION('',(-7.055557257085E-1,4.680937854221E-2,-7.071067811869E-1));
#3158=VECTOR('',#3157,1.414213305831E0);
#3159=CARTESIAN_POINT('',(3.073811134850E-1,-3.539799453168E1,
-3.460000029025E1));
#3160=LINE('',#3159,#3158);
#3161=DIRECTION('',(2.355459079088E-1,-6.957171925744E-1,-6.785983445484E-1));
#3162=VECTOR('',#3161,2.947250981732E-1);
#3163=CARTESIAN_POINT('',(-6.904251818170E-1,-3.533179608571E1,
-3.560000010885E1));
#3164=LINE('',#3163,#3162);
#3165=DIRECTION('',(-6.619845797904E-2,-9.978064763075E-1,-2.290888201560E-13));
#3166=VECTOR('',#3165,5.799998947860E0);
#3167=CARTESIAN_POINT('',(-3.064741951885E-1,-2.954451957296E1,
-3.560000010885E1));
#3168=LINE('',#3167,#3166);
#3169=DIRECTION('',(6.619845797909E-2,9.978064763075E-1,1.457837946447E-13));
#3170=VECTOR('',#3169,5.799998947862E0);
#3171=CARTESIAN_POINT('',(3.073811134850E-1,-3.539799453168E1,
-3.460000029025E1));
#3172=LINE('',#3171,#3170);
#3173=DIRECTION('',(-9.978064763075E-1,6.619845797918E-2,-3.157968287353E-14));
#3174=VECTOR('',#3173,3.599999346950E0);
#3175=CARTESIAN_POINT('',(-3.064741951885E-1,-2.954451957296E1,
-3.560000010885E1));
#3176=LINE('',#3175,#3174);
#3177=DIRECTION('',(-9.978064763075E-1,6.619845797922E-2,3.947460359190E-14));
#3178=VECTOR('',#3177,3.599999346952E0);
#3179=CARTESIAN_POINT('',(-6.904251818170E-1,-3.533179608571E1,
-3.560000010885E1));
#3180=LINE('',#3179,#3178);
#3181=DIRECTION('',(9.978064763075E-1,-6.619845797919E-2,-2.378941905330E-14));
#3182=VECTOR('',#3181,3.882842008115E0);
#3183=CARTESIAN_POINT('',(-4.495328793160E0,-3.527980325008E1,
-3.580000007256E1));
#3184=LINE('',#3183,#3182);
#3185=DIRECTION('',(-6.143035352307E-1,-5.378641401577E-1,-5.773502691915E-1));
#3186=VECTOR('',#3185,3.464100986691E-1);
#3187=CARTESIAN_POINT('',(-4.282527844908E0,-3.509348168022E1,
-3.560000010885E1));
#3188=LINE('',#3187,#3186);
#3189=DIRECTION('',(0.E0,-2.030122470441E-14,1.E0));
#3190=VECTOR('',#3189,3.499999365091E-1);
#3191=CARTESIAN_POINT('',(-4.282527844908E0,-3.509348168022E1,
-3.560000010885E1));
#3192=LINE('',#3191,#3190);
#3193=DIRECTION('',(-2.030122470440E-13,-2.030122470440E-13,-1.E0));
#3194=VECTOR('',#3193,3.499999365092E-1);
#3195=CARTESIAN_POINT('',(-4.495328793160E0,-3.527980325008E1,
-3.545000013606E1));
#3196=LINE('',#3195,#3194);
#3197=DIRECTION('',(-6.143035352308E-1,-5.378641401578E-1,-5.773502691913E-1));
#3198=VECTOR('',#3197,3.464100986689E-1);
#3199=CARTESIAN_POINT('',(-4.282527844908E0,-3.509348168022E1,
-3.525000017234E1));
#3200=LINE('',#3199,#3198);
#3201=DIRECTION('',(-6.619845797935E-2,-9.978064763075E-1,-1.800858639729E-13));
#3202=VECTOR('',#3201,5.799998947860E0);
#3203=CARTESIAN_POINT('',(-3.898576858278E0,-2.930620516746E1,
-3.525000017234E1));
#3204=LINE('',#3203,#3202);
#3205=DIRECTION('',(0.E0,0.E0,1.E0));
#3206=VECTOR('',#3205,3.499999365090E-1);
#3207=CARTESIAN_POINT('',(-3.898576858278E0,-2.930620516746E1,
-3.560000010885E1));
#3208=LINE('',#3207,#3206);
#3209=DIRECTION('',(6.619845797935E-2,9.978064763075E-1,1.813109378775E-13));
#3210=VECTOR('',#3209,5.799998947860E0);
#3211=CARTESIAN_POINT('',(-4.282527844908E0,-3.509348168022E1,
-3.560000010885E1));
#3212=LINE('',#3211,#3210);
#3213=DIRECTION('',(-1.903239816039E-13,1.015061235221E-14,1.E0));
#3214=VECTOR('',#3213,3.499999365091E-1);
#3215=CARTESIAN_POINT('',(-4.696821894520E0,-2.925324641069E1,
-3.560000010885E1));
#3216=LINE('',#3215,#3214);
#3217=DIRECTION('',(-9.978064763075E-1,6.619845797918E-2,0.E0));
#3218=VECTOR('',#3217,7.999998548778E0);
#3219=CARTESIAN_POINT('',(-3.064741951887E-1,-2.954451957296E1,
-3.160000083446E1));
#3220=LINE('',#3219,#3218);
#3221=DIRECTION('',(-7.055557257089E-1,4.680937854119E-2,7.071067811866E-1));
#3222=VECTOR('',#3221,1.414213305831E0);
#3223=CARTESIAN_POINT('',(6.913321001138E-1,-2.961071801893E1,
-3.260000065305E1));
#3224=LINE('',#3223,#3222);
#3225=DIRECTION('',(0.E0,0.E0,1.E0));
#3226=VECTOR('',#3225,1.999999637195E0);
#3227=CARTESIAN_POINT('',(6.913321001138E-1,-2.961071801893E1,
-3.460000029025E1));
#3228=LINE('',#3227,#3226);
#3229=DIRECTION('',(7.055557257088E-1,-4.680937854119E-2,7.071067811866E-1));
#3230=VECTOR('',#3229,1.414213305830E0);
#3231=CARTESIAN_POINT('',(-3.064741951885E-1,-2.954451957296E1,
-3.560000010885E1));
#3232=LINE('',#3231,#3230);
#3233=DIRECTION('',(9.978064763075E-1,-6.619845797914E-2,-3.552714323271E-14));
#3234=VECTOR('',#3233,7.999998548781E-1);
#3235=CARTESIAN_POINT('',(-4.696821894521E0,-2.925324641069E1,
-3.525000017234E1));
#3236=LINE('',#3235,#3234);
#3237=DIRECTION('',(-9.978064763075E-1,6.619845797917E-2,0.E0));
#3238=VECTOR('',#3237,1.984313123338E0);
#3239=CARTESIAN_POINT('',(-5.203551094730E0,-2.921962797619E1,
-3.347500049433E1));
#3240=LINE('',#3239,#3238);
#3241=CARTESIAN_POINT('',(-6.193531337475E0,-2.915394874173E1,
-3.360000047165E1));
#3242=DIRECTION('',(6.619845797917E-2,9.978064763075E-1,0.E0));
#3243=DIRECTION('',(-9.899804223298E-1,6.567924637082E-2,1.249999999994E-1));
#3244=AXIS2_PLACEMENT_3D('',#3241,#3242,#3243);
#3246=DIRECTION('',(9.978064763075E-1,-6.619845797917E-2,0.E0));
#3247=VECTOR('',#3246,1.984313123338E0);
#3248=CARTESIAN_POINT('',(-7.183511580219E0,-2.908826950728E1,
-3.372500044898E1));
#3249=LINE('',#3248,#3247);
#3250=CARTESIAN_POINT('',(-6.193531337475E0,-2.915394874173E1,
-3.360000047165E1));
#3251=DIRECTION('',(6.619845797917E-2,9.978064763075E-1,0.E0));
#3252=DIRECTION('',(9.899804223297E-1,-6.567924637082E-2,-1.250000000004E-1));
#3253=AXIS2_PLACEMENT_3D('',#3250,#3251,#3252);
#3255=DIRECTION('',(9.978064763075E-1,-6.619845797917E-2,0.E0));
#3256=VECTOR('',#3255,1.984313123338E0);
#3257=CARTESIAN_POINT('',(-2.194480103705E0,-2.941926173713E1,
-3.372500044898E1));
#3258=LINE('',#3257,#3256);
#3259=CARTESIAN_POINT('',(-1.204499860961E0,-2.948494097159E1,
-3.360000047165E1));
#3260=DIRECTION('',(6.619845797917E-2,9.978064763075E-1,0.E0));
#3261=DIRECTION('',(9.899804223297E-1,-6.567924637082E-2,-1.250000000004E-1));
#3262=AXIS2_PLACEMENT_3D('',#3259,#3260,#3261);
#3264=DIRECTION('',(-9.978064763075E-1,6.619845797917E-2,0.E0));
#3265=VECTOR('',#3264,1.984313123338E0);
#3266=CARTESIAN_POINT('',(-2.145196182162E-1,-2.955062020604E1,
-3.347500049433E1));
#3267=LINE('',#3266,#3265);
#3268=CARTESIAN_POINT('',(-1.204499860961E0,-2.948494097159E1,
-3.360000047165E1));
#3269=DIRECTION('',(6.619845797917E-2,9.978064763075E-1,0.E0));
#3270=DIRECTION('',(-9.899804223298E-1,6.567924637082E-2,1.249999999994E-1));
#3271=AXIS2_PLACEMENT_3D('',#3268,#3269,#3270);
#3273=DIRECTION('',(-9.978064763075E-1,6.619845797918E-2,1.184238107758E-14));
#3274=VECTOR('',#3273,3.599999346950E0);
#3275=CARTESIAN_POINT('',(-4.696821894520E0,-2.925324641069E1,
-3.560000010885E1));
#3276=LINE('',#3275,#3274);
#3277=DIRECTION('',(0.E0,0.E0,1.E0));
#3278=VECTOR('',#3277,3.999999274389E0);
#3279=CARTESIAN_POINT('',(-8.288924557610E0,-2.901493200519E1,
-3.560000010885E1));
#3280=LINE('',#3279,#3278);
#3281=DIRECTION('',(6.619845797936E-2,9.978064763075E-1,1.800858639729E-13));
#3282=VECTOR('',#3281,5.799998947860E0);
#3283=CARTESIAN_POINT('',(-8.672875544240E0,-3.480220851795E1,
-3.560000010885E1));
#3284=LINE('',#3283,#3282);
#3285=DIRECTION('',(6.619845797940E-2,9.978064763075E-1,3.981490189876E-14));
#3286=VECTOR('',#3285,5.799998947862E0);
#3287=CARTESIAN_POINT('',(-8.672875544240E0,-3.480220851795E1,
-3.160000083446E1));
#3288=LINE('',#3287,#3286);
#3289=DIRECTION('',(-9.978064763075E-1,6.619845797921E-2,0.E0));
#3290=VECTOR('',#3289,2.999999455790E-1);
#3291=CARTESIAN_POINT('',(-6.110058839149E0,-3.016168480393E1,
-3.347500049433E1));
#3292=LINE('',#3291,#3290);
#3293=DIRECTION('',(6.619845797917E-2,9.978064763075E-1,0.E0));
#3294=VECTOR('',#3293,3.980751540177E0);
#3295=CARTESIAN_POINT('',(-6.672920341298E0,-3.411384493750E1,
-3.347500049433E1));
#3296=LINE('',#3295,#3294);
#3297=DIRECTION('',(1.851044768175E-14,-2.468059690900E-14,1.E0));
#3298=VECTOR('',#3297,8.636858399898E-1);
#3299=CARTESIAN_POINT('',(-6.409400727740E0,-3.014182527014E1,
-3.347500049433E1));
#3300=LINE('',#3299,#3298);
#3301=CARTESIAN_POINT('',(-6.458325121357E0,-3.314517392294E1,
-3.360000047165E1));
#3302=DIRECTION('',(-6.619845797923E-2,-9.978064763075E-1,0.E0));
#3303=DIRECTION('',(-1.496709714455E-1,9.929768696836E-3,9.886859966643E-1));
#3304=AXIS2_PLACEMENT_3D('',#3301,#3302,#3303);
#3306=CARTESIAN_POINT('',(-6.607996065652E0,-3.313524415605E1,
-3.360000047165E1));
#3307=DIRECTION('',(-9.978064763075E-1,6.619845797917E-2,0.E0));
#3308=DIRECTION('',(-6.566724687381E-2,-9.897995544335E-1,1.264304343554E-1));
#3309=AXIS2_PLACEMENT_3D('',#3306,#3307,#3308);
#3311=CARTESIAN_POINT('',(-6.458325121357E0,-3.314517392294E1,
-3.347500049433E1));
#3312=DIRECTION('',(0.E0,0.E0,1.E0));
#3313=DIRECTION('',(-9.978064763075E-1,6.619845797839E-2,0.E0));
#3314=AXIS2_PLACEMENT_3D('',#3311,#3312,#3313);
#3316=DIRECTION('',(6.619845797917E-2,9.978064763075E-1,0.E0));
#3317=VECTOR('',#3316,2.999999455790E0);
#3318=CARTESIAN_POINT('',(-6.607996065652E0,-3.313524415605E1,
-3.261131465434E1));
#3319=LINE('',#3318,#3317);
#3320=DIRECTION('',(-6.619845797917E-2,-9.978064763075E-1,0.E0));
#3321=VECTOR('',#3320,3.999999274389E0);
#3322=CARTESIAN_POINT('',(-7.183511580219E0,-2.908826950728E1,
-3.347500049433E1));
#3323=LINE('',#3322,#3321);
#3324=DIRECTION('',(6.619845797917E-2,9.978064763075E-1,0.E0));
#3325=VECTOR('',#3324,3.999999274389E0);
#3326=CARTESIAN_POINT('',(-5.468344878613E0,-3.321085315740E1,
-3.347500049433E1));
#3327=LINE('',#3326,#3325);
#3328=DIRECTION('',(-6.619845797917E-2,-9.978064763075E-1,0.E0));
#3329=VECTOR('',#3328,2.999999455791E0);
#3330=CARTESIAN_POINT('',(-6.110058839149E0,-3.016168480393E1,
-3.261131465434E1));
#3331=LINE('',#3330,#3329);
#3332=CARTESIAN_POINT('',(-6.458325121357E0,-3.314517392294E1,
-3.347500049433E1));
#3333=DIRECTION('',(0.E0,0.E0,1.E0));
#3334=DIRECTION('',(8.541662870937E-2,-9.963453214322E-1,0.E0));
#3335=AXIS2_PLACEMENT_3D('',#3332,#3333,#3334);
#3337=CARTESIAN_POINT('',(-6.308654177061E0,-3.315510368984E1,
-3.360000047165E1));
#3338=DIRECTION('',(9.978064763075E-1,-6.619845797917E-2,0.E0));
#3339=DIRECTION('',(1.958386497550E-13,2.953749910066E-12,1.E0));
#3340=AXIS2_PLACEMENT_3D('',#3337,#3338,#3339);
#3342=CARTESIAN_POINT('',(-6.458325121357E0,-3.314517392294E1,
-3.360000047165E1));
#3343=DIRECTION('',(-6.619845797923E-2,-9.978064763075E-1,0.E0));
#3344=DIRECTION('',(9.865172905062E-1,-6.544948840484E-2,1.499999999994E-1));
#3345=AXIS2_PLACEMENT_3D('',#3342,#3343,#3344);
#3347=CARTESIAN_POINT('',(-6.458325121357E0,-3.314517392294E1,
-3.360000047165E1));
#3348=DIRECTION('',(-6.619845797923E-2,-9.978064763075E-1,0.E0));
#3349=DIRECTION('',(9.899804223298E-1,-6.567924637088E-2,1.249999999994E-1));
#3350=AXIS2_PLACEMENT_3D('',#3347,#3348,#3349);
#3352=CARTESIAN_POINT('',(-6.458325121357E0,-3.314517392294E1,
-3.347500049433E1));
#3353=DIRECTION('',(0.E0,0.E0,1.E0));
#3354=DIRECTION('',(7.917147912661E-1,-6.108908980256E-1,0.E0));
#3355=AXIS2_PLACEMENT_3D('',#3352,#3353,#3354);
#3357=DIRECTION('',(-6.619845797917E-2,-9.978064763075E-1,0.E0));
#3358=VECTOR('',#3357,3.980751540177E0);
#3359=CARTESIAN_POINT('',(-6.110058839149E0,-3.016168480393E1,
-3.347500049433E1));
#3360=LINE('',#3359,#3358);
#3361=DIRECTION('',(3.290746254534E-14,0.E0,-1.E0));
#3362=VECTOR('',#3361,8.636858399897E-1);
#3363=CARTESIAN_POINT('',(-6.110058839149E0,-3.016168480393E1,
-3.261131465434E1));
#3364=LINE('',#3363,#3362);
#3365=CARTESIAN_POINT('',(-6.259729783445E0,-3.015175503703E1,
-3.360000047165E1));
#3366=DIRECTION('',(-6.619845797917E-2,-9.978064763075E-1,0.E0));
#3367=DIRECTION('',(1.496709714466E-1,-9.929768696903E-3,9.886859966642E-1));
#3368=AXIS2_PLACEMENT_3D('',#3365,#3366,#3367);
#3370=DIRECTION('',(9.978064763075E-1,-6.619845797921E-2,0.E0));
#3371=VECTOR('',#3370,2.999999455790E-1);
#3372=CARTESIAN_POINT('',(-6.409400727740E0,-3.014182527014E1,
-3.372500044898E1));
#3373=LINE('',#3372,#3371);
#3374=DIRECTION('',(-6.619845797917E-2,-9.978064763075E-1,0.E0));
#3375=VECTOR('',#3374,3.980751540177E0);
#3376=CARTESIAN_POINT('',(-6.409400727740E0,-3.014182527014E1,
-3.372500044898E1));
#3377=LINE('',#3376,#3375);
#3378=DIRECTION('',(-1.953880588632E-14,0.E0,1.E0));
#3379=VECTOR('',#3378,8.636858399888E-1);
#3380=CARTESIAN_POINT('',(-6.409400727740E0,-3.014182527014E1,
-3.458868628896E1));
#3381=LINE('',#3380,#3379);
#3382=CARTESIAN_POINT('',(-6.259729783445E0,-3.015175503703E1,
-3.360000047165E1));
#3383=DIRECTION('',(-6.619845797917E-2,-9.978064763075E-1,0.E0));
#3384=DIRECTION('',(-1.496709714456E-1,9.929768696839E-3,-9.886859966643E-1));
#3385=AXIS2_PLACEMENT_3D('',#3382,#3383,#3384);
#3387=DIRECTION('',(6.619845797917E-2,9.978064763075E-1,0.E0));
#3388=VECTOR('',#3387,3.980751540177E0);
#3389=CARTESIAN_POINT('',(-6.373578452707E0,-3.413370447129E1,
-3.372500044898E1));
#3390=LINE('',#3389,#3388);
#3391=DIRECTION('',(-3.187910434084E-14,0.E0,-1.E0));
#3392=VECTOR('',#3391,8.636858399887E-1);
#3393=CARTESIAN_POINT('',(-6.110058839149E0,-3.016168480393E1,
-3.372500044898E1));
#3394=LINE('',#3393,#3392);
#3395=CARTESIAN_POINT('',(-6.458325121357E0,-3.314517392294E1,
-3.360000047165E1));
#3396=DIRECTION('',(-6.619845797923E-2,-9.978064763075E-1,0.E0));
#3397=DIRECTION('',(1.496709714465E-1,-9.929768696900E-3,-9.886859966642E-1));
#3398=AXIS2_PLACEMENT_3D('',#3395,#3396,#3397);
#3400=CARTESIAN_POINT('',(-6.308654177061E0,-3.315510368984E1,
-3.360000047165E1));
#3401=DIRECTION('',(9.978064763075E-1,-6.619845797917E-2,0.E0));
#3402=DIRECTION('',(-6.566724687380E-2,-9.897995544334E-1,-1.264304343564E-1));
#3403=AXIS2_PLACEMENT_3D('',#3400,#3401,#3402);
#3405=CARTESIAN_POINT('',(-6.458325121357E0,-3.314517392294E1,
-3.372500044898E1));
#3406=DIRECTION('',(0.E0,0.E0,-1.E0));
#3407=DIRECTION('',(9.978064763075E-1,-6.619845797887E-2,0.E0));
#3408=AXIS2_PLACEMENT_3D('',#3405,#3406,#3407);
#3410=DIRECTION('',(-6.619845797917E-2,-9.978064763075E-1,0.E0));
#3411=VECTOR('',#3410,2.999999455791E0);
#3412=CARTESIAN_POINT('',(-6.409400727740E0,-3.014182527014E1,
-3.458868628896E1));
#3413=LINE('',#3412,#3411);
#3414=DIRECTION('',(6.619845797917E-2,9.978064763075E-1,0.E0));
#3415=VECTOR('',#3414,2.999999455791E0);
#3416=CARTESIAN_POINT('',(-6.308654177061E0,-3.315510368984E1,
-3.458868628896E1));
#3417=LINE('',#3416,#3415);
#3418=DIRECTION('',(-6.619845797917E-2,-9.978064763075E-1,0.E0));
#3419=VECTOR('',#3418,3.999999274389E0);
#3420=CARTESIAN_POINT('',(-5.203551094730E0,-2.921962797619E1,
-3.372500044898E1));
#3421=LINE('',#3420,#3419);
#3422=DIRECTION('',(6.619845797917E-2,9.978064763075E-1,0.E0));
#3423=VECTOR('',#3422,3.999999274389E0);
#3424=CARTESIAN_POINT('',(-7.448305364101E0,-3.307949468849E1,
-3.372500044898E1));
#3425=LINE('',#3424,#3423);
#3426=CARTESIAN_POINT('',(-6.458325121357E0,-3.314517392294E1,
-3.372500044898E1));
#3427=DIRECTION('',(0.E0,0.E0,-1.E0));
#3428=DIRECTION('',(-2.162916904767E-1,-9.763287892051E-1,0.E0));
#3429=AXIS2_PLACEMENT_3D('',#3426,#3427,#3428);
#3431=CARTESIAN_POINT('',(-6.607996065652E0,-3.313524415605E1,
-3.360000047165E1));
#3432=DIRECTION('',(-9.978064763075E-1,6.619845797917E-2,0.E0));
#3433=DIRECTION('',(1.194795431991E-13,1.796684860137E-12,-1.E0));
#3434=AXIS2_PLACEMENT_3D('',#3431,#3432,#3433);
#3436=CARTESIAN_POINT('',(-6.458325121357E0,-3.314517392294E1,
-3.360000047165E1));
#3437=DIRECTION('',(-6.619845797923E-2,-9.978064763075E-1,0.E0));
#3438=DIRECTION('',(-9.865172905062E-1,6.544948840484E-2,-1.499999999994E-1));
#3439=AXIS2_PLACEMENT_3D('',#3436,#3437,#3438);
#3441=CARTESIAN_POINT('',(-6.458325121357E0,-3.314517392294E1,
-3.360000047165E1));
#3442=DIRECTION('',(-6.619845797923E-2,-9.978064763075E-1,0.E0));
#3443=DIRECTION('',(-9.899804223297E-1,6.567924637087E-2,-1.250000000004E-1));
#3444=AXIS2_PLACEMENT_3D('',#3441,#3442,#3443);
#3446=CARTESIAN_POINT('',(-6.458325121357E0,-3.314517392294E1,
-3.372500044898E1));
#3447=DIRECTION('',(0.E0,0.E0,-1.E0));
#3448=DIRECTION('',(-8.654784879411E-1,-5.009460918215E-1,0.E0));
#3449=AXIS2_PLACEMENT_3D('',#3446,#3447,#3448);
#3451=DIRECTION('',(9.978064763075E-1,-6.619845797909E-2,0.E0));
#3452=VECTOR('',#3451,2.999999455790E-1);
#3453=CARTESIAN_POINT('',(-1.420369251227E0,-3.047281749999E1,
-3.372500044898E1));
#3454=LINE('',#3453,#3452);
#3455=DIRECTION('',(-6.619845797917E-2,-9.978064763075E-1,0.E0));
#3456=VECTOR('',#3455,3.980751540177E0);
#3457=CARTESIAN_POINT('',(-1.420369251227E0,-3.047281749999E1,
-3.372500044898E1));
#3458=LINE('',#3457,#3456);
#3459=DIRECTION('',(-2.905111927834E-14,2.056716409086E-14,1.E0));
#3460=VECTOR('',#3459,8.636858399887E-1);
#3461=CARTESIAN_POINT('',(-1.420369251227E0,-3.047281749999E1,
-3.458868628896E1));
#3462=LINE('',#3461,#3460);
#3463=CARTESIAN_POINT('',(-1.270698306931E0,-3.048274726689E1,
-3.360000047165E1));
#3464=DIRECTION('',(-6.619845797917E-2,-9.978064763075E-1,0.E0));
#3465=DIRECTION('',(-1.496709714466E-1,9.929768696903E-3,-9.886859966642E-1));
#3466=AXIS2_PLACEMENT_3D('',#3463,#3464,#3465);
#3468=DIRECTION('',(6.619845797917E-2,9.978064763075E-1,0.E0));
#3469=VECTOR('',#3468,3.980751540177E0);
#3470=CARTESIAN_POINT('',(-1.384546976194E0,-3.446469670114E1,
-3.372500044898E1));
#3471=LINE('',#3470,#3469);
#3472=DIRECTION('',(-2.108134319313E-14,-2.468059690903E-14,-1.E0));
#3473=VECTOR('',#3472,8.636858399888E-1);
#3474=CARTESIAN_POINT('',(-1.121027362636E0,-3.049267703378E1,
-3.372500044898E1));
#3475=LINE('',#3474,#3473);
#3476=CARTESIAN_POINT('',(-1.469293644843E0,-3.347616615280E1,
-3.360000047165E1));
#3477=DIRECTION('',(-6.619845797923E-2,-9.978064763075E-1,0.E0));
#3478=DIRECTION('',(1.496709714455E-1,-9.929768696836E-3,-9.886859966644E-1));
#3479=AXIS2_PLACEMENT_3D('',#3476,#3477,#3478);
#3481=CARTESIAN_POINT('',(-1.319622700548E0,-3.348609591969E1,
-3.360000047165E1));
#3482=DIRECTION('',(9.978064763075E-1,-6.619845797917E-2,0.E0));
#3483=DIRECTION('',(-6.566724687380E-2,-9.897995544334E-1,-1.264304343564E-1));
#3484=AXIS2_PLACEMENT_3D('',#3481,#3482,#3483);
#3486=CARTESIAN_POINT('',(-1.469293644843E0,-3.347616615280E1,
-3.372500044898E1));
#3487=DIRECTION('',(0.E0,0.E0,-1.E0));
#3488=DIRECTION('',(9.978064763075E-1,-6.619845797896E-2,0.E0));
#3489=AXIS2_PLACEMENT_3D('',#3486,#3487,#3488);
#3491=DIRECTION('',(-6.619845797917E-2,-9.978064763075E-1,0.E0));
#3492=VECTOR('',#3491,2.999999455791E0);
#3493=CARTESIAN_POINT('',(-1.420369251227E0,-3.047281749999E1,
-3.458868628896E1));
#3494=LINE('',#3493,#3492);
#3495=DIRECTION('',(6.619845797917E-2,9.978064763075E-1,0.E0));
#3496=VECTOR('',#3495,2.999999455791E0);
#3497=CARTESIAN_POINT('',(-1.319622700548E0,-3.348609591969E1,
-3.458868628896E1));
#3498=LINE('',#3497,#3496);
#3499=DIRECTION('',(-6.619845797917E-2,-9.978064763075E-1,0.E0));
#3500=VECTOR('',#3499,3.999999274389E0);
#3501=CARTESIAN_POINT('',(-2.145196182162E-1,-2.955062020604E1,
-3.372500044898E1));
#3502=LINE('',#3501,#3500);
#3503=DIRECTION('',(6.619845797917E-2,9.978064763075E-1,0.E0));
#3504=VECTOR('',#3503,3.999999274389E0);
#3505=CARTESIAN_POINT('',(-2.459273887587E0,-3.341048691834E1,
-3.372500044898E1));
#3506=LINE('',#3505,#3504);
#3507=CARTESIAN_POINT('',(-1.469293644843E0,-3.347616615280E1,
-3.372500044898E1));
#3508=DIRECTION('',(0.E0,0.E0,-1.E0));
#3509=DIRECTION('',(-2.162916904777E-1,-9.763287892049E-1,0.E0));
#3510=AXIS2_PLACEMENT_3D('',#3507,#3508,#3509);
#3512=CARTESIAN_POINT('',(-1.618964589139E0,-3.346623638590E1,
-3.360000047165E1));
#3513=DIRECTION('',(-9.978064763075E-1,6.619845797917E-2,0.E0));
#3514=DIRECTION('',(1.940419648949E-13,2.925002952304E-12,-1.E0));
#3515=AXIS2_PLACEMENT_3D('',#3512,#3513,#3514);
#3517=CARTESIAN_POINT('',(-1.469293644843E0,-3.347616615280E1,
-3.360000047165E1));
#3518=DIRECTION('',(-6.619845797923E-2,-9.978064763075E-1,0.E0));
#3519=DIRECTION('',(-9.865172905061E-1,6.544948840483E-2,-1.500000000004E-1));
#3520=AXIS2_PLACEMENT_3D('',#3517,#3518,#3519);
#3522=CARTESIAN_POINT('',(-1.469293644843E0,-3.347616615280E1,
-3.360000047165E1));
#3523=DIRECTION('',(-6.619845797923E-2,-9.978064763075E-1,0.E0));
#3524=DIRECTION('',(-9.899804223297E-1,6.567924637087E-2,-1.250000000004E-1));
#3525=AXIS2_PLACEMENT_3D('',#3522,#3523,#3524);
#3527=CARTESIAN_POINT('',(-1.469293644843E0,-3.347616615280E1,
-3.372500044898E1));
#3528=DIRECTION('',(0.E0,0.E0,-1.E0));
#3529=DIRECTION('',(-8.654784879363E-1,-5.009460918298E-1,0.E0));
#3530=AXIS2_PLACEMENT_3D('',#3527,#3528,#3529);
#3532=DIRECTION('',(-9.978064763075E-1,6.619845797911E-2,0.E0));
#3533=VECTOR('',#3532,2.999999455790E-1);
#3534=CARTESIAN_POINT('',(-1.121027362636E0,-3.049267703378E1,
-3.347500049433E1));
#3535=LINE('',#3534,#3533);
#3536=DIRECTION('',(6.619845797917E-2,9.978064763075E-1,0.E0));
#3537=VECTOR('',#3536,3.980751540177E0);
#3538=CARTESIAN_POINT('',(-1.683888864785E0,-3.444483716735E1,
-3.347500049433E1));
#3539=LINE('',#3538,#3537);
#3540=DIRECTION('',(1.953880588630E-14,0.E0,1.E0));
#3541=VECTOR('',#3540,8.636858399897E-1);
#3542=CARTESIAN_POINT('',(-1.420369251227E0,-3.047281749999E1,
-3.347500049433E1));
#3543=LINE('',#3542,#3541);
#3544=CARTESIAN_POINT('',(-1.469293644843E0,-3.347616615280E1,
-3.360000047165E1));
#3545=DIRECTION('',(-6.619845797923E-2,-9.978064763075E-1,0.E0));
#3546=DIRECTION('',(-1.496709714465E-1,9.929768696900E-3,9.886859966642E-1));
#3547=AXIS2_PLACEMENT_3D('',#3544,#3545,#3546);
#3549=CARTESIAN_POINT('',(-1.618964589139E0,-3.346623638590E1,
-3.360000047165E1));
#3550=DIRECTION('',(-9.978064763075E-1,6.619845797917E-2,0.E0));
#3551=DIRECTION('',(-6.566724687381E-2,-9.897995544335E-1,1.264304343554E-1));
#3552=AXIS2_PLACEMENT_3D('',#3549,#3550,#3551);
#3554=CARTESIAN_POINT('',(-1.469293644843E0,-3.347616615280E1,
-3.347500049433E1));
#3555=DIRECTION('',(0.E0,0.E0,1.E0));
#3556=DIRECTION('',(-9.978064763074E-1,6.619845797990E-2,0.E0));
#3557=AXIS2_PLACEMENT_3D('',#3554,#3555,#3556);
#3559=DIRECTION('',(6.619845797917E-2,9.978064763075E-1,0.E0));
#3560=VECTOR('',#3559,2.999999455790E0);
#3561=CARTESIAN_POINT('',(-1.618964589139E0,-3.346623638590E1,
-3.261131465434E1));
#3562=LINE('',#3561,#3560);
#3563=DIRECTION('',(-6.619845797917E-2,-9.978064763075E-1,0.E0));
#3564=VECTOR('',#3563,3.999999274389E0);
#3565=CARTESIAN_POINT('',(-2.194480103705E0,-2.941926173713E1,
-3.347500049433E1));
#3566=LINE('',#3565,#3564);
#3567=DIRECTION('',(6.619845797917E-2,9.978064763075E-1,0.E0));
#3568=VECTOR('',#3567,3.999999274389E0);
#3569=CARTESIAN_POINT('',(-4.793134020985E-1,-3.354184538725E1,
-3.347500049433E1));
#3570=LINE('',#3569,#3568);
#3571=DIRECTION('',(-6.619845797917E-2,-9.978064763075E-1,0.E0));
#3572=VECTOR('',#3571,2.999999455791E0);
#3573=CARTESIAN_POINT('',(-1.121027362636E0,-3.049267703378E1,
-3.261131465434E1));
#3574=LINE('',#3573,#3572);
#3575=CARTESIAN_POINT('',(-1.469293644843E0,-3.347616615280E1,
-3.347500049433E1));
#3576=DIRECTION('',(0.E0,0.E0,1.E0));
#3577=DIRECTION('',(8.541662870834E-2,-9.963453214323E-1,0.E0));
#3578=AXIS2_PLACEMENT_3D('',#3575,#3576,#3577);
#3580=CARTESIAN_POINT('',(-1.319622700548E0,-3.348609591969E1,
-3.360000047165E1));
#3581=DIRECTION('',(9.978064763075E-1,-6.619845797917E-2,0.E0));
#3582=DIRECTION('',(1.253187689946E-13,1.890112472865E-12,1.E0));
#3583=AXIS2_PLACEMENT_3D('',#3580,#3581,#3582);
#3585=CARTESIAN_POINT('',(-1.469293644843E0,-3.347616615280E1,
-3.360000047165E1));
#3586=DIRECTION('',(-6.619845797923E-2,-9.978064763075E-1,0.E0));
#3587=DIRECTION('',(9.865172905061E-1,-6.544948840483E-2,1.500000000004E-1));
#3588=AXIS2_PLACEMENT_3D('',#3585,#3586,#3587);
#3590=CARTESIAN_POINT('',(-1.469293644843E0,-3.347616615280E1,
-3.360000047165E1));
#3591=DIRECTION('',(-6.619845797923E-2,-9.978064763075E-1,0.E0));
#3592=DIRECTION('',(9.899804223298E-1,-6.567924637088E-2,1.249999999994E-1));
#3593=AXIS2_PLACEMENT_3D('',#3590,#3591,#3592);
#3595=CARTESIAN_POINT('',(-1.469293644843E0,-3.347616615280E1,
-3.347500049433E1));
#3596=DIRECTION('',(0.E0,0.E0,1.E0));
#3597=DIRECTION('',(7.917147912599E-1,-6.108908980336E-1,0.E0));
#3598=AXIS2_PLACEMENT_3D('',#3595,#3596,#3597);
#3600=DIRECTION('',(-6.619845797917E-2,-9.978064763075E-1,0.E0));
#3601=VECTOR('',#3600,3.980751540177E0);
#3602=CARTESIAN_POINT('',(-1.121027362636E0,-3.049267703378E1,
-3.347500049433E1));
#3603=LINE('',#3602,#3601);
#3604=DIRECTION('',(2.185261184651E-14,-1.234029845450E-14,-1.E0));
#3605=VECTOR('',#3604,8.636858399898E-1);
#3606=CARTESIAN_POINT('',(-1.121027362636E0,-3.049267703378E1,
-3.261131465434E1));
#3607=LINE('',#3606,#3605);
#3608=CARTESIAN_POINT('',(-1.270698306931E0,-3.048274726689E1,
-3.360000047165E1));
#3609=DIRECTION('',(-6.619845797917E-2,-9.978064763075E-1,0.E0));
#3610=DIRECTION('',(1.496709714456E-1,-9.929768696839E-3,9.886859966643E-1));
#3611=AXIS2_PLACEMENT_3D('',#3608,#3609,#3610);
#3613=DIRECTION('',(-9.978064763075E-1,6.619845797918E-2,5.329071484925E-14));
#3614=VECTOR('',#3613,2.999999455782E0);
#3615=CARTESIAN_POINT('',(3.786463457846E0,-3.582925035164E1,
-3.130000088888E1));
#3616=LINE('',#3615,#3614);
#3617=DIRECTION('',(9.978064763075E-1,-6.619845797917E-2,-8.061928656659E-14));
#3618=VECTOR('',#3617,2.599999528352E0);
#3619=CARTESIAN_POINT('',(1.005845520197E0,-3.544433344386E1,
-3.150000085260E1));
#3620=LINE('',#3619,#3618);
#3621=DIRECTION('',(1.544658401426E-14,0.E0,1.E0));
#3622=VECTOR('',#3621,4.599999165539E0);
#3623=CARTESIAN_POINT('',(3.786463457846E0,-3.582925035164E1,
-3.590000005442E1));
#3624=LINE('',#3623,#3622);
#3625=DIRECTION('',(0.E0,-1.691768725368E-14,-1.E0));
#3626=VECTOR('',#3625,4.199999238109E0);
#3627=CARTESIAN_POINT('',(3.600141887983E0,-3.561644940339E1,
-3.150000085260E1));
#3628=LINE('',#3627,#3626);
#3629=DIRECTION('',(-5.378641401628E-1,6.143035352264E-1,-5.773502691913E-1));
#3630=VECTOR('',#3629,3.464100986655E-1);
#3631=CARTESIAN_POINT('',(3.786463457846E0,-3.582925035164E1,
-3.130000088888E1));
#3632=LINE('',#3631,#3630);
#3633=DIRECTION('',(9.978064763075E-1,-6.619845797918E-2,0.E0));
#3634=VECTOR('',#3633,2.999999455782E0);
#3635=CARTESIAN_POINT('',(7.930445719469E-1,-3.563065501373E1,
-3.590000005442E1));
#3636=LINE('',#3635,#3634);
#3637=DIRECTION('',(-6.143035352314E-1,-5.378641401576E-1,-5.773502691908E-1));
#3638=VECTOR('',#3637,3.464100986654E-1);
#3639=CARTESIAN_POINT('',(1.005845520197E0,-3.544433344386E1,
-3.570000009071E1));
#3640=LINE('',#3639,#3638);
#3641=DIRECTION('',(-9.978064763075E-1,6.619845797917E-2,-2.186285737399E-14));
#3642=VECTOR('',#3641,2.599999528352E0);
#3643=CARTESIAN_POINT('',(3.600141887983E0,-3.561644940339E1,
-3.570000009071E1));
#3644=LINE('',#3643,#3642);
#3645=DIRECTION('',(-5.378641401629E-1,6.143035352265E-1,5.773502691911E-1));
#3646=VECTOR('',#3645,3.464100986653E-1);
#3647=CARTESIAN_POINT('',(3.786463457846E0,-3.582925035164E1,
-3.590000005442E1));
#3648=LINE('',#3647,#3646);
#3649=DIRECTION('',(2.421343988182E-14,1.522591852831E-14,1.E0));
#3650=VECTOR('',#3649,4.199999238110E0);
#3651=CARTESIAN_POINT('',(1.005845520197E0,-3.544433344386E1,
-3.570000009071E1));
#3652=LINE('',#3651,#3650);
#3653=DIRECTION('',(0.E0,0.E0,-1.E0));
#3654=VECTOR('',#3653,4.599999165539E0);
#3655=CARTESIAN_POINT('',(7.930445719469E-1,-3.563065501373E1,
-3.130000088888E1));
#3656=LINE('',#3655,#3654);
#3657=DIRECTION('',(-6.143035352313E-1,-5.378641401575E-1,5.773502691910E-1));
#3658=VECTOR('',#3657,3.464100986656E-1);
#3659=CARTESIAN_POINT('',(1.005845520197E0,-3.544433344386E1,
-3.150000085260E1));
#3660=LINE('',#3659,#3658);
#3661=DIRECTION('',(0.E0,-1.015061235221E-14,1.E0));
#3662=VECTOR('',#3661,4.199999238109E0);
#3663=CARTESIAN_POINT('',(1.058804276974E0,-3.464608840762E1,
-3.570000009071E1));
#3664=LINE('',#3663,#3662);
#3665=DIRECTION('',(6.619845797938E-2,9.978064763075E-1,3.197442890944E-13));
#3666=VECTOR('',#3665,7.999998548780E-1);
#3667=CARTESIAN_POINT('',(1.005845520197E0,-3.544433344386E1,
-3.570000009071E1));
#3668=LINE('',#3667,#3666);
#3669=DIRECTION('',(9.978064763075E-1,-6.619845797919E-2,0.E0));
#3670=VECTOR('',#3669,2.599999528352E0);
#3671=CARTESIAN_POINT('',(1.058804276974E0,-3.464608840762E1,
-3.150000085260E1));
#3672=LINE('',#3671,#3670);
#3673=DIRECTION('',(6.619845797926E-2,9.978064763075E-1,-3.819167897518E-13));
#3674=VECTOR('',#3673,7.999998548779E-1);
#3675=CARTESIAN_POINT('',(1.005845520197E0,-3.544433344386E1,
-3.150000085260E1));
#3676=LINE('',#3675,#3674);
#3677=DIRECTION('',(0.E0,1.015061235221E-14,-1.E0));
#3678=VECTOR('',#3677,4.199999238109E0);
#3679=CARTESIAN_POINT('',(3.653100644760E0,-3.481820436715E1,
-3.150000085260E1));
#3680=LINE('',#3679,#3678);
#3681=DIRECTION('',(6.619845797909E-2,9.978064763075E-1,-1.154632155063E-13));
#3682=VECTOR('',#3681,7.999998548779E-1);
#3683=CARTESIAN_POINT('',(3.600141887983E0,-3.561644940339E1,
-3.150000085260E1));
#3684=LINE('',#3683,#3682);
#3685=DIRECTION('',(-9.978064763075E-1,6.619845797919E-2,0.E0));
#3686=VECTOR('',#3685,2.599999528352E0);
#3687=CARTESIAN_POINT('',(3.653100644760E0,-3.481820436715E1,
-3.570000009071E1));
#3688=LINE('',#3687,#3686);
#3689=DIRECTION('',(6.619845797908E-2,9.978064763075E-1,2.575717884372E-13));
#3690=VECTOR('',#3689,7.999998548780E-1);
#3691=CARTESIAN_POINT('',(3.600141887983E0,-3.561644940339E1,
-3.570000009071E1));
#3692=LINE('',#3691,#3690);
#3693=DIRECTION('',(0.E0,0.E0,1.E0));
#3694=VECTOR('',#3693,3.999999274389E0);
#3695=CARTESIAN_POINT('',(1.158584906503E0,-3.465270825222E1,
-3.560000010885E1));
#3696=LINE('',#3695,#3694);
#3697=DIRECTION('',(-9.978064763075E-1,6.619845797916E-2,0.E0));
#3698=VECTOR('',#3697,2.399999564634E0);
#3699=CARTESIAN_POINT('',(3.553320015230E0,-3.481158452255E1,
-3.560000010885E1));
#3700=LINE('',#3699,#3698);
#3701=DIRECTION('',(0.E0,0.E0,-1.E0));
#3702=VECTOR('',#3701,3.999999274389E0);
#3703=CARTESIAN_POINT('',(3.553320015230E0,-3.481158452255E1,
-3.160000083446E1));
#3704=LINE('',#3703,#3702);
#3705=DIRECTION('',(9.978064763075E-1,-6.619845797916E-2,0.E0));
#3706=VECTOR('',#3705,2.399999564634E0);
#3707=CARTESIAN_POINT('',(1.158584906503E0,-3.465270825222E1,
-3.160000083446E1));
#3708=LINE('',#3707,#3706);
#3709=DIRECTION('',(6.619845797917E-2,9.978064763075E-1,0.E0));
#3710=VECTOR('',#3709,4.999999092986E0);
#3711=CARTESIAN_POINT('',(1.158584906503E0,-3.465270825222E1,
-3.560000010885E1));
#3712=LINE('',#3711,#3710);
#3713=DIRECTION('',(0.E0,0.E0,1.E0));
#3714=VECTOR('',#3713,3.999999274389E0);
#3715=CARTESIAN_POINT('',(1.489577136356E0,-2.966367677571E1,
-3.560000010885E1));
#3716=LINE('',#3715,#3714);
#3717=DIRECTION('',(6.619845797917E-2,9.978064763075E-1,0.E0));
#3718=VECTOR('',#3717,4.999999092986E0);
#3719=CARTESIAN_POINT('',(3.553320015230E0,-3.481158452255E1,
-3.560000010885E1));
#3720=LINE('',#3719,#3718);
#3721=DIRECTION('',(-9.978064763075E-1,6.619845797918E-2,0.E0));
#3722=VECTOR('',#3721,2.399999564634E0);
#3723=CARTESIAN_POINT('',(3.884312245083E0,-2.982255304604E1,
-3.560000010885E1));
#3724=LINE('',#3723,#3722);
#3725=DIRECTION('',(6.619845797917E-2,9.978064763075E-1,0.E0));
#3726=VECTOR('',#3725,4.999999092986E0);
#3727=CARTESIAN_POINT('',(3.553320015230E0,-3.481158452255E1,
-3.160000083446E1));
#3728=LINE('',#3727,#3726);
#3729=DIRECTION('',(0.E0,0.E0,-1.E0));
#3730=VECTOR('',#3729,3.999999274389E0);
#3731=CARTESIAN_POINT('',(3.884312245083E0,-2.982255304604E1,
-3.160000083446E1));
#3732=LINE('',#3731,#3730);
#3733=DIRECTION('',(6.619845797917E-2,9.978064763075E-1,0.E0));
#3734=VECTOR('',#3733,4.999999092986E0);
#3735=CARTESIAN_POINT('',(1.158584906503E0,-3.465270825222E1,
-3.160000083446E1));
#3736=LINE('',#3735,#3734);
#3737=DIRECTION('',(9.978064763075E-1,-6.619845797918E-2,0.E0));
#3738=VECTOR('',#3737,2.399999564634E0);
#3739=CARTESIAN_POINT('',(1.489577136356E0,-2.966367677571E1,
-3.160000083446E1));
#3740=LINE('',#3739,#3738);
#3741=DIRECTION('',(9.978064763075E-1,-6.619845797923E-2,0.E0));
#3742=VECTOR('',#3741,3.999999274390E-1);
#3743=CARTESIAN_POINT('',(2.437493116894E0,-2.972656529938E1,
-3.240000068933E1));
#3744=LINE('',#3743,#3742);
#3745=DIRECTION('',(0.E0,-4.440892904090E-14,1.E0));
#3746=VECTOR('',#3745,3.999999274390E-1);
#3747=CARTESIAN_POINT('',(2.437493116894E0,-2.972656529938E1,
-3.280000061677E1));
#3748=LINE('',#3747,#3746);
#3749=DIRECTION('',(-9.978064763075E-1,6.619845797922E-2,1.776357161636E-14));
#3750=VECTOR('',#3749,3.999999274390E-1);
#3751=CARTESIAN_POINT('',(2.836615635015E0,-2.975304467777E1,
-3.280000061677E1));
#3752=LINE('',#3751,#3750);
#3753=DIRECTION('',(1.554312516431E-14,5.329071484908E-14,-1.E0));
#3754=VECTOR('',#3753,3.999999274390E-1);
#3755=CARTESIAN_POINT('',(2.836615635015E0,-2.975304467777E1,
-3.240000068933E1));
#3756=LINE('',#3755,#3754);
#3757=DIRECTION('',(-9.978064763075E-1,6.619845797922E-2,0.E0));
#3758=VECTOR('',#3757,3.999999274390E-1);
#3759=CARTESIAN_POINT('',(2.836615635015E0,-2.975304467777E1,
-3.480000025397E1));
#3760=LINE('',#3759,#3758);
#3761=DIRECTION('',(1.554312516431E-14,5.329071484908E-14,-1.E0));
#3762=VECTOR('',#3761,3.999999274390E-1);
#3763=CARTESIAN_POINT('',(2.836615635015E0,-2.975304467777E1,
-3.440000032653E1));
#3764=LINE('',#3763,#3762);
#3765=DIRECTION('',(9.978064763075E-1,-6.619845797923E-2,0.E0));
#3766=VECTOR('',#3765,3.999999274390E-1);
#3767=CARTESIAN_POINT('',(2.437493116894E0,-2.972656529938E1,
-3.440000032653E1));
#3768=LINE('',#3767,#3766);
#3769=DIRECTION('',(0.E0,-4.440892904090E-14,1.E0));
#3770=VECTOR('',#3769,3.999999274390E-1);
#3771=CARTESIAN_POINT('',(2.437493116894E0,-2.972656529938E1,
-3.480000025397E1));
#3772=LINE('',#3771,#3770);
#3773=DIRECTION('',(-6.619845797917E-2,-9.978064763075E-1,0.E0));
#3774=VECTOR('',#3773,3.299999401371E0);
#3775=CARTESIAN_POINT('',(2.437493116894E0,-2.972656529938E1,
-3.240000068933E1));
#3776=LINE('',#3775,#3774);
#3777=DIRECTION('',(9.978064763075E-1,-6.619845797969E-2,1.614248813176E-13));
#3778=VECTOR('',#3777,1.320507836141E-1);
#3779=CARTESIAN_POINT('',(2.319619717720E0,-3.352709813160E1,
-3.253397526125E1));
#3780=LINE('',#3779,#3778);
#3781=DIRECTION('',(-9.978064763075E-1,6.619845797913E-2,-1.065814296982E-13));
#3782=VECTOR('',#3781,3.999999274389E-1);
#3783=CARTESIAN_POINT('',(2.618160763312E0,-3.304580545227E1,
-3.240000068933E1));
#3784=LINE('',#3783,#3782);
#3785=DIRECTION('',(-6.106227743124E-14,-3.552714323272E-14,1.E0));
#3786=VECTOR('',#3785,3.999999274389E-1);
#3787=CARTESIAN_POINT('',(2.618160763312E0,-3.304580545227E1,
-3.280000061677E1));
#3788=LINE('',#3787,#3786);
#3789=DIRECTION('',(-2.656784505018E-13,-1.183782462995E-12,-1.E0));
#3790=VECTOR('',#3789,1.320507836142E-1);
#3791=CARTESIAN_POINT('',(2.451380844812E0,-3.353583968985E1,
-3.253397526125E1));
#3792=LINE('',#3791,#3790);
#3793=DIRECTION('',(-3.119162386454E-1,-9.164750622764E-1,-2.505628070858E-1));
#3794=VECTOR('',#3793,5.346945680818E-1);
#3795=CARTESIAN_POINT('',(2.618160763312E0,-3.304580545227E1,
-3.240000068933E1));
#3796=LINE('',#3795,#3794);
#3797=DIRECTION('',(-6.619845797921E-2,-9.978064763075E-1,1.291896117554E-14));
#3798=VECTOR('',#3797,3.299999401371E0);
#3799=CARTESIAN_POINT('',(2.836615635015E0,-2.975304467777E1,
-3.240000068933E1));
#3800=LINE('',#3799,#3798);
#3801=DIRECTION('',(-6.619845797920E-2,-9.978064763075E-1,2.799108254700E-14));
#3802=VECTOR('',#3801,3.299999401371E0);
#3803=CARTESIAN_POINT('',(2.836615635015E0,-2.975304467777E1,
-3.280000061677E1));
#3804=LINE('',#3803,#3802);
#3805=DIRECTION('',(-9.978064763075E-1,6.619845797962E-2,-5.380829377256E-13));
#3806=VECTOR('',#3805,1.320507836140E-1);
#3807=CARTESIAN_POINT('',(2.451380844812E0,-3.353583968985E1,
-3.266602604486E1));
#3808=LINE('',#3807,#3806);
#3809=DIRECTION('',(-3.119162386454E-1,-9.164750622762E-1,2.505628070867E-1));
#3810=VECTOR('',#3809,5.346945680821E-1);
#3811=CARTESIAN_POINT('',(2.618160763312E0,-3.304580545227E1,
-3.280000061677E1));
#3812=LINE('',#3811,#3810);
#3813=DIRECTION('',(9.978064763075E-1,-6.619845797909E-2,2.131628593963E-13));
#3814=VECTOR('',#3813,3.999999274389E-1);
#3815=CARTESIAN_POINT('',(2.219038245191E0,-3.301932607388E1,
-3.280000061677E1));
#3816=LINE('',#3815,#3814);
#3817=DIRECTION('',(-1.881101446196E-1,9.496488051885E-1,-2.505628070868E-1));
#3818=VECTOR('',#3817,5.346945680819E-1);
#3819=CARTESIAN_POINT('',(2.319619717720E0,-3.352709813160E1,
-3.266602604486E1));
#3820=LINE('',#3819,#3818);
#3821=DIRECTION('',(-2.354112852546E-13,1.345207344312E-12,1.E0));
#3822=VECTOR('',#3821,1.320507836142E-1);
#3823=CARTESIAN_POINT('',(2.319619717720E0,-3.352709813160E1,
-3.266602604486E1));
#3824=LINE('',#3823,#3822);
#3825=DIRECTION('',(0.E0,1.776357161636E-14,-1.E0));
#3826=VECTOR('',#3825,3.999999274390E-1);
#3827=CARTESIAN_POINT('',(2.219038245191E0,-3.301932607388E1,
-3.240000068933E1));
#3828=LINE('',#3827,#3826);
#3829=DIRECTION('',(-1.881101446197E-1,9.496488051887E-1,2.505628070859E-1));
#3830=VECTOR('',#3829,5.346945680816E-1);
#3831=CARTESIAN_POINT('',(2.319619717720E0,-3.352709813160E1,
-3.253397526125E1));
#3832=LINE('',#3831,#3830);
#3833=DIRECTION('',(-6.619845797917E-2,-9.978064763075E-1,0.E0));
#3834=VECTOR('',#3833,3.299999401371E0);
#3835=CARTESIAN_POINT('',(2.437493116894E0,-2.972656529938E1,
-3.280000061677E1));
#3836=LINE('',#3835,#3834);
#3837=DIRECTION('',(-6.619845797917E-2,-9.978064763075E-1,0.E0));
#3838=VECTOR('',#3837,3.299999401371E0);
#3839=CARTESIAN_POINT('',(2.836615635015E0,-2.975304467777E1,
-3.480000025397E1));
#3840=LINE('',#3839,#3838);
#3841=DIRECTION('',(-9.978064763075E-1,6.619845797907E-2,2.152331750897E-13));
#3842=VECTOR('',#3841,1.320507836144E-1);
#3843=CARTESIAN_POINT('',(2.451380844813E0,-3.353583968985E1,
-3.466602568206E1));
#3844=LINE('',#3843,#3842);
#3845=DIRECTION('',(9.978064763075E-1,-6.619845797912E-2,-5.329071484908E-14));
#3846=VECTOR('',#3845,3.999999274390E-1);
#3847=CARTESIAN_POINT('',(2.219038245191E0,-3.301932607388E1,
-3.480000025397E1));
#3848=LINE('',#3847,#3846);
#3849=DIRECTION('',(0.E0,5.329071484908E-14,-1.E0));
#3850=VECTOR('',#3849,3.999999274390E-1);
#3851=CARTESIAN_POINT('',(2.219038245191E0,-3.301932607388E1,
-3.440000032653E1));
#3852=LINE('',#3851,#3850);
#3853=DIRECTION('',(0.E0,0.E0,1.E0));
#3854=VECTOR('',#3853,1.320507836144E-1);
#3855=CARTESIAN_POINT('',(2.319619717721E0,-3.352709813160E1,
-3.466602568206E1));
#3856=LINE('',#3855,#3854);
#3857=DIRECTION('',(1.881101446199E-1,-9.496488051886E-1,2.505628070862E-1));
#3858=VECTOR('',#3857,5.346945680818E-1);
#3859=CARTESIAN_POINT('',(2.219038245191E0,-3.301932607388E1,
-3.480000025397E1));
#3860=LINE('',#3859,#3858);
#3861=DIRECTION('',(-6.619845797917E-2,-9.978064763075E-1,0.E0));
#3862=VECTOR('',#3861,3.299999401371E0);
#3863=CARTESIAN_POINT('',(2.437493116894E0,-2.972656529938E1,
-3.480000025397E1));
#3864=LINE('',#3863,#3862);
#3865=DIRECTION('',(-6.619845797917E-2,-9.978064763075E-1,0.E0));
#3866=VECTOR('',#3865,3.299999401371E0);
#3867=CARTESIAN_POINT('',(2.437493116894E0,-2.972656529938E1,
-3.440000032653E1));
#3868=LINE('',#3867,#3866);
#3869=DIRECTION('',(9.978064763075E-1,-6.619845797908E-2,-5.380829377242E-14));
#3870=VECTOR('',#3869,1.320507836144E-1);
#3871=CARTESIAN_POINT('',(2.319619717721E0,-3.352709813160E1,
-3.453397489844E1));
#3872=LINE('',#3871,#3870);
#3873=DIRECTION('',(1.881101446200E-1,-9.496488051886E-1,-2.505628070862E-1));
#3874=VECTOR('',#3873,5.346945680818E-1);
#3875=CARTESIAN_POINT('',(2.219038245191E0,-3.301932607388E1,
-3.440000032653E1));
#3876=LINE('',#3875,#3874);
#3877=DIRECTION('',(-9.978064763075E-1,6.619845797911E-2,0.E0));
#3878=VECTOR('',#3877,3.999999274390E-1);
#3879=CARTESIAN_POINT('',(2.618160763312E0,-3.304580545227E1,
-3.440000032653E1));
#3880=LINE('',#3879,#3878);
#3881=DIRECTION('',(3.119162386448E-1,9.164750622765E-1,2.505628070861E-1));
#3882=VECTOR('',#3881,5.346945680818E-1);
#3883=CARTESIAN_POINT('',(2.451380844813E0,-3.353583968985E1,
-3.453397489844E1));
#3884=LINE('',#3883,#3882);
#3885=DIRECTION('',(6.389734885474E-14,0.E0,-1.E0));
#3886=VECTOR('',#3885,1.320507836144E-1);
#3887=CARTESIAN_POINT('',(2.451380844813E0,-3.353583968985E1,
-3.453397489844E1));
#3888=LINE('',#3887,#3886);
#3889=DIRECTION('',(-2.997602710260E-14,-1.776357161636E-14,1.E0));
#3890=VECTOR('',#3889,3.999999274390E-1);
#3891=CARTESIAN_POINT('',(2.618160763312E0,-3.304580545227E1,
-3.480000025397E1));
#3892=LINE('',#3891,#3890);
#3893=DIRECTION('',(3.119162386448E-1,9.164750622765E-1,-2.505628070862E-1));
#3894=VECTOR('',#3893,5.346945680818E-1);
#3895=CARTESIAN_POINT('',(2.451380844813E0,-3.353583968985E1,
-3.466602568206E1));
#3896=LINE('',#3895,#3894);
#3897=DIRECTION('',(-6.619845797917E-2,-9.978064763075E-1,0.E0));
#3898=VECTOR('',#3897,3.299999401371E0);
#3899=CARTESIAN_POINT('',(2.836615635015E0,-2.975304467777E1,
-3.440000032653E1));
#3900=LINE('',#3899,#3898);
#3901=DIRECTION('',(0.E0,0.E0,1.E0));
#3902=VECTOR('',#3901,5.199999056706E0);
#3903=CARTESIAN_POINT('',(-9.002539193144E0,-3.070756076402E1,-3.62E1));
#3904=LINE('',#3903,#3902);
#3905=DIRECTION('',(1.256447520551E-14,0.E0,-1.E0));
#3906=VECTOR('',#3905,8.2E0);
#3907=CARTESIAN_POINT('',(-1.028293919576E1,-3.030282431550E1,-2.8E1));
#3908=LINE('',#3907,#3906);
#3909=DIRECTION('',(0.E0,-1.516402179976E-14,1.E0));
#3910=VECTOR('',#3909,8.2E0);
#3911=CARTESIAN_POINT('',(6.181260431061E0,-3.139732503707E1,-3.62E1));
#3912=LINE('',#3911,#3910);
#3913=DIRECTION('',(0.E0,0.E0,-1.E0));
#3914=VECTOR('',#3913,5.199999056706E0);
#3915=CARTESIAN_POINT('',(4.158735862912E0,-3.172861352191E1,
-3.100000094330E1));
#3916=LINE('',#3915,#3914);
#3917=DIRECTION('',(-6.619845797917E-2,-9.978064763075E-1,0.E0));
#3918=VECTOR('',#3917,2.399999564634E0);
#3919=CARTESIAN_POINT('',(-9.039864760523E0,-3.127016741681E1,
-3.390000041723E1));
#3920=LINE('',#3919,#3918);
#3921=DIRECTION('',(9.978064763075E-1,-6.619845797919E-2,-1.776357161636E-14));
#3922=VECTOR('',#3921,7.999998548780E-1);
#3923=CARTESIAN_POINT('',(-9.996986067095E0,-3.361194376876E1,
-3.390000041723E1));
#3924=LINE('',#3923,#3922);
#3925=DIRECTION('',(0.E0,3.552714323275E-14,-1.E0));
#3926=VECTOR('',#3925,5.999998911580E-1);
#3927=CARTESIAN_POINT('',(-9.996986067095E0,-3.361194376876E1,
-3.330000052607E1));
#3928=LINE('',#3927,#3926);
#3929=DIRECTION('',(0.E0,0.E0,-1.E0));
#3930=VECTOR('',#3929,5.999998911580E-1);
#3931=CARTESIAN_POINT('',(-9.944027310319E0,-3.281369873252E1,
-3.330000052607E1));
#3932=LINE('',#3931,#3930);
#3933=DIRECTION('',(-6.619845797917E-2,-9.978064763075E-1,0.E0));
#3934=VECTOR('',#3933,7.999998548780E-1);
#3935=CARTESIAN_POINT('',(-9.944027310319E0,-3.281369873252E1,
-3.390000041723E1));
#3936=LINE('',#3935,#3934);
#3937=DIRECTION('',(0.E0,0.E0,-1.E0));
#3938=VECTOR('',#3937,5.999998911580E-1);
#3939=CARTESIAN_POINT('',(-9.694575736493E0,-3.283024834401E1,
-3.330000052607E1));
#3940=LINE('',#3939,#3938);
#3941=DIRECTION('',(-9.978064763075E-1,6.619845797926E-2,0.E0));
#3942=VECTOR('',#3941,2.499999546490E-1);
#3943=CARTESIAN_POINT('',(-9.694575736493E0,-3.283024834401E1,
-3.390000041723E1));
#3944=LINE('',#3943,#3942);
#3945=DIRECTION('',(0.E0,-1.184238107758E-14,-1.E0));
#3946=VECTOR('',#3945,5.999998911580E-1);
#3947=CARTESIAN_POINT('',(-9.641616979717E0,-3.203200330777E1,
-3.330000052607E1));
#3948=LINE('',#3947,#3946);
#3949=DIRECTION('',(-6.619845797917E-2,-9.978064763075E-1,0.E0));
#3950=VECTOR('',#3949,7.999998548780E-1);
#3951=CARTESIAN_POINT('',(-9.641616979717E0,-3.203200330777E1,
-3.390000041723E1));
#3952=LINE('',#3951,#3950);
#3953=DIRECTION('',(0.E0,-1.184238107758E-14,-1.E0));
#3954=VECTOR('',#3953,5.999998911580E-1);
#3955=CARTESIAN_POINT('',(-9.891068553542E0,-3.201545369627E1,
-3.330000052607E1));
#3956=LINE('',#3955,#3954);
#3957=DIRECTION('',(9.978064763075E-1,-6.619845797915E-2,0.E0));
#3958=VECTOR('',#3957,2.499999546490E-1);
#3959=CARTESIAN_POINT('',(-9.891068553542E0,-3.201545369627E1,
-3.390000041723E1));
#3960=LINE('',#3959,#3958);
#3961=DIRECTION('',(0.E0,4.736952431033E-14,-1.E0));
#3962=VECTOR('',#3961,5.999998911580E-1);
#3963=CARTESIAN_POINT('',(-9.838109796766E0,-3.121720866003E1,
-3.330000052607E1));
#3964=LINE('',#3963,#3962);
#3965=DIRECTION('',(-6.619845797918E-2,-9.978064763075E-1,0.E0));
#3966=VECTOR('',#3965,7.999998548780E-1);
#3967=CARTESIAN_POINT('',(-9.838109796766E0,-3.121720866003E1,
-3.390000041723E1));
#3968=LINE('',#3967,#3966);
#3969=DIRECTION('',(-9.978064763075E-1,6.619845797918E-2,0.E0));
#3970=VECTOR('',#3969,7.999998548780E-1);
#3971=CARTESIAN_POINT('',(-9.039864760523E0,-3.127016741681E1,
-3.390000041723E1));
#3972=LINE('',#3971,#3970);
#3973=DIRECTION('',(9.978064763075E-1,-6.619845797917E-2,0.E0));
#3974=VECTOR('',#3973,7.999998548780E-1);
#3975=CARTESIAN_POINT('',(-9.996986067095E0,-3.361194376876E1,
-3.330000052607E1));
#3976=LINE('',#3975,#3974);
#3977=DIRECTION('',(-6.619845797917E-2,-9.978064763075E-1,0.E0));
#3978=VECTOR('',#3977,7.999998548780E-1);
#3979=CARTESIAN_POINT('',(-9.944027310319E0,-3.281369873252E1,
-3.330000052607E1));
#3980=LINE('',#3979,#3978);
#3981=DIRECTION('',(-9.978064763075E-1,6.619845797929E-2,0.E0));
#3982=VECTOR('',#3981,2.499999546490E-1);
#3983=CARTESIAN_POINT('',(-9.694575736493E0,-3.283024834401E1,
-3.330000052607E1));
#3984=LINE('',#3983,#3982);
#3985=DIRECTION('',(-6.619845797917E-2,-9.978064763075E-1,0.E0));
#3986=VECTOR('',#3985,7.999998548780E-1);
#3987=CARTESIAN_POINT('',(-9.641616979717E0,-3.203200330777E1,
-3.330000052607E1));
#3988=LINE('',#3987,#3986);
#3989=DIRECTION('',(9.978064763075E-1,-6.619845797915E-2,0.E0));
#3990=VECTOR('',#3989,2.499999546490E-1);
#3991=CARTESIAN_POINT('',(-9.891068553542E0,-3.201545369627E1,
-3.330000052607E1));
#3992=LINE('',#3991,#3990);
#3993=DIRECTION('',(-6.619845797917E-2,-9.978064763075E-1,0.E0));
#3994=VECTOR('',#3993,7.999998548780E-1);
#3995=CARTESIAN_POINT('',(-9.838109796766E0,-3.121720866003E1,
-3.330000052607E1));
#3996=LINE('',#3995,#3994);
#3997=DIRECTION('',(-9.978064763075E-1,6.619845797918E-2,0.E0));
#3998=VECTOR('',#3997,7.999998548780E-1);
#3999=CARTESIAN_POINT('',(-9.039864760523E0,-3.127016741681E1,
-3.330000052607E1));
#4000=LINE('',#3999,#3998);
#4001=DIRECTION('',(-6.619845797918E-2,-9.978064763075E-1,1.387692087190E-14));
#4002=VECTOR('',#4001,5.120319862881E-1);
#4003=CARTESIAN_POINT('',(9.036434921072E0,3.121846959601E1,-3.62E1));
#4004=LINE('',#4003,#4002);
#4005=CARTESIAN_POINT('',(0.E0,0.E0,-3.62E1));
#4006=DIRECTION('',(0.E0,0.E0,1.E0));
#4007=DIRECTION('',(3.173273086291E-1,9.483160755772E-1,0.E0));
#4008=AXIS2_PLACEMENT_3D('',#4005,#4006,#4007);
#4010=DIRECTION('',(5.826098694672E-2,9.983013860553E-1,0.E0));
#4011=VECTOR('',#4010,5.183285809088E-1);
#4012=CARTESIAN_POINT('',(1.028293919576E1,3.030282431550E1,-3.62E1));
#4013=LINE('',#4012,#4011);
#4014=CARTESIAN_POINT('',(0.E0,0.E0,-3.62E1));
#4015=DIRECTION('',(0.E0,0.E0,-1.E0));
#4016=DIRECTION('',(2.813293497857E-1,9.596112738756E-1,0.E0));
#4017=AXIS2_PLACEMENT_3D('',#4014,#4015,#4016);
#4019=DIRECTION('',(0.E0,0.E0,1.E0));
#4020=VECTOR('',#4019,5.199999056706E0);
#4021=CARTESIAN_POINT('',(9.284799010614E0,3.496205070942E1,-3.62E1));
#4022=LINE('',#4021,#4020);
#4023=DIRECTION('',(6.619845797917E-2,9.978064763075E-1,0.E0));
#4024=VECTOR('',#4023,3.751810799285E0);
#4025=CARTESIAN_POINT('',(9.036434921072E0,3.121846959601E1,-3.62E1));
#4026=LINE('',#4025,#4024);
#4027=DIRECTION('',(0.E0,-2.368476215516E-14,-1.E0));
#4028=VECTOR('',#4027,5.999998911580E-1);
#4029=CARTESIAN_POINT('',(9.198741030853E0,3.366490252553E1,-3.330000052607E1));
#4030=LINE('',#4029,#4028);
#4031=DIRECTION('',(6.619845797917E-2,9.978064763075E-1,0.E0));
#4032=VECTOR('',#4031,2.399999564634E0);
#4033=CARTESIAN_POINT('',(9.039864760523E0,3.127016741681E1,-3.330000052607E1));
#4034=LINE('',#4033,#4032);
#4035=DIRECTION('',(0.E0,3.552714323275E-14,1.E0));
#4036=VECTOR('',#4035,5.999998911580E-1);
#4037=CARTESIAN_POINT('',(9.039864760523E0,3.127016741681E1,-3.390000041723E1));
#4038=LINE('',#4037,#4036);
#4039=DIRECTION('',(-6.619845797919E-2,-9.978064763075E-1,0.E0));
#4040=VECTOR('',#4039,4.162865160481E-1);
#4041=CARTESIAN_POINT('',(-4.131178337472E0,3.214398690362E1,
-3.100000094330E1));
#4042=LINE('',#4041,#4040);
#4043=DIRECTION('',(6.587463471677E-1,-7.523651042501E-1,0.E0));
#4044=VECTOR('',#4043,9.899493140815E-1);
#4045=CARTESIAN_POINT('',(-4.783303832004E0,3.288879022251E1,
-3.100000094330E1));
#4046=LINE('',#4045,#4044);
#4047=DIRECTION('',(-9.978064763075E-1,6.619845797917E-2,0.E0));
#4048=VECTOR('',#4047,1.389999747850E1);
#4049=CARTESIAN_POINT('',(9.284799010614E0,3.496205070942E1,-3.100000094330E1));
#4050=LINE('',#4049,#4048);
#4051=DIRECTION('',(6.619845797917E-2,9.978064763075E-1,0.E0));
#4052=VECTOR('',#4051,4.263842785573E0);
#4053=CARTESIAN_POINT('',(9.002539193144E0,3.070756076402E1,-3.100000094330E1));
#4054=LINE('',#4053,#4052);
#4055=CARTESIAN_POINT('',(0.E0,0.E0,-3.100000094330E1));
#4056=DIRECTION('',(0.E0,0.E0,-1.E0));
#4057=DIRECTION('',(-1.299604957160E-1,9.915191725596E-1,0.E0));
#4058=AXIS2_PLACEMENT_3D('',#4055,#4056,#4057);
#4060=DIRECTION('',(0.E0,-2.162521761992E-14,-1.E0));
#4061=VECTOR('',#4060,2.299999582773E0);
#4062=CARTESIAN_POINT('',(-4.131178337472E0,3.214398690362E1,
-3.390000041723E1));
#4063=LINE('',#4062,#4061);
#4064=DIRECTION('',(2.516505978983E-14,0.E0,-1.E0));
#4065=VECTOR('',#4064,5.999998911587E-1);
#4066=CARTESIAN_POINT('',(-4.131178337472E0,3.214398690362E1,
-3.330000052607E1));
#4067=LINE('',#4066,#4065);
#4068=DIRECTION('',(0.E0,1.853590081707E-14,-1.E0));
#4069=VECTOR('',#4068,2.299999582774E0);
#4070=CARTESIAN_POINT('',(-4.131178337472E0,3.214398690362E1,
-3.100000094330E1));
#4071=LINE('',#4070,#4069);
#4072=DIRECTION('',(-6.587463471677E-1,7.523651042501E-1,-6.441941534213E-14));
#4073=VECTOR('',#4072,1.102994698084E-1);
#4074=CARTESIAN_POINT('',(-4.131178337472E0,3.214398690362E1,-3.62E1));
#4075=LINE('',#4074,#4073);
#4076=DIRECTION('',(6.619845797917E-2,9.978064763075E-1,0.E0));
#4077=VECTOR('',#4076,4.162865160481E-1);
#4078=CARTESIAN_POINT('',(-4.158735862912E0,3.172861352191E1,-3.62E1));
#4079=LINE('',#4078,#4077);
#4080=CARTESIAN_POINT('',(0.E0,0.E0,-3.62E1));
#4081=DIRECTION('',(0.E0,0.E0,-1.E0));
#4082=DIRECTION('',(-1.931643884707E-1,9.811664074084E-1,0.E0));
#4083=AXIS2_PLACEMENT_3D('',#4080,#4081,#4082);
#4085=DIRECTION('',(-5.826098694550E-2,-9.983013860554E-1,0.E0));
#4086=VECTOR('',#4085,5.161332303411E-1);
#4087=CARTESIAN_POINT('',(-6.151189999666E0,3.191258155631E1,-3.62E1));
#4088=LINE('',#4087,#4086);
#4089=CARTESIAN_POINT('',(0.E0,0.E0,-3.62E1));
#4090=DIRECTION('',(0.E0,0.E0,1.E0));
#4091=DIRECTION('',(-1.293488526247E-1,9.915991500222E-1,0.E0));
#4092=AXIS2_PLACEMENT_3D('',#4089,#4090,#4091);
#4094=DIRECTION('',(0.E0,0.E0,-1.E0));
#4095=VECTOR('',#4094,2.299999582774E0);
#4096=CARTESIAN_POINT('',(-4.783303832004E0,3.288879022251E1,
-3.390000041723E1));
#4097=LINE('',#4096,#4095);
#4098=DIRECTION('',(0.E0,1.184238107758E-14,1.E0));
#4099=VECTOR('',#4098,5.999998911583E-1);
#4100=CARTESIAN_POINT('',(-4.670766473854E0,3.458506092453E1,
-3.390000041723E1));
#4101=LINE('',#4100,#4099);
#4102=DIRECTION('',(6.619845797917E-2,9.978064763075E-1,1.880848759379E-13));
#4103=VECTOR('',#4102,1.699999691616E0);
#4104=CARTESIAN_POINT('',(-4.783303832004E0,3.288879022251E1,
-3.390000041723E1));
#4105=LINE('',#4104,#4103);
#4106=DIRECTION('',(0.E0,0.E0,-1.E0));
#4107=VECTOR('',#4106,5.199999056706E0);
#4108=CARTESIAN_POINT('',(-4.584708494093E0,3.588220910841E1,
-3.100000094330E1));
#4109=LINE('',#4108,#4107);
#4110=DIRECTION('',(6.619845797917E-2,9.978064763075E-1,0.E0));
#4111=VECTOR('',#4110,2.999999455785E0);
#4112=CARTESIAN_POINT('',(-4.783303832004E0,3.288879022251E1,
-3.100000094330E1));
#4113=LINE('',#4112,#4111);
#4114=DIRECTION('',(-9.978064763075E-1,6.619845797913E-2,0.E0));
#4115=VECTOR('',#4114,7.999998548770E-1);
#4116=CARTESIAN_POINT('',(-4.670766473854E0,3.458506092453E1,
-3.390000041723E1));
#4117=LINE('',#4116,#4115);
#4118=DIRECTION('',(-9.978064763075E-1,6.619845797913E-2,0.E0));
#4119=VECTOR('',#4118,7.999998548770E-1);
#4120=CARTESIAN_POINT('',(-4.670766473854E0,3.458506092453E1,
-3.330000052607E1));
#4121=LINE('',#4120,#4119);
#4122=DIRECTION('',(6.619845797917E-2,9.978064763075E-1,0.E0));
#4123=VECTOR('',#4122,1.699999691616E0);
#4124=CARTESIAN_POINT('',(-4.783303832004E0,3.288879022251E1,
-3.330000052607E1));
#4125=LINE('',#4124,#4123);
#4126=DIRECTION('',(-6.587463471677E-1,7.523651042501E-1,0.E0));
#4127=VECTOR('',#4126,9.899493140815E-1);
#4128=CARTESIAN_POINT('',(-4.131178337472E0,3.214398690362E1,
-3.330000052607E1));
#4129=LINE('',#4128,#4127);
#4130=DIRECTION('',(9.978064763075E-1,-6.619845797919E-2,0.E0));
#4131=VECTOR('',#4130,1.499999727895E0);
#4132=CARTESIAN_POINT('',(-5.627887780425E0,3.224328457258E1,
-3.330000052607E1));
#4133=LINE('',#4132,#4131);
#4134=DIRECTION('',(-6.619845797917E-2,-9.978064763075E-1,0.E0));
#4135=VECTOR('',#4134,7.999998548780E-1);
#4136=CARTESIAN_POINT('',(-5.574929023649E0,3.304152960882E1,
-3.330000052607E1));
#4137=LINE('',#4136,#4135);
#4138=DIRECTION('',(-9.978064763075E-1,6.619845797912E-2,0.E0));
#4139=VECTOR('',#4138,2.499999546490E-1);
#4140=CARTESIAN_POINT('',(-5.325477449823E0,3.302497999732E1,
-3.330000052607E1));
#4141=LINE('',#4140,#4139);
#4142=DIRECTION('',(-6.619845797917E-2,-9.978064763075E-1,0.E0));
#4143=VECTOR('',#4142,7.999998548780E-1);
#4144=CARTESIAN_POINT('',(-5.272518693047E0,3.382322503357E1,
-3.330000052607E1));
#4145=LINE('',#4144,#4143);
#4146=DIRECTION('',(9.978064763075E-1,-6.619845797912E-2,0.E0));
#4147=VECTOR('',#4146,2.499999546490E-1);
#4148=CARTESIAN_POINT('',(-5.521970266872E0,3.383977464506E1,
-3.330000052607E1));
#4149=LINE('',#4148,#4147);
#4150=DIRECTION('',(-6.619845797917E-2,-9.978064763075E-1,0.E0));
#4151=VECTOR('',#4150,7.999998548780E-1);
#4152=CARTESIAN_POINT('',(-5.469011510096E0,3.463801968130E1,
-3.330000052607E1));
#4153=LINE('',#4152,#4151);
#4154=DIRECTION('',(0.E0,0.E0,-1.E0));
#4155=VECTOR('',#4154,2.299999582774E0);
#4156=CARTESIAN_POINT('',(-4.783303832004E0,3.288879022251E1,
-3.100000094330E1));
#4157=LINE('',#4156,#4155);
#4158=DIRECTION('',(9.978064763075E-1,-6.619845797919E-2,-2.889540982930E-13));
#4159=VECTOR('',#4158,1.499999727895E0);
#4160=CARTESIAN_POINT('',(-5.627887780425E0,3.224328457258E1,
-3.390000041723E1));
#4161=LINE('',#4160,#4159);
#4162=DIRECTION('',(0.E0,-1.184238107758E-14,-1.E0));
#4163=VECTOR('',#4162,5.999998911583E-1);
#4164=CARTESIAN_POINT('',(-5.627887780425E0,3.224328457258E1,
-3.330000052607E1));
#4165=LINE('',#4164,#4163);
#4166=DIRECTION('',(6.587463471677E-1,-7.523651042501E-1,-1.076635024116E-13));
#4167=VECTOR('',#4166,9.899493140815E-1);
#4168=CARTESIAN_POINT('',(-4.783303832004E0,3.288879022251E1,
-3.390000041723E1));
#4169=LINE('',#4168,#4167);
#4170=DIRECTION('',(0.E0,-2.368476215515E-14,-1.E0));
#4171=VECTOR('',#4170,5.999998911583E-1);
#4172=CARTESIAN_POINT('',(-5.469011510096E0,3.463801968130E1,
-3.330000052607E1));
#4173=LINE('',#4172,#4171);
#4174=DIRECTION('',(-6.619845797917E-2,-9.978064763075E-1,0.E0));
#4175=VECTOR('',#4174,7.999998548780E-1);
#4176=CARTESIAN_POINT('',(-5.469011510096E0,3.463801968130E1,
-3.390000041723E1));
#4177=LINE('',#4176,#4175);
#4178=DIRECTION('',(0.E0,0.E0,-1.E0));
#4179=VECTOR('',#4178,5.999998911583E-1);
#4180=CARTESIAN_POINT('',(-5.521970266872E0,3.383977464506E1,
-3.330000052607E1));
#4181=LINE('',#4180,#4179);
#4182=DIRECTION('',(9.978064763075E-1,-6.619845797915E-2,0.E0));
#4183=VECTOR('',#4182,2.499999546490E-1);
#4184=CARTESIAN_POINT('',(-5.521970266872E0,3.383977464506E1,
-3.390000041723E1));
#4185=LINE('',#4184,#4183);
#4186=DIRECTION('',(0.E0,0.E0,-1.E0));
#4187=VECTOR('',#4186,5.999998911583E-1);
#4188=CARTESIAN_POINT('',(-5.272518693047E0,3.382322503357E1,
-3.330000052607E1));
#4189=LINE('',#4188,#4187);
#4190=DIRECTION('',(-6.619845797918E-2,-9.978064763075E-1,0.E0));
#4191=VECTOR('',#4190,7.999998548780E-1);
#4192=CARTESIAN_POINT('',(-5.272518693047E0,3.382322503357E1,
-3.390000041723E1));
#4193=LINE('',#4192,#4191);
#4194=DIRECTION('',(0.E0,1.184238107758E-14,-1.E0));
#4195=VECTOR('',#4194,5.999998911583E-1);
#4196=CARTESIAN_POINT('',(-5.325477449823E0,3.302497999732E1,
-3.330000052607E1));
#4197=LINE('',#4196,#4195);
#4198=DIRECTION('',(-9.978064763075E-1,6.619845797912E-2,1.335820585552E-12));
#4199=VECTOR('',#4198,2.499999546490E-1);
#4200=CARTESIAN_POINT('',(-5.325477449823E0,3.302497999732E1,
-3.390000041723E1));
#4201=LINE('',#4200,#4199);
#4202=DIRECTION('',(0.E0,1.184238107758E-14,-1.E0));
#4203=VECTOR('',#4202,5.999998911580E-1);
#4204=CARTESIAN_POINT('',(-5.574929023649E0,3.304152960882E1,
-3.330000052607E1));
#4205=LINE('',#4204,#4203);
#4206=DIRECTION('',(-6.619845797917E-2,-9.978064763075E-1,-3.907985755599E-13));
#4207=VECTOR('',#4206,7.999998548780E-1);
#4208=CARTESIAN_POINT('',(-5.574929023649E0,3.304152960882E1,
-3.390000041723E1));
#4209=LINE('',#4208,#4207);
#4210=CARTESIAN_POINT('',(0.E0,0.E0,-3.62E1));
#4211=DIRECTION('',(0.E0,0.E0,1.E0));
#4212=DIRECTION('',(2.780441514176E-1,9.605682952620E-1,0.E0));
#4213=AXIS2_PLACEMENT_3D('',#4210,#4211,#4212);
#4215=DIRECTION('',(9.978064763075E-1,-6.619845797917E-2,0.E0));
#4216=VECTOR('',#4215,1.389999747850E1);
#4217=CARTESIAN_POINT('',(-4.584708494093E0,3.588220910841E1,-3.62E1));
#4218=LINE('',#4217,#4216);
#4219=DIRECTION('',(6.619845797917E-2,9.978064763075E-1,0.E0));
#4220=VECTOR('',#4219,2.999999455785E0);
#4221=CARTESIAN_POINT('',(-4.783303832004E0,3.288879022251E1,-3.62E1));
#4222=LINE('',#4221,#4220);
#4223=DIRECTION('',(-6.587463471677E-1,7.523651042501E-1,0.E0));
#4224=VECTOR('',#4223,8.796498442732E-1);
#4225=CARTESIAN_POINT('',(-4.203837710303E0,3.222697237572E1,-3.62E1));
#4226=LINE('',#4225,#4224);
#4227=DIRECTION('',(7.055557257081E-1,-4.680937854167E-2,-7.071067811873E-1));
#4228=VECTOR('',#4227,1.579898700721E0);
#4229=CARTESIAN_POINT('',(-4.937026833484E-1,3.561079547993E1,
-3.468284298770E1));
#4230=LINE('',#4229,#4228);
#4231=DIRECTION('',(-7.055557257089E-1,4.680937854121E-2,-7.071067811865E-1));
#4232=VECTOR('',#4231,1.579898700719E0);
#4233=CARTESIAN_POINT('',(6.210038909839E-1,3.553684140359E1,
-3.140000087074E1));
#4234=LINE('',#4233,#4232);
#4235=DIRECTION('',(9.978064763075E-1,-6.619845797940E-2,2.664535742461E-14));
#4236=VECTOR('',#4235,7.999998548757E-1);
#4237=CARTESIAN_POINT('',(4.282527844908E0,3.509348168022E1,-3.525000017234E1));
#4238=LINE('',#4237,#4236);
#4239=DIRECTION('',(-9.978064763075E-1,6.619845797921E-2,2.131628593953E-13));
#4240=VECTOR('',#4239,3.999999274408E-1);
#4241=CARTESIAN_POINT('',(4.894451311283E0,3.525332387169E1,-3.545000013606E1));
#4242=LINE('',#4241,#4240);
#4243=DIRECTION('',(6.619845797895E-2,9.978064763075E-1,-1.800858639729E-13));
#4244=VECTOR('',#4243,5.799998947860E0);
#4245=CARTESIAN_POINT('',(4.696821894521E0,2.925324641069E1,-3.525000017234E1));
#4246=LINE('',#4245,#4244);
#4247=DIRECTION('',(6.619845797896E-2,9.978064763075E-1,-1.923366030187E-13));
#4248=VECTOR('',#4247,5.799998947860E0);
#4249=CARTESIAN_POINT('',(4.696821894520E0,2.925324641069E1,-3.560000010885E1));
#4250=LINE('',#4249,#4248);
#4251=DIRECTION('',(-1.344956136666E-13,-2.233134717483E-13,1.E0));
#4252=VECTOR('',#4251,3.499999365094E-1);
#4253=CARTESIAN_POINT('',(4.894451311283E0,3.525332387169E1,-3.580000007256E1));
#4254=LINE('',#4253,#4252);
#4255=DIRECTION('',(3.045183705661E-14,-2.030122470441E-14,-1.E0));
#4256=VECTOR('',#4255,3.499999365092E-1);
#4257=CARTESIAN_POINT('',(5.080772881148E0,3.504052292344E1,-3.525000017234E1));
#4258=LINE('',#4257,#4256);
#4259=DIRECTION('',(5.378641401641E-1,-6.143035352260E-1,5.773502691906E-1));
#4260=VECTOR('',#4259,3.464100986695E-1);
#4261=CARTESIAN_POINT('',(4.894451311283E0,3.525332387169E1,-3.545000013606E1));
#4262=LINE('',#4261,#4260);
#4263=DIRECTION('',(-9.978064763075E-1,6.619845797919E-2,-8.704150092022E-14));
#4264=VECTOR('',#4263,3.999999274387E0);
#4265=CARTESIAN_POINT('',(8.885676492492E0,3.498853008781E1,-3.580000007256E1));
#4266=LINE('',#4265,#4264);
#4267=DIRECTION('',(9.978064763075E-1,-6.619845797913E-2,2.763222251433E-14));
#4268=VECTOR('',#4267,3.599999346952E0);
#4269=CARTESIAN_POINT('',(5.080772881148E0,3.504052292344E1,-3.560000010885E1));
#4270=LINE('',#4269,#4268);
#4271=DIRECTION('',(5.378641401637E-1,-6.143035352259E-1,5.773502691910E-1));
#4272=VECTOR('',#4271,3.464100986697E-1);
#4273=CARTESIAN_POINT('',(4.894451311283E0,3.525332387169E1,-3.580000007256E1));
#4274=LINE('',#4273,#4272);
#4275=DIRECTION('',(0.E0,-2.260818205722E-13,-1.E0));
#4276=VECTOR('',#4275,4.399999201823E0);
#4277=CARTESIAN_POINT('',(8.885676492492E0,3.498853008781E1,-3.140000087074E1));
#4278=LINE('',#4277,#4276);
#4279=DIRECTION('',(7.815971511198E-14,3.694822896203E-13,1.E0));
#4280=VECTOR('',#4279,3.999999274390E0);
#4281=CARTESIAN_POINT('',(8.672875544240E0,3.480220851795E1,-3.560000010885E1));
#4282=LINE('',#4281,#4280);
#4283=DIRECTION('',(-6.143035352308E-1,-5.378641401577E-1,5.773502691913E-1));
#4284=VECTOR('',#4283,3.464100986690E-1);
#4285=CARTESIAN_POINT('',(8.885676492492E0,3.498853008781E1,-3.580000007256E1));
#4286=LINE('',#4285,#4284);
#4287=DIRECTION('',(9.978064763075E-1,-6.619845797914E-2,-7.720641335203E-14));
#4288=VECTOR('',#4287,8.282841209944E0);
#4289=CARTESIAN_POINT('',(6.210038909839E-1,3.553684140359E1,
-3.140000087074E1));
#4290=LINE('',#4289,#4288);
#4291=DIRECTION('',(-9.978064763075E-1,6.619845797923E-2,1.052491618269E-13));
#4292=VECTOR('',#4291,7.999998548781E0);
#4293=CARTESIAN_POINT('',(8.672875544240E0,3.480220851795E1,-3.160000083446E1));
#4294=LINE('',#4293,#4292);
#4295=DIRECTION('',(-6.143035352321E-1,-5.378641401582E-1,-5.773502691895E-1));
#4296=VECTOR('',#4295,3.464100986678E-1);
#4297=CARTESIAN_POINT('',(8.885676492492E0,3.498853008781E1,-3.140000087074E1));
#4298=LINE('',#4297,#4296);
#4299=DIRECTION('',(-7.055557257089E-1,4.680937854121E-2,-7.071067811865E-1));
#4300=VECTOR('',#4299,1.414213305830E0);
#4301=CARTESIAN_POINT('',(6.904251818167E-1,3.533179608571E1,
-3.160000083446E1));
#4302=LINE('',#4301,#4300);
#4303=DIRECTION('',(2.355459079105E-1,-6.957171925748E-1,-6.785983445474E-1));
#4304=VECTOR('',#4303,2.947250981713E-1);
#4305=CARTESIAN_POINT('',(6.210038909839E-1,3.553684140359E1,
-3.140000087074E1));
#4306=LINE('',#4305,#4304);
#4307=DIRECTION('',(-6.321876590054E-1,7.220319869923E-1,2.810846377183E-1));
#4308=VECTOR('',#4307,2.947250981714E-1);
#4309=CARTESIAN_POINT('',(-3.073811134851E-1,3.539799453168E1,
-3.260000065305E1));
#4310=LINE('',#4309,#4308);
#4311=DIRECTION('',(6.619845797907E-2,9.978064763075E-1,2.327640418697E-13));
#4312=VECTOR('',#4311,5.799998947862E0);
#4313=CARTESIAN_POINT('',(-6.913321001138E-1,2.961071801893E1,
-3.260000065305E1));
#4314=LINE('',#4313,#4312);
#4315=DIRECTION('',(-6.619845797896E-2,-9.978064763075E-1,-1.047438188413E-13));
#4316=VECTOR('',#4315,5.799998947862E0);
#4317=CARTESIAN_POINT('',(6.904251818167E-1,3.533179608571E1,
-3.160000083446E1));
#4318=LINE('',#4317,#4316);
#4319=DIRECTION('',(5.148660210674E-14,-1.527667159005E-13,-1.E0));
#4320=VECTOR('',#4319,1.999999637197E0);
#4321=CARTESIAN_POINT('',(-3.073811134851E-1,3.539799453168E1,
-3.260000065305E1));
#4322=LINE('',#4321,#4320);
#4323=DIRECTION('',(1.102438525954E-13,-1.181129208927E-13,1.E0));
#4324=VECTOR('',#4323,2.165685032089E0);
#4325=CARTESIAN_POINT('',(-4.937026833484E-1,3.561079547993E1,
-3.468284298770E1));
#4326=LINE('',#4325,#4324);
#4327=DIRECTION('',(-6.321876590054E-1,7.220319869930E-1,-2.810846377166E-1));
#4328=VECTOR('',#4327,2.947250981719E-1);
#4329=CARTESIAN_POINT('',(-3.073811134850E-1,3.539799453168E1,
-3.460000029025E1));
#4330=LINE('',#4329,#4328);
#4331=DIRECTION('',(7.055557257085E-1,-4.680937854221E-2,-7.071067811869E-1));
#4332=VECTOR('',#4331,1.414213305831E0);
#4333=CARTESIAN_POINT('',(-3.073811134850E-1,3.539799453168E1,
-3.460000029025E1));
#4334=LINE('',#4333,#4332);
#4335=DIRECTION('',(-2.355459079088E-1,6.957171925744E-1,-6.785983445484E-1));
#4336=VECTOR('',#4335,2.947250981732E-1);
#4337=CARTESIAN_POINT('',(6.904251818169E-1,3.533179608571E1,
-3.560000010885E1));
#4338=LINE('',#4337,#4336);
#4339=DIRECTION('',(6.619845797904E-2,9.978064763075E-1,-2.266386723468E-13));
#4340=VECTOR('',#4339,5.799998947860E0);
#4341=CARTESIAN_POINT('',(3.064741951885E-1,2.954451957296E1,
-3.560000010885E1));
#4342=LINE('',#4341,#4340);
#4343=DIRECTION('',(-6.619845797909E-2,-9.978064763075E-1,1.457837946447E-13));
#4344=VECTOR('',#4343,5.799998947862E0);
#4345=CARTESIAN_POINT('',(-3.073811134850E-1,3.539799453168E1,
-3.460000029025E1));
#4346=LINE('',#4345,#4344);
#4347=DIRECTION('',(9.978064763075E-1,-6.619845797918E-2,-3.157968287353E-14));
#4348=VECTOR('',#4347,3.599999346950E0);
#4349=CARTESIAN_POINT('',(3.064741951885E-1,2.954451957296E1,
-3.560000010885E1));
#4350=LINE('',#4349,#4348);
#4351=DIRECTION('',(9.978064763075E-1,-6.619845797922E-2,4.144833377149E-14));
#4352=VECTOR('',#4351,3.599999346952E0);
#4353=CARTESIAN_POINT('',(6.904251818169E-1,3.533179608571E1,
-3.560000010885E1));
#4354=LINE('',#4353,#4352);
#4355=DIRECTION('',(-9.978064763075E-1,6.619845797919E-2,-2.378941905330E-14));
#4356=VECTOR('',#4355,3.882842008115E0);
#4357=CARTESIAN_POINT('',(4.495328793160E0,3.527980325008E1,-3.580000007256E1));
#4358=LINE('',#4357,#4356);
#4359=DIRECTION('',(6.143035352307E-1,5.378641401577E-1,-5.773502691915E-1));
#4360=VECTOR('',#4359,3.464100986691E-1);
#4361=CARTESIAN_POINT('',(4.282527844908E0,3.509348168022E1,-3.560000010885E1));
#4362=LINE('',#4361,#4360);
#4363=DIRECTION('',(0.E0,2.030122470441E-14,1.E0));
#4364=VECTOR('',#4363,3.499999365091E-1);
#4365=CARTESIAN_POINT('',(4.282527844908E0,3.509348168022E1,-3.560000010885E1));
#4366=LINE('',#4365,#4364);
#4367=DIRECTION('',(2.030122470440E-13,1.827110223396E-13,-1.E0));
#4368=VECTOR('',#4367,3.499999365092E-1);
#4369=CARTESIAN_POINT('',(4.495328793160E0,3.527980325008E1,-3.545000013606E1));
#4370=LINE('',#4369,#4368);
#4371=DIRECTION('',(6.143035352308E-1,5.378641401578E-1,-5.773502691913E-1));
#4372=VECTOR('',#4371,3.464100986689E-1);
#4373=CARTESIAN_POINT('',(4.282527844908E0,3.509348168022E1,-3.525000017234E1));
#4374=LINE('',#4373,#4372);
#4375=DIRECTION('',(6.619845797935E-2,9.978064763075E-1,-1.800858639729E-13));
#4376=VECTOR('',#4375,5.799998947860E0);
#4377=CARTESIAN_POINT('',(3.898576858278E0,2.930620516746E1,-3.525000017234E1));
#4378=LINE('',#4377,#4376);
#4379=DIRECTION('',(0.E0,0.E0,1.E0));
#4380=VECTOR('',#4379,3.499999365090E-1);
#4381=CARTESIAN_POINT('',(3.898576858278E0,2.930620516746E1,-3.560000010885E1));
#4382=LINE('',#4381,#4380);
#4383=DIRECTION('',(-6.619845797935E-2,-9.978064763075E-1,1.813109378775E-13));
#4384=VECTOR('',#4383,5.799998947860E0);
#4385=CARTESIAN_POINT('',(4.282527844908E0,3.509348168022E1,-3.560000010885E1));
#4386=LINE('',#4385,#4384);
#4387=DIRECTION('',(1.953992877800E-13,-1.015061235221E-14,1.E0));
#4388=VECTOR('',#4387,3.499999365091E-1);
#4389=CARTESIAN_POINT('',(4.696821894520E0,2.925324641069E1,-3.560000010885E1));
#4390=LINE('',#4389,#4388);
#4391=DIRECTION('',(9.978064763075E-1,-6.619845797918E-2,0.E0));
#4392=VECTOR('',#4391,7.999998548778E0);
#4393=CARTESIAN_POINT('',(3.064741951887E-1,2.954451957296E1,
-3.160000083446E1));
#4394=LINE('',#4393,#4392);
#4395=DIRECTION('',(7.055557257089E-1,-4.680937854119E-2,7.071067811866E-1));
#4396=VECTOR('',#4395,1.414213305831E0);
#4397=CARTESIAN_POINT('',(-6.913321001138E-1,2.961071801893E1,
-3.260000065305E1));
#4398=LINE('',#4397,#4396);
#4399=DIRECTION('',(-1.004752019550E-14,0.E0,1.E0));
#4400=VECTOR('',#4399,1.999999637195E0);
#4401=CARTESIAN_POINT('',(-6.913321001138E-1,2.961071801893E1,
-3.460000029025E1));
#4402=LINE('',#4401,#4400);
#4403=DIRECTION('',(-7.055557257088E-1,4.680937854119E-2,7.071067811866E-1));
#4404=VECTOR('',#4403,1.414213305830E0);
#4405=CARTESIAN_POINT('',(3.064741951885E-1,2.954451957296E1,
-3.560000010885E1));
#4406=LINE('',#4405,#4404);
#4407=DIRECTION('',(-9.978064763075E-1,6.619845797914E-2,-3.552714323272E-14));
#4408=VECTOR('',#4407,7.999998548781E-1);
#4409=CARTESIAN_POINT('',(4.696821894521E0,2.925324641069E1,-3.525000017234E1));
#4410=LINE('',#4409,#4408);
#4411=DIRECTION('',(9.978064763075E-1,-6.619845797917E-2,0.E0));
#4412=VECTOR('',#4411,1.984313123338E0);
#4413=CARTESIAN_POINT('',(5.203551094730E0,2.921962797619E1,-3.347500049433E1));
#4414=LINE('',#4413,#4412);
#4415=CARTESIAN_POINT('',(6.193531337475E0,2.915394874173E1,-3.360000047165E1));
#4416=DIRECTION('',(-6.619845797917E-2,-9.978064763075E-1,0.E0));
#4417=DIRECTION('',(9.899804223298E-1,-6.567924637082E-2,1.249999999994E-1));
#4418=AXIS2_PLACEMENT_3D('',#4415,#4416,#4417);
#4420=DIRECTION('',(-9.978064763075E-1,6.619845797917E-2,0.E0));
#4421=VECTOR('',#4420,1.984313123338E0);
#4422=CARTESIAN_POINT('',(7.183511580219E0,2.908826950728E1,-3.372500044898E1));
#4423=LINE('',#4422,#4421);
#4424=CARTESIAN_POINT('',(6.193531337475E0,2.915394874173E1,-3.360000047165E1));
#4425=DIRECTION('',(-6.619845797917E-2,-9.978064763075E-1,0.E0));
#4426=DIRECTION('',(-9.899804223297E-1,6.567924637082E-2,-1.250000000004E-1));
#4427=AXIS2_PLACEMENT_3D('',#4424,#4425,#4426);
#4429=DIRECTION('',(-9.978064763075E-1,6.619845797917E-2,0.E0));
#4430=VECTOR('',#4429,1.984313123338E0);
#4431=CARTESIAN_POINT('',(2.194480103705E0,2.941926173713E1,-3.372500044898E1));
#4432=LINE('',#4431,#4430);
#4433=CARTESIAN_POINT('',(1.204499860961E0,2.948494097159E1,-3.360000047165E1));
#4434=DIRECTION('',(-6.619845797917E-2,-9.978064763075E-1,0.E0));
#4435=DIRECTION('',(-9.899804223297E-1,6.567924637082E-2,-1.250000000004E-1));
#4436=AXIS2_PLACEMENT_3D('',#4433,#4434,#4435);
#4438=DIRECTION('',(9.978064763075E-1,-6.619845797917E-2,0.E0));
#4439=VECTOR('',#4438,1.984313123338E0);
#4440=CARTESIAN_POINT('',(2.145196182162E-1,2.955062020604E1,
-3.347500049433E1));
#4441=LINE('',#4440,#4439);
#4442=CARTESIAN_POINT('',(1.204499860961E0,2.948494097159E1,-3.360000047165E1));
#4443=DIRECTION('',(-6.619845797917E-2,-9.978064763075E-1,0.E0));
#4444=DIRECTION('',(9.899804223298E-1,-6.567924637082E-2,1.249999999994E-1));
#4445=AXIS2_PLACEMENT_3D('',#4442,#4443,#4444);
#4447=DIRECTION('',(9.978064763075E-1,-6.619845797918E-2,1.184238107758E-14));
#4448=VECTOR('',#4447,3.599999346950E0);
#4449=CARTESIAN_POINT('',(4.696821894520E0,2.925324641069E1,-3.560000010885E1));
#4450=LINE('',#4449,#4448);
#4451=DIRECTION('',(0.E0,0.E0,1.E0));
#4452=VECTOR('',#4451,3.999999274389E0);
#4453=CARTESIAN_POINT('',(8.288924557610E0,2.901493200519E1,-3.560000010885E1));
#4454=LINE('',#4453,#4452);
#4455=DIRECTION('',(-6.619845797936E-2,-9.978064763075E-1,1.813109378775E-13));
#4456=VECTOR('',#4455,5.799998947860E0);
#4457=CARTESIAN_POINT('',(8.672875544240E0,3.480220851795E1,-3.560000010885E1));
#4458=LINE('',#4457,#4456);
#4459=DIRECTION('',(-6.619845797940E-2,-9.978064763075E-1,3.981490189876E-14));
#4460=VECTOR('',#4459,5.799998947862E0);
#4461=CARTESIAN_POINT('',(8.672875544240E0,3.480220851795E1,-3.160000083446E1));
#4462=LINE('',#4461,#4460);
#4463=DIRECTION('',(9.978064763075E-1,-6.619845797921E-2,0.E0));
#4464=VECTOR('',#4463,2.999999455790E-1);
#4465=CARTESIAN_POINT('',(6.110058839149E0,3.016168480393E1,-3.347500049433E1));
#4466=LINE('',#4465,#4464);
#4467=DIRECTION('',(-6.619845797917E-2,-9.978064763075E-1,0.E0));
#4468=VECTOR('',#4467,3.980751540177E0);
#4469=CARTESIAN_POINT('',(6.672920341298E0,3.411384493750E1,-3.347500049433E1));
#4470=LINE('',#4469,#4468);
#4471=DIRECTION('',(-1.851044768175E-14,1.645373127267E-14,1.E0));
#4472=VECTOR('',#4471,8.636858399898E-1);
#4473=CARTESIAN_POINT('',(6.409400727740E0,3.014182527014E1,-3.347500049433E1));
#4474=LINE('',#4473,#4472);
#4475=CARTESIAN_POINT('',(6.458325121357E0,3.314517392294E1,-3.360000047165E1));
#4476=DIRECTION('',(6.619845797923E-2,9.978064763075E-1,0.E0));
#4477=DIRECTION('',(1.496709714455E-1,-9.929768696836E-3,9.886859966643E-1));
#4478=AXIS2_PLACEMENT_3D('',#4475,#4476,#4477);
#4480=CARTESIAN_POINT('',(6.607996065652E0,3.313524415605E1,-3.360000047165E1));
#4481=DIRECTION('',(9.978064763075E-1,-6.619845797917E-2,0.E0));
#4482=DIRECTION('',(6.566724687381E-2,9.897995544335E-1,1.264304343554E-1));
#4483=AXIS2_PLACEMENT_3D('',#4480,#4481,#4482);
#4485=CARTESIAN_POINT('',(6.458325121357E0,3.314517392294E1,-3.347500049433E1));
#4486=DIRECTION('',(0.E0,0.E0,1.E0));
#4487=DIRECTION('',(9.978064763075E-1,-6.619845797848E-2,0.E0));
#4488=AXIS2_PLACEMENT_3D('',#4485,#4486,#4487);
#4490=DIRECTION('',(-6.619845797917E-2,-9.978064763075E-1,0.E0));
#4491=VECTOR('',#4490,2.999999455790E0);
#4492=CARTESIAN_POINT('',(6.607996065652E0,3.313524415605E1,-3.261131465434E1));
#4493=LINE('',#4492,#4491);
#4494=DIRECTION('',(6.619845797917E-2,9.978064763075E-1,0.E0));
#4495=VECTOR('',#4494,3.999999274389E0);
#4496=CARTESIAN_POINT('',(7.183511580219E0,2.908826950728E1,-3.347500049433E1));
#4497=LINE('',#4496,#4495);
#4498=DIRECTION('',(-6.619845797917E-2,-9.978064763075E-1,0.E0));
#4499=VECTOR('',#4498,3.999999274389E0);
#4500=CARTESIAN_POINT('',(5.468344878613E0,3.321085315740E1,-3.347500049433E1));
#4501=LINE('',#4500,#4499);
#4502=DIRECTION('',(6.619845797917E-2,9.978064763075E-1,0.E0));
#4503=VECTOR('',#4502,2.999999455791E0);
#4504=CARTESIAN_POINT('',(6.110058839149E0,3.016168480393E1,-3.261131465434E1));
#4505=LINE('',#4504,#4503);
#4506=CARTESIAN_POINT('',(6.458325121357E0,3.314517392294E1,-3.347500049433E1));
#4507=DIRECTION('',(0.E0,0.E0,1.E0));
#4508=DIRECTION('',(-8.541662870936E-2,9.963453214322E-1,0.E0));
#4509=AXIS2_PLACEMENT_3D('',#4506,#4507,#4508);
#4511=CARTESIAN_POINT('',(6.308654177061E0,3.315510368984E1,-3.360000047165E1));
#4512=DIRECTION('',(-9.978064763075E-1,6.619845797917E-2,0.E0));
#4513=DIRECTION('',(-1.958386497550E-13,-2.953749910066E-12,1.E0));
#4514=AXIS2_PLACEMENT_3D('',#4511,#4512,#4513);
#4516=CARTESIAN_POINT('',(6.458325121357E0,3.314517392294E1,-3.360000047165E1));
#4517=DIRECTION('',(6.619845797923E-2,9.978064763075E-1,0.E0));
#4518=DIRECTION('',(-9.865172905062E-1,6.544948840484E-2,1.499999999994E-1));
#4519=AXIS2_PLACEMENT_3D('',#4516,#4517,#4518);
#4521=CARTESIAN_POINT('',(6.458325121357E0,3.314517392294E1,-3.360000047165E1));
#4522=DIRECTION('',(6.619845797923E-2,9.978064763075E-1,0.E0));
#4523=DIRECTION('',(-9.899804223298E-1,6.567924637088E-2,1.249999999994E-1));
#4524=AXIS2_PLACEMENT_3D('',#4521,#4522,#4523);
#4526=CARTESIAN_POINT('',(6.458325121357E0,3.314517392294E1,-3.347500049433E1));
#4527=DIRECTION('',(0.E0,0.E0,1.E0));
#4528=DIRECTION('',(-7.917147912662E-1,6.108908980255E-1,0.E0));
#4529=AXIS2_PLACEMENT_3D('',#4526,#4527,#4528);
#4531=DIRECTION('',(6.619845797917E-2,9.978064763075E-1,0.E0));
#4532=VECTOR('',#4531,3.980751540177E0);
#4533=CARTESIAN_POINT('',(6.110058839149E0,3.016168480393E1,-3.347500049433E1));
#4534=LINE('',#4533,#4532);
#4535=DIRECTION('',(-3.290746254534E-14,0.E0,-1.E0));
#4536=VECTOR('',#4535,8.636858399897E-1);
#4537=CARTESIAN_POINT('',(6.110058839149E0,3.016168480393E1,-3.261131465434E1));
#4538=LINE('',#4537,#4536);
#4539=CARTESIAN_POINT('',(6.259729783445E0,3.015175503703E1,-3.360000047165E1));
#4540=DIRECTION('',(6.619845797917E-2,9.978064763075E-1,0.E0));
#4541=DIRECTION('',(-1.496709714465E-1,9.929768696903E-3,9.886859966642E-1));
#4542=AXIS2_PLACEMENT_3D('',#4539,#4540,#4541);
#4544=DIRECTION('',(-9.978064763075E-1,6.619845797921E-2,0.E0));
#4545=VECTOR('',#4544,2.999999455790E-1);
#4546=CARTESIAN_POINT('',(6.409400727740E0,3.014182527014E1,-3.372500044898E1));
#4547=LINE('',#4546,#4545);
#4548=DIRECTION('',(6.619845797917E-2,9.978064763075E-1,0.E0));
#4549=VECTOR('',#4548,3.980751540177E0);
#4550=CARTESIAN_POINT('',(6.409400727740E0,3.014182527014E1,-3.372500044898E1));
#4551=LINE('',#4550,#4549);
#4552=DIRECTION('',(1.748208947723E-14,0.E0,1.E0));
#4553=VECTOR('',#4552,8.636858399888E-1);
#4554=CARTESIAN_POINT('',(6.409400727740E0,3.014182527014E1,-3.458868628896E1));
#4555=LINE('',#4554,#4553);
#4556=CARTESIAN_POINT('',(6.259729783445E0,3.015175503703E1,-3.360000047165E1));
#4557=DIRECTION('',(6.619845797917E-2,9.978064763075E-1,0.E0));
#4558=DIRECTION('',(1.496709714456E-1,-9.929768696839E-3,-9.886859966643E-1));
#4559=AXIS2_PLACEMENT_3D('',#4556,#4557,#4558);
#4561=DIRECTION('',(-6.619845797917E-2,-9.978064763075E-1,0.E0));
#4562=VECTOR('',#4561,3.980751540177E0);
#4563=CARTESIAN_POINT('',(6.373578452707E0,3.413370447129E1,-3.372500044898E1));
#4564=LINE('',#4563,#4562);
#4565=DIRECTION('',(3.187910434084E-14,0.E0,-1.E0));
#4566=VECTOR('',#4565,8.636858399887E-1);
#4567=CARTESIAN_POINT('',(6.110058839149E0,3.016168480393E1,-3.372500044898E1));
#4568=LINE('',#4567,#4566);
#4569=CARTESIAN_POINT('',(6.458325121357E0,3.314517392294E1,-3.360000047165E1));
#4570=DIRECTION('',(6.619845797923E-2,9.978064763075E-1,0.E0));
#4571=DIRECTION('',(-1.496709714465E-1,9.929768696900E-3,-9.886859966642E-1));
#4572=AXIS2_PLACEMENT_3D('',#4569,#4570,#4571);
#4574=CARTESIAN_POINT('',(6.308654177061E0,3.315510368984E1,-3.360000047165E1));
#4575=DIRECTION('',(-9.978064763075E-1,6.619845797917E-2,0.E0));
#4576=DIRECTION('',(6.566724687380E-2,9.897995544334E-1,-1.264304343564E-1));
#4577=AXIS2_PLACEMENT_3D('',#4574,#4575,#4576);
#4579=CARTESIAN_POINT('',(6.458325121357E0,3.314517392294E1,-3.372500044898E1));
#4580=DIRECTION('',(0.E0,0.E0,-1.E0));
#4581=DIRECTION('',(-9.978064763075E-1,6.619845797895E-2,0.E0));
#4582=AXIS2_PLACEMENT_3D('',#4579,#4580,#4581);
#4584=DIRECTION('',(6.619845797917E-2,9.978064763075E-1,0.E0));
#4585=VECTOR('',#4584,2.999999455791E0);
#4586=CARTESIAN_POINT('',(6.409400727740E0,3.014182527014E1,-3.458868628896E1));
#4587=LINE('',#4586,#4585);
#4588=DIRECTION('',(-6.619845797917E-2,-9.978064763075E-1,0.E0));
#4589=VECTOR('',#4588,2.999999455791E0);
#4590=CARTESIAN_POINT('',(6.308654177061E0,3.315510368984E1,-3.458868628896E1));
#4591=LINE('',#4590,#4589);
#4592=DIRECTION('',(6.619845797917E-2,9.978064763075E-1,0.E0));
#4593=VECTOR('',#4592,3.999999274389E0);
#4594=CARTESIAN_POINT('',(5.203551094730E0,2.921962797619E1,-3.372500044898E1));
#4595=LINE('',#4594,#4593);
#4596=DIRECTION('',(-6.619845797917E-2,-9.978064763075E-1,0.E0));
#4597=VECTOR('',#4596,3.999999274389E0);
#4598=CARTESIAN_POINT('',(7.448305364101E0,3.307949468849E1,-3.372500044898E1));
#4599=LINE('',#4598,#4597);
#4600=CARTESIAN_POINT('',(6.458325121357E0,3.314517392294E1,-3.372500044898E1));
#4601=DIRECTION('',(0.E0,0.E0,-1.E0));
#4602=DIRECTION('',(2.162916904767E-1,9.763287892051E-1,0.E0));
#4603=AXIS2_PLACEMENT_3D('',#4600,#4601,#4602);
#4605=CARTESIAN_POINT('',(6.607996065652E0,3.313524415605E1,-3.360000047165E1));
#4606=DIRECTION('',(9.978064763075E-1,-6.619845797917E-2,0.E0));
#4607=DIRECTION('',(-1.194795431991E-13,-1.796684860137E-12,-1.E0));
#4608=AXIS2_PLACEMENT_3D('',#4605,#4606,#4607);
#4610=CARTESIAN_POINT('',(6.458325121357E0,3.314517392294E1,-3.360000047165E1));
#4611=DIRECTION('',(6.619845797923E-2,9.978064763075E-1,0.E0));
#4612=DIRECTION('',(9.865172905062E-1,-6.544948840484E-2,-1.499999999994E-1));
#4613=AXIS2_PLACEMENT_3D('',#4610,#4611,#4612);
#4615=CARTESIAN_POINT('',(6.458325121357E0,3.314517392294E1,-3.360000047165E1));
#4616=DIRECTION('',(6.619845797923E-2,9.978064763075E-1,0.E0));
#4617=DIRECTION('',(9.899804223297E-1,-6.567924637087E-2,-1.250000000004E-1));
#4618=AXIS2_PLACEMENT_3D('',#4615,#4616,#4617);
#4620=CARTESIAN_POINT('',(6.458325121357E0,3.314517392294E1,-3.372500044898E1));
#4621=DIRECTION('',(0.E0,0.E0,-1.E0));
#4622=DIRECTION('',(8.654784879410E-1,5.009460918216E-1,0.E0));
#4623=AXIS2_PLACEMENT_3D('',#4620,#4621,#4622);
#4625=DIRECTION('',(-9.978064763075E-1,6.619845797909E-2,0.E0));
#4626=VECTOR('',#4625,2.999999455790E-1);
#4627=CARTESIAN_POINT('',(1.420369251227E0,3.047281749999E1,-3.372500044898E1));
#4628=LINE('',#4627,#4626);
#4629=DIRECTION('',(6.619845797917E-2,9.978064763075E-1,0.E0));
#4630=VECTOR('',#4629,3.980751540177E0);
#4631=CARTESIAN_POINT('',(1.420369251227E0,3.047281749999E1,-3.372500044898E1));
#4632=LINE('',#4631,#4630);
#4633=DIRECTION('',(3.290746254538E-14,-2.056716409086E-14,1.E0));
#4634=VECTOR('',#4633,8.636858399887E-1);
#4635=CARTESIAN_POINT('',(1.420369251227E0,3.047281749999E1,-3.458868628896E1));
#4636=LINE('',#4635,#4634);
#4637=CARTESIAN_POINT('',(1.270698306931E0,3.048274726689E1,-3.360000047165E1));
#4638=DIRECTION('',(6.619845797917E-2,9.978064763075E-1,0.E0));
#4639=DIRECTION('',(1.496709714466E-1,-9.929768696903E-3,-9.886859966642E-1));
#4640=AXIS2_PLACEMENT_3D('',#4637,#4638,#4639);
#4642=DIRECTION('',(-6.619845797917E-2,-9.978064763075E-1,0.E0));
#4643=VECTOR('',#4642,3.980751540177E0);
#4644=CARTESIAN_POINT('',(1.384546976194E0,3.446469670114E1,-3.372500044898E1));
#4645=LINE('',#4644,#4643);
#4646=DIRECTION('',(2.133843274427E-14,2.468059690903E-14,-1.E0));
#4647=VECTOR('',#4646,8.636858399888E-1);
#4648=CARTESIAN_POINT('',(1.121027362636E0,3.049267703378E1,-3.372500044898E1));
#4649=LINE('',#4648,#4647);
#4650=CARTESIAN_POINT('',(1.469293644843E0,3.347616615280E1,-3.360000047165E1));
#4651=DIRECTION('',(6.619845797923E-2,9.978064763075E-1,0.E0));
#4652=DIRECTION('',(-1.496709714455E-1,9.929768696836E-3,-9.886859966643E-1));
#4653=AXIS2_PLACEMENT_3D('',#4650,#4651,#4652);
#4655=CARTESIAN_POINT('',(1.319622700548E0,3.348609591969E1,-3.360000047165E1));
#4656=DIRECTION('',(-9.978064763075E-1,6.619845797917E-2,0.E0));
#4657=DIRECTION('',(6.566724687380E-2,9.897995544334E-1,-1.264304343564E-1));
#4658=AXIS2_PLACEMENT_3D('',#4655,#4656,#4657);
#4660=CARTESIAN_POINT('',(1.469293644843E0,3.347616615280E1,-3.372500044898E1));
#4661=DIRECTION('',(0.E0,0.E0,-1.E0));
#4662=DIRECTION('',(-9.978064763075E-1,6.619845797893E-2,0.E0));
#4663=AXIS2_PLACEMENT_3D('',#4660,#4661,#4662);
#4665=DIRECTION('',(6.619845797917E-2,9.978064763075E-1,0.E0));
#4666=VECTOR('',#4665,2.999999455791E0);
#4667=CARTESIAN_POINT('',(1.420369251227E0,3.047281749999E1,-3.458868628896E1));
#4668=LINE('',#4667,#4666);
#4669=DIRECTION('',(-6.619845797917E-2,-9.978064763075E-1,0.E0));
#4670=VECTOR('',#4669,2.999999455791E0);
#4671=CARTESIAN_POINT('',(1.319622700548E0,3.348609591969E1,-3.458868628896E1));
#4672=LINE('',#4671,#4670);
#4673=DIRECTION('',(6.619845797917E-2,9.978064763075E-1,0.E0));
#4674=VECTOR('',#4673,3.999999274389E0);
#4675=CARTESIAN_POINT('',(2.145196182162E-1,2.955062020604E1,
-3.372500044898E1));
#4676=LINE('',#4675,#4674);
#4677=DIRECTION('',(-6.619845797917E-2,-9.978064763075E-1,0.E0));
#4678=VECTOR('',#4677,3.999999274389E0);
#4679=CARTESIAN_POINT('',(2.459273887587E0,3.341048691834E1,-3.372500044898E1));
#4680=LINE('',#4679,#4678);
#4681=CARTESIAN_POINT('',(1.469293644843E0,3.347616615280E1,-3.372500044898E1));
#4682=DIRECTION('',(0.E0,0.E0,-1.E0));
#4683=DIRECTION('',(2.162916904777E-1,9.763287892049E-1,0.E0));
#4684=AXIS2_PLACEMENT_3D('',#4681,#4682,#4683);
#4686=CARTESIAN_POINT('',(1.618964589139E0,3.346623638590E1,-3.360000047165E1));
#4687=DIRECTION('',(9.978064763075E-1,-6.619845797917E-2,0.E0));
#4688=DIRECTION('',(-1.940419648949E-13,-2.925002952304E-12,-1.E0));
#4689=AXIS2_PLACEMENT_3D('',#4686,#4687,#4688);
#4691=CARTESIAN_POINT('',(1.469293644843E0,3.347616615280E1,-3.360000047165E1));
#4692=DIRECTION('',(6.619845797923E-2,9.978064763075E-1,0.E0));
#4693=DIRECTION('',(9.865172905061E-1,-6.544948840482E-2,-1.500000000004E-1));
#4694=AXIS2_PLACEMENT_3D('',#4691,#4692,#4693);
#4696=CARTESIAN_POINT('',(1.469293644843E0,3.347616615280E1,-3.360000047165E1));
#4697=DIRECTION('',(6.619845797923E-2,9.978064763075E-1,0.E0));
#4698=DIRECTION('',(9.899804223297E-1,-6.567924637087E-2,-1.250000000004E-1));
#4699=AXIS2_PLACEMENT_3D('',#4696,#4697,#4698);
#4701=CARTESIAN_POINT('',(1.469293644843E0,3.347616615280E1,-3.372500044898E1));
#4702=DIRECTION('',(0.E0,0.E0,-1.E0));
#4703=DIRECTION('',(8.654784879361E-1,5.009460918300E-1,0.E0));
#4704=AXIS2_PLACEMENT_3D('',#4701,#4702,#4703);
#4706=DIRECTION('',(9.978064763075E-1,-6.619845797911E-2,0.E0));
#4707=VECTOR('',#4706,2.999999455790E-1);
#4708=CARTESIAN_POINT('',(1.121027362636E0,3.049267703378E1,-3.347500049433E1));
#4709=LINE('',#4708,#4707);
#4710=DIRECTION('',(-6.619845797917E-2,-9.978064763075E-1,0.E0));
#4711=VECTOR('',#4710,3.980751540177E0);
#4712=CARTESIAN_POINT('',(1.683888864785E0,3.444483716735E1,-3.347500049433E1));
#4713=LINE('',#4712,#4711);
#4714=DIRECTION('',(-1.876753723289E-14,0.E0,1.E0));
#4715=VECTOR('',#4714,8.636858399897E-1);
#4716=CARTESIAN_POINT('',(1.420369251227E0,3.047281749999E1,-3.347500049433E1));
#4717=LINE('',#4716,#4715);
#4718=CARTESIAN_POINT('',(1.469293644843E0,3.347616615280E1,-3.360000047165E1));
#4719=DIRECTION('',(6.619845797923E-2,9.978064763075E-1,0.E0));
#4720=DIRECTION('',(1.496709714465E-1,-9.929768696900E-3,9.886859966642E-1));
#4721=AXIS2_PLACEMENT_3D('',#4718,#4719,#4720);
#4723=CARTESIAN_POINT('',(1.618964589139E0,3.346623638590E1,-3.360000047165E1));
#4724=DIRECTION('',(9.978064763075E-1,-6.619845797917E-2,0.E0));
#4725=DIRECTION('',(6.566724687381E-2,9.897995544335E-1,1.264304343554E-1));
#4726=AXIS2_PLACEMENT_3D('',#4723,#4724,#4725);
#4728=CARTESIAN_POINT('',(1.469293644843E0,3.347616615280E1,-3.347500049433E1));
#4729=DIRECTION('',(0.E0,0.E0,1.E0));
#4730=DIRECTION('',(9.978064763074E-1,-6.619845797990E-2,0.E0));
#4731=AXIS2_PLACEMENT_3D('',#4728,#4729,#4730);
#4733=DIRECTION('',(-6.619845797917E-2,-9.978064763075E-1,0.E0));
#4734=VECTOR('',#4733,2.999999455790E0);
#4735=CARTESIAN_POINT('',(1.618964589139E0,3.346623638590E1,-3.261131465434E1));
#4736=LINE('',#4735,#4734);
#4737=DIRECTION('',(6.619845797917E-2,9.978064763075E-1,0.E0));
#4738=VECTOR('',#4737,3.999999274389E0);
#4739=CARTESIAN_POINT('',(2.194480103705E0,2.941926173713E1,-3.347500049433E1));
#4740=LINE('',#4739,#4738);
#4741=DIRECTION('',(-6.619845797917E-2,-9.978064763075E-1,0.E0));
#4742=VECTOR('',#4741,3.999999274389E0);
#4743=CARTESIAN_POINT('',(4.793134020985E-1,3.354184538725E1,
-3.347500049433E1));
#4744=LINE('',#4743,#4742);
#4745=DIRECTION('',(6.619845797917E-2,9.978064763075E-1,0.E0));
#4746=VECTOR('',#4745,2.999999455791E0);
#4747=CARTESIAN_POINT('',(1.121027362636E0,3.049267703378E1,-3.261131465434E1));
#4748=LINE('',#4747,#4746);
#4749=CARTESIAN_POINT('',(1.469293644843E0,3.347616615280E1,-3.347500049433E1));
#4750=DIRECTION('',(0.E0,0.E0,1.E0));
#4751=DIRECTION('',(-8.541662870835E-2,9.963453214323E-1,0.E0));
#4752=AXIS2_PLACEMENT_3D('',#4749,#4750,#4751);
#4754=CARTESIAN_POINT('',(1.319622700548E0,3.348609591969E1,-3.360000047165E1));
#4755=DIRECTION('',(-9.978064763075E-1,6.619845797917E-2,0.E0));
#4756=DIRECTION('',(-1.253187689946E-13,-1.890112472865E-12,1.E0));
#4757=AXIS2_PLACEMENT_3D('',#4754,#4755,#4756);
#4759=CARTESIAN_POINT('',(1.469293644843E0,3.347616615280E1,-3.360000047165E1));
#4760=DIRECTION('',(6.619845797923E-2,9.978064763075E-1,0.E0));
#4761=DIRECTION('',(-9.865172905061E-1,6.544948840482E-2,1.500000000004E-1));
#4762=AXIS2_PLACEMENT_3D('',#4759,#4760,#4761);
#4764=CARTESIAN_POINT('',(1.469293644843E0,3.347616615280E1,-3.360000047165E1));
#4765=DIRECTION('',(6.619845797923E-2,9.978064763075E-1,0.E0));
#4766=DIRECTION('',(-9.899804223298E-1,6.567924637088E-2,1.249999999994E-1));
#4767=AXIS2_PLACEMENT_3D('',#4764,#4765,#4766);
#4769=CARTESIAN_POINT('',(1.469293644843E0,3.347616615280E1,-3.347500049433E1));
#4770=DIRECTION('',(0.E0,0.E0,1.E0));
#4771=DIRECTION('',(-7.917147912597E-1,6.108908980338E-1,0.E0));
#4772=AXIS2_PLACEMENT_3D('',#4769,#4770,#4771);
#4774=DIRECTION('',(6.619845797917E-2,9.978064763075E-1,0.E0));
#4775=VECTOR('',#4774,3.980751540177E0);
#4776=CARTESIAN_POINT('',(1.121027362636E0,3.049267703378E1,-3.347500049433E1));
#4777=LINE('',#4776,#4775);
#4778=DIRECTION('',(-2.236679094878E-14,1.234029845450E-14,-1.E0));
#4779=VECTOR('',#4778,8.636858399898E-1);
#4780=CARTESIAN_POINT('',(1.121027362636E0,3.049267703378E1,-3.261131465434E1));
#4781=LINE('',#4780,#4779);
#4782=CARTESIAN_POINT('',(1.270698306931E0,3.048274726689E1,-3.360000047165E1));
#4783=DIRECTION('',(6.619845797917E-2,9.978064763075E-1,0.E0));
#4784=DIRECTION('',(-1.496709714456E-1,9.929768696839E-3,9.886859966643E-1));
#4785=AXIS2_PLACEMENT_3D('',#4782,#4783,#4784);
#4787=DIRECTION('',(9.978064763075E-1,-6.619845797918E-2,5.329071484925E-14));
#4788=VECTOR('',#4787,2.999999455782E0);
#4789=CARTESIAN_POINT('',(-3.786463457846E0,3.582925035164E1,
-3.130000088888E1));
#4790=LINE('',#4789,#4788);
#4791=DIRECTION('',(-9.978064763075E-1,6.619845797917E-2,-8.061928656659E-14));
#4792=VECTOR('',#4791,2.599999528352E0);
#4793=CARTESIAN_POINT('',(-1.005845520197E0,3.544433344386E1,
-3.150000085260E1));
#4794=LINE('',#4793,#4792);
#4795=DIRECTION('',(-1.515696056399E-14,0.E0,1.E0));
#4796=VECTOR('',#4795,4.599999165539E0);
#4797=CARTESIAN_POINT('',(-3.786463457846E0,3.582925035164E1,
-3.590000005442E1));
#4798=LINE('',#4797,#4796);
#4799=DIRECTION('',(0.E0,1.691768725368E-14,-1.E0));
#4800=VECTOR('',#4799,4.199999238109E0);
#4801=CARTESIAN_POINT('',(-3.600141887983E0,3.561644940339E1,
-3.150000085260E1));
#4802=LINE('',#4801,#4800);
#4803=DIRECTION('',(5.378641401628E-1,-6.143035352264E-1,-5.773502691913E-1));
#4804=VECTOR('',#4803,3.464100986655E-1);
#4805=CARTESIAN_POINT('',(-3.786463457846E0,3.582925035164E1,
-3.130000088888E1));
#4806=LINE('',#4805,#4804);
#4807=DIRECTION('',(-9.978064763075E-1,6.619845797918E-2,0.E0));
#4808=VECTOR('',#4807,2.999999455782E0);
#4809=CARTESIAN_POINT('',(-7.930445719470E-1,3.563065501373E1,
-3.590000005442E1));
#4810=LINE('',#4809,#4808);
#4811=DIRECTION('',(6.143035352314E-1,5.378641401576E-1,-5.773502691908E-1));
#4812=VECTOR('',#4811,3.464100986654E-1);
#4813=CARTESIAN_POINT('',(-1.005845520197E0,3.544433344386E1,
-3.570000009071E1));
#4814=LINE('',#4813,#4812);
#4815=DIRECTION('',(9.978064763075E-1,-6.619845797917E-2,-2.186285737399E-14));
#4816=VECTOR('',#4815,2.599999528352E0);
#4817=CARTESIAN_POINT('',(-3.600141887983E0,3.561644940339E1,
-3.570000009071E1));
#4818=LINE('',#4817,#4816);
#4819=DIRECTION('',(5.378641401629E-1,-6.143035352265E-1,5.773502691911E-1));
#4820=VECTOR('',#4819,3.464100986653E-1);
#4821=CARTESIAN_POINT('',(-3.786463457846E0,3.582925035164E1,
-3.590000005442E1));
#4822=LINE('',#4821,#4820);
#4823=DIRECTION('',(-2.431917542716E-14,-1.522591852831E-14,1.E0));
#4824=VECTOR('',#4823,4.199999238110E0);
#4825=CARTESIAN_POINT('',(-1.005845520197E0,3.544433344386E1,
-3.570000009071E1));
#4826=LINE('',#4825,#4824);
#4827=DIRECTION('',(0.E0,0.E0,-1.E0));
#4828=VECTOR('',#4827,4.599999165539E0);
#4829=CARTESIAN_POINT('',(-7.930445719470E-1,3.563065501373E1,
-3.130000088888E1));
#4830=LINE('',#4829,#4828);
#4831=DIRECTION('',(6.143035352313E-1,5.378641401575E-1,5.773502691910E-1));
#4832=VECTOR('',#4831,3.464100986656E-1);
#4833=CARTESIAN_POINT('',(-1.005845520197E0,3.544433344386E1,
-3.150000085260E1));
#4834=LINE('',#4833,#4832);
#4835=DIRECTION('',(0.E0,1.015061235221E-14,1.E0));
#4836=VECTOR('',#4835,4.199999238109E0);
#4837=CARTESIAN_POINT('',(-1.058804276974E0,3.464608840762E1,
-3.570000009071E1));
#4838=LINE('',#4837,#4836);
#4839=DIRECTION('',(-6.619845797938E-2,-9.978064763075E-1,3.197442890944E-13));
#4840=VECTOR('',#4839,7.999998548780E-1);
#4841=CARTESIAN_POINT('',(-1.005845520197E0,3.544433344386E1,
-3.570000009071E1));
#4842=LINE('',#4841,#4840);
#4843=DIRECTION('',(-9.978064763075E-1,6.619845797919E-2,0.E0));
#4844=VECTOR('',#4843,2.599999528352E0);
#4845=CARTESIAN_POINT('',(-1.058804276974E0,3.464608840762E1,
-3.150000085260E1));
#4846=LINE('',#4845,#4844);
#4847=DIRECTION('',(-6.619845797926E-2,-9.978064763075E-1,-3.819167897518E-13));
#4848=VECTOR('',#4847,7.999998548779E-1);
#4849=CARTESIAN_POINT('',(-1.005845520197E0,3.544433344386E1,
-3.150000085260E1));
#4850=LINE('',#4849,#4848);
#4851=DIRECTION('',(0.E0,-1.015061235221E-14,-1.E0));
#4852=VECTOR('',#4851,4.199999238109E0);
#4853=CARTESIAN_POINT('',(-3.653100644760E0,3.481820436715E1,
-3.150000085260E1));
#4854=LINE('',#4853,#4852);
#4855=DIRECTION('',(-6.619845797910E-2,-9.978064763075E-1,-1.154632155063E-13));
#4856=VECTOR('',#4855,7.999998548779E-1);
#4857=CARTESIAN_POINT('',(-3.600141887983E0,3.561644940339E1,
-3.150000085260E1));
#4858=LINE('',#4857,#4856);
#4859=DIRECTION('',(9.978064763075E-1,-6.619845797919E-2,0.E0));
#4860=VECTOR('',#4859,2.599999528352E0);
#4861=CARTESIAN_POINT('',(-3.653100644760E0,3.481820436715E1,
-3.570000009071E1));
#4862=LINE('',#4861,#4860);
#4863=DIRECTION('',(-6.619845797908E-2,-9.978064763075E-1,2.575717884372E-13));
#4864=VECTOR('',#4863,7.999998548780E-1);
#4865=CARTESIAN_POINT('',(-3.600141887983E0,3.561644940339E1,
-3.570000009071E1));
#4866=LINE('',#4865,#4864);
#4867=DIRECTION('',(0.E0,0.E0,1.E0));
#4868=VECTOR('',#4867,3.999999274389E0);
#4869=CARTESIAN_POINT('',(-1.158584906503E0,3.465270825222E1,
-3.560000010885E1));
#4870=LINE('',#4869,#4868);
#4871=DIRECTION('',(9.978064763075E-1,-6.619845797916E-2,0.E0));
#4872=VECTOR('',#4871,2.399999564634E0);
#4873=CARTESIAN_POINT('',(-3.553320015230E0,3.481158452255E1,
-3.560000010885E1));
#4874=LINE('',#4873,#4872);
#4875=DIRECTION('',(0.E0,0.E0,-1.E0));
#4876=VECTOR('',#4875,3.999999274389E0);
#4877=CARTESIAN_POINT('',(-3.553320015230E0,3.481158452255E1,
-3.160000083446E1));
#4878=LINE('',#4877,#4876);
#4879=DIRECTION('',(-9.978064763075E-1,6.619845797916E-2,0.E0));
#4880=VECTOR('',#4879,2.399999564634E0);
#4881=CARTESIAN_POINT('',(-1.158584906503E0,3.465270825222E1,
-3.160000083446E1));
#4882=LINE('',#4881,#4880);
#4883=DIRECTION('',(-6.619845797917E-2,-9.978064763075E-1,0.E0));
#4884=VECTOR('',#4883,4.999999092986E0);
#4885=CARTESIAN_POINT('',(-1.158584906503E0,3.465270825222E1,
-3.560000010885E1));
#4886=LINE('',#4885,#4884);
#4887=DIRECTION('',(0.E0,0.E0,1.E0));
#4888=VECTOR('',#4887,3.999999274389E0);
#4889=CARTESIAN_POINT('',(-1.489577136356E0,2.966367677571E1,
-3.560000010885E1));
#4890=LINE('',#4889,#4888);
#4891=DIRECTION('',(-6.619845797917E-2,-9.978064763075E-1,0.E0));
#4892=VECTOR('',#4891,4.999999092986E0);
#4893=CARTESIAN_POINT('',(-3.553320015230E0,3.481158452255E1,
-3.560000010885E1));
#4894=LINE('',#4893,#4892);
#4895=DIRECTION('',(9.978064763075E-1,-6.619845797918E-2,0.E0));
#4896=VECTOR('',#4895,2.399999564634E0);
#4897=CARTESIAN_POINT('',(-3.884312245083E0,2.982255304604E1,
-3.560000010885E1));
#4898=LINE('',#4897,#4896);
#4899=DIRECTION('',(-6.619845797917E-2,-9.978064763075E-1,0.E0));
#4900=VECTOR('',#4899,4.999999092986E0);
#4901=CARTESIAN_POINT('',(-3.553320015230E0,3.481158452255E1,
-3.160000083446E1));
#4902=LINE('',#4901,#4900);
#4903=DIRECTION('',(0.E0,0.E0,-1.E0));
#4904=VECTOR('',#4903,3.999999274389E0);
#4905=CARTESIAN_POINT('',(-3.884312245083E0,2.982255304604E1,
-3.160000083446E1));
#4906=LINE('',#4905,#4904);
#4907=DIRECTION('',(-6.619845797917E-2,-9.978064763075E-1,0.E0));
#4908=VECTOR('',#4907,4.999999092986E0);
#4909=CARTESIAN_POINT('',(-1.158584906503E0,3.465270825222E1,
-3.160000083446E1));
#4910=LINE('',#4909,#4908);
#4911=DIRECTION('',(-9.978064763075E-1,6.619845797918E-2,0.E0));
#4912=VECTOR('',#4911,2.399999564634E0);
#4913=CARTESIAN_POINT('',(-1.489577136356E0,2.966367677571E1,
-3.160000083446E1));
#4914=LINE('',#4913,#4912);
#4915=DIRECTION('',(-9.978064763075E-1,6.619845797923E-2,0.E0));
#4916=VECTOR('',#4915,3.999999274390E-1);
#4917=CARTESIAN_POINT('',(-2.437493116894E0,2.972656529938E1,
-3.240000068933E1));
#4918=LINE('',#4917,#4916);
#4919=DIRECTION('',(0.E0,4.440892904090E-14,1.E0));
#4920=VECTOR('',#4919,3.999999274390E-1);
#4921=CARTESIAN_POINT('',(-2.437493116894E0,2.972656529938E1,
-3.280000061677E1));
#4922=LINE('',#4921,#4920);
#4923=DIRECTION('',(9.978064763075E-1,-6.619845797922E-2,1.776357161636E-14));
#4924=VECTOR('',#4923,3.999999274390E-1);
#4925=CARTESIAN_POINT('',(-2.836615635015E0,2.975304467777E1,
-3.280000061677E1));
#4926=LINE('',#4925,#4924);
#4927=DIRECTION('',(0.E0,-5.329071484908E-14,-1.E0));
#4928=VECTOR('',#4927,3.999999274390E-1);
#4929=CARTESIAN_POINT('',(-2.836615635015E0,2.975304467777E1,
-3.240000068933E1));
#4930=LINE('',#4929,#4928);
#4931=DIRECTION('',(9.978064763075E-1,-6.619845797922E-2,0.E0));
#4932=VECTOR('',#4931,3.999999274390E-1);
#4933=CARTESIAN_POINT('',(-2.836615635015E0,2.975304467777E1,
-3.480000025397E1));
#4934=LINE('',#4933,#4932);
#4935=DIRECTION('',(0.E0,-5.329071484908E-14,-1.E0));
#4936=VECTOR('',#4935,3.999999274390E-1);
#4937=CARTESIAN_POINT('',(-2.836615635015E0,2.975304467777E1,
-3.440000032653E1));
#4938=LINE('',#4937,#4936);
#4939=DIRECTION('',(-9.978064763075E-1,6.619845797923E-2,0.E0));
#4940=VECTOR('',#4939,3.999999274390E-1);
#4941=CARTESIAN_POINT('',(-2.437493116894E0,2.972656529938E1,
-3.440000032653E1));
#4942=LINE('',#4941,#4940);
#4943=DIRECTION('',(0.E0,4.440892904090E-14,1.E0));
#4944=VECTOR('',#4943,3.999999274390E-1);
#4945=CARTESIAN_POINT('',(-2.437493116894E0,2.972656529938E1,
-3.480000025397E1));
#4946=LINE('',#4945,#4944);
#4947=DIRECTION('',(6.619845797917E-2,9.978064763075E-1,0.E0));
#4948=VECTOR('',#4947,3.299999401371E0);
#4949=CARTESIAN_POINT('',(-2.437493116894E0,2.972656529938E1,
-3.240000068933E1));
#4950=LINE('',#4949,#4948);
#4951=DIRECTION('',(-9.978064763075E-1,6.619845797970E-2,1.614248813176E-13));
#4952=VECTOR('',#4951,1.320507836141E-1);
#4953=CARTESIAN_POINT('',(-2.319619717720E0,3.352709813160E1,
-3.253397526125E1));
#4954=LINE('',#4953,#4952);
#4955=DIRECTION('',(9.978064763075E-1,-6.619845797913E-2,-1.065814296982E-13));
#4956=VECTOR('',#4955,3.999999274389E-1);
#4957=CARTESIAN_POINT('',(-2.618160763312E0,3.304580545227E1,
-3.240000068933E1));
#4958=LINE('',#4957,#4956);
#4959=DIRECTION('',(5.773160775317E-14,3.552714323272E-14,1.E0));
#4960=VECTOR('',#4959,3.999999274389E-1);
#4961=CARTESIAN_POINT('',(-2.618160763312E0,3.304580545227E1,
-3.280000061677E1));
#4962=LINE('',#4961,#4960);
#4963=DIRECTION('',(2.656784505018E-13,1.183782462995E-12,-1.E0));
#4964=VECTOR('',#4963,1.320507836142E-1);
#4965=CARTESIAN_POINT('',(-2.451380844812E0,3.353583968985E1,
-3.253397526125E1));
#4966=LINE('',#4965,#4964);
#4967=DIRECTION('',(3.119162386454E-1,9.164750622764E-1,-2.505628070858E-1));
#4968=VECTOR('',#4967,5.346945680818E-1);
#4969=CARTESIAN_POINT('',(-2.618160763312E0,3.304580545227E1,
-3.240000068933E1));
#4970=LINE('',#4969,#4968);
#4971=DIRECTION('',(6.619845797921E-2,9.978064763075E-1,1.291896117554E-14));
#4972=VECTOR('',#4971,3.299999401371E0);
#4973=CARTESIAN_POINT('',(-2.836615635015E0,2.975304467777E1,
-3.240000068933E1));
#4974=LINE('',#4973,#4972);
#4975=DIRECTION('',(6.619845797920E-2,9.978064763075E-1,2.799108254700E-14));
#4976=VECTOR('',#4975,3.299999401371E0);
#4977=CARTESIAN_POINT('',(-2.836615635015E0,2.975304467777E1,
-3.280000061677E1));
#4978=LINE('',#4977,#4976);
#4979=DIRECTION('',(9.978064763075E-1,-6.619845797962E-2,-5.918912314982E-13));
#4980=VECTOR('',#4979,1.320507836140E-1);
#4981=CARTESIAN_POINT('',(-2.451380844812E0,3.353583968985E1,
-3.266602604486E1));
#4982=LINE('',#4981,#4980);
#4983=DIRECTION('',(3.119162386454E-1,9.164750622762E-1,2.505628070867E-1));
#4984=VECTOR('',#4983,5.346945680821E-1);
#4985=CARTESIAN_POINT('',(-2.618160763312E0,3.304580545227E1,
-3.280000061677E1));
#4986=LINE('',#4985,#4984);
#4987=DIRECTION('',(-9.978064763075E-1,6.619845797909E-2,2.131628593964E-13));
#4988=VECTOR('',#4987,3.999999274389E-1);
#4989=CARTESIAN_POINT('',(-2.219038245191E0,3.301932607388E1,
-3.280000061677E1));
#4990=LINE('',#4989,#4988);
#4991=DIRECTION('',(1.881101446196E-1,-9.496488051885E-1,-2.505628070868E-1));
#4992=VECTOR('',#4991,5.346945680819E-1);
#4993=CARTESIAN_POINT('',(-2.319619717720E0,3.352709813160E1,
-3.266602604486E1));
#4994=LINE('',#4993,#4992);
#4995=DIRECTION('',(2.320482668939E-13,-1.291399050540E-12,1.E0));
#4996=VECTOR('',#4995,1.320507836142E-1);
#4997=CARTESIAN_POINT('',(-2.319619717720E0,3.352709813160E1,
-3.266602604486E1));
#4998=LINE('',#4997,#4996);
#4999=DIRECTION('',(0.E0,-1.776357161636E-14,-1.E0));
#5000=VECTOR('',#4999,3.999999274390E-1);
#5001=CARTESIAN_POINT('',(-2.219038245191E0,3.301932607388E1,
-3.240000068933E1));
#5002=LINE('',#5001,#5000);
#5003=DIRECTION('',(1.881101446197E-1,-9.496488051887E-1,2.505628070859E-1));
#5004=VECTOR('',#5003,5.346945680816E-1);
#5005=CARTESIAN_POINT('',(-2.319619717720E0,3.352709813160E1,
-3.253397526125E1));
#5006=LINE('',#5005,#5004);
#5007=DIRECTION('',(6.619845797917E-2,9.978064763075E-1,0.E0));
#5008=VECTOR('',#5007,3.299999401371E0);
#5009=CARTESIAN_POINT('',(-2.437493116894E0,2.972656529938E1,
-3.280000061677E1));
#5010=LINE('',#5009,#5008);
#5011=DIRECTION('',(6.619845797917E-2,9.978064763075E-1,0.E0));
#5012=VECTOR('',#5011,3.299999401371E0);
#5013=CARTESIAN_POINT('',(-2.836615635015E0,2.975304467777E1,
-3.480000025397E1));
#5014=LINE('',#5013,#5012);
#5015=DIRECTION('',(9.978064763075E-1,-6.619845797908E-2,2.152331750897E-13));
#5016=VECTOR('',#5015,1.320507836144E-1);
#5017=CARTESIAN_POINT('',(-2.451380844813E0,3.353583968985E1,
-3.466602568206E1));
#5018=LINE('',#5017,#5016);
#5019=DIRECTION('',(-9.978064763075E-1,6.619845797913E-2,-5.329071484908E-14));
#5020=VECTOR('',#5019,3.999999274390E-1);
#5021=CARTESIAN_POINT('',(-2.219038245191E0,3.301932607388E1,
-3.480000025397E1));
#5022=LINE('',#5021,#5020);
#5023=DIRECTION('',(0.E0,-5.329071484908E-14,-1.E0));
#5024=VECTOR('',#5023,3.999999274390E-1);
#5025=CARTESIAN_POINT('',(-2.219038245191E0,3.301932607388E1,
-3.440000032653E1));
#5026=LINE('',#5025,#5024);
#5027=DIRECTION('',(3.363018360776E-14,0.E0,1.E0));
#5028=VECTOR('',#5027,1.320507836144E-1);
#5029=CARTESIAN_POINT('',(-2.319619717721E0,3.352709813160E1,
-3.466602568206E1));
#5030=LINE('',#5029,#5028);
#5031=DIRECTION('',(-1.881101446200E-1,9.496488051886E-1,2.505628070862E-1));
#5032=VECTOR('',#5031,5.346945680818E-1);
#5033=CARTESIAN_POINT('',(-2.219038245191E0,3.301932607388E1,
-3.480000025397E1));
#5034=LINE('',#5033,#5032);
#5035=DIRECTION('',(6.619845797917E-2,9.978064763075E-1,0.E0));
#5036=VECTOR('',#5035,3.299999401371E0);
#5037=CARTESIAN_POINT('',(-2.437493116894E0,2.972656529938E1,
-3.480000025397E1));
#5038=LINE('',#5037,#5036);
#5039=DIRECTION('',(6.619845797917E-2,9.978064763075E-1,0.E0));
#5040=VECTOR('',#5039,3.299999401371E0);
#5041=CARTESIAN_POINT('',(-2.437493116894E0,2.972656529938E1,
-3.440000032653E1));
#5042=LINE('',#5041,#5040);
#5043=DIRECTION('',(-9.978064763075E-1,6.619845797908E-2,-5.380829377242E-14));
#5044=VECTOR('',#5043,1.320507836144E-1);
#5045=CARTESIAN_POINT('',(-2.319619717721E0,3.352709813160E1,
-3.453397489844E1));
#5046=LINE('',#5045,#5044);
#5047=DIRECTION('',(-1.881101446200E-1,9.496488051886E-1,-2.505628070862E-1));
#5048=VECTOR('',#5047,5.346945680818E-1);
#5049=CARTESIAN_POINT('',(-2.219038245191E0,3.301932607388E1,
-3.440000032653E1));
#5050=LINE('',#5049,#5048);
#5051=DIRECTION('',(9.978064763075E-1,-6.619845797914E-2,0.E0));
#5052=VECTOR('',#5051,3.999999274390E-1);
#5053=CARTESIAN_POINT('',(-2.618160763312E0,3.304580545227E1,
-3.440000032653E1));
#5054=LINE('',#5053,#5052);
#5055=DIRECTION('',(-3.119162386448E-1,-9.164750622765E-1,2.505628070861E-1));
#5056=VECTOR('',#5055,5.346945680818E-1);
#5057=CARTESIAN_POINT('',(-2.451380844813E0,3.353583968985E1,
-3.453397489844E1));
#5058=LINE('',#5057,#5056);
#5059=DIRECTION('',(-4.035622032931E-14,0.E0,-1.E0));
#5060=VECTOR('',#5059,1.320507836144E-1);
#5061=CARTESIAN_POINT('',(-2.451380844813E0,3.353583968985E1,
-3.453397489844E1));
#5062=LINE('',#5061,#5060);
#5063=DIRECTION('',(1.998401806840E-14,3.552714323272E-14,1.E0));
#5064=VECTOR('',#5063,3.999999274390E-1);
#5065=CARTESIAN_POINT('',(-2.618160763312E0,3.304580545227E1,
-3.480000025397E1));
#5066=LINE('',#5065,#5064);
#5067=DIRECTION('',(-3.119162386448E-1,-9.164750622765E-1,-2.505628070862E-1));
#5068=VECTOR('',#5067,5.346945680818E-1);
#5069=CARTESIAN_POINT('',(-2.451380844813E0,3.353583968985E1,
-3.466602568206E1));
#5070=LINE('',#5069,#5068);
#5071=DIRECTION('',(6.619845797917E-2,9.978064763075E-1,0.E0));
#5072=VECTOR('',#5071,3.299999401371E0);
#5073=CARTESIAN_POINT('',(-2.836615635015E0,2.975304467777E1,
-3.440000032653E1));
#5074=LINE('',#5073,#5072);
#5075=DIRECTION('',(0.E0,0.E0,1.E0));
#5076=VECTOR('',#5075,5.199999056706E0);
#5077=CARTESIAN_POINT('',(9.002539193144E0,3.070756076402E1,-3.62E1));
#5078=LINE('',#5077,#5076);
#5079=DIRECTION('',(-1.234784632266E-14,0.E0,-1.E0));
#5080=VECTOR('',#5079,8.2E0);
#5081=CARTESIAN_POINT('',(1.028293919576E1,3.030282431550E1,-2.8E1));
#5082=LINE('',#5081,#5080);
#5083=DIRECTION('',(0.E0,1.646379509688E-14,1.E0));
#5084=VECTOR('',#5083,8.2E0);
#5085=CARTESIAN_POINT('',(-6.181260431061E0,3.139732503707E1,-3.62E1));
#5086=LINE('',#5085,#5084);
#5087=DIRECTION('',(0.E0,0.E0,-1.E0));
#5088=VECTOR('',#5087,5.199999056706E0);
#5089=CARTESIAN_POINT('',(-4.158735862912E0,3.172861352191E1,
-3.100000094330E1));
#5090=LINE('',#5089,#5088);
#5091=DIRECTION('',(6.619845797917E-2,9.978064763075E-1,0.E0));
#5092=VECTOR('',#5091,2.399999564634E0);
#5093=CARTESIAN_POINT('',(9.039864760523E0,3.127016741681E1,-3.390000041723E1));
#5094=LINE('',#5093,#5092);
#5095=DIRECTION('',(-9.978064763075E-1,6.619845797918E-2,-1.776357161636E-14));
#5096=VECTOR('',#5095,7.999998548780E-1);
#5097=CARTESIAN_POINT('',(9.996986067095E0,3.361194376876E1,-3.390000041723E1));
#5098=LINE('',#5097,#5096);
#5099=DIRECTION('',(0.E0,-1.184238107758E-14,-1.E0));
#5100=VECTOR('',#5099,5.999998911580E-1);
#5101=CARTESIAN_POINT('',(9.996986067095E0,3.361194376876E1,-3.330000052607E1));
#5102=LINE('',#5101,#5100);
#5103=DIRECTION('',(0.E0,0.E0,-1.E0));
#5104=VECTOR('',#5103,5.999998911580E-1);
#5105=CARTESIAN_POINT('',(9.944027310319E0,3.281369873252E1,-3.330000052607E1));
#5106=LINE('',#5105,#5104);
#5107=DIRECTION('',(6.619845797917E-2,9.978064763075E-1,0.E0));
#5108=VECTOR('',#5107,7.999998548780E-1);
#5109=CARTESIAN_POINT('',(9.944027310319E0,3.281369873252E1,-3.390000041723E1));
#5110=LINE('',#5109,#5108);
#5111=DIRECTION('',(0.E0,0.E0,-1.E0));
#5112=VECTOR('',#5111,5.999998911580E-1);
#5113=CARTESIAN_POINT('',(9.694575736493E0,3.283024834401E1,-3.330000052607E1));
#5114=LINE('',#5113,#5112);
#5115=DIRECTION('',(9.978064763075E-1,-6.619845797926E-2,0.E0));
#5116=VECTOR('',#5115,2.499999546490E-1);
#5117=CARTESIAN_POINT('',(9.694575736493E0,3.283024834401E1,-3.390000041723E1));
#5118=LINE('',#5117,#5116);
#5119=DIRECTION('',(0.E0,1.184238107758E-14,-1.E0));
#5120=VECTOR('',#5119,5.999998911580E-1);
#5121=CARTESIAN_POINT('',(9.641616979717E0,3.203200330777E1,-3.330000052607E1));
#5122=LINE('',#5121,#5120);
#5123=DIRECTION('',(6.619845797917E-2,9.978064763075E-1,0.E0));
#5124=VECTOR('',#5123,7.999998548780E-1);
#5125=CARTESIAN_POINT('',(9.641616979717E0,3.203200330777E1,-3.390000041723E1));
#5126=LINE('',#5125,#5124);
#5127=DIRECTION('',(0.E0,1.184238107758E-14,-1.E0));
#5128=VECTOR('',#5127,5.999998911580E-1);
#5129=CARTESIAN_POINT('',(9.891068553542E0,3.201545369627E1,-3.330000052607E1));
#5130=LINE('',#5129,#5128);
#5131=DIRECTION('',(-9.978064763075E-1,6.619845797912E-2,0.E0));
#5132=VECTOR('',#5131,2.499999546490E-1);
#5133=CARTESIAN_POINT('',(9.891068553542E0,3.201545369627E1,-3.390000041723E1));
#5134=LINE('',#5133,#5132);
#5135=DIRECTION('',(0.E0,-4.736952431033E-14,-1.E0));
#5136=VECTOR('',#5135,5.999998911580E-1);
#5137=CARTESIAN_POINT('',(9.838109796766E0,3.121720866003E1,-3.330000052607E1));
#5138=LINE('',#5137,#5136);
#5139=DIRECTION('',(6.619845797917E-2,9.978064763075E-1,0.E0));
#5140=VECTOR('',#5139,7.999998548780E-1);
#5141=CARTESIAN_POINT('',(9.838109796766E0,3.121720866003E1,-3.390000041723E1));
#5142=LINE('',#5141,#5140);
#5143=DIRECTION('',(9.978064763075E-1,-6.619845797918E-2,0.E0));
#5144=VECTOR('',#5143,7.999998548780E-1);
#5145=CARTESIAN_POINT('',(9.039864760523E0,3.127016741681E1,-3.390000041723E1));
#5146=LINE('',#5145,#5144);
#5147=DIRECTION('',(-9.978064763075E-1,6.619845797917E-2,0.E0));
#5148=VECTOR('',#5147,7.999998548780E-1);
#5149=CARTESIAN_POINT('',(9.996986067095E0,3.361194376876E1,-3.330000052607E1));
#5150=LINE('',#5149,#5148);
#5151=DIRECTION('',(6.619845797917E-2,9.978064763075E-1,0.E0));
#5152=VECTOR('',#5151,7.999998548780E-1);
#5153=CARTESIAN_POINT('',(9.944027310319E0,3.281369873252E1,-3.330000052607E1));
#5154=LINE('',#5153,#5152);
#5155=DIRECTION('',(9.978064763075E-1,-6.619845797926E-2,0.E0));
#5156=VECTOR('',#5155,2.499999546490E-1);
#5157=CARTESIAN_POINT('',(9.694575736493E0,3.283024834401E1,-3.330000052607E1));
#5158=LINE('',#5157,#5156);
#5159=DIRECTION('',(6.619845797917E-2,9.978064763075E-1,0.E0));
#5160=VECTOR('',#5159,7.999998548780E-1);
#5161=CARTESIAN_POINT('',(9.641616979717E0,3.203200330777E1,-3.330000052607E1));
#5162=LINE('',#5161,#5160);
#5163=DIRECTION('',(-9.978064763075E-1,6.619845797915E-2,0.E0));
#5164=VECTOR('',#5163,2.499999546490E-1);
#5165=CARTESIAN_POINT('',(9.891068553542E0,3.201545369627E1,-3.330000052607E1));
#5166=LINE('',#5165,#5164);
#5167=DIRECTION('',(6.619845797917E-2,9.978064763075E-1,0.E0));
#5168=VECTOR('',#5167,7.999998548780E-1);
#5169=CARTESIAN_POINT('',(9.838109796766E0,3.121720866003E1,-3.330000052607E1));
#5170=LINE('',#5169,#5168);
#5171=DIRECTION('',(9.978064763075E-1,-6.619845797918E-2,0.E0));
#5172=VECTOR('',#5171,7.999998548780E-1);
#5173=CARTESIAN_POINT('',(9.039864760523E0,3.127016741681E1,-3.330000052607E1));
#5174=LINE('',#5173,#5172);
#5175=CARTESIAN_POINT('',(3.629603391674E1,3.853300132970E0,-2.65E1));
#5176=DIRECTION('',(0.E0,0.E0,1.E0));
#5177=DIRECTION('',(9.396926207859E-1,-3.420201433257E-1,0.E0));
#5178=AXIS2_PLACEMENT_3D('',#5175,#5176,#5177);
#5180=CARTESIAN_POINT('',(3.629603391674E1,3.853300132970E0,-2.65E1));
#5181=DIRECTION('',(0.E0,0.E0,1.E0));
#5182=DIRECTION('',(-9.396926207859E-1,3.420201433257E-1,0.E0));
#5183=AXIS2_PLACEMENT_3D('',#5180,#5181,#5182);
#5185=CARTESIAN_POINT('',(3.629603391674E1,3.853300132966E0,-2.65E1));
#5186=DIRECTION('',(0.E0,0.E0,-1.E0));
#5187=DIRECTION('',(-9.944118881299E-1,-1.055698666566E-1,0.E0));
#5188=AXIS2_PLACEMENT_3D('',#5185,#5186,#5187);
#5190=CARTESIAN_POINT('',(3.629603391674E1,3.853300132966E0,-2.65E1));
#5191=DIRECTION('',(0.E0,0.E0,-1.E0));
#5192=DIRECTION('',(9.944118881299E-1,1.055698666566E-1,0.E0));
#5193=AXIS2_PLACEMENT_3D('',#5190,#5191,#5192);
#5195=DIRECTION('',(0.E0,0.E0,1.E0));
#5196=VECTOR('',#5195,2.65E1);
#5197=CARTESIAN_POINT('',(3.747064969272E1,3.425774953813E0,-2.65E1));
#5198=LINE('',#5197,#5196);
#5199=DIRECTION('',(0.E0,0.E0,1.E0));
#5200=VECTOR('',#5199,2.65E1);
#5201=CARTESIAN_POINT('',(3.512141814076E1,4.280825312127E0,-2.65E1));
#5202=LINE('',#5201,#5200);
#5203=DIRECTION('',(0.E0,0.E0,-1.E0));
#5204=VECTOR('',#5203,1.5E0);
#5205=CARTESIAN_POINT('',(3.470497489573E1,3.684388346316E0,-2.65E1));
#5206=LINE('',#5205,#5204);
#5207=DIRECTION('',(0.E0,0.E0,-1.E0));
#5208=VECTOR('',#5207,1.5E0);
#5209=CARTESIAN_POINT('',(3.788709293775E1,4.022211919617E0,-2.65E1));
#5210=LINE('',#5209,#5208);
#5211=CARTESIAN_POINT('',(3.028122867106E1,-2.037884172791E1,-2.65E1));
#5212=DIRECTION('',(0.E0,0.E0,1.E0));
#5213=DIRECTION('',(5.E-1,-8.660254037844E-1,0.E0));
#5214=AXIS2_PLACEMENT_3D('',#5211,#5212,#5213);
#5216=CARTESIAN_POINT('',(3.028122867106E1,-2.037884172791E1,-2.65E1));
#5217=DIRECTION('',(0.E0,0.E0,1.E0));
#5218=DIRECTION('',(-5.E-1,8.660254037844E-1,0.E0));
#5219=AXIS2_PLACEMENT_3D('',#5216,#5217,#5218);
#5221=CARTESIAN_POINT('',(3.028122867105E1,-2.037884172792E1,-2.65E1));
#5222=DIRECTION('',(0.E0,0.E0,-1.E0));
#5223=DIRECTION('',(-8.296227033162E-1,5.583244309022E-1,0.E0));
#5224=AXIS2_PLACEMENT_3D('',#5221,#5222,#5223);
#5226=CARTESIAN_POINT('',(3.028122867105E1,-2.037884172792E1,-2.65E1));
#5227=DIRECTION('',(0.E0,0.E0,-1.E0));
#5228=DIRECTION('',(8.296227033165E-1,-5.583244309018E-1,0.E0));
#5229=AXIS2_PLACEMENT_3D('',#5226,#5227,#5228);
#5231=DIRECTION('',(0.E0,0.E0,1.E0));
#5232=VECTOR('',#5231,2.65E1);
#5233=CARTESIAN_POINT('',(3.090622867106E1,-2.146137348264E1,-2.65E1));
#5234=LINE('',#5233,#5232);
#5235=DIRECTION('',(0.E0,0.E0,1.E0));
#5236=VECTOR('',#5235,2.65E1);
#5237=CARTESIAN_POINT('',(2.965622867106E1,-1.929630997318E1,-2.65E1));
#5238=LINE('',#5237,#5236);
#5239=DIRECTION('',(-1.018444587923E-13,-1.515824502955E-13,-1.E0));
#5240=VECTOR('',#5239,1.5E0);
#5241=CARTESIAN_POINT('',(2.895383234574E1,-1.948552263847E1,-2.65E1));
#5242=LINE('',#5241,#5240);
#5243=DIRECTION('',(-9.947598300641E-14,-1.492139745096E-13,-1.E0));
#5244=VECTOR('',#5243,1.5E0);
#5245=CARTESIAN_POINT('',(3.160862499636E1,-2.127216081736E1,-2.65E1));
#5246=LINE('',#5245,#5244);
#5247=CARTESIAN_POINT('',(-3.542502149911E1,8.793057021730E0,-2.65E1));
#5248=DIRECTION('',(0.E0,0.E0,1.E0));
#5249=DIRECTION('',(-7.660444431190E-1,6.427876096865E-1,0.E0));
#5250=AXIS2_PLACEMENT_3D('',#5247,#5248,#5249);
#5252=CARTESIAN_POINT('',(-3.542502149911E1,8.793057021730E0,-2.65E1));
#5253=DIRECTION('',(0.E0,0.E0,1.E0));
#5254=DIRECTION('',(7.660444431190E-1,-6.427876096865E-1,0.E0));
#5255=AXIS2_PLACEMENT_3D('',#5252,#5253,#5254);
#5257=CARTESIAN_POINT('',(-3.542502149912E1,8.793057021738E0,-2.65E1));
#5258=DIRECTION('',(0.E0,0.E0,-1.E0));
#5259=DIRECTION('',(9.705485342224E-1,-2.409056718278E-1,0.E0));
#5260=AXIS2_PLACEMENT_3D('',#5257,#5258,#5259);
#5262=CARTESIAN_POINT('',(-3.542502149912E1,8.793057021738E0,-2.65E1));
#5263=DIRECTION('',(0.E0,0.E0,-1.E0));
#5264=DIRECTION('',(-9.705485342222E-1,2.409056718284E-1,0.E0));
#5265=AXIS2_PLACEMENT_3D('',#5262,#5263,#5264);
#5267=DIRECTION('',(0.E0,0.E0,1.E0));
#5268=VECTOR('',#5267,2.65E1);
#5269=CARTESIAN_POINT('',(-3.638257705301E1,9.596541533838E0,-2.65E1));
#5270=LINE('',#5269,#5268);
#5271=DIRECTION('',(0.E0,0.E0,1.E0));
#5272=VECTOR('',#5271,2.65E1);
#5273=CARTESIAN_POINT('',(-3.446746594521E1,7.989572509622E0,-2.65E1));
#5274=LINE('',#5273,#5272);
#5275=DIRECTION('',(-5.210646728907E-14,-2.190840101927E-13,-1.E0));
#5276=VECTOR('',#5275,1.5E0);
#5277=CARTESIAN_POINT('',(-3.387214384436E1,8.407607946813E0,-2.65E1));
#5278=LINE('',#5277,#5276);
#5279=DIRECTION('',(3.789561257387E-14,1.539509260814E-13,-1.E0));
#5280=VECTOR('',#5279,1.5E0);
#5281=CARTESIAN_POINT('',(-3.697789915387E1,9.178506096664E0,-2.65E1));
#5282=LINE('',#5281,#5280);
#5283=CARTESIAN_POINT('',(-2.148507276193E1,2.950663736203E1,-2.65E1));
#5284=DIRECTION('',(0.E0,0.E0,1.E0));
#5285=DIRECTION('',(-1.736481776669E-1,9.848077530122E-1,0.E0));
#5286=AXIS2_PLACEMENT_3D('',#5283,#5284,#5285);
#5288=CARTESIAN_POINT('',(-2.148507276193E1,2.950663736203E1,-2.65E1));
#5289=DIRECTION('',(0.E0,0.E0,1.E0));
#5290=DIRECTION('',(1.736481776669E-1,-9.848077530122E-1,0.E0));
#5291=AXIS2_PLACEMENT_3D('',#5288,#5289,#5290);
#5293=CARTESIAN_POINT('',(-2.148507276193E1,2.950663736204E1,-2.65E1));
#5294=DIRECTION('',(0.E0,0.E0,-1.E0));
#5295=DIRECTION('',(5.886321304644E-1,-8.084010236170E-1,0.E0));
#5296=AXIS2_PLACEMENT_3D('',#5293,#5294,#5295);
#5298=CARTESIAN_POINT('',(-2.148507276193E1,2.950663736204E1,-2.65E1));
#5299=DIRECTION('',(0.E0,0.E0,-1.E0));
#5300=DIRECTION('',(-5.886321304637E-1,8.084010236174E-1,0.E0));
#5301=AXIS2_PLACEMENT_3D('',#5298,#5299,#5300);
#5303=DIRECTION('',(0.E0,0.E0,1.E0));
#5304=VECTOR('',#5303,2.65E1);
#5305=CARTESIAN_POINT('',(-2.170213298401E1,3.073764705330E1,-2.65E1));
#5306=LINE('',#5305,#5304);
#5307=DIRECTION('',(0.E0,0.E0,1.E0));
#5308=VECTOR('',#5307,2.65E1);
#5309=CARTESIAN_POINT('',(-2.126801253985E1,2.827562767076E1,-2.65E1));
#5310=LINE('',#5309,#5308);
#5311=DIRECTION('',(-2.321106270150E-13,-1.681617807966E-13,-1.E0));
#5312=VECTOR('',#5311,1.5E0);
#5313=CARTESIAN_POINT('',(-2.054326135318E1,2.821319572425E1,-2.65E1));
#5314=LINE('',#5313,#5312);
#5315=DIRECTION('',(2.297421512291E-13,1.705302565824E-13,-1.E0));
#5316=VECTOR('',#5315,1.5E0);
#5317=CARTESIAN_POINT('',(-2.242688417067E1,3.080007899982E1,-2.65E1));
#5318=LINE('',#5317,#5316);
#5319=CARTESIAN_POINT('',(2.532752150730E1,2.628244003698E1,-2.65E1));
#5320=DIRECTION('',(0.E0,0.E0,1.E0));
#5321=DIRECTION('',(9.396926207859E-1,3.420201433257E-1,0.E0));
#5322=AXIS2_PLACEMENT_3D('',#5319,#5320,#5321);
#5324=CARTESIAN_POINT('',(2.532752150730E1,2.628244003698E1,-2.65E1));
#5325=DIRECTION('',(0.E0,0.E0,1.E0));
#5326=DIRECTION('',(-9.396926207859E-1,-3.420201433257E-1,0.E0));
#5327=AXIS2_PLACEMENT_3D('',#5324,#5325,#5326);
#5329=CARTESIAN_POINT('',(2.532752150730E1,2.628244003697E1,-2.65E1));
#5330=DIRECTION('',(0.E0,0.E0,-1.E0));
#5331=DIRECTION('',(-6.939046988299E-1,-7.200668503283E-1,0.E0));
#5332=AXIS2_PLACEMENT_3D('',#5329,#5330,#5331);
#5334=CARTESIAN_POINT('',(2.532752150730E1,2.628244003697E1,-2.65E1));
#5335=DIRECTION('',(0.E0,0.E0,-1.E0));
#5336=DIRECTION('',(6.939046988303E-1,7.200668503280E-1,0.E0));
#5337=AXIS2_PLACEMENT_3D('',#5334,#5335,#5336);
#5339=DIRECTION('',(0.E0,0.E0,1.E0));
#5340=VECTOR('',#5339,2.65E1);
#5341=CARTESIAN_POINT('',(2.650213728328E1,2.670996521614E1,-2.65E1));
#5342=LINE('',#5341,#5340);
#5343=DIRECTION('',(0.E0,0.E0,1.E0));
#5344=VECTOR('',#5343,2.65E1);
#5345=CARTESIAN_POINT('',(2.415290573132E1,2.585491485782E1,-2.65E1));
#5346=LINE('',#5345,#5344);
#5347=DIRECTION('',(-1.255292166510E-13,1.255292166510E-13,-1.E0));
#5348=VECTOR('',#5347,1.5E0);
#5349=CARTESIAN_POINT('',(2.421727398917E1,2.513033307645E1,-2.65E1));
#5350=LINE('',#5349,#5348);
#5351=DIRECTION('',(-1.255292166510E-13,1.231607408651E-13,-1.E0));
#5352=VECTOR('',#5351,1.5E0);
#5353=CARTESIAN_POINT('',(2.643776902543E1,2.743454699750E1,-2.65E1));
#5354=LINE('',#5353,#5352);
#5355=CARTESIAN_POINT('',(2.507980300550E0,3.641373415090E1,-2.E1));
#5356=DIRECTION('',(0.E0,0.E0,1.E0));
#5357=DIRECTION('',(1.E0,0.E0,0.E0));
#5358=AXIS2_PLACEMENT_3D('',#5355,#5356,#5357);
#5360=CARTESIAN_POINT('',(2.507980300550E0,3.641373415090E1,-2.E1));
#5361=DIRECTION('',(0.E0,0.E0,1.E0));
#5362=DIRECTION('',(-5.E-1,-8.660254037844E-1,0.E0));
#5363=AXIS2_PLACEMENT_3D('',#5360,#5361,#5362);
#5365=CARTESIAN_POINT('',(2.507980300550E0,3.641373415090E1,-2.E1));
#5366=DIRECTION('',(0.E0,0.E0,1.E0));
#5367=DIRECTION('',(-1.E0,0.E0,0.E0));
#5368=AXIS2_PLACEMENT_3D('',#5365,#5366,#5367);
#5370=CARTESIAN_POINT('',(2.507980300550E0,3.641373415090E1,-2.E1));
#5371=DIRECTION('',(0.E0,0.E0,1.E0));
#5372=DIRECTION('',(5.E-1,8.660254037844E-1,0.E0));
#5373=AXIS2_PLACEMENT_3D('',#5370,#5371,#5372);
#5375=DIRECTION('',(0.E0,0.E0,1.E0));
#5376=VECTOR('',#5375,2.E1);
#5377=CARTESIAN_POINT('',(3.132980300550E0,3.749626590563E1,-2.E1));
#5378=LINE('',#5377,#5376);
#5379=DIRECTION('',(0.E0,0.E0,1.E0));
#5380=VECTOR('',#5379,2.E1);
#5381=CARTESIAN_POINT('',(1.882980300550E0,3.533120239616E1,-2.E1));
#5382=LINE('',#5381,#5380);
#5383=CARTESIAN_POINT('',(1.009749999181E1,-3.507549705871E1,-2.E1));
#5384=DIRECTION('',(0.E0,0.E0,1.E0));
#5385=DIRECTION('',(1.E0,0.E0,0.E0));
#5386=AXIS2_PLACEMENT_3D('',#5383,#5384,#5385);
#5388=CARTESIAN_POINT('',(1.009749999181E1,-3.507549705871E1,-2.E1));
#5389=DIRECTION('',(0.E0,0.E0,1.E0));
#5390=DIRECTION('',(-1.736481776669E-1,-9.848077530122E-1,0.E0));
#5391=AXIS2_PLACEMENT_3D('',#5388,#5389,#5390);
#5393=CARTESIAN_POINT('',(1.009749999181E1,-3.507549705871E1,-2.E1));
#5394=DIRECTION('',(0.E0,0.E0,1.E0));
#5395=DIRECTION('',(-1.E0,0.E0,0.E0));
#5396=AXIS2_PLACEMENT_3D('',#5393,#5394,#5395);
#5398=CARTESIAN_POINT('',(1.009749999181E1,-3.507549705871E1,-2.E1));
#5399=DIRECTION('',(0.E0,0.E0,1.E0));
#5400=DIRECTION('',(1.736481776669E-1,9.848077530122E-1,0.E0));
#5401=AXIS2_PLACEMENT_3D('',#5398,#5399,#5400);
#5403=DIRECTION('',(0.E0,0.E0,1.E0));
#5404=VECTOR('',#5403,2.E1);
#5405=CARTESIAN_POINT('',(9.880439769726E0,-3.630650674998E1,-2.E1));
#5406=LINE('',#5405,#5404);
#5407=DIRECTION('',(0.E0,0.E0,1.E0));
#5408=VECTOR('',#5407,2.E1);
#5409=CARTESIAN_POINT('',(1.031456021389E1,-3.384448736744E1,-2.E1));
#5410=LINE('',#5409,#5408);
#5411=CARTESIAN_POINT('',(-1.481096115481E1,-3.335993749501E1,-2.E1));
#5412=DIRECTION('',(0.E0,0.E0,1.E0));
#5413=DIRECTION('',(1.E0,0.E0,0.E0));
#5414=AXIS2_PLACEMENT_3D('',#5411,#5412,#5413);
#5416=CARTESIAN_POINT('',(-1.481096115481E1,-3.335993749501E1,-2.E1));
#5417=DIRECTION('',(0.E0,0.E0,1.E0));
#5418=DIRECTION('',(-7.660444431190E-1,-6.427876096865E-1,0.E0));
#5419=AXIS2_PLACEMENT_3D('',#5416,#5417,#5418);
#5421=CARTESIAN_POINT('',(-1.481096115481E1,-3.335993749501E1,-2.E1));
#5422=DIRECTION('',(0.E0,0.E0,1.E0));
#5423=DIRECTION('',(-1.E0,0.E0,0.E0));
#5424=AXIS2_PLACEMENT_3D('',#5421,#5422,#5423);
#5426=CARTESIAN_POINT('',(-1.481096115481E1,-3.335993749501E1,-2.E1));
#5427=DIRECTION('',(0.E0,0.E0,1.E0));
#5428=DIRECTION('',(7.660444431190E-1,6.427876096865E-1,0.E0));
#5429=AXIS2_PLACEMENT_3D('',#5426,#5427,#5428);
#5431=DIRECTION('',(0.E0,0.E0,1.E0));
#5432=VECTOR('',#5431,2.E1);
#5433=CARTESIAN_POINT('',(-1.576851670871E1,-3.416342200712E1,-2.E1));
#5434=LINE('',#5433,#5432);
#5435=DIRECTION('',(0.E0,0.E0,1.E0));
#5436=VECTOR('',#5435,2.E1);
#5437=CARTESIAN_POINT('',(-1.385340560091E1,-3.255645298290E1,-2.E1));
#5438=LINE('',#5437,#5436);
#5439=CARTESIAN_POINT('',(-2.3E1,0.E0,1.5E0));
#5440=DIRECTION('',(0.E0,-1.E0,0.E0));
#5441=DIRECTION('',(0.E0,0.E0,-1.E0));
#5442=AXIS2_PLACEMENT_3D('',#5439,#5440,#5441);
#5444=CARTESIAN_POINT('',(2.3E1,0.E0,1.5E0));
#5445=DIRECTION('',(0.E0,1.E0,0.E0));
#5446=DIRECTION('',(0.E0,0.E0,-1.E0));
#5447=AXIS2_PLACEMENT_3D('',#5444,#5445,#5446);
#5449=CARTESIAN_POINT('',(0.E0,0.E0,1.5E0));
#5450=DIRECTION('',(0.E0,0.E0,-1.E0));
#5451=DIRECTION('',(1.E0,0.E0,0.E0));
#5452=AXIS2_PLACEMENT_3D('',#5449,#5450,#5451);
#5454=CARTESIAN_POINT('',(2.3E1,0.E0,1.5E0));
#5455=DIRECTION('',(0.E0,1.E0,0.E0));
#5456=DIRECTION('',(-7.071067811865E-1,0.E0,-7.071067811865E-1));
#5457=AXIS2_PLACEMENT_3D('',#5454,#5455,#5456);
#5459=CARTESIAN_POINT('',(0.E0,0.E0,4.393398282202E-1));
#5460=DIRECTION('',(0.E0,0.E0,-1.E0));
#5461=DIRECTION('',(1.E0,0.E0,0.E0));
#5462=AXIS2_PLACEMENT_3D('',#5459,#5460,#5461);
#5464=CARTESIAN_POINT('',(-2.3E1,0.E0,1.5E0));
#5465=DIRECTION('',(0.E0,-1.E0,0.E0));
#5466=DIRECTION('',(7.071067811865E-1,0.E0,-7.071067811865E-1));
#5467=AXIS2_PLACEMENT_3D('',#5464,#5465,#5466);
#5469=CARTESIAN_POINT('',(0.E0,0.E0,3.5E0));
#5470=DIRECTION('',(0.E0,0.E0,1.E0));
#5471=DIRECTION('',(1.E0,-8.115984370349E-11,0.E0));
#5472=AXIS2_PLACEMENT_3D('',#5469,#5470,#5471);
#5474=CARTESIAN_POINT('',(0.E0,0.E0,3.5E0));
#5475=DIRECTION('',(0.E0,0.E0,1.E0));
#5476=DIRECTION('',(-1.E0,-5.915681381445E-14,0.E0));
#5477=AXIS2_PLACEMENT_3D('',#5474,#5475,#5476);
#5479=CARTESIAN_POINT('',(0.E0,0.E0,3.5E0));
#5480=DIRECTION('',(0.E0,0.E0,-1.E0));
#5481=DIRECTION('',(0.E0,1.E0,0.E0));
#5482=AXIS2_PLACEMENT_3D('',#5479,#5480,#5481);
#5484=CARTESIAN_POINT('',(0.E0,0.E0,3.5E0));
#5485=DIRECTION('',(0.E0,0.E0,-1.E0));
#5486=DIRECTION('',(1.739609930494E-14,-1.E0,0.E0));
#5487=AXIS2_PLACEMENT_3D('',#5484,#5485,#5486);
#5489=DIRECTION('',(0.E0,2.115397510654E-13,-1.E0));
#5490=VECTOR('',#5489,2.E0);
#5491=CARTESIAN_POINT('',(-2.15E1,-4.257124927490E-13,3.5E0));
#5492=LINE('',#5491,#5490);
#5493=DIRECTION('',(0.E0,2.908232121026E-10,-1.E0));
#5494=VECTOR('',#5493,2.E0);
#5495=CARTESIAN_POINT('',(2.15E1,-5.816437912146E-10,3.5E0));
#5496=LINE('',#5495,#5494);
#5497=CARTESIAN_POINT('',(0.E0,0.E0,1.5E0));
#5498=DIRECTION('',(0.E0,0.E0,-1.E0));
#5499=DIRECTION('',(-1.E0,0.E0,0.E0));
#5500=AXIS2_PLACEMENT_3D('',#5497,#5498,#5499);
#5502=CARTESIAN_POINT('',(0.E0,0.E0,4.393398282202E-1));
#5503=DIRECTION('',(0.E0,0.E0,-1.E0));
#5504=DIRECTION('',(-1.E0,0.E0,0.E0));
#5505=AXIS2_PLACEMENT_3D('',#5502,#5503,#5504);
#5507=DIRECTION('',(1.229136266917E-13,-4.999999999979E-1,8.660254037857E-1));
#5508=VECTOR('',#5507,5.773502691872E-1);
#5509=CARTESIAN_POINT('',(3.645170463504E-14,-1.85E1,2.999999999999E0));
#5510=LINE('',#5509,#5508);
#5511=CARTESIAN_POINT('',(0.E0,0.E0,2.999999999995E0));
#5512=DIRECTION('',(0.E0,0.E0,-1.E0));
#5513=DIRECTION('',(1.E0,0.E0,0.E0));
#5514=AXIS2_PLACEMENT_3D('',#5511,#5512,#5513);
#5516=CARTESIAN_POINT('',(0.E0,0.E0,2.999999999995E0));
#5517=DIRECTION('',(0.E0,0.E0,-1.E0));
#5518=DIRECTION('',(0.E0,1.E0,0.E0));
#5519=AXIS2_PLACEMENT_3D('',#5516,#5517,#5518);
#5521=DIRECTION('',(0.E0,4.999999999979E-1,8.660254037857E-1));
#5522=VECTOR('',#5521,5.773502691872E-1);
#5523=CARTESIAN_POINT('',(0.E0,1.85E1,2.999999999999E0));
#5524=LINE('',#5523,#5522);
#5525=CARTESIAN_POINT('',(0.E0,0.E0,2.999999999995E0));
#5526=DIRECTION('',(0.E0,0.E0,-1.E0));
#5527=DIRECTION('',(-1.E0,0.E0,0.E0));
#5528=AXIS2_PLACEMENT_3D('',#5525,#5526,#5527);
#5530=CARTESIAN_POINT('',(0.E0,0.E0,2.999999999995E0));
#5531=DIRECTION('',(0.E0,0.E0,-1.E0));
#5532=DIRECTION('',(0.E0,-1.E0,0.E0));
#5533=AXIS2_PLACEMENT_3D('',#5530,#5531,#5532);
#5535=DIRECTION('',(9.207032632389E-13,-5.398018292152E-10,1.E0));
#5536=VECTOR('',#5535,7.099999999996E-1);
#5537=CARTESIAN_POINT('',(1.85E1,3.832676097471E-10,2.29E0));
#5538=LINE('',#5537,#5536);
#5539=DIRECTION('',(-9.207032632390E-13,8.144868889882E-13,1.E0));
#5540=VECTOR('',#5539,7.099999999996E-1);
#5541=CARTESIAN_POINT('',(-1.85E1,-5.763976940326E-13,2.29E0));
#5542=LINE('',#5541,#5540);
#5543=CARTESIAN_POINT('',(0.E0,0.E0,2.29E0));
#5544=DIRECTION('',(0.E0,0.E0,-1.E0));
#5545=DIRECTION('',(-1.E0,0.E0,0.E0));
#5546=AXIS2_PLACEMENT_3D('',#5543,#5544,#5545);
#5548=CARTESIAN_POINT('',(0.E0,0.E0,2.29E0));
#5549=DIRECTION('',(0.E0,0.E0,-1.E0));
#5550=DIRECTION('',(1.E0,0.E0,0.E0));
#5551=AXIS2_PLACEMENT_3D('',#5548,#5549,#5550);
#5553=CARTESIAN_POINT('',(0.E0,0.E0,2.29E0));
#5554=DIRECTION('',(0.E0,0.E0,1.E0));
#5555=DIRECTION('',(1.E0,6.215174921267E-11,0.E0));
#5556=AXIS2_PLACEMENT_3D('',#5553,#5554,#5555);
#5558=CARTESIAN_POINT('',(0.E0,0.E0,2.29E0));
#5559=DIRECTION('',(0.E0,0.E0,1.E0));
#5560=DIRECTION('',(-1.E0,-9.371482568944E-14,0.E0));
#5561=AXIS2_PLACEMENT_3D('',#5558,#5559,#5560);
#5563=DIRECTION('',(1.720845688169E-13,-2.775557561563E-14,1.E0));
#5564=VECTOR('',#5563,6.4E-1);
#5565=CARTESIAN_POINT('',(3.309734266331E0,1.877043577241E1,1.5E0));
#5566=LINE('',#5565,#5564);
#5567=DIRECTION('',(0.E0,0.E0,-1.E0));
#5568=VECTOR('',#5567,6.4E-1);
#5569=CARTESIAN_POINT('',(-6.935610074263E0,1.775333526123E1,2.14E0));
#5570=LINE('',#5569,#5568);
#5571=DIRECTION('',(2.180227603411E-4,-3.087483254989E-3,9.999952099451E-1));
#5572=VECTOR('',#5571,1.500007185117E-1);
#5573=CARTESIAN_POINT('',(-1.906003270357E1,4.631247066426E-4,2.14E0));
#5574=LINE('',#5573,#5572);
#5575=DIRECTION('',(0.E0,1.059266588245E-13,1.E0));
#5576=VECTOR('',#5575,1.5E-1);
#5577=CARTESIAN_POINT('',(1.906E1,-1.033968933219E-14,2.14E0));
#5578=LINE('',#5577,#5576);
#5579=CARTESIAN_POINT('',(0.E0,0.E0,2.14E0));
#5580=DIRECTION('',(0.E0,0.E0,1.E0));
#5581=DIRECTION('',(-9.999999973432E-1,7.289438428709E-5,0.E0));
#5582=AXIS2_PLACEMENT_3D('',#5579,#5580,#5581);
#5584=CARTESIAN_POINT('',(0.E0,0.E0,2.14E0));
#5585=DIRECTION('',(0.E0,0.E0,1.E0));
#5586=DIRECTION('',(-3.638830049456E-1,9.314446621844E-1,0.E0));
#5587=AXIS2_PLACEMENT_3D('',#5584,#5585,#5586);
#5589=CARTESIAN_POINT('',(-4.472482463989E0,2.536470848658E1,2.14E0));
#5590=DIRECTION('',(0.E0,0.E0,-1.E0));
#5591=DIRECTION('',(1.736481776668E-1,-9.848077530122E-1,0.E0));
#5592=AXIS2_PLACEMENT_3D('',#5589,#5590,#5591);
#5594=DIRECTION('',(-1.736481776675E-1,9.848077530121E-1,0.E0));
#5595=VECTOR('',#5594,7.459999999960E-1);
#5596=CARTESIAN_POINT('',(-2.953755502115E0,1.675157987874E1,2.14E0));
#5597=LINE('',#5596,#5595);
#5598=CARTESIAN_POINT('',(0.E0,0.E0,2.14E0));
#5599=DIRECTION('',(0.E0,0.E0,-1.E0));
#5600=DIRECTION('',(0.E0,-1.E0,0.E0));
#5601=AXIS2_PLACEMENT_3D('',#5598,#5599,#5600);
#5603=CARTESIAN_POINT('',(0.E0,0.E0,2.14E0));
#5604=DIRECTION('',(0.E0,0.E0,-1.E0));
#5605=DIRECTION('',(1.736481776669E-1,9.848077530122E-1,0.E0));
#5606=AXIS2_PLACEMENT_3D('',#5603,#5604,#5605);
#5608=DIRECTION('',(-1.736481776669E-1,-9.848077530122E-1,0.E0));
#5609=VECTOR('',#5608,2.049999999999E0);
#5610=CARTESIAN_POINT('',(3.309734266331E0,1.877043577241E1,2.14E0));
#5611=LINE('',#5610,#5609);
#5612=CARTESIAN_POINT('',(0.E0,0.E0,2.14E0));
#5613=DIRECTION('',(0.E0,0.E0,1.E0));
#5614=DIRECTION('',(1.E0,0.E0,0.E0));
#5615=AXIS2_PLACEMENT_3D('',#5612,#5613,#5614);
#5617=DIRECTION('',(8.139668901782E-4,-4.616235624658E-3,-9.999890138529E-1));
#5618=VECTOR('',#5617,6.400070312114E-1);
#5619=CARTESIAN_POINT('',(-3.083297042654E0,1.748624646248E1,2.14E0));
#5620=LINE('',#5619,#5618);
#5621=DIRECTION('',(1.736481776671E-1,9.848077530122E-1,0.E0));
#5622=VECTOR('',#5621,5.6E-1);
#5623=CARTESIAN_POINT('',(3.212491286837E0,1.821894343073E1,1.5E0));
#5624=LINE('',#5623,#5622);
#5625=CARTESIAN_POINT('',(0.E0,0.E0,1.5E0));
#5626=DIRECTION('',(0.E0,0.E0,-1.E0));
#5627=DIRECTION('',(-3.231230191848E-1,9.463569698971E-1,0.E0));
#5628=AXIS2_PLACEMENT_3D('',#5625,#5626,#5627);
#5630=CARTESIAN_POINT('',(-4.472482463989E0,2.536470848658E1,1.5E0));
#5631=DIRECTION('',(0.E0,0.E0,1.E0));
#5632=DIRECTION('',(-3.078909512842E-1,-9.514216531682E-1,0.E0));
#5633=AXIS2_PLACEMENT_3D('',#5630,#5631,#5632);
#5635=CARTESIAN_POINT('',(0.E0,0.E0,1.5E0));
#5636=DIRECTION('',(0.E0,0.E0,1.E0));
#5637=DIRECTION('',(1.736481776669E-1,9.848077530122E-1,0.E0));
#5638=AXIS2_PLACEMENT_3D('',#5635,#5636,#5637);
#5640=DIRECTION('',(-1.679212324746E-13,6.106226635438E-14,-1.E0));
#5641=VECTOR('',#5640,6.4E-1);
#5642=CARTESIAN_POINT('',(2.953755502114E0,1.675157987874E1,2.14E0));
#5643=LINE('',#5642,#5641);
#5644=DIRECTION('',(-6.730727086790E-14,-2.775557561563E-14,1.E0));
#5645=VECTOR('',#5644,6.4E-1);
#5646=CARTESIAN_POINT('',(-2.953755502115E0,1.675157987874E1,1.5E0));
#5647=LINE('',#5646,#5645);
#5648=CARTESIAN_POINT('',(0.E0,0.E0,1.5E0));
#5649=DIRECTION('',(0.E0,0.E0,-1.E0));
#5650=DIRECTION('',(9.999999979493E-1,6.404230876256E-5,0.E0));
#5651=AXIS2_PLACEMENT_3D('',#5648,#5649,#5650);
#5653=CARTESIAN_POINT('',(0.E0,0.E0,1.5E0));
#5654=DIRECTION('',(0.E0,0.E0,-1.E0));
#5655=DIRECTION('',(1.736481776669E-1,9.848077530122E-1,0.E0));
#5656=AXIS2_PLACEMENT_3D('',#5653,#5654,#5655);
#5658=DIRECTION('',(1.736481776668E-1,9.848077530122E-1,0.E0));
#5659=VECTOR('',#5658,7.399999999992E-1);
#5660=CARTESIAN_POINT('',(2.953755502114E0,1.675157987874E1,1.5E0));
#5661=LINE('',#5660,#5659);
#5662=CARTESIAN_POINT('',(0.E0,0.E0,1.5E0));
#5663=DIRECTION('',(0.E0,0.E0,1.E0));
#5664=DIRECTION('',(0.E0,-1.E0,0.E0));
#5665=AXIS2_PLACEMENT_3D('',#5662,#5663,#5664);
#5667=CARTESIAN_POINT('',(0.E0,0.E0,1.5E0));
#5668=DIRECTION('',(0.E0,0.E0,1.E0));
#5669=DIRECTION('',(-1.736481776669E-1,9.848077530122E-1,0.E0));
#5670=AXIS2_PLACEMENT_3D('',#5667,#5668,#5669);
#5672=DIRECTION('',(1.736481776673E-1,-9.848077530121E-1,0.E0));
#5673=VECTOR('',#5672,7.429999999975E-1);
#5674=CARTESIAN_POINT('',(-3.082776098121E0,1.748329203922E1,1.5E0));
#5675=LINE('',#5674,#5673);
#5676=CARTESIAN_POINT('',(0.E0,0.E0,1.5E0));
#5677=DIRECTION('',(0.E0,0.E0,-1.E0));
#5678=DIRECTION('',(-1.E0,0.E0,0.E0));
#5679=AXIS2_PLACEMENT_3D('',#5676,#5677,#5678);
#5681=CARTESIAN_POINT('',(0.E0,0.E0,1.E0));
#5682=DIRECTION('',(0.E0,0.E0,1.E0));
#5683=DIRECTION('',(-1.E0,0.E0,0.E0));
#5684=AXIS2_PLACEMENT_3D('',#5681,#5682,#5683);
#5686=CARTESIAN_POINT('',(0.E0,0.E0,1.E0));
#5687=DIRECTION('',(0.E0,0.E0,1.E0));
#5688=DIRECTION('',(1.E0,0.E0,0.E0));
#5689=AXIS2_PLACEMENT_3D('',#5686,#5687,#5688);
#5691=CARTESIAN_POINT('',(0.E0,0.E0,1.E0));
#5692=DIRECTION('',(0.E0,0.E0,-1.E0));
#5693=DIRECTION('',(1.E0,0.E0,0.E0));
#5694=AXIS2_PLACEMENT_3D('',#5691,#5692,#5693);
#5696=CARTESIAN_POINT('',(0.E0,0.E0,1.E0));
#5697=DIRECTION('',(0.E0,0.E0,-1.E0));
#5698=DIRECTION('',(-1.E0,0.E0,0.E0));
#5699=AXIS2_PLACEMENT_3D('',#5696,#5697,#5698);
#5701=DIRECTION('',(0.E0,-2.663829185638E-14,1.E0));
#5702=VECTOR('',#5701,5.E-1);
#5703=CARTESIAN_POINT('',(-1.775E1,0.E0,1.E0));
#5704=LINE('',#5703,#5702);
#5705=DIRECTION('',(9.842853760472E-5,7.578400708863E-4,9.999997079951E-1));
#5706=VECTOR('',#5705,5.000001460025E-1);
#5707=CARTESIAN_POINT('',(1.775E1,0.E0,1.E0));
#5708=LINE('',#5707,#5706);
#5709=DIRECTION('',(1.736481776670E-1,9.848077530122E-1,0.E0));
#5710=VECTOR('',#5709,4.5E-1);
#5711=CARTESIAN_POINT('',(3.082255153587E0,1.748033761597E1,1.5E0));
#5712=LINE('',#5711,#5710);
#5713=CARTESIAN_POINT('',(0.E0,0.E0,1.5E0));
#5714=DIRECTION('',(0.E0,0.E0,-1.E0));
#5715=DIRECTION('',(-1.736481776670E-1,9.848077530122E-1,0.E0));
#5716=AXIS2_PLACEMENT_3D('',#5713,#5714,#5715);
#5718=CARTESIAN_POINT('',(-4.472482463989E0,2.536470848658E1,1.5E0));
#5719=DIRECTION('',(0.E0,0.E0,1.E0));
#5720=DIRECTION('',(1.298960938811E-14,-1.E0,0.E0));
#5721=AXIS2_PLACEMENT_3D('',#5718,#5719,#5720);
#5723=CARTESIAN_POINT('',(-4.472482463989E0,2.536470848658E1,1.5E0));
#5724=DIRECTION('',(0.E0,0.E0,1.E0));
#5725=DIRECTION('',(-1.045333999728E-1,-9.945213764873E-1,0.E0));
#5726=AXIS2_PLACEMENT_3D('',#5723,#5724,#5725);
#5728=CARTESIAN_POINT('',(0.E0,0.E0,1.5E0));
#5729=DIRECTION('',(0.E0,0.E0,1.E0));
#5730=DIRECTION('',(1.736481776669E-1,9.848077530122E-1,0.E0));
#5731=AXIS2_PLACEMENT_3D('',#5728,#5729,#5730);
#5733=CARTESIAN_POINT('',(-1.82E1,0.E0,1.2E0));
#5734=DIRECTION('',(0.E0,-1.E0,0.E0));
#5735=DIRECTION('',(0.E0,0.E0,1.E0));
#5736=AXIS2_PLACEMENT_3D('',#5733,#5734,#5735);
#5738=CARTESIAN_POINT('',(1.82E1,0.E0,1.2E0));
#5739=DIRECTION('',(0.E0,1.E0,0.E0));
#5740=DIRECTION('',(0.E0,0.E0,1.E0));
#5741=AXIS2_PLACEMENT_3D('',#5738,#5739,#5740);
#5743=CARTESIAN_POINT('',(0.E0,0.E0,1.5E0));
#5744=DIRECTION('',(0.E0,0.E0,1.E0));
#5745=DIRECTION('',(1.E0,-1.020675923011E-10,0.E0));
#5746=AXIS2_PLACEMENT_3D('',#5743,#5744,#5745);
#5748=CARTESIAN_POINT('',(0.E0,0.E0,1.5E0));
#5749=DIRECTION('',(0.E0,0.E0,1.E0));
#5750=DIRECTION('',(-1.E0,0.E0,0.E0));
#5751=AXIS2_PLACEMENT_3D('',#5748,#5749,#5750);
#5753=CARTESIAN_POINT('',(0.E0,0.E0,1.5E0));
#5754=DIRECTION('',(0.E0,0.E0,1.E0));
#5755=DIRECTION('',(-2.916895419655E-1,9.565130480594E-1,0.E0));
#5756=AXIS2_PLACEMENT_3D('',#5753,#5754,#5755);
#5758=CARTESIAN_POINT('',(-4.472482463989E0,2.536470848658E1,1.5E0));
#5759=DIRECTION('',(0.E0,0.E0,1.E0));
#5760=DIRECTION('',(-1.881616738663E-1,-9.821380679354E-1,0.E0));
#5761=AXIS2_PLACEMENT_3D('',#5758,#5759,#5760);
#5763=CARTESIAN_POINT('',(0.E0,0.E0,1.5E0));
#5764=DIRECTION('',(0.E0,0.E0,-1.E0));
#5765=DIRECTION('',(-1.E0,1.711991466161E-9,0.E0));
#5766=AXIS2_PLACEMENT_3D('',#5763,#5764,#5765);
#5768=CARTESIAN_POINT('',(0.E0,0.E0,1.5E0));
#5769=DIRECTION('',(0.E0,0.E0,-1.E0));
#5770=DIRECTION('',(1.E0,8.599101437611E-14,0.E0));
#5771=AXIS2_PLACEMENT_3D('',#5768,#5769,#5770);
#5773=CARTESIAN_POINT('',(0.E0,0.E0,1.5E0));
#5774=DIRECTION('',(0.E0,0.E0,-1.E0));
#5775=DIRECTION('',(1.736481776669E-1,9.848077530122E-1,0.E0));
#5776=AXIS2_PLACEMENT_3D('',#5773,#5774,#5775);
#5778=DIRECTION('',(1.736481776670E-1,9.848077530122E-1,0.E0));
#5779=VECTOR('',#5778,3.E-1);
#5780=CARTESIAN_POINT('',(3.160396833537E0,1.792350110482E1,1.5E0));
#5781=LINE('',#5780,#5779);
#5782=CARTESIAN_POINT('',(0.E0,0.E0,1.2E0));
#5783=DIRECTION('',(0.E0,0.E0,1.E0));
#5784=DIRECTION('',(-1.E0,0.E0,0.E0));
#5785=AXIS2_PLACEMENT_3D('',#5782,#5783,#5784);
#5787=CARTESIAN_POINT('',(0.E0,0.E0,1.412132034356E0));
#5788=DIRECTION('',(0.E0,0.E0,-1.E0));
#5789=DIRECTION('',(1.E0,0.E0,0.E0));
#5790=AXIS2_PLACEMENT_3D('',#5787,#5788,#5789);
#5792=DIRECTION('',(0.E0,1.762558414224E-12,1.E0));
#5793=VECTOR('',#5792,3.E-1);
#5794=CARTESIAN_POINT('',(1.85E1,0.E0,1.2E0));
#5795=LINE('',#5794,#5793);
#5796=DIRECTION('',(1.257451404401E-4,3.519072517515E-8,9.999999920941E-1));
#5797=VECTOR('',#5796,3.000000023718E-1);
#5798=CARTESIAN_POINT('',(-1.85E1,0.E0,1.2E0));
#5799=LINE('',#5798,#5797);
#5800=CARTESIAN_POINT('',(0.E0,0.E0,1.2E0));
#5801=DIRECTION('',(0.E0,0.E0,1.E0));
#5802=DIRECTION('',(1.E0,0.E0,0.E0));
#5803=AXIS2_PLACEMENT_3D('',#5800,#5801,#5802);
#5805=CARTESIAN_POINT('',(1.82E1,0.E0,1.2E0));
#5806=DIRECTION('',(0.E0,1.E0,0.E0));
#5807=DIRECTION('',(7.071067811865E-1,0.E0,7.071067811865E-1));
#5808=AXIS2_PLACEMENT_3D('',#5805,#5806,#5807);
#5810=CARTESIAN_POINT('',(0.E0,0.E0,1.412132034356E0));
#5811=DIRECTION('',(0.E0,0.E0,-1.E0));
#5812=DIRECTION('',(-1.E0,0.E0,0.E0));
#5813=AXIS2_PLACEMENT_3D('',#5810,#5811,#5812);
#5815=CARTESIAN_POINT('',(-1.82E1,0.E0,1.2E0));
#5816=DIRECTION('',(0.E0,-1.E0,0.E0));
#5817=DIRECTION('',(-7.071067811865E-1,0.E0,7.071067811865E-1));
#5818=AXIS2_PLACEMENT_3D('',#5815,#5816,#5817);
#5820=DIRECTION('',(0.E0,1.189379784135E-14,1.E0));
#5821=VECTOR('',#5820,5.E-1);
#5822=CARTESIAN_POINT('',(1.575E1,0.E0,1.E0));
#5823=LINE('',#5822,#5821);
#5824=DIRECTION('',(0.E0,-1.189379784135E-14,1.E0));
#5825=VECTOR('',#5824,5.E-1);
#5826=CARTESIAN_POINT('',(-1.575E1,0.E0,1.E0));
#5827=LINE('',#5826,#5825);
#5828=CARTESIAN_POINT('',(0.E0,0.E0,1.5E0));
#5829=DIRECTION('',(0.E0,0.E0,1.E0));
#5830=DIRECTION('',(-1.E0,0.E0,0.E0));
#5831=AXIS2_PLACEMENT_3D('',#5828,#5829,#5830);
#5833=CARTESIAN_POINT('',(0.E0,0.E0,1.5E0));
#5834=DIRECTION('',(0.E0,0.E0,1.E0));
#5835=DIRECTION('',(1.E0,0.E0,0.E0));
#5836=AXIS2_PLACEMENT_3D('',#5833,#5834,#5835);
#5838=CARTESIAN_POINT('',(0.E0,0.E0,1.5E0));
#5839=DIRECTION('',(0.E0,0.E0,-1.E0));
#5840=DIRECTION('',(1.E0,0.E0,0.E0));
#5841=AXIS2_PLACEMENT_3D('',#5838,#5839,#5840);
#5843=CARTESIAN_POINT('',(0.E0,0.E0,1.5E0));
#5844=DIRECTION('',(0.E0,0.E0,-1.E0));
#5845=DIRECTION('',(-1.E0,0.E0,0.E0));
#5846=AXIS2_PLACEMENT_3D('',#5843,#5844,#5845);
#5848=CARTESIAN_POINT('',(0.E0,0.E0,1.412132034356E0));
#5849=DIRECTION('',(0.E0,0.E0,-1.E0));
#5850=DIRECTION('',(1.E0,0.E0,0.E0));
#5851=AXIS2_PLACEMENT_3D('',#5848,#5849,#5850);
#5853=CARTESIAN_POINT('',(1.53E1,0.E0,1.2E0));
#5854=DIRECTION('',(0.E0,1.E0,0.E0));
#5855=DIRECTION('',(-7.071067811865E-1,0.E0,7.071067811865E-1));
#5856=AXIS2_PLACEMENT_3D('',#5853,#5854,#5855);
#5858=CARTESIAN_POINT('',(0.E0,0.E0,1.412132034356E0));
#5859=DIRECTION('',(0.E0,0.E0,-1.E0));
#5860=DIRECTION('',(-1.E0,0.E0,0.E0));
#5861=AXIS2_PLACEMENT_3D('',#5858,#5859,#5860);
#5863=CARTESIAN_POINT('',(-1.53E1,0.E0,1.2E0));
#5864=DIRECTION('',(0.E0,-1.E0,0.E0));
#5865=DIRECTION('',(7.071067811865E-1,0.E0,7.071067811865E-1));
#5866=AXIS2_PLACEMENT_3D('',#5863,#5864,#5865);
#5868=CARTESIAN_POINT('',(0.E0,0.E0,1.2E0));
#5869=DIRECTION('',(0.E0,0.E0,-1.E0));
#5870=DIRECTION('',(-1.E0,0.E0,0.E0));
#5871=AXIS2_PLACEMENT_3D('',#5868,#5869,#5870);
#5873=CARTESIAN_POINT('',(-1.53E1,0.E0,1.2E0));
#5874=DIRECTION('',(0.E0,-1.E0,0.E0));
#5875=DIRECTION('',(1.E0,0.E0,0.E0));
#5876=AXIS2_PLACEMENT_3D('',#5873,#5874,#5875);
#5878=CARTESIAN_POINT('',(1.53E1,0.E0,1.2E0));
#5879=DIRECTION('',(0.E0,1.E0,0.E0));
#5880=DIRECTION('',(-1.E0,0.E0,0.E0));
#5881=AXIS2_PLACEMENT_3D('',#5878,#5879,#5880);
#5883=CARTESIAN_POINT('',(1.333048349484E-14,2.994075620717E-14,
3.500000000031E0));
#5884=DIRECTION('',(0.E0,0.E0,1.E0));
#5885=DIRECTION('',(1.E0,0.E0,0.E0));
#5886=AXIS2_PLACEMENT_3D('',#5883,#5884,#5885);
#5888=CARTESIAN_POINT('',(1.333048349484E-14,2.994075620717E-14,
3.500000000031E0));
#5889=DIRECTION('',(0.E0,0.E0,1.E0));
#5890=DIRECTION('',(-2.860540645028E-14,-1.E0,0.E0));
#5891=AXIS2_PLACEMENT_3D('',#5888,#5889,#5890);
#5893=CARTESIAN_POINT('',(1.333048349484E-14,2.994075620717E-14,4.E0));
#5894=DIRECTION('',(0.E0,0.E0,1.E0));
#5895=DIRECTION('',(0.E0,1.E0,0.E0));
#5896=AXIS2_PLACEMENT_3D('',#5893,#5894,#5895);
#5898=CARTESIAN_POINT('',(1.333048349484E-14,2.994075620717E-14,4.E0));
#5899=DIRECTION('',(0.E0,0.E0,1.E0));
#5900=DIRECTION('',(0.E0,-1.E0,0.E0));
#5901=AXIS2_PLACEMENT_3D('',#5898,#5899,#5900);
#5903=CARTESIAN_POINT('',(-6.E0,1.039230484541E1,4.E0));
#5904=DIRECTION('',(0.E0,0.E0,-1.E0));
#5905=DIRECTION('',(-5.E-1,-8.660254037844E-1,0.E0));
#5906=AXIS2_PLACEMENT_3D('',#5903,#5904,#5905);
#5908=CARTESIAN_POINT('',(-6.E0,1.039230484541E1,4.E0));
#5909=DIRECTION('',(0.E0,0.E0,-1.E0));
#5910=DIRECTION('',(5.E-1,8.660254037844E-1,0.E0));
#5911=AXIS2_PLACEMENT_3D('',#5908,#5909,#5910);
#5913=CARTESIAN_POINT('',(6.E0,1.039230484541E1,4.E0));
#5914=DIRECTION('',(0.E0,0.E0,-1.E0));
#5915=DIRECTION('',(1.E0,0.E0,0.E0));
#5916=AXIS2_PLACEMENT_3D('',#5913,#5914,#5915);
#5918=CARTESIAN_POINT('',(6.E0,1.039230484541E1,4.E0));
#5919=DIRECTION('',(0.E0,0.E0,-1.E0));
#5920=DIRECTION('',(-1.E0,0.E0,0.E0));
#5921=AXIS2_PLACEMENT_3D('',#5918,#5919,#5920);
#5923=CARTESIAN_POINT('',(1.2E1,2.994075620717E-14,4.E0));
#5924=DIRECTION('',(0.E0,0.E0,-1.E0));
#5925=DIRECTION('',(5.E-1,-8.660254037844E-1,0.E0));
#5926=AXIS2_PLACEMENT_3D('',#5923,#5924,#5925);
#5928=CARTESIAN_POINT('',(1.2E1,2.994075620717E-14,4.E0));
#5929=DIRECTION('',(0.E0,0.E0,-1.E0));
#5930=DIRECTION('',(-5.E-1,8.660254037844E-1,0.E0));
#5931=AXIS2_PLACEMENT_3D('',#5928,#5929,#5930);
#5933=CARTESIAN_POINT('',(6.E0,-1.039230484541E1,4.E0));
#5934=DIRECTION('',(0.E0,0.E0,-1.E0));
#5935=DIRECTION('',(-5.E-1,-8.660254037844E-1,0.E0));
#5936=AXIS2_PLACEMENT_3D('',#5933,#5934,#5935);
#5938=CARTESIAN_POINT('',(6.E0,-1.039230484541E1,4.E0));
#5939=DIRECTION('',(0.E0,0.E0,-1.E0));
#5940=DIRECTION('',(5.E-1,8.660254037844E-1,0.E0));
#5941=AXIS2_PLACEMENT_3D('',#5938,#5939,#5940);
#5943=CARTESIAN_POINT('',(-6.E0,-1.039230484541E1,4.E0));
#5944=DIRECTION('',(0.E0,0.E0,-1.E0));
#5945=DIRECTION('',(1.E0,0.E0,0.E0));
#5946=AXIS2_PLACEMENT_3D('',#5943,#5944,#5945);
#5948=CARTESIAN_POINT('',(-6.E0,-1.039230484541E1,4.E0));
#5949=DIRECTION('',(0.E0,0.E0,-1.E0));
#5950=DIRECTION('',(-1.E0,0.E0,0.E0));
#5951=AXIS2_PLACEMENT_3D('',#5948,#5949,#5950);
#5953=CARTESIAN_POINT('',(1.333048349484E-14,1.2E1,4.E0));
#5954=DIRECTION('',(0.E0,0.E0,-1.E0));
#5955=DIRECTION('',(0.E0,1.E0,0.E0));
#5956=AXIS2_PLACEMENT_3D('',#5953,#5954,#5955);
#5958=CARTESIAN_POINT('',(1.333048349484E-14,1.2E1,4.E0));
#5959=DIRECTION('',(0.E0,0.E0,-1.E0));
#5960=DIRECTION('',(0.E0,-1.E0,0.E0));
#5961=AXIS2_PLACEMENT_3D('',#5958,#5959,#5960);
#5963=CARTESIAN_POINT('',(-1.039230484541E1,-6.E0,4.E0));
#5964=DIRECTION('',(0.E0,0.E0,-1.E0));
#5965=DIRECTION('',(0.E0,-1.E0,0.E0));
#5966=AXIS2_PLACEMENT_3D('',#5963,#5964,#5965);
#5968=CARTESIAN_POINT('',(-1.039230484541E1,-6.E0,4.E0));
#5969=DIRECTION('',(0.E0,0.E0,-1.E0));
#5970=DIRECTION('',(0.E0,1.E0,0.E0));
#5971=AXIS2_PLACEMENT_3D('',#5968,#5969,#5970);
#5973=CARTESIAN_POINT('',(1.333048349484E-14,2.994075620717E-14,4.E0));
#5974=DIRECTION('',(0.E0,0.E0,-1.E0));
#5975=DIRECTION('',(3.124867615170E-9,-1.E0,0.E0));
#5976=AXIS2_PLACEMENT_3D('',#5973,#5974,#5975);
#5978=CARTESIAN_POINT('',(1.333048349484E-14,2.994075620717E-14,4.E0));
#5979=DIRECTION('',(0.E0,0.E0,-1.E0));
#5980=DIRECTION('',(0.E0,1.E0,0.E0));
#5981=AXIS2_PLACEMENT_3D('',#5978,#5979,#5980);
#5983=CARTESIAN_POINT('',(1.039230484541E1,-6.E0,4.E0));
#5984=DIRECTION('',(0.E0,0.E0,-1.E0));
#5985=DIRECTION('',(0.E0,-1.E0,0.E0));
#5986=AXIS2_PLACEMENT_3D('',#5983,#5984,#5985);
#5988=CARTESIAN_POINT('',(1.039230484541E1,-6.E0,4.E0));
#5989=DIRECTION('',(0.E0,0.E0,-1.E0));
#5990=DIRECTION('',(0.E0,1.E0,0.E0));
#5991=AXIS2_PLACEMENT_3D('',#5988,#5989,#5990);
#5993=CARTESIAN_POINT('',(-1.2E1,2.994075620717E-14,4.E0));
#5994=DIRECTION('',(0.E0,0.E0,-1.E0));
#5995=DIRECTION('',(5.E-1,-8.660254037844E-1,0.E0));
#5996=AXIS2_PLACEMENT_3D('',#5993,#5994,#5995);
#5998=CARTESIAN_POINT('',(-1.2E1,2.994075620717E-14,4.E0));
#5999=DIRECTION('',(0.E0,0.E0,-1.E0));
#6000=DIRECTION('',(-5.E-1,8.660254037844E-1,0.E0));
#6001=AXIS2_PLACEMENT_3D('',#5998,#5999,#6000);
#6003=DIRECTION('',(-2.051868196775E-13,-2.588190450993E-1,-9.659258262899E-1));
#6004=VECTOR('',#6003,5.176380901846E-1);
#6005=CARTESIAN_POINT('',(-2.225938848850E-14,-1.486602540379E1,
4.000000000002E0));
#6006=LINE('',#6005,#6004);
#6007=CARTESIAN_POINT('',(1.333048349484E-14,2.994075620717E-14,
3.500000000031E0));
#6008=DIRECTION('',(0.E0,0.E0,1.E0));
#6009=DIRECTION('',(-1.E0,0.E0,0.E0));
#6010=AXIS2_PLACEMENT_3D('',#6007,#6008,#6009);
#6012=CARTESIAN_POINT('',(1.333048349484E-14,2.994075620717E-14,
3.500000000031E0));
#6013=DIRECTION('',(0.E0,0.E0,1.E0));
#6014=DIRECTION('',(0.E0,1.E0,0.E0));
#6015=AXIS2_PLACEMENT_3D('',#6012,#6013,#6014);
#6017=DIRECTION('',(0.E0,2.588190450993E-1,-9.659258262899E-1));
#6018=VECTOR('',#6017,5.176380902039E-1);
#6019=CARTESIAN_POINT('',(1.151171353231E-14,1.486602540379E1,
4.000000000002E0));
#6020=LINE('',#6019,#6018);
#6021=DIRECTION('',(1.088983975458E-12,0.E0,1.E0));
#6022=VECTOR('',#6021,2.300000000002E0);
#6023=CARTESIAN_POINT('',(1.5E1,1.497037810359E-14,1.2E0));
#6024=LINE('',#6023,#6022);
#6025=DIRECTION('',(-1.082805342973E-12,0.E0,1.E0));
#6026=VECTOR('',#6025,2.300000000002E0);
#6027=CARTESIAN_POINT('',(-1.5E1,1.497037810359E-14,1.2E0));
#6028=LINE('',#6027,#6026);
#6029=CARTESIAN_POINT('',(0.E0,0.E0,1.2E0));
#6030=DIRECTION('',(0.E0,0.E0,-1.E0));
#6031=DIRECTION('',(1.E0,0.E0,0.E0));
#6032=AXIS2_PLACEMENT_3D('',#6029,#6030,#6031);
#6034=DIRECTION('',(0.E0,0.E0,1.E0));
#6035=VECTOR('',#6034,4.E0);
#6036=CARTESIAN_POINT('',(-6.825E0,8.963362929166E0,0.E0));
#6037=LINE('',#6036,#6035);
#6038=DIRECTION('',(0.E0,0.E0,1.E0));
#6039=VECTOR('',#6038,4.E0);
#6040=CARTESIAN_POINT('',(-5.175E0,1.182124676165E1,0.E0));
#6041=LINE('',#6040,#6039);
#6042=CARTESIAN_POINT('',(-6.E0,1.039230484541E1,0.E0));
#6043=DIRECTION('',(0.E0,0.E0,1.E0));
#6044=DIRECTION('',(-1.E0,0.E0,0.E0));
#6045=AXIS2_PLACEMENT_3D('',#6042,#6043,#6044);
#6047=CARTESIAN_POINT('',(-6.E0,1.039230484541E1,0.E0));
#6048=DIRECTION('',(0.E0,0.E0,1.E0));
#6049=DIRECTION('',(5.E-1,8.660254037844E-1,0.E0));
#6050=AXIS2_PLACEMENT_3D('',#6047,#6048,#6049);
#6052=CARTESIAN_POINT('',(-6.E0,1.039230484541E1,0.E0));
#6053=DIRECTION('',(0.E0,0.E0,1.E0));
#6054=DIRECTION('',(1.E0,0.E0,0.E0));
#6055=AXIS2_PLACEMENT_3D('',#6052,#6053,#6054);
#6057=CARTESIAN_POINT('',(-6.E0,1.039230484541E1,0.E0));
#6058=DIRECTION('',(0.E0,0.E0,1.E0));
#6059=DIRECTION('',(-5.E-1,-8.660254037844E-1,0.E0));
#6060=AXIS2_PLACEMENT_3D('',#6057,#6058,#6059);
#6062=DIRECTION('',(0.E0,0.E0,1.E0));
#6063=VECTOR('',#6062,4.E0);
#6064=CARTESIAN_POINT('',(4.35E0,1.039230484541E1,0.E0));
#6065=LINE('',#6064,#6063);
#6066=DIRECTION('',(0.E0,0.E0,1.E0));
#6067=VECTOR('',#6066,4.E0);
#6068=CARTESIAN_POINT('',(7.65E0,1.039230484541E1,0.E0));
#6069=LINE('',#6068,#6067);
#6070=CARTESIAN_POINT('',(6.E0,1.039230484541E1,0.E0));
#6071=DIRECTION('',(0.E0,0.E0,1.E0));
#6072=DIRECTION('',(-1.E0,0.E0,0.E0));
#6073=AXIS2_PLACEMENT_3D('',#6070,#6071,#6072);
#6075=CARTESIAN_POINT('',(6.E0,1.039230484541E1,0.E0));
#6076=DIRECTION('',(0.E0,0.E0,1.E0));
#6077=DIRECTION('',(1.E0,0.E0,0.E0));
#6078=AXIS2_PLACEMENT_3D('',#6075,#6076,#6077);
#6080=DIRECTION('',(0.E0,0.E0,1.E0));
#6081=VECTOR('',#6080,4.E0);
#6082=CARTESIAN_POINT('',(1.1175E1,1.428941916244E0,0.E0));
#6083=LINE('',#6082,#6081);
#6084=DIRECTION('',(0.E0,0.E0,1.E0));
#6085=VECTOR('',#6084,4.E0);
#6086=CARTESIAN_POINT('',(1.2825E1,-1.428941916244E0,0.E0));
#6087=LINE('',#6086,#6085);
#6088=CARTESIAN_POINT('',(1.2E1,2.994075620717E-14,0.E0));
#6089=DIRECTION('',(0.E0,0.E0,1.E0));
#6090=DIRECTION('',(-1.E0,0.E0,0.E0));
#6091=AXIS2_PLACEMENT_3D('',#6088,#6089,#6090);
#6093=CARTESIAN_POINT('',(1.2E1,2.994075620717E-14,0.E0));
#6094=DIRECTION('',(0.E0,0.E0,1.E0));
#6095=DIRECTION('',(-5.E-1,8.660254037844E-1,0.E0));
#6096=AXIS2_PLACEMENT_3D('',#6093,#6094,#6095);
#6098=CARTESIAN_POINT('',(1.2E1,2.994075620717E-14,0.E0));
#6099=DIRECTION('',(0.E0,0.E0,1.E0));
#6100=DIRECTION('',(1.E0,0.E0,0.E0));
#6101=AXIS2_PLACEMENT_3D('',#6098,#6099,#6100);
#6103=CARTESIAN_POINT('',(1.2E1,2.994075620717E-14,0.E0));
#6104=DIRECTION('',(0.E0,0.E0,1.E0));
#6105=DIRECTION('',(5.E-1,-8.660254037844E-1,0.E0));
#6106=AXIS2_PLACEMENT_3D('',#6103,#6104,#6105);
#6108=DIRECTION('',(0.E0,0.E0,1.E0));
#6109=VECTOR('',#6108,4.E0);
#6110=CARTESIAN_POINT('',(6.825E0,-8.963362929166E0,0.E0));
#6111=LINE('',#6110,#6109);
#6112=DIRECTION('',(0.E0,0.E0,1.E0));
#6113=VECTOR('',#6112,4.E0);
#6114=CARTESIAN_POINT('',(5.175E0,-1.182124676165E1,0.E0));
#6115=LINE('',#6114,#6113);
#6116=CARTESIAN_POINT('',(6.E0,-1.039230484541E1,0.E0));
#6117=DIRECTION('',(0.E0,0.E0,1.E0));
#6118=DIRECTION('',(-1.E0,0.E0,0.E0));
#6119=AXIS2_PLACEMENT_3D('',#6116,#6117,#6118);
#6121=CARTESIAN_POINT('',(6.E0,-1.039230484541E1,0.E0));
#6122=DIRECTION('',(0.E0,0.E0,1.E0));
#6123=DIRECTION('',(5.E-1,8.660254037844E-1,0.E0));
#6124=AXIS2_PLACEMENT_3D('',#6121,#6122,#6123);
#6126=CARTESIAN_POINT('',(6.E0,-1.039230484541E1,0.E0));
#6127=DIRECTION('',(0.E0,0.E0,1.E0));
#6128=DIRECTION('',(1.E0,0.E0,0.E0));
#6129=AXIS2_PLACEMENT_3D('',#6126,#6127,#6128);
#6131=CARTESIAN_POINT('',(6.E0,-1.039230484541E1,0.E0));
#6132=DIRECTION('',(0.E0,0.E0,1.E0));
#6133=DIRECTION('',(-5.E-1,-8.660254037844E-1,0.E0));
#6134=AXIS2_PLACEMENT_3D('',#6131,#6132,#6133);
#6136=DIRECTION('',(0.E0,0.E0,1.E0));
#6137=VECTOR('',#6136,4.E0);
#6138=CARTESIAN_POINT('',(-4.35E0,-1.039230484541E1,0.E0));
#6139=LINE('',#6138,#6137);
#6140=DIRECTION('',(0.E0,0.E0,1.E0));
#6141=VECTOR('',#6140,4.E0);
#6142=CARTESIAN_POINT('',(-7.65E0,-1.039230484541E1,0.E0));
#6143=LINE('',#6142,#6141);
#6144=CARTESIAN_POINT('',(-6.E0,-1.039230484541E1,0.E0));
#6145=DIRECTION('',(0.E0,0.E0,1.E0));
#6146=DIRECTION('',(-1.E0,0.E0,0.E0));
#6147=AXIS2_PLACEMENT_3D('',#6144,#6145,#6146);
#6149=CARTESIAN_POINT('',(-6.E0,-1.039230484541E1,0.E0));
#6150=DIRECTION('',(0.E0,0.E0,1.E0));
#6151=DIRECTION('',(1.E0,0.E0,0.E0));
#6152=AXIS2_PLACEMENT_3D('',#6149,#6150,#6151);
#6154=DIRECTION('',(0.E0,-7.071067811865E-1,7.071067811866E-1));
#6155=VECTOR('',#6154,7.071067811865E-1);
#6156=CARTESIAN_POINT('',(1.416258385130E-14,1.E1,3.5E0));
#6157=LINE('',#6156,#6155);
#6158=CARTESIAN_POINT('',(1.333048349484E-14,1.2E1,3.5E0));
#6159=DIRECTION('',(0.E0,0.E0,-1.E0));
#6160=DIRECTION('',(1.E0,0.E0,0.E0));
#6161=AXIS2_PLACEMENT_3D('',#6158,#6159,#6160);
#6163=CARTESIAN_POINT('',(1.333048349484E-14,1.2E1,3.5E0));
#6164=DIRECTION('',(0.E0,0.E0,-1.E0));
#6165=DIRECTION('',(0.E0,1.E0,0.E0));
#6166=AXIS2_PLACEMENT_3D('',#6163,#6164,#6165);
#6168=DIRECTION('',(0.E0,7.071067811865E-1,7.071067811866E-1));
#6169=VECTOR('',#6168,7.071067811865E-1);
#6170=CARTESIAN_POINT('',(1.361623441464E-14,1.4E1,3.5E0));
#6171=LINE('',#6170,#6169);
#6172=CARTESIAN_POINT('',(1.333048349484E-14,1.2E1,3.5E0));
#6173=DIRECTION('',(0.E0,0.E0,-1.E0));
#6174=DIRECTION('',(-1.E0,0.E0,0.E0));
#6175=AXIS2_PLACEMENT_3D('',#6172,#6173,#6174);
#6177=CARTESIAN_POINT('',(1.333048349484E-14,1.2E1,3.5E0));
#6178=DIRECTION('',(0.E0,0.E0,-1.E0));
#6179=DIRECTION('',(0.E0,-1.E0,0.E0));
#6180=AXIS2_PLACEMENT_3D('',#6177,#6178,#6179);
#6182=DIRECTION('',(0.E0,0.E0,1.E0));
#6183=VECTOR('',#6182,3.5E0);
#6184=CARTESIAN_POINT('',(2.E0,1.2E1,0.E0));
#6185=LINE('',#6184,#6183);
#6186=DIRECTION('',(0.E0,0.E0,1.E0));
#6187=VECTOR('',#6186,3.5E0);
#6188=CARTESIAN_POINT('',(-2.E0,1.2E1,0.E0));
#6189=LINE('',#6188,#6187);
#6190=CARTESIAN_POINT('',(1.333048349484E-14,1.2E1,0.E0));
#6191=DIRECTION('',(0.E0,0.E0,1.E0));
#6192=DIRECTION('',(-1.E0,0.E0,0.E0));
#6193=AXIS2_PLACEMENT_3D('',#6190,#6191,#6192);
#6195=CARTESIAN_POINT('',(1.333048349484E-14,1.2E1,0.E0));
#6196=DIRECTION('',(0.E0,0.E0,1.E0));
#6197=DIRECTION('',(1.E0,0.E0,0.E0));
#6198=AXIS2_PLACEMENT_3D('',#6195,#6196,#6197);
#6200=CARTESIAN_POINT('',(-1.039230484541E1,-6.E0,3.5E0));
#6201=DIRECTION('',(0.E0,0.E0,-1.E0));
#6202=DIRECTION('',(-1.E0,0.E0,0.E0));
#6203=AXIS2_PLACEMENT_3D('',#6200,#6201,#6202);
#6205=CARTESIAN_POINT('',(-1.039230484541E1,-6.E0,3.5E0));
#6206=DIRECTION('',(0.E0,0.E0,-1.E0));
#6207=DIRECTION('',(0.E0,-1.E0,0.E0));
#6208=AXIS2_PLACEMENT_3D('',#6205,#6206,#6207);
#6210=DIRECTION('',(0.E0,-7.071067811865E-1,7.071067811866E-1));
#6211=VECTOR('',#6210,7.071067811865E-1);
#6212=CARTESIAN_POINT('',(-1.039230484541E1,-8.E0,3.5E0));
#6213=LINE('',#6212,#6211);
#6214=CARTESIAN_POINT('',(-1.039230484541E1,-6.E0,3.5E0));
#6215=DIRECTION('',(0.E0,0.E0,-1.E0));
#6216=DIRECTION('',(1.E0,0.E0,0.E0));
#6217=AXIS2_PLACEMENT_3D('',#6214,#6215,#6216);
#6219=CARTESIAN_POINT('',(-1.039230484541E1,-6.E0,3.5E0));
#6220=DIRECTION('',(0.E0,0.E0,-1.E0));
#6221=DIRECTION('',(0.E0,1.E0,0.E0));
#6222=AXIS2_PLACEMENT_3D('',#6219,#6220,#6221);
#6224=DIRECTION('',(0.E0,7.071067811865E-1,7.071067811866E-1));
#6225=VECTOR('',#6224,7.071067811865E-1);
#6226=CARTESIAN_POINT('',(-1.039230484541E1,-4.E0,3.5E0));
#6227=LINE('',#6226,#6225);
#6228=DIRECTION('',(0.E0,0.E0,1.E0));
#6229=VECTOR('',#6228,3.5E0);
#6230=CARTESIAN_POINT('',(-8.392304845410E0,-6.E0,0.E0));
#6231=LINE('',#6230,#6229);
#6232=DIRECTION('',(0.E0,0.E0,1.E0));
#6233=VECTOR('',#6232,3.5E0);
#6234=CARTESIAN_POINT('',(-1.239230484541E1,-6.E0,0.E0));
#6235=LINE('',#6234,#6233);
#6236=CARTESIAN_POINT('',(-1.039230484541E1,-6.E0,0.E0));
#6237=DIRECTION('',(0.E0,0.E0,1.E0));
#6238=DIRECTION('',(-1.E0,0.E0,0.E0));
#6239=AXIS2_PLACEMENT_3D('',#6236,#6237,#6238);
#6241=CARTESIAN_POINT('',(-1.039230484541E1,-6.E0,0.E0));
#6242=DIRECTION('',(0.E0,0.E0,1.E0));
#6243=DIRECTION('',(1.E0,0.E0,0.E0));
#6244=AXIS2_PLACEMENT_3D('',#6241,#6242,#6243);
#6246=CARTESIAN_POINT('',(1.333048349484E-14,2.994075620717E-14,3.5E0));
#6247=DIRECTION('',(0.E0,0.E0,-1.E0));
#6248=DIRECTION('',(-1.E0,0.E0,0.E0));
#6249=AXIS2_PLACEMENT_3D('',#6246,#6247,#6248);
#6251=CARTESIAN_POINT('',(1.333048349484E-14,2.994075620717E-14,3.5E0));
#6252=DIRECTION('',(0.E0,0.E0,-1.E0));
#6253=DIRECTION('',(2.675537829667E-9,-1.E0,0.E0));
#6254=AXIS2_PLACEMENT_3D('',#6251,#6252,#6253);
#6256=DIRECTION('',(2.060388878929E-9,-7.071067811865E-1,7.071067811866E-1));
#6257=VECTOR('',#6256,7.071067811865E-1);
#6258=CARTESIAN_POINT('',(5.574049965353E-9,-6.25E0,3.5E0));
#6259=LINE('',#6258,#6257);
#6260=CARTESIAN_POINT('',(1.333048349484E-14,2.994075620717E-14,3.5E0));
#6261=DIRECTION('',(0.E0,0.E0,-1.E0));
#6262=DIRECTION('',(1.E0,0.E0,0.E0));
#6263=AXIS2_PLACEMENT_3D('',#6260,#6261,#6262);
#6265=CARTESIAN_POINT('',(1.333048349484E-14,2.994075620717E-14,3.5E0));
#6266=DIRECTION('',(0.E0,0.E0,-1.E0));
#6267=DIRECTION('',(0.E0,1.E0,0.E0));
#6268=AXIS2_PLACEMENT_3D('',#6265,#6266,#6267);
#6270=DIRECTION('',(0.E0,7.071067811865E-1,7.071067811866E-1));
#6271=VECTOR('',#6270,7.071067811865E-1);
#6272=CARTESIAN_POINT('',(1.535609915017E-14,6.25E0,3.5E0));
#6273=LINE('',#6272,#6271);
#6274=DIRECTION('',(0.E0,0.E0,1.E0));
#6275=VECTOR('',#6274,3.5E0);
#6276=CARTESIAN_POINT('',(-6.25E0,3.020372882031E-14,0.E0));
#6277=LINE('',#6276,#6275);
#6278=DIRECTION('',(0.E0,0.E0,1.E0));
#6279=VECTOR('',#6278,3.5E0);
#6280=CARTESIAN_POINT('',(6.25E0,2.970129389918E-14,0.E0));
#6281=LINE('',#6280,#6279);
#6282=CARTESIAN_POINT('',(1.333048349484E-14,2.994075620717E-14,0.E0));
#6283=DIRECTION('',(0.E0,0.E0,1.E0));
#6284=DIRECTION('',(-1.E0,0.E0,0.E0));
#6285=AXIS2_PLACEMENT_3D('',#6282,#6283,#6284);
#6287=CARTESIAN_POINT('',(1.333048349484E-14,2.994075620717E-14,0.E0));
#6288=DIRECTION('',(0.E0,0.E0,1.E0));
#6289=DIRECTION('',(1.E0,0.E0,0.E0));
#6290=AXIS2_PLACEMENT_3D('',#6287,#6288,#6289);
#6292=CARTESIAN_POINT('',(1.039230484541E1,-6.E0,3.5E0));
#6293=DIRECTION('',(0.E0,0.E0,-1.E0));
#6294=DIRECTION('',(-1.E0,0.E0,0.E0));
#6295=AXIS2_PLACEMENT_3D('',#6292,#6293,#6294);
#6297=CARTESIAN_POINT('',(1.039230484541E1,-6.E0,3.5E0));
#6298=DIRECTION('',(0.E0,0.E0,-1.E0));
#6299=DIRECTION('',(0.E0,-1.E0,0.E0));
#6300=AXIS2_PLACEMENT_3D('',#6297,#6298,#6299);
#6302=DIRECTION('',(0.E0,-7.071067811865E-1,7.071067811866E-1));
#6303=VECTOR('',#6302,7.071067811865E-1);
#6304=CARTESIAN_POINT('',(1.039230484541E1,-8.E0,3.5E0));
#6305=LINE('',#6304,#6303);
#6306=CARTESIAN_POINT('',(1.039230484541E1,-6.E0,3.5E0));
#6307=DIRECTION('',(0.E0,0.E0,-1.E0));
#6308=DIRECTION('',(1.E0,0.E0,0.E0));
#6309=AXIS2_PLACEMENT_3D('',#6306,#6307,#6308);
#6311=CARTESIAN_POINT('',(1.039230484541E1,-6.E0,3.5E0));
#6312=DIRECTION('',(0.E0,0.E0,-1.E0));
#6313=DIRECTION('',(0.E0,1.E0,0.E0));
#6314=AXIS2_PLACEMENT_3D('',#6311,#6312,#6313);
#6316=DIRECTION('',(0.E0,7.071067811865E-1,7.071067811866E-1));
#6317=VECTOR('',#6316,7.071067811865E-1);
#6318=CARTESIAN_POINT('',(1.039230484541E1,-4.E0,3.5E0));
#6319=LINE('',#6318,#6317);
#6320=DIRECTION('',(0.E0,0.E0,1.E0));
#6321=VECTOR('',#6320,3.5E0);
#6322=CARTESIAN_POINT('',(1.239230484541E1,-6.E0,0.E0));
#6323=LINE('',#6322,#6321);
#6324=DIRECTION('',(0.E0,0.E0,1.E0));
#6325=VECTOR('',#6324,3.5E0);
#6326=CARTESIAN_POINT('',(8.392304845410E0,-6.E0,0.E0));
#6327=LINE('',#6326,#6325);
#6328=CARTESIAN_POINT('',(1.039230484541E1,-6.E0,0.E0));
#6329=DIRECTION('',(0.E0,0.E0,1.E0));
#6330=DIRECTION('',(-1.E0,0.E0,0.E0));
#6331=AXIS2_PLACEMENT_3D('',#6328,#6329,#6330);
#6333=CARTESIAN_POINT('',(1.039230484541E1,-6.E0,0.E0));
#6334=DIRECTION('',(0.E0,0.E0,1.E0));
#6335=DIRECTION('',(1.E0,0.E0,0.E0));
#6336=AXIS2_PLACEMENT_3D('',#6333,#6334,#6335);
#6338=DIRECTION('',(0.E0,0.E0,1.E0));
#6339=VECTOR('',#6338,4.E0);
#6340=CARTESIAN_POINT('',(-1.1175E1,-1.428941916244E0,0.E0));
#6341=LINE('',#6340,#6339);
#6342=DIRECTION('',(0.E0,0.E0,1.E0));
#6343=VECTOR('',#6342,4.E0);
#6344=CARTESIAN_POINT('',(-1.2825E1,1.428941916244E0,0.E0));
#6345=LINE('',#6344,#6343);
#6346=CARTESIAN_POINT('',(-1.2E1,2.994075620717E-14,0.E0));
#6347=DIRECTION('',(0.E0,0.E0,1.E0));
#6348=DIRECTION('',(-1.E0,0.E0,0.E0));
#6349=AXIS2_PLACEMENT_3D('',#6346,#6347,#6348);
#6351=CARTESIAN_POINT('',(-1.2E1,2.994075620717E-14,0.E0));
#6352=DIRECTION('',(0.E0,0.E0,1.E0));
#6353=DIRECTION('',(-5.E-1,8.660254037844E-1,0.E0));
#6354=AXIS2_PLACEMENT_3D('',#6351,#6352,#6353);
#6356=CARTESIAN_POINT('',(-1.2E1,2.994075620717E-14,0.E0));
#6357=DIRECTION('',(0.E0,0.E0,1.E0));
#6358=DIRECTION('',(1.E0,0.E0,0.E0));
#6359=AXIS2_PLACEMENT_3D('',#6356,#6357,#6358);
#6361=CARTESIAN_POINT('',(-1.2E1,2.994075620717E-14,0.E0));
#6362=DIRECTION('',(0.E0,0.E0,1.E0));
#6363=DIRECTION('',(5.E-1,-8.660254037844E-1,0.E0));
#6364=AXIS2_PLACEMENT_3D('',#6361,#6362,#6363);
#6366=DIRECTION('',(0.E0,0.E0,-1.E0));
#6367=VECTOR('',#6366,5.E0);
#6368=CARTESIAN_POINT('',(1.631096115482E1,3.335993749501E1,0.E0));
#6369=LINE('',#6368,#6367);
#6370=DIRECTION('',(0.E0,0.E0,-1.E0));
#6371=VECTOR('',#6370,5.E0);
#6372=CARTESIAN_POINT('',(1.331096115482E1,3.335993749501E1,0.E0));
#6373=LINE('',#6372,#6371);
#6374=CARTESIAN_POINT('',(1.481096115482E1,3.335993749501E1,-5.E0));
#6375=DIRECTION('',(0.E0,0.E0,1.E0));
#6376=DIRECTION('',(1.E0,0.E0,0.E0));
#6377=AXIS2_PLACEMENT_3D('',#6374,#6375,#6376);
#6379=CARTESIAN_POINT('',(1.481096115482E1,3.335993749501E1,-5.E0));
#6380=DIRECTION('',(0.E0,0.E0,1.E0));
#6381=DIRECTION('',(-1.E0,0.E0,0.E0));
#6382=AXIS2_PLACEMENT_3D('',#6379,#6380,#6381);
#6384=CARTESIAN_POINT('',(-3.629603391674E1,-3.853300132968E0,-5.E0));
#6385=DIRECTION('',(0.E0,0.E0,1.E0));
#6386=DIRECTION('',(1.E0,0.E0,0.E0));
#6387=AXIS2_PLACEMENT_3D('',#6384,#6385,#6386);
#6389=CARTESIAN_POINT('',(-3.629603391674E1,-3.853300132968E0,-5.E0));
#6390=DIRECTION('',(0.E0,0.E0,1.E0));
#6391=DIRECTION('',(-1.E0,0.E0,0.E0));
#6392=AXIS2_PLACEMENT_3D('',#6389,#6390,#6391);
#6394=CARTESIAN_POINT('',(2.148507276193E1,-2.950663736204E1,-5.E0));
#6395=DIRECTION('',(0.E0,0.E0,1.E0));
#6396=DIRECTION('',(1.E0,0.E0,0.E0));
#6397=AXIS2_PLACEMENT_3D('',#6394,#6395,#6396);
#6399=CARTESIAN_POINT('',(2.148507276193E1,-2.950663736204E1,-5.E0));
#6400=DIRECTION('',(0.E0,0.E0,1.E0));
#6401=DIRECTION('',(-1.E0,0.E0,0.E0));
#6402=AXIS2_PLACEMENT_3D('',#6399,#6400,#6401);
#6404=DIRECTION('',(0.E0,0.E0,-1.E0));
#6405=VECTOR('',#6404,5.E0);
#6406=CARTESIAN_POINT('',(-3.479603391674E1,-3.853300132968E0,0.E0));
#6407=LINE('',#6406,#6405);
#6408=DIRECTION('',(0.E0,0.E0,-1.E0));
#6409=VECTOR('',#6408,5.E0);
#6410=CARTESIAN_POINT('',(-3.779603391674E1,-3.853300132968E0,0.E0));
#6411=LINE('',#6410,#6409);
#6412=DIRECTION('',(0.E0,0.E0,-1.E0));
#6413=VECTOR('',#6412,5.E0);
#6414=CARTESIAN_POINT('',(2.273507276193E1,-2.950663736204E1,0.E0));
#6415=LINE('',#6414,#6413);
#6416=DIRECTION('',(0.E0,0.E0,-1.E0));
#6417=VECTOR('',#6416,5.E0);
#6418=CARTESIAN_POINT('',(2.023507276193E1,-2.950663736204E1,0.E0));
#6419=LINE('',#6418,#6417);
#6420=DIRECTION('',(0.E0,-5.E-1,-8.660254037844E-1));
#6421=VECTOR('',#6420,1.564219224730E0);
#6422=CARTESIAN_POINT('',(-1.511096115482E1,-3.395993749500E1,
-2.884115427319E1));
#6423=LINE('',#6422,#6421);
#6424=DIRECTION('',(0.E0,0.E0,1.E0));
#6425=VECTOR('',#6424,1.513641383547E0);
#6426=CARTESIAN_POINT('',(-1.541096115482E1,-3.365993749500E1,
-3.035479565674E1));
#6427=LINE('',#6426,#6425);
#6428=DIRECTION('',(0.E0,-2.816556458420E-14,-1.E0));
#6429=VECTOR('',#6428,1.513641383547E0);
#6430=CARTESIAN_POINT('',(-1.511096115482E1,-3.395993749500E1,
-2.884115427319E1));
#6431=LINE('',#6430,#6429);
#6432=DIRECTION('',(2.932388256157E-14,3.518865907389E-13,-1.E0));
#6433=VECTOR('',#6432,1.211542731881E-1);
#6434=CARTESIAN_POINT('',(-1.511096115482E1,-3.395993749500E1,-2.872E1));
#6435=LINE('',#6434,#6433);
#6436=DIRECTION('',(-1.026335889656E-13,-2.345910604928E-13,1.E0));
#6437=VECTOR('',#6436,1.211542731880E-1);
#6438=CARTESIAN_POINT('',(-1.541096115482E1,-3.365993749500E1,
-2.884115427319E1));
#6439=LINE('',#6438,#6437);
#6440=DIRECTION('',(5.E-1,-1.816990162317E-14,8.660254037844E-1));
#6441=VECTOR('',#6440,1.564219224730E0);
#6442=CARTESIAN_POINT('',(-1.619307076718E1,-3.365993749500E1,
-3.019580785890E1));
#6443=LINE('',#6442,#6441);
#6444=CARTESIAN_POINT('',(-1.481096115482E1,-3.365993749500E1,-2.54E1));
#6445=DIRECTION('',(0.E0,1.E0,0.E0));
#6446=DIRECTION('',(-1.202165849551E-1,0.E0,-9.927476883386E-1));
#6447=AXIS2_PLACEMENT_3D('',#6444,#6445,#6446);
#6449=CARTESIAN_POINT('',(-1.377089764536E1,-3.335993749500E1,
-2.600048094717E1));
#6450=DIRECTION('',(8.660254037844E-1,0.E0,-5.E-1));
#6451=DIRECTION('',(-4.990439839203E-1,-6.180945277075E-2,-8.643695353615E-1));
#6452=AXIS2_PLACEMENT_3D('',#6449,#6450,#6451);
#6454=DIRECTION('',(-7.481265157524E-9,-1.E0,0.E0));
#6455=VECTOR('',#6454,6.050321464943E-1);
#6456=CARTESIAN_POINT('',(-1.534146488259E1,-3.305697785006E1,-2.872E1));
#6457=LINE('',#6456,#6455);
#6458=CARTESIAN_POINT('',(-1.481096115482E1,-3.305993749500E1,-2.54E1));
#6459=DIRECTION('',(0.E0,-1.E0,0.E0));
#6460=DIRECTION('',(-2.769208293869E-1,0.E0,-9.608927381616E-1));
#6461=AXIS2_PLACEMENT_3D('',#6458,#6459,#6460);
#6463=DIRECTION('',(-5.E-1,0.E0,-8.660254037844E-1));
#6464=VECTOR('',#6463,1.564219224730E0);
#6465=CARTESIAN_POINT('',(-1.541096115482E1,-3.305993749500E1,
-2.884115427319E1));
#6466=LINE('',#6465,#6464);
#6467=DIRECTION('',(4.975151496859E-1,-1.483678123872E-2,8.673283955662E-1));
#6468=VECTOR('',#6467,1.396867366586E-1);
#6469=CARTESIAN_POINT('',(-1.541096115482E1,-3.365993749500E1,
-2.884115427319E1));
#6470=LINE('',#6469,#6468);
#6471=CARTESIAN_POINT('',(-1.534146488712E1,-3.366200999655E1,-2.872E1));
#6472=CARTESIAN_POINT('',(-1.535322588378E1,-3.366200999655E1,-2.872E1));
#6473=CARTESIAN_POINT('',(-1.537596667900E1,-3.365890124422E1,-2.872E1));
#6474=CARTESIAN_POINT('',(-1.539940600073E1,-3.365993749500E1,-2.872E1));
#6475=CARTESIAN_POINT('',(-1.541096115482E1,-3.365993749500E1,-2.872E1));
#6477=CARTESIAN_POINT('',(-1.541096115482E1,-3.395993749500E1,-2.872E1));
#6478=DIRECTION('',(0.E0,0.E0,1.E0));
#6479=DIRECTION('',(9.724380244714E-1,2.331615074623E-1,0.E0));
#6480=AXIS2_PLACEMENT_3D('',#6477,#6478,#6479);
#6482=CARTESIAN_POINT('',(-1.421096115482E1,-3.395993749500E1,-2.872E1));
#6483=DIRECTION('',(0.E0,0.E0,1.E0));
#6484=DIRECTION('',(-2.331615074620E-1,9.724380244715E-1,0.E0));
#6485=AXIS2_PLACEMENT_3D('',#6482,#6483,#6484);
#6487=CARTESIAN_POINT('',(-1.421096115482E1,-3.275993749500E1,-2.872E1));
#6488=DIRECTION('',(0.E0,0.E0,1.E0));
#6489=DIRECTION('',(-9.724380244715E-1,-2.331615074620E-1,0.E0));
#6490=AXIS2_PLACEMENT_3D('',#6487,#6488,#6489);
#6492=CARTESIAN_POINT('',(-1.534146488259E1,-3.305697785006E1,-2.872E1));
#6493=CARTESIAN_POINT('',(-1.531387431206E1,-3.305054295319E1,-2.872E1));
#6494=CARTESIAN_POINT('',(-1.526393683632E1,-3.302307193963E1,-2.872E1));
#6495=CARTESIAN_POINT('',(-1.519523450066E1,-3.297554899145E1,-2.872E1));
#6496=CARTESIAN_POINT('',(-1.514770722579E1,-3.290675649151E1,-2.872E1));
#6497=CARTESIAN_POINT('',(-1.512034608254E1,-3.285692413571E1,-2.872E1));
#6498=CARTESIAN_POINT('',(-1.511393445591E1,-3.282943437662E1,-2.872E1));
#6500=DIRECTION('',(9.999997217984E-1,-7.459243553994E-4,0.E0));
#6501=VECTOR('',#6500,6.062069665308E-1);
#6502=CARTESIAN_POINT('',(-1.511509545115E1,-3.388998904276E1,-2.872E1));
#6503=LINE('',#6502,#6501);
#6504=DIRECTION('',(0.E0,5.E-1,8.660254037844E-1));
#6505=VECTOR('',#6504,1.564219224729E0);
#6506=CARTESIAN_POINT('',(-1.451096115482E1,-3.474204710737E1,
-3.019580785890E1));
#6507=LINE('',#6506,#6505);
#6508=DIRECTION('',(0.E0,1.408278229210E-14,1.E0));
#6509=VECTOR('',#6508,1.513641383547E0);
#6510=CARTESIAN_POINT('',(-1.451096115482E1,-3.395993749500E1,
-3.035479565674E1));
#6511=LINE('',#6510,#6509);
#6512=DIRECTION('',(1.290921710109E-14,0.E0,-1.E0));
#6513=VECTOR('',#6512,1.513641383547E0);
#6514=CARTESIAN_POINT('',(-1.421096115482E1,-3.365993749500E1,
-2.884115427319E1));
#6515=LINE('',#6514,#6513);
#6516=DIRECTION('',(-1.612813540888E-13,1.759432953696E-13,-1.E0));
#6517=VECTOR('',#6516,1.211542731880E-1);
#6518=CARTESIAN_POINT('',(-1.421096115482E1,-3.365993749500E1,-2.872E1));
#6519=LINE('',#6518,#6517);
#6520=DIRECTION('',(0.E0,-2.345910604925E-13,1.E0));
#6521=VECTOR('',#6520,1.211542731882E-1);
#6522=CARTESIAN_POINT('',(-1.451096115482E1,-3.395993749500E1,
-2.884115427319E1));
#6523=LINE('',#6522,#6521);
#6524=CARTESIAN_POINT('',(-1.481096115482E1,-3.365993749500E1,-2.54E1));
#6525=DIRECTION('',(0.E0,1.E0,0.E0));
#6526=DIRECTION('',(2.769208293869E-1,0.E0,-9.608927381616E-1));
#6527=AXIS2_PLACEMENT_3D('',#6524,#6525,#6526);
#6529=DIRECTION('',(5.E-1,1.816990162317E-14,-8.660254037844E-1));
#6530=VECTOR('',#6529,1.564219224730E0);
#6531=CARTESIAN_POINT('',(-1.421096115482E1,-3.365993749500E1,
-2.884115427319E1));
#6532=LINE('',#6531,#6530);
#6533=CARTESIAN_POINT('',(-1.421096115482E1,-3.365993749500E1,-2.872E1));
#6534=CARTESIAN_POINT('',(-1.422317482897E1,-3.365993749500E1,-2.872E1));
#6535=CARTESIAN_POINT('',(-1.424704657849E1,-3.365787034684E1,-2.872E1));
#6536=CARTESIAN_POINT('',(-1.426980713046E1,-3.366407179133E1,-2.872E1));
#6537=CARTESIAN_POINT('',(-1.428090960706E1,-3.366407179133E1,-2.872E1));
#6539=DIRECTION('',(4.997818060780E-1,2.953955406004E-2,-8.656474808254E-1));
#6540=VECTOR('',#6539,1.399579804385E-1);
#6541=CARTESIAN_POINT('',(-1.428090960706E1,-3.366407179133E1,-2.872E1));
#6542=LINE('',#6541,#6540);
#6543=DIRECTION('',(1.483678123883E-2,4.975151496859E-1,8.673283955662E-1));
#6544=VECTOR('',#6543,1.396867366588E-1);
#6545=CARTESIAN_POINT('',(-1.451096115482E1,-3.395993749500E1,
-2.884115427319E1));
#6546=LINE('',#6545,#6544);
#6547=CARTESIAN_POINT('',(-1.450888865326E1,-3.389044122730E1,-2.872E1));
#6548=CARTESIAN_POINT('',(-1.450888865326E1,-3.390220222396E1,-2.872E1));
#6549=CARTESIAN_POINT('',(-1.451199740559E1,-3.392494301919E1,-2.872E1));
#6550=CARTESIAN_POINT('',(-1.451096115482E1,-3.394838234092E1,-2.872E1));
#6551=CARTESIAN_POINT('',(-1.451096115482E1,-3.395993749500E1,-2.872E1));
#6553=CARTESIAN_POINT('',(-1.511096115482E1,-3.395993749500E1,-2.872E1));
#6554=CARTESIAN_POINT('',(-1.511096115482E1,-3.394772382085E1,-2.872E1));
#6555=CARTESIAN_POINT('',(-1.510889400665E1,-3.392385207132E1,-2.872E1));
#6556=CARTESIAN_POINT('',(-1.511509545115E1,-3.390109151936E1,-2.872E1));
#6557=CARTESIAN_POINT('',(-1.511509545115E1,-3.388998904276E1,-2.872E1));
#6559=DIRECTION('',(2.953955405998E-2,-4.997818060782E-1,-8.656474808253E-1));
#6560=VECTOR('',#6559,1.399579804386E-1);
#6561=CARTESIAN_POINT('',(-1.511509545115E1,-3.388998904276E1,-2.872E1));
#6562=LINE('',#6561,#6560);
#6563=CARTESIAN_POINT('',(-1.541096115482E1,-3.305993749500E1,-2.872E1));
#6564=CARTESIAN_POINT('',(-1.539940553779E1,-3.305993749500E1,-2.872E1));
#6565=CARTESIAN_POINT('',(-1.537596575538E1,-3.306141731747E1,-2.872E1));
#6566=CARTESIAN_POINT('',(-1.535322541631E1,-3.305697785006E1,-2.872E1));
#6567=CARTESIAN_POINT('',(-1.534146488259E1,-3.305697785006E1,-2.872E1));
#6569=DIRECTION('',(-4.974582706243E-1,-2.118530687592E-2,-8.672291806437E-1));
#6570=VECTOR('',#6569,1.397027174501E-1);
#6571=CARTESIAN_POINT('',(-1.534146488259E1,-3.305697785006E1,-2.872E1));
#6572=LINE('',#6571,#6570);
#6573=DIRECTION('',(-4.975151496858E-1,1.483678123877E-2,8.673283955663E-1));
#6574=VECTOR('',#6573,1.396867366587E-1);
#6575=CARTESIAN_POINT('',(-1.421096115482E1,-3.305993749500E1,
-2.884115427319E1));
#6576=LINE('',#6575,#6574);
#6577=CARTESIAN_POINT('',(-1.428045742251E1,-3.305786499345E1,-2.872E1));
#6578=CARTESIAN_POINT('',(-1.426869642585E1,-3.305786499345E1,-2.872E1));
#6579=CARTESIAN_POINT('',(-1.424595563063E1,-3.306097374578E1,-2.872E1));
#6580=CARTESIAN_POINT('',(-1.422251630890E1,-3.305993749500E1,-2.872E1));
#6581=CARTESIAN_POINT('',(-1.421096115482E1,-3.305993749500E1,-2.872E1));
#6583=CARTESIAN_POINT('',(-1.451096115482E1,-3.275993749500E1,-2.872E1));
#6584=CARTESIAN_POINT('',(-1.451096115482E1,-3.277215116915E1,-2.872E1));
#6585=CARTESIAN_POINT('',(-1.451302830298E1,-3.279602291868E1,-2.872E1));
#6586=CARTESIAN_POINT('',(-1.450682685849E1,-3.281878347065E1,-2.872E1));
#6587=CARTESIAN_POINT('',(-1.450682685849E1,-3.282988594724E1,-2.872E1));
#6589=DIRECTION('',(-2.953955405990E-2,4.997818060783E-1,-8.656474808252E-1));
#6590=VECTOR('',#6589,1.399579804385E-1);
#6591=CARTESIAN_POINT('',(-1.450682685849E1,-3.282988594724E1,-2.872E1));
#6592=LINE('',#6591,#6590);
#6593=DIRECTION('',(-2.128296801923E-2,-4.974605206839E-1,8.672254987218E-1));
#6594=VECTOR('',#6593,1.397033105767E-1);
#6595=CARTESIAN_POINT('',(-1.511096115482E1,-3.275993749500E1,
-2.884115427319E1));
#6596=LINE('',#6595,#6594);
#6597=CARTESIAN_POINT('',(-1.511393445591E1,-3.282943437662E1,-2.872E1));
#6598=CARTESIAN_POINT('',(-1.511393445591E1,-3.281770647489E1,-2.872E1));
#6599=CARTESIAN_POINT('',(-1.510947450427E1,-3.279499785371E1,-2.872E1));
#6600=CARTESIAN_POINT('',(-1.511096115482E1,-3.277152574402E1,-2.872E1));
#6601=CARTESIAN_POINT('',(-1.511096115482E1,-3.275993749500E1,-2.872E1));
#6603=CARTESIAN_POINT('',(-1.511096115482E1,-3.275993749500E1,
-3.035479565674E1));
#6604=CARTESIAN_POINT('',(-1.511096115482E1,-3.275993749500E1,
-2.884115427319E1));
#6605=VERTEX_POINT('',#6603);
#6606=VERTEX_POINT('',#6604);
#6607=CARTESIAN_POINT('',(-1.511096115482E1,-3.275993749500E1,-2.872E1));
#6608=VERTEX_POINT('',#6607);
#6609=CARTESIAN_POINT('',(-1.541096115482E1,-3.305993749500E1,-2.872E1));
#6610=CARTESIAN_POINT('',(-1.541096115482E1,-3.305993749500E1,
-2.884115427319E1));
#6611=VERTEX_POINT('',#6609);
#6612=VERTEX_POINT('',#6610);
#6613=CARTESIAN_POINT('',(-1.541096115482E1,-3.305993749500E1,
-3.035479565674E1));
#6614=VERTEX_POINT('',#6613);
#6615=CARTESIAN_POINT('',(-1.619307076718E1,-3.305993749500E1,
-3.019580785890E1));
#6616=VERTEX_POINT('',#6615);
#6617=CARTESIAN_POINT('',(-1.534146488259E1,-3.305697785006E1,-2.872E1));
#6618=VERTEX_POINT('',#6617);
#6619=CARTESIAN_POINT('',(-1.534146488712E1,-3.366200999655E1,-2.872E1));
#6620=VERTEX_POINT('',#6619);
#6621=CARTESIAN_POINT('',(-1.541096115482E1,-3.365993749500E1,
-2.884115427319E1));
#6622=VERTEX_POINT('',#6621);
#6623=CARTESIAN_POINT('',(-1.619307076718E1,-3.365993749500E1,
-3.019580785890E1));
#6624=VERTEX_POINT('',#6623);
#6625=CARTESIAN_POINT('',(-1.511096115482E1,-3.395993749500E1,
-3.035479565674E1));
#6626=CARTESIAN_POINT('',(-1.511096115482E1,-3.474204710737E1,
-3.019580785890E1));
#6627=VERTEX_POINT('',#6625);
#6628=VERTEX_POINT('',#6626);
#6629=CARTESIAN_POINT('',(-1.451096115482E1,-3.474204710737E1,
-3.019580785890E1));
#6630=VERTEX_POINT('',#6629);
#6631=CARTESIAN_POINT('',(-1.451096115482E1,-3.395993749500E1,
-3.035479565674E1));
#6632=VERTEX_POINT('',#6631);
#6633=VERTEX_POINT('',#124);
#6634=CARTESIAN_POINT('',(-1.342885154245E1,-3.365993749500E1,
-3.019580785890E1));
#6635=VERTEX_POINT('',#6634);
#6636=CARTESIAN_POINT('',(-1.342885154245E1,-3.305993749500E1,
-3.019580785890E1));
#6637=VERTEX_POINT('',#6636);
#6638=CARTESIAN_POINT('',(-1.421096115482E1,-3.305993749500E1,
-3.035479565674E1));
#6639=VERTEX_POINT('',#6638);
#6640=VERTEX_POINT('',#111);
#6641=CARTESIAN_POINT('',(-1.451096115482E1,-3.197782788264E1,
-3.019580785890E1));
#6642=VERTEX_POINT('',#6641);
#6643=CARTESIAN_POINT('',(-1.511096115482E1,-3.197782788264E1,
-3.019580785890E1));
#6644=VERTEX_POINT('',#6643);
#6645=CARTESIAN_POINT('',(-1.541096115482E1,-3.365993749500E1,
-3.035479565674E1));
#6646=VERTEX_POINT('',#6645);
#6647=CARTESIAN_POINT('',(-1.541096115482E1,-3.365993749500E1,-2.872E1));
#6648=VERTEX_POINT('',#6647);
#6649=CARTESIAN_POINT('',(-1.511096115482E1,-3.395993749500E1,-2.872E1));
#6650=CARTESIAN_POINT('',(-1.511096115482E1,-3.395993749500E1,
-2.884115427319E1));
#6651=VERTEX_POINT('',#6649);
#6652=VERTEX_POINT('',#6650);
#6653=CARTESIAN_POINT('',(-1.511509545115E1,-3.388998904276E1,-2.872E1));
#6654=VERTEX_POINT('',#6653);
#6655=CARTESIAN_POINT('',(-1.450888865326E1,-3.389044122730E1,-2.872E1));
#6656=VERTEX_POINT('',#6655);
#6657=CARTESIAN_POINT('',(-1.451096115482E1,-3.395993749500E1,
-2.884115427319E1));
#6658=VERTEX_POINT('',#6657);
#6659=CARTESIAN_POINT('',(-1.451096115482E1,-3.395993749500E1,-2.872E1));
#6660=VERTEX_POINT('',#6659);
#6661=CARTESIAN_POINT('',(-1.421096115482E1,-3.365993749500E1,-2.872E1));
#6662=CARTESIAN_POINT('',(-1.421096115482E1,-3.365993749500E1,
-2.884115427319E1));
#6663=VERTEX_POINT('',#6661);
#6664=VERTEX_POINT('',#6662);
#6665=CARTESIAN_POINT('',(-1.428090960706E1,-3.366407179133E1,-2.872E1));
#6666=VERTEX_POINT('',#6665);
#6667=CARTESIAN_POINT('',(-1.428045742251E1,-3.305786499345E1,-2.872E1));
#6668=VERTEX_POINT('',#6667);
#6669=CARTESIAN_POINT('',(-1.421096115482E1,-3.305993749500E1,
-2.884115427319E1));
#6670=VERTEX_POINT('',#6669);
#6671=CARTESIAN_POINT('',(-1.421096115482E1,-3.305993749500E1,-2.872E1));
#6672=VERTEX_POINT('',#6671);
#6673=CARTESIAN_POINT('',(-1.451096115482E1,-3.275993749500E1,-2.872E1));
#6674=CARTESIAN_POINT('',(-1.451096115482E1,-3.275993749500E1,
-2.884115427319E1));
#6675=VERTEX_POINT('',#6673);
#6676=VERTEX_POINT('',#6674);
#6677=CARTESIAN_POINT('',(-1.450682685849E1,-3.282988594724E1,-2.872E1));
#6678=VERTEX_POINT('',#6677);
#6679=CARTESIAN_POINT('',(-1.511393445591E1,-3.282943437662E1,-2.872E1));
#6680=VERTEX_POINT('',#6679);
#6681=CARTESIAN_POINT('',(9.797499991810E0,-3.447549705871E1,
-3.035479565674E1));
#6682=CARTESIAN_POINT('',(9.797499991810E0,-3.447549705871E1,
-2.884115427319E1));
#6683=VERTEX_POINT('',#6681);
#6684=VERTEX_POINT('',#6682);
#6685=CARTESIAN_POINT('',(9.797499991810E0,-3.447549705871E1,-2.872E1));
#6686=VERTEX_POINT('',#6685);
#6687=CARTESIAN_POINT('',(9.497499991810E0,-3.477549705871E1,-2.872E1));
#6688=CARTESIAN_POINT('',(9.497499991810E0,-3.477549705871E1,
-2.884115427319E1));
#6689=VERTEX_POINT('',#6687);
#6690=VERTEX_POINT('',#6688);
#6691=CARTESIAN_POINT('',(9.497499991810E0,-3.477549705871E1,
-3.035479565674E1));
#6692=VERTEX_POINT('',#6691);
#6693=CARTESIAN_POINT('',(8.715390379445E0,-3.477549705871E1,
-3.019580785890E1));
#6694=VERTEX_POINT('',#6693);
#6695=CARTESIAN_POINT('',(9.566996264034E0,-3.477253741377E1,-2.872E1));
#6696=VERTEX_POINT('',#6695);
#6697=CARTESIAN_POINT('',(9.566996259508E0,-3.537756956026E1,-2.872E1));
#6698=VERTEX_POINT('',#6697);
#6699=CARTESIAN_POINT('',(9.497499991810E0,-3.537549705871E1,
-2.884115427319E1));
#6700=VERTEX_POINT('',#6699);
#6701=CARTESIAN_POINT('',(8.715390379445E0,-3.537549705871E1,
-3.019580785890E1));
#6702=VERTEX_POINT('',#6701);
#6703=CARTESIAN_POINT('',(9.797499991810E0,-3.567549705871E1,
-3.035479565674E1));
#6704=CARTESIAN_POINT('',(9.797499991810E0,-3.645760667107E1,
-3.019580785890E1));
#6705=VERTEX_POINT('',#6703);
#6706=VERTEX_POINT('',#6704);
#6707=CARTESIAN_POINT('',(1.039749999181E1,-3.645760667107E1,
-3.019580785890E1));
#6708=VERTEX_POINT('',#6707);
#6709=CARTESIAN_POINT('',(1.039749999181E1,-3.567549705871E1,
-3.035479565674E1));
#6710=VERTEX_POINT('',#6709);
#6711=VERTEX_POINT('',#960);
#6712=CARTESIAN_POINT('',(1.147960960417E1,-3.537549705871E1,
-3.019580785890E1));
#6713=VERTEX_POINT('',#6712);
#6714=CARTESIAN_POINT('',(1.147960960417E1,-3.477549705871E1,
-3.019580785890E1));
#6715=VERTEX_POINT('',#6714);
#6716=CARTESIAN_POINT('',(1.069749999181E1,-3.477549705871E1,
-3.035479565674E1));
#6717=VERTEX_POINT('',#6716);
#6718=VERTEX_POINT('',#947);
#6719=CARTESIAN_POINT('',(1.039749999181E1,-3.369338744635E1,
-3.019580785890E1));
#6720=VERTEX_POINT('',#6719);
#6721=CARTESIAN_POINT('',(9.797499991810E0,-3.369338744635E1,
-3.019580785890E1));
#6722=VERTEX_POINT('',#6721);
#6723=CARTESIAN_POINT('',(9.497499991810E0,-3.537549705871E1,
-3.035479565674E1));
#6724=VERTEX_POINT('',#6723);
#6725=CARTESIAN_POINT('',(9.497499991810E0,-3.537549705871E1,-2.872E1));
#6726=VERTEX_POINT('',#6725);
#6727=CARTESIAN_POINT('',(9.797499991810E0,-3.567549705871E1,-2.872E1));
#6728=CARTESIAN_POINT('',(9.797499991810E0,-3.567549705871E1,
-2.884115427319E1));
#6729=VERTEX_POINT('',#6727);
#6730=VERTEX_POINT('',#6728);
#6731=CARTESIAN_POINT('',(9.793365695481E0,-3.560554860647E1,-2.872E1));
#6732=VERTEX_POINT('',#6731);
#6733=CARTESIAN_POINT('',(1.039957249336E1,-3.560600079101E1,-2.872E1));
#6734=VERTEX_POINT('',#6733);
#6735=CARTESIAN_POINT('',(1.039749999181E1,-3.567549705871E1,
-2.884115427319E1));
#6736=VERTEX_POINT('',#6735);
#6737=CARTESIAN_POINT('',(1.039749999181E1,-3.567549705871E1,-2.872E1));
#6738=VERTEX_POINT('',#6737);
#6739=CARTESIAN_POINT('',(1.069749999181E1,-3.537549705871E1,-2.872E1));
#6740=CARTESIAN_POINT('',(1.069749999181E1,-3.537549705871E1,
-2.884115427319E1));
#6741=VERTEX_POINT('',#6739);
#6742=VERTEX_POINT('',#6740);
#6743=CARTESIAN_POINT('',(1.062755153957E1,-3.537963135504E1,-2.872E1));
#6744=VERTEX_POINT('',#6743);
#6745=CARTESIAN_POINT('',(1.062800372411E1,-3.477342455716E1,-2.872E1));
#6746=VERTEX_POINT('',#6745);
#6747=CARTESIAN_POINT('',(1.069749999181E1,-3.477549705871E1,
-2.884115427319E1));
#6748=VERTEX_POINT('',#6747);
#6749=CARTESIAN_POINT('',(1.069749999181E1,-3.477549705871E1,-2.872E1));
#6750=VERTEX_POINT('',#6749);
#6751=CARTESIAN_POINT('',(1.039749999181E1,-3.447549705871E1,-2.872E1));
#6752=CARTESIAN_POINT('',(1.039749999181E1,-3.447549705871E1,
-2.884115427319E1));
#6753=VERTEX_POINT('',#6751);
#6754=VERTEX_POINT('',#6752);
#6755=CARTESIAN_POINT('',(1.040163428814E1,-3.454544551095E1,-2.872E1));
#6756=VERTEX_POINT('',#6755);
#6757=CARTESIAN_POINT('',(9.794526690719E0,-3.454499394033E1,-2.872E1));
#6758=VERTEX_POINT('',#6757);
#6759=CARTESIAN_POINT('',(2.207980300550E0,3.701373415089E1,-3.035479565674E1));
#6760=CARTESIAN_POINT('',(2.207980300550E0,3.701373415089E1,-2.884115427319E1));
#6761=VERTEX_POINT('',#6759);
#6762=VERTEX_POINT('',#6760);
#6763=CARTESIAN_POINT('',(2.207980300550E0,3.701373415089E1,-2.872E1));
#6764=VERTEX_POINT('',#6763);
#6765=CARTESIAN_POINT('',(1.907980300550E0,3.671373415090E1,-2.872E1));
#6766=CARTESIAN_POINT('',(1.907980300550E0,3.671373415090E1,-2.884115427319E1));
#6767=VERTEX_POINT('',#6765);
#6768=VERTEX_POINT('',#6766);
#6769=CARTESIAN_POINT('',(1.907980300550E0,3.671373415090E1,-3.035479565674E1));
#6770=VERTEX_POINT('',#6769);
#6771=CARTESIAN_POINT('',(1.125870688185E0,3.671373415090E1,-3.019580785890E1));
#6772=VERTEX_POINT('',#6771);
#6773=CARTESIAN_POINT('',(1.977476572774E0,3.671669379584E1,-2.872E1));
#6774=VERTEX_POINT('',#6773);
#6775=CARTESIAN_POINT('',(1.977476568248E0,3.611166164934E1,-2.872E1));
#6776=VERTEX_POINT('',#6775);
#6777=CARTESIAN_POINT('',(1.907980300550E0,3.611373415089E1,-2.884115427319E1));
#6778=VERTEX_POINT('',#6777);
#6779=CARTESIAN_POINT('',(1.125870688185E0,3.611373415089E1,-3.019580785890E1));
#6780=VERTEX_POINT('',#6779);
#6781=CARTESIAN_POINT('',(2.207980300550E0,3.581373415089E1,-3.035479565674E1));
#6782=CARTESIAN_POINT('',(2.207980300550E0,3.503162453853E1,-3.019580785890E1));
#6783=VERTEX_POINT('',#6781);
#6784=VERTEX_POINT('',#6782);
#6785=CARTESIAN_POINT('',(2.807980300550E0,3.503162453853E1,-3.019580785890E1));
#6786=VERTEX_POINT('',#6785);
#6787=CARTESIAN_POINT('',(2.807980300550E0,3.581373415090E1,-3.035479565674E1));
#6788=VERTEX_POINT('',#6787);
#6789=VERTEX_POINT('',#617);
#6790=CARTESIAN_POINT('',(3.890089912915E0,3.611373415089E1,-3.019580785890E1));
#6791=VERTEX_POINT('',#6790);
#6792=CARTESIAN_POINT('',(3.890089912915E0,3.671373415089E1,-3.019580785890E1));
#6793=VERTEX_POINT('',#6792);
#6794=CARTESIAN_POINT('',(3.107980300550E0,3.671373415090E1,-3.035479565674E1));
#6795=VERTEX_POINT('',#6794);
#6796=VERTEX_POINT('',#604);
#6797=CARTESIAN_POINT('',(2.807980300550E0,3.779584376326E1,-3.019580785890E1));
#6798=VERTEX_POINT('',#6797);
#6799=CARTESIAN_POINT('',(2.207980300550E0,3.779584376326E1,-3.019580785890E1));
#6800=VERTEX_POINT('',#6799);
#6801=CARTESIAN_POINT('',(1.907980300550E0,3.611373415089E1,-3.035479565674E1));
#6802=VERTEX_POINT('',#6801);
#6803=CARTESIAN_POINT('',(1.907980300550E0,3.611373415089E1,-2.872E1));
#6804=VERTEX_POINT('',#6803);
#6805=CARTESIAN_POINT('',(2.207980300550E0,3.581373415089E1,-2.872E1));
#6806=CARTESIAN_POINT('',(2.207980300550E0,3.581373415090E1,-2.884115427319E1));
#6807=VERTEX_POINT('',#6805);
#6808=VERTEX_POINT('',#6806);
#6809=CARTESIAN_POINT('',(2.203846004221E0,3.588368260313E1,-2.872E1));
#6810=VERTEX_POINT('',#6809);
#6811=CARTESIAN_POINT('',(2.810052802104E0,3.588323041859E1,-2.872E1));
#6812=VERTEX_POINT('',#6811);
#6813=CARTESIAN_POINT('',(2.807980300550E0,3.581373415090E1,-2.884115427319E1));
#6814=VERTEX_POINT('',#6813);
#6815=CARTESIAN_POINT('',(2.807980300550E0,3.581373415090E1,-2.872E1));
#6816=VERTEX_POINT('',#6815);
#6817=CARTESIAN_POINT('',(3.107980300550E0,3.611373415089E1,-2.872E1));
#6818=CARTESIAN_POINT('',(3.107980300550E0,3.611373415089E1,-2.884115427319E1));
#6819=VERTEX_POINT('',#6817);
#6820=VERTEX_POINT('',#6818);
#6821=CARTESIAN_POINT('',(3.038031848311E0,3.610959985457E1,-2.872E1));
#6822=VERTEX_POINT('',#6821);
#6823=CARTESIAN_POINT('',(3.038484032852E0,3.671580665245E1,-2.872E1));
#6824=VERTEX_POINT('',#6823);
#6825=CARTESIAN_POINT('',(3.107980300550E0,3.671373415090E1,-2.884115427319E1));
#6826=VERTEX_POINT('',#6825);
#6827=CARTESIAN_POINT('',(3.107980300550E0,3.671373415090E1,-2.872E1));
#6828=VERTEX_POINT('',#6827);
#6829=CARTESIAN_POINT('',(2.807980300550E0,3.701373415090E1,-2.872E1));
#6830=CARTESIAN_POINT('',(2.807980300550E0,3.701373415089E1,-2.884115427319E1));
#6831=VERTEX_POINT('',#6829);
#6832=VERTEX_POINT('',#6830);
#6833=CARTESIAN_POINT('',(2.812114596879E0,3.694378569866E1,-2.872E1));
#6834=VERTEX_POINT('',#6833);
#6835=CARTESIAN_POINT('',(2.205006999459E0,3.694423726927E1,-2.872E1));
#6836=VERTEX_POINT('',#6835);
#6837=CARTESIAN_POINT('',(3.082255153587E0,1.748033761597E1,1.5E0));
#6838=CARTESIAN_POINT('',(3.160396833537E0,1.792350110482E1,1.5E0));
#6839=VERTEX_POINT('',#6837);
#6840=VERTEX_POINT('',#6838);
#6841=CARTESIAN_POINT('',(-4.472482463989E0,1.736470848658E1,1.5E0));
#6842=CARTESIAN_POINT('',(-3.083297042654E0,1.748624646248E1,1.5E0));
#6843=VERTEX_POINT('',#6841);
#6844=VERTEX_POINT('',#6842);
#6845=CARTESIAN_POINT('',(-5.308749663772E0,1.740853747468E1,1.5E0));
#6846=VERTEX_POINT('',#6845);
#6847=CARTESIAN_POINT('',(-4.203837710303E0,3.222697237572E1,-3.62E1));
#6848=CARTESIAN_POINT('',(-4.783303832004E0,3.288879022251E1,-3.62E1));
#6849=VERTEX_POINT('',#6847);
#6850=VERTEX_POINT('',#6848);
#6851=CARTESIAN_POINT('',(-4.584708494093E0,3.588220910841E1,-3.62E1));
#6852=VERTEX_POINT('',#6851);
#6853=CARTESIAN_POINT('',(9.284799010614E0,3.496205070942E1,-3.62E1));
#6854=VERTEX_POINT('',#6853);
#6855=CARTESIAN_POINT('',(9.036434921072E0,3.121846959601E1,-3.62E1));
#6856=VERTEX_POINT('',#6855);
#6857=CARTESIAN_POINT('',(-4.131178337472E0,3.214398690362E1,
-3.100000094330E1));
#6858=CARTESIAN_POINT('',(-4.158735862912E0,3.172861352191E1,
-3.100000094330E1));
#6859=VERTEX_POINT('',#6857);
#6860=VERTEX_POINT('',#6858);
#6861=CARTESIAN_POINT('',(9.002539193144E0,3.070756076402E1,-3.100000094330E1));
#6862=VERTEX_POINT('',#6861);
#6863=CARTESIAN_POINT('',(9.284799010614E0,3.496205070942E1,-3.100000094330E1));
#6864=VERTEX_POINT('',#6863);
#6865=CARTESIAN_POINT('',(-4.584708494093E0,3.588220910841E1,
-3.100000094330E1));
#6866=VERTEX_POINT('',#6865);
#6867=CARTESIAN_POINT('',(-4.783303832004E0,3.288879022251E1,
-3.100000094330E1));
#6868=VERTEX_POINT('',#6867);
#6869=CARTESIAN_POINT('',(-4.158735862912E0,3.172861352191E1,-3.62E1));
#6870=CARTESIAN_POINT('',(-4.131178337472E0,3.214398690362E1,-3.62E1));
#6871=VERTEX_POINT('',#6869);
#6872=VERTEX_POINT('',#6870);
#6873=CARTESIAN_POINT('',(-4.131178337472E0,3.214398690362E1,
-3.330000052607E1));
#6874=VERTEX_POINT('',#6873);
#6875=CARTESIAN_POINT('',(-4.131178337472E0,3.214398690362E1,
-3.390000041723E1));
#6876=VERTEX_POINT('',#6875);
#6877=CARTESIAN_POINT('',(9.002539193144E0,3.070756076402E1,-3.62E1));
#6878=VERTEX_POINT('',#6877);
#6879=CARTESIAN_POINT('',(9.039864760523E0,3.127016741681E1,-3.390000041723E1));
#6880=CARTESIAN_POINT('',(9.198741030853E0,3.366490252553E1,-3.390000041723E1));
#6881=VERTEX_POINT('',#6879);
#6882=VERTEX_POINT('',#6880);
#6883=CARTESIAN_POINT('',(9.039864760523E0,3.127016741681E1,-3.330000052607E1));
#6884=VERTEX_POINT('',#6883);
#6885=CARTESIAN_POINT('',(9.198741030853E0,3.366490252553E1,-3.330000052607E1));
#6886=VERTEX_POINT('',#6885);
#6887=CARTESIAN_POINT('',(4.894451311283E0,3.525332387169E1,-3.545000013606E1));
#6888=CARTESIAN_POINT('',(4.495328793160E0,3.527980325008E1,-3.545000013606E1));
#6889=VERTEX_POINT('',#6887);
#6890=VERTEX_POINT('',#6888);
#6891=CARTESIAN_POINT('',(4.894451311283E0,3.525332387169E1,-3.580000007256E1));
#6892=VERTEX_POINT('',#6891);
#6893=CARTESIAN_POINT('',(8.885676492492E0,3.498853008781E1,-3.580000007256E1));
#6894=VERTEX_POINT('',#6893);
#6895=CARTESIAN_POINT('',(8.885676492492E0,3.498853008781E1,-3.140000087074E1));
#6896=VERTEX_POINT('',#6895);
#6897=CARTESIAN_POINT('',(6.210038909839E-1,3.553684140359E1,
-3.140000087074E1));
#6898=VERTEX_POINT('',#6897);
#6899=CARTESIAN_POINT('',(-4.937026833482E-1,3.561079547993E1,
-3.251715795561E1));
#6900=VERTEX_POINT('',#6899);
#6901=CARTESIAN_POINT('',(-4.937026833484E-1,3.561079547993E1,
-3.468284298770E1));
#6902=VERTEX_POINT('',#6901);
#6903=CARTESIAN_POINT('',(6.210038909843E-1,3.553684140359E1,
-3.580000007256E1));
#6904=VERTEX_POINT('',#6903);
#6905=CARTESIAN_POINT('',(4.495328793160E0,3.527980325008E1,-3.580000007256E1));
#6906=VERTEX_POINT('',#6905);
#6907=CARTESIAN_POINT('',(-3.786463457846E0,3.582925035164E1,
-3.130000088888E1));
#6908=CARTESIAN_POINT('',(-7.930445719470E-1,3.563065501373E1,
-3.130000088888E1));
#6909=VERTEX_POINT('',#6907);
#6910=VERTEX_POINT('',#6908);
#6911=CARTESIAN_POINT('',(-3.786463457846E0,3.582925035164E1,
-3.590000005442E1));
#6912=VERTEX_POINT('',#6911);
#6913=CARTESIAN_POINT('',(-7.930445719470E-1,3.563065501373E1,
-3.590000005442E1));
#6914=VERTEX_POINT('',#6913);
#6915=CARTESIAN_POINT('',(-4.670766473854E0,3.458506092453E1,
-3.390000041723E1));
#6916=CARTESIAN_POINT('',(-4.670766473854E0,3.458506092453E1,
-3.330000052607E1));
#6917=VERTEX_POINT('',#6915);
#6918=VERTEX_POINT('',#6916);
#6919=CARTESIAN_POINT('',(-4.783303832004E0,3.288879022251E1,
-3.330000052607E1));
#6920=VERTEX_POINT('',#6919);
#6921=CARTESIAN_POINT('',(-4.783303832004E0,3.288879022251E1,
-3.390000041723E1));
#6922=VERTEX_POINT('',#6921);
#6923=CARTESIAN_POINT('',(-5.627887780425E0,3.224328457258E1,
-3.390000041723E1));
#6924=VERTEX_POINT('',#6923);
#6925=CARTESIAN_POINT('',(-5.574929023649E0,3.304152960882E1,
-3.390000041723E1));
#6926=VERTEX_POINT('',#6925);
#6927=CARTESIAN_POINT('',(-5.325477449823E0,3.302497999732E1,
-3.390000041723E1));
#6928=VERTEX_POINT('',#6927);
#6929=CARTESIAN_POINT('',(-5.272518693047E0,3.382322503357E1,
-3.390000041723E1));
#6930=VERTEX_POINT('',#6929);
#6931=CARTESIAN_POINT('',(-5.521970266872E0,3.383977464506E1,
-3.390000041723E1));
#6932=VERTEX_POINT('',#6931);
#6933=CARTESIAN_POINT('',(-5.469011510096E0,3.463801968130E1,
-3.390000041723E1));
#6934=VERTEX_POINT('',#6933);
#6935=CARTESIAN_POINT('',(-5.469011510096E0,3.463801968130E1,
-3.330000052607E1));
#6936=VERTEX_POINT('',#6935);
#6937=CARTESIAN_POINT('',(-5.521970266872E0,3.383977464506E1,
-3.330000052607E1));
#6938=VERTEX_POINT('',#6937);
#6939=CARTESIAN_POINT('',(-5.272518693047E0,3.382322503357E1,
-3.330000052607E1));
#6940=VERTEX_POINT('',#6939);
#6941=CARTESIAN_POINT('',(-5.325477449823E0,3.302497999732E1,
-3.330000052607E1));
#6942=VERTEX_POINT('',#6941);
#6943=CARTESIAN_POINT('',(-5.574929023649E0,3.304152960882E1,
-3.330000052607E1));
#6944=VERTEX_POINT('',#6943);
#6945=CARTESIAN_POINT('',(-5.627887780425E0,3.224328457258E1,
-3.330000052607E1));
#6946=VERTEX_POINT('',#6945);
#6947=CARTESIAN_POINT('',(4.282527844908E0,3.509348168022E1,-3.560000010885E1));
#6948=CARTESIAN_POINT('',(4.282527844908E0,3.509348168022E1,-3.525000017234E1));
#6949=VERTEX_POINT('',#6947);
#6950=VERTEX_POINT('',#6948);
#6951=CARTESIAN_POINT('',(6.904251818169E-1,3.533179608571E1,
-3.560000010885E1));
#6952=VERTEX_POINT('',#6951);
#6953=CARTESIAN_POINT('',(-3.073811134850E-1,3.539799453168E1,
-3.460000029025E1));
#6954=VERTEX_POINT('',#6953);
#6955=CARTESIAN_POINT('',(-3.073811134851E-1,3.539799453168E1,
-3.260000065305E1));
#6956=VERTEX_POINT('',#6955);
#6957=CARTESIAN_POINT('',(6.904251818167E-1,3.533179608571E1,
-3.160000083446E1));
#6958=VERTEX_POINT('',#6957);
#6959=CARTESIAN_POINT('',(8.672875544240E0,3.480220851795E1,-3.160000083446E1));
#6960=VERTEX_POINT('',#6959);
#6961=CARTESIAN_POINT('',(8.288924557610E0,2.901493200519E1,-3.160000083446E1));
#6962=VERTEX_POINT('',#6961);
#6963=CARTESIAN_POINT('',(3.064741951887E-1,2.954451957296E1,
-3.160000083446E1));
#6964=VERTEX_POINT('',#6963);
#6965=CARTESIAN_POINT('',(-6.913321001138E-1,2.961071801893E1,
-3.260000065305E1));
#6966=VERTEX_POINT('',#6965);
#6967=CARTESIAN_POINT('',(-6.913321001138E-1,2.961071801893E1,
-3.460000029025E1));
#6968=VERTEX_POINT('',#6967);
#6969=CARTESIAN_POINT('',(3.064741951885E-1,2.954451957296E1,
-3.560000010885E1));
#6970=VERTEX_POINT('',#6969);
#6971=CARTESIAN_POINT('',(3.898576858278E0,2.930620516746E1,-3.560000010885E1));
#6972=VERTEX_POINT('',#6971);
#6973=CARTESIAN_POINT('',(3.898576858278E0,2.930620516746E1,-3.525000017234E1));
#6974=VERTEX_POINT('',#6973);
#6975=CARTESIAN_POINT('',(5.080772881148E0,3.504052292344E1,-3.525000017234E1));
#6976=VERTEX_POINT('',#6975);
#6977=CARTESIAN_POINT('',(4.696821894521E0,2.925324641069E1,-3.525000017234E1));
#6978=VERTEX_POINT('',#6977);
#6979=CARTESIAN_POINT('',(5.080772881148E0,3.504052292344E1,-3.560000010885E1));
#6980=VERTEX_POINT('',#6979);
#6981=CARTESIAN_POINT('',(4.696821894520E0,2.925324641069E1,-3.560000010885E1));
#6982=VERTEX_POINT('',#6981);
#6983=CARTESIAN_POINT('',(8.672875544240E0,3.480220851795E1,-3.560000010885E1));
#6984=VERTEX_POINT('',#6983);
#6985=CARTESIAN_POINT('',(8.288924557610E0,2.901493200519E1,-3.560000010885E1));
#6986=VERTEX_POINT('',#6985);
#6987=CARTESIAN_POINT('',(5.203551094730E0,2.921962797619E1,-3.347500049433E1));
#6988=CARTESIAN_POINT('',(7.183511580219E0,2.908826950728E1,-3.347500049433E1));
#6989=VERTEX_POINT('',#6987);
#6990=VERTEX_POINT('',#6988);
#6991=CARTESIAN_POINT('',(7.183511580219E0,2.908826950728E1,-3.372500044898E1));
#6992=CARTESIAN_POINT('',(5.203551094730E0,2.921962797619E1,-3.372500044898E1));
#6993=VERTEX_POINT('',#6991);
#6994=VERTEX_POINT('',#6992);
#6995=CARTESIAN_POINT('',(2.194480103705E0,2.941926173713E1,-3.372500044898E1));
#6996=CARTESIAN_POINT('',(2.145196182162E-1,2.955062020604E1,
-3.372500044898E1));
#6997=VERTEX_POINT('',#6995);
#6998=VERTEX_POINT('',#6996);
#6999=CARTESIAN_POINT('',(2.145196182162E-1,2.955062020604E1,
-3.347500049433E1));
#7000=CARTESIAN_POINT('',(2.194480103705E0,2.941926173713E1,-3.347500049433E1));
#7001=VERTEX_POINT('',#6999);
#7002=VERTEX_POINT('',#7000);
#7003=CARTESIAN_POINT('',(6.607996065652E0,3.313524415605E1,-3.261131465434E1));
#7004=CARTESIAN_POINT('',(6.409400727740E0,3.014182527014E1,-3.261131465434E1));
#7005=VERTEX_POINT('',#7003);
#7006=VERTEX_POINT('',#7004);
#7007=CARTESIAN_POINT('',(6.110058839149E0,3.016168480393E1,-3.261131465434E1));
#7008=VERTEX_POINT('',#7007);
#7009=CARTESIAN_POINT('',(6.308654177061E0,3.315510368984E1,-3.261131465434E1));
#7010=VERTEX_POINT('',#7009);
#7011=CARTESIAN_POINT('',(5.471808009808E0,3.321062339948E1,-3.345000049886E1));
#7012=VERTEX_POINT('',#7011);
#7013=CARTESIAN_POINT('',(5.468344878613E0,3.321085315740E1,-3.347500049433E1));
#7014=VERTEX_POINT('',#7013);
#7015=CARTESIAN_POINT('',(7.448305364101E0,3.307949468849E1,-3.347500049433E1));
#7016=VERTEX_POINT('',#7015);
#7017=CARTESIAN_POINT('',(6.672920341298E0,3.411384493750E1,-3.347500049433E1));
#7018=VERTEX_POINT('',#7017);
#7019=CARTESIAN_POINT('',(6.409400727740E0,3.014182527014E1,-3.347500049433E1));
#7020=VERTEX_POINT('',#7019);
#7021=CARTESIAN_POINT('',(6.110058839149E0,3.016168480393E1,-3.347500049433E1));
#7022=VERTEX_POINT('',#7021);
#7023=CARTESIAN_POINT('',(6.373578452707E0,3.413370447129E1,-3.347500049433E1));
#7024=VERTEX_POINT('',#7023);
#7025=CARTESIAN_POINT('',(5.672820096232E0,3.375127333588E1,-3.347500049433E1));
#7026=VERTEX_POINT('',#7025);
#7027=CARTESIAN_POINT('',(6.409400727740E0,3.014182527014E1,-3.458868628896E1));
#7028=CARTESIAN_POINT('',(6.607996065652E0,3.313524415605E1,-3.458868628896E1));
#7029=VERTEX_POINT('',#7027);
#7030=VERTEX_POINT('',#7028);
#7031=CARTESIAN_POINT('',(7.444842232906E0,3.307972444641E1,-3.375000044444E1));
#7032=VERTEX_POINT('',#7031);
#7033=CARTESIAN_POINT('',(7.448305364101E0,3.307949468849E1,-3.372500044898E1));
#7034=VERTEX_POINT('',#7033);
#7035=CARTESIAN_POINT('',(5.468344878613E0,3.321085315740E1,-3.372500044898E1));
#7036=VERTEX_POINT('',#7035);
#7037=CARTESIAN_POINT('',(6.308654177061E0,3.315510368984E1,-3.458868628896E1));
#7038=VERTEX_POINT('',#7037);
#7039=CARTESIAN_POINT('',(6.110058839149E0,3.016168480393E1,-3.458868628896E1));
#7040=VERTEX_POINT('',#7039);
#7041=CARTESIAN_POINT('',(6.110058839149E0,3.016168480393E1,-3.372500044898E1));
#7042=VERTEX_POINT('',#7041);
#7043=CARTESIAN_POINT('',(6.409400727740E0,3.014182527014E1,-3.372500044898E1));
#7044=VERTEX_POINT('',#7043);
#7045=CARTESIAN_POINT('',(6.672920341298E0,3.411384493750E1,-3.372500044898E1));
#7046=VERTEX_POINT('',#7045);
#7047=CARTESIAN_POINT('',(7.317015282151E0,3.364219087499E1,-3.372500044898E1));
#7048=VERTEX_POINT('',#7047);
#7049=CARTESIAN_POINT('',(6.373578452707E0,3.413370447129E1,-3.372500044898E1));
#7050=VERTEX_POINT('',#7049);
#7051=CARTESIAN_POINT('',(1.420369251227E0,3.047281749999E1,-3.458868628896E1));
#7052=CARTESIAN_POINT('',(1.618964589139E0,3.346623638590E1,-3.458868628896E1));
#7053=VERTEX_POINT('',#7051);
#7054=VERTEX_POINT('',#7052);
#7055=CARTESIAN_POINT('',(2.455810756392E0,3.341071667626E1,-3.375000044444E1));
#7056=VERTEX_POINT('',#7055);
#7057=CARTESIAN_POINT('',(2.459273887587E0,3.341048691834E1,-3.372500044898E1));
#7058=VERTEX_POINT('',#7057);
#7059=CARTESIAN_POINT('',(4.793134020986E-1,3.354184538725E1,
-3.372500044898E1));
#7060=VERTEX_POINT('',#7059);
#7061=CARTESIAN_POINT('',(1.319622700548E0,3.348609591969E1,-3.458868628896E1));
#7062=VERTEX_POINT('',#7061);
#7063=CARTESIAN_POINT('',(1.121027362636E0,3.049267703378E1,-3.458868628896E1));
#7064=VERTEX_POINT('',#7063);
#7065=CARTESIAN_POINT('',(1.121027362636E0,3.049267703378E1,-3.372500044898E1));
#7066=VERTEX_POINT('',#7065);
#7067=CARTESIAN_POINT('',(1.420369251227E0,3.047281749999E1,-3.372500044898E1));
#7068=VERTEX_POINT('',#7067);
#7069=CARTESIAN_POINT('',(1.683888864785E0,3.444483716735E1,-3.372500044898E1));
#7070=VERTEX_POINT('',#7069);
#7071=CARTESIAN_POINT('',(2.327983805632E0,3.397318310485E1,-3.372500044898E1));
#7072=VERTEX_POINT('',#7071);
#7073=CARTESIAN_POINT('',(1.384546976194E0,3.446469670114E1,-3.372500044898E1));
#7074=VERTEX_POINT('',#7073);
#7075=CARTESIAN_POINT('',(1.618964589139E0,3.346623638590E1,-3.261131465434E1));
#7076=CARTESIAN_POINT('',(1.420369251227E0,3.047281749999E1,-3.261131465434E1));
#7077=VERTEX_POINT('',#7075);
#7078=VERTEX_POINT('',#7076);
#7079=CARTESIAN_POINT('',(1.121027362636E0,3.049267703378E1,-3.261131465434E1));
#7080=VERTEX_POINT('',#7079);
#7081=CARTESIAN_POINT('',(1.319622700548E0,3.348609591969E1,-3.261131465434E1));
#7082=VERTEX_POINT('',#7081);
#7083=CARTESIAN_POINT('',(4.827765332940E-1,3.354161562933E1,
-3.345000049886E1));
#7084=VERTEX_POINT('',#7083);
#7085=CARTESIAN_POINT('',(4.793134020985E-1,3.354184538725E1,
-3.347500049433E1));
#7086=VERTEX_POINT('',#7085);
#7087=CARTESIAN_POINT('',(2.459273887587E0,3.341048691834E1,-3.347500049433E1));
#7088=VERTEX_POINT('',#7087);
#7089=CARTESIAN_POINT('',(1.683888864785E0,3.444483716735E1,-3.347500049433E1));
#7090=VERTEX_POINT('',#7089);
#7091=CARTESIAN_POINT('',(1.420369251227E0,3.047281749999E1,-3.347500049433E1));
#7092=VERTEX_POINT('',#7091);
#7093=CARTESIAN_POINT('',(1.121027362636E0,3.049267703378E1,-3.347500049433E1));
#7094=VERTEX_POINT('',#7093);
#7095=CARTESIAN_POINT('',(1.384546976194E0,3.446469670114E1,-3.347500049433E1));
#7096=VERTEX_POINT('',#7095);
#7097=CARTESIAN_POINT('',(6.837886197240E-1,3.408226556574E1,
-3.347500049433E1));
#7098=VERTEX_POINT('',#7097);
#7099=CARTESIAN_POINT('',(-1.005845520197E0,3.544433344386E1,
-3.570000009071E1));
#7100=CARTESIAN_POINT('',(-1.005845520197E0,3.544433344386E1,
-3.150000085260E1));
#7101=VERTEX_POINT('',#7099);
#7102=VERTEX_POINT('',#7100);
#7103=CARTESIAN_POINT('',(-3.600141887983E0,3.561644940339E1,
-3.570000009071E1));
#7104=VERTEX_POINT('',#7103);
#7105=CARTESIAN_POINT('',(-3.653100644760E0,3.481820436715E1,
-3.570000009071E1));
#7106=VERTEX_POINT('',#7105);
#7107=CARTESIAN_POINT('',(-1.058804276974E0,3.464608840762E1,
-3.570000009071E1));
#7108=VERTEX_POINT('',#7107);
#7109=CARTESIAN_POINT('',(-1.058804276974E0,3.464608840762E1,
-3.150000085260E1));
#7110=VERTEX_POINT('',#7109);
#7111=CARTESIAN_POINT('',(-3.600141887983E0,3.561644940339E1,
-3.150000085260E1));
#7112=VERTEX_POINT('',#7111);
#7113=CARTESIAN_POINT('',(-3.653100644760E0,3.481820436715E1,
-3.150000085260E1));
#7114=VERTEX_POINT('',#7113);
#7115=CARTESIAN_POINT('',(-1.158584906503E0,3.465270825222E1,
-3.560000010885E1));
#7116=CARTESIAN_POINT('',(-1.158584906503E0,3.465270825222E1,
-3.160000083446E1));
#7117=VERTEX_POINT('',#7115);
#7118=VERTEX_POINT('',#7116);
#7119=CARTESIAN_POINT('',(-3.553320015230E0,3.481158452255E1,
-3.160000083446E1));
#7120=VERTEX_POINT('',#7119);
#7121=CARTESIAN_POINT('',(-3.553320015230E0,3.481158452255E1,
-3.560000010885E1));
#7122=VERTEX_POINT('',#7121);
#7123=CARTESIAN_POINT('',(-3.884312245083E0,2.982255304604E1,
-3.560000010885E1));
#7124=VERTEX_POINT('',#7123);
#7125=CARTESIAN_POINT('',(-1.489577136356E0,2.966367677571E1,
-3.560000010885E1));
#7126=VERTEX_POINT('',#7125);
#7127=CARTESIAN_POINT('',(-1.489577136356E0,2.966367677571E1,
-3.160000083446E1));
#7128=VERTEX_POINT('',#7127);
#7129=CARTESIAN_POINT('',(-3.884312245083E0,2.982255304604E1,
-3.160000083446E1));
#7130=VERTEX_POINT('',#7129);
#7131=CARTESIAN_POINT('',(-2.437493116894E0,2.972656529938E1,
-3.240000068933E1));
#7132=CARTESIAN_POINT('',(-2.836615635015E0,2.975304467777E1,
-3.240000068933E1));
#7133=VERTEX_POINT('',#7131);
#7134=VERTEX_POINT('',#7132);
#7135=CARTESIAN_POINT('',(-2.836615635015E0,2.975304467777E1,
-3.280000061677E1));
#7136=VERTEX_POINT('',#7135);
#7137=CARTESIAN_POINT('',(-2.437493116894E0,2.972656529938E1,
-3.280000061677E1));
#7138=VERTEX_POINT('',#7137);
#7139=CARTESIAN_POINT('',(-2.836615635015E0,2.975304467777E1,
-3.480000025397E1));
#7140=CARTESIAN_POINT('',(-2.437493116894E0,2.972656529938E1,
-3.480000025397E1));
#7141=VERTEX_POINT('',#7139);
#7142=VERTEX_POINT('',#7140);
#7143=CARTESIAN_POINT('',(-2.437493116894E0,2.972656529938E1,
-3.440000032653E1));
#7144=VERTEX_POINT('',#7143);
#7145=CARTESIAN_POINT('',(-2.836615635015E0,2.975304467777E1,
-3.440000032653E1));
#7146=VERTEX_POINT('',#7145);
#7147=CARTESIAN_POINT('',(-2.219038245191E0,3.301932607388E1,
-3.240000068933E1));
#7148=CARTESIAN_POINT('',(-2.219038245191E0,3.301932607388E1,
-3.280000061677E1));
#7149=VERTEX_POINT('',#7147);
#7150=VERTEX_POINT('',#7148);
#7151=CARTESIAN_POINT('',(-2.618160763312E0,3.304580545227E1,
-3.280000061677E1));
#7152=VERTEX_POINT('',#7151);
#7153=CARTESIAN_POINT('',(-2.618160763312E0,3.304580545227E1,
-3.240000068933E1));
#7154=VERTEX_POINT('',#7153);
#7155=CARTESIAN_POINT('',(-2.319619717720E0,3.352709813160E1,
-3.253397526125E1));
#7156=CARTESIAN_POINT('',(-2.451380844812E0,3.353583968985E1,
-3.253397526125E1));
#7157=VERTEX_POINT('',#7155);
#7158=VERTEX_POINT('',#7156);
#7159=CARTESIAN_POINT('',(-2.319619717720E0,3.352709813160E1,
-3.266602604486E1));
#7160=VERTEX_POINT('',#7159);
#7161=CARTESIAN_POINT('',(-2.451380844812E0,3.353583968985E1,
-3.266602604486E1));
#7162=VERTEX_POINT('',#7161);
#7163=CARTESIAN_POINT('',(-2.618160763312E0,3.304580545227E1,
-3.480000025397E1));
#7164=CARTESIAN_POINT('',(-2.618160763312E0,3.304580545227E1,
-3.440000032653E1));
#7165=VERTEX_POINT('',#7163);
#7166=VERTEX_POINT('',#7164);
#7167=CARTESIAN_POINT('',(-2.219038245191E0,3.301932607388E1,
-3.440000032653E1));
#7168=VERTEX_POINT('',#7167);
#7169=CARTESIAN_POINT('',(-2.219038245191E0,3.301932607388E1,
-3.480000025397E1));
#7170=VERTEX_POINT('',#7169);
#7171=CARTESIAN_POINT('',(-2.451380844813E0,3.353583968985E1,
-3.466602568206E1));
#7172=CARTESIAN_POINT('',(-2.319619717721E0,3.352709813160E1,
-3.466602568206E1));
#7173=VERTEX_POINT('',#7171);
#7174=VERTEX_POINT('',#7172);
#7175=CARTESIAN_POINT('',(-2.451380844813E0,3.353583968985E1,
-3.453397489844E1));
#7176=VERTEX_POINT('',#7175);
#7177=CARTESIAN_POINT('',(-2.319619717721E0,3.352709813160E1,
-3.453397489844E1));
#7178=VERTEX_POINT('',#7177);
#7179=CARTESIAN_POINT('',(9.996986067095E0,3.361194376876E1,-3.330000052607E1));
#7180=VERTEX_POINT('',#7179);
#7181=CARTESIAN_POINT('',(9.996986067095E0,3.361194376876E1,-3.390000041723E1));
#7182=VERTEX_POINT('',#7181);
#7183=CARTESIAN_POINT('',(9.944027310319E0,3.281369873252E1,-3.390000041723E1));
#7184=VERTEX_POINT('',#7183);
#7185=CARTESIAN_POINT('',(9.694575736493E0,3.283024834401E1,-3.390000041723E1));
#7186=VERTEX_POINT('',#7185);
#7187=CARTESIAN_POINT('',(9.641616979717E0,3.203200330777E1,-3.390000041723E1));
#7188=VERTEX_POINT('',#7187);
#7189=CARTESIAN_POINT('',(9.891068553542E0,3.201545369627E1,-3.390000041723E1));
#7190=VERTEX_POINT('',#7189);
#7191=CARTESIAN_POINT('',(9.838109796766E0,3.121720866003E1,-3.390000041723E1));
#7192=VERTEX_POINT('',#7191);
#7193=CARTESIAN_POINT('',(9.838109796766E0,3.121720866003E1,-3.330000052607E1));
#7194=VERTEX_POINT('',#7193);
#7195=CARTESIAN_POINT('',(9.891068553542E0,3.201545369627E1,-3.330000052607E1));
#7196=VERTEX_POINT('',#7195);
#7197=CARTESIAN_POINT('',(9.641616979717E0,3.203200330777E1,-3.330000052607E1));
#7198=VERTEX_POINT('',#7197);
#7199=CARTESIAN_POINT('',(9.694575736493E0,3.283024834401E1,-3.330000052607E1));
#7200=VERTEX_POINT('',#7199);
#7201=CARTESIAN_POINT('',(9.944027310319E0,3.281369873252E1,-3.330000052607E1));
#7202=VERTEX_POINT('',#7201);
#7203=CARTESIAN_POINT('',(-6.151189999666E0,3.191258155631E1,-3.62E1));
#7204=CARTESIAN_POINT('',(-6.181260431061E0,3.139732503707E1,-3.62E1));
#7205=VERTEX_POINT('',#7203);
#7206=VERTEX_POINT('',#7204);
#7207=CARTESIAN_POINT('',(1.028293919576E1,3.030282431550E1,-3.62E1));
#7208=VERTEX_POINT('',#7207);
#7209=CARTESIAN_POINT('',(1.031313753045E1,3.082027245626E1,-3.62E1));
#7210=VERTEX_POINT('',#7209);
#7211=CARTESIAN_POINT('',(4.203837710303E0,-3.222697237572E1,-3.62E1));
#7212=CARTESIAN_POINT('',(4.783303832004E0,-3.288879022251E1,-3.62E1));
#7213=VERTEX_POINT('',#7211);
#7214=VERTEX_POINT('',#7212);
#7215=CARTESIAN_POINT('',(4.584708494093E0,-3.588220910841E1,-3.62E1));
#7216=VERTEX_POINT('',#7215);
#7217=CARTESIAN_POINT('',(-9.284799010614E0,-3.496205070942E1,-3.62E1));
#7218=VERTEX_POINT('',#7217);
#7219=CARTESIAN_POINT('',(-9.036434921072E0,-3.121846959601E1,-3.62E1));
#7220=VERTEX_POINT('',#7219);
#7221=CARTESIAN_POINT('',(4.131178337472E0,-3.214398690362E1,
-3.100000094330E1));
#7222=CARTESIAN_POINT('',(4.158735862912E0,-3.172861352191E1,
-3.100000094330E1));
#7223=VERTEX_POINT('',#7221);
#7224=VERTEX_POINT('',#7222);
#7225=CARTESIAN_POINT('',(-9.002539193144E0,-3.070756076402E1,
-3.100000094330E1));
#7226=VERTEX_POINT('',#7225);
#7227=CARTESIAN_POINT('',(-9.284799010614E0,-3.496205070942E1,
-3.100000094330E1));
#7228=VERTEX_POINT('',#7227);
#7229=CARTESIAN_POINT('',(4.584708494093E0,-3.588220910841E1,
-3.100000094330E1));
#7230=VERTEX_POINT('',#7229);
#7231=CARTESIAN_POINT('',(4.783303832004E0,-3.288879022251E1,
-3.100000094330E1));
#7232=VERTEX_POINT('',#7231);
#7233=CARTESIAN_POINT('',(4.158735862912E0,-3.172861352191E1,-3.62E1));
#7234=CARTESIAN_POINT('',(4.131178337472E0,-3.214398690362E1,-3.62E1));
#7235=VERTEX_POINT('',#7233);
#7236=VERTEX_POINT('',#7234);
#7237=CARTESIAN_POINT('',(4.131178337472E0,-3.214398690362E1,
-3.330000052607E1));
#7238=VERTEX_POINT('',#7237);
#7239=CARTESIAN_POINT('',(4.131178337472E0,-3.214398690362E1,
-3.390000041723E1));
#7240=VERTEX_POINT('',#7239);
#7241=CARTESIAN_POINT('',(-9.002539193144E0,-3.070756076402E1,-3.62E1));
#7242=VERTEX_POINT('',#7241);
#7243=CARTESIAN_POINT('',(-9.039864760523E0,-3.127016741681E1,
-3.390000041723E1));
#7244=CARTESIAN_POINT('',(-9.198741030853E0,-3.366490252553E1,
-3.390000041723E1));
#7245=VERTEX_POINT('',#7243);
#7246=VERTEX_POINT('',#7244);
#7247=CARTESIAN_POINT('',(-9.039864760523E0,-3.127016741681E1,
-3.330000052607E1));
#7248=VERTEX_POINT('',#7247);
#7249=CARTESIAN_POINT('',(-9.198741030853E0,-3.366490252553E1,
-3.330000052607E1));
#7250=VERTEX_POINT('',#7249);
#7251=CARTESIAN_POINT('',(-4.894451311283E0,-3.525332387169E1,
-3.545000013606E1));
#7252=CARTESIAN_POINT('',(-4.495328793160E0,-3.527980325008E1,
-3.545000013606E1));
#7253=VERTEX_POINT('',#7251);
#7254=VERTEX_POINT('',#7252);
#7255=CARTESIAN_POINT('',(-4.894451311283E0,-3.525332387169E1,
-3.580000007256E1));
#7256=VERTEX_POINT('',#7255);
#7257=CARTESIAN_POINT('',(-8.885676492492E0,-3.498853008781E1,
-3.580000007256E1));
#7258=VERTEX_POINT('',#7257);
#7259=CARTESIAN_POINT('',(-8.885676492492E0,-3.498853008781E1,
-3.140000087074E1));
#7260=VERTEX_POINT('',#7259);
#7261=CARTESIAN_POINT('',(-6.210038909839E-1,-3.553684140359E1,
-3.140000087074E1));
#7262=VERTEX_POINT('',#7261);
#7263=CARTESIAN_POINT('',(4.937026833482E-1,-3.561079547993E1,
-3.251715795561E1));
#7264=VERTEX_POINT('',#7263);
#7265=CARTESIAN_POINT('',(4.937026833484E-1,-3.561079547993E1,
-3.468284298770E1));
#7266=VERTEX_POINT('',#7265);
#7267=CARTESIAN_POINT('',(-6.210038909843E-1,-3.553684140359E1,
-3.580000007256E1));
#7268=VERTEX_POINT('',#7267);
#7269=CARTESIAN_POINT('',(-4.495328793160E0,-3.527980325008E1,
-3.580000007256E1));
#7270=VERTEX_POINT('',#7269);
#7271=CARTESIAN_POINT('',(3.786463457846E0,-3.582925035164E1,
-3.130000088888E1));
#7272=CARTESIAN_POINT('',(7.930445719469E-1,-3.563065501373E1,
-3.130000088888E1));
#7273=VERTEX_POINT('',#7271);
#7274=VERTEX_POINT('',#7272);
#7275=CARTESIAN_POINT('',(3.786463457846E0,-3.582925035164E1,
-3.590000005442E1));
#7276=VERTEX_POINT('',#7275);
#7277=CARTESIAN_POINT('',(7.930445719469E-1,-3.563065501373E1,
-3.590000005442E1));
#7278=VERTEX_POINT('',#7277);
#7279=CARTESIAN_POINT('',(4.670766473854E0,-3.458506092453E1,
-3.390000041723E1));
#7280=CARTESIAN_POINT('',(4.670766473854E0,-3.458506092453E1,
-3.330000052607E1));
#7281=VERTEX_POINT('',#7279);
#7282=VERTEX_POINT('',#7280);
#7283=CARTESIAN_POINT('',(4.783303832004E0,-3.288879022251E1,
-3.330000052607E1));
#7284=VERTEX_POINT('',#7283);
#7285=CARTESIAN_POINT('',(4.783303832004E0,-3.288879022251E1,
-3.390000041723E1));
#7286=VERTEX_POINT('',#7285);
#7287=CARTESIAN_POINT('',(5.627887780425E0,-3.224328457258E1,
-3.390000041723E1));
#7288=VERTEX_POINT('',#7287);
#7289=CARTESIAN_POINT('',(5.574929023649E0,-3.304152960882E1,
-3.390000041723E1));
#7290=VERTEX_POINT('',#7289);
#7291=CARTESIAN_POINT('',(5.325477449823E0,-3.302497999732E1,
-3.390000041723E1));
#7292=VERTEX_POINT('',#7291);
#7293=CARTESIAN_POINT('',(5.272518693047E0,-3.382322503357E1,
-3.390000041723E1));
#7294=VERTEX_POINT('',#7293);
#7295=CARTESIAN_POINT('',(5.521970266872E0,-3.383977464506E1,
-3.390000041723E1));
#7296=VERTEX_POINT('',#7295);
#7297=CARTESIAN_POINT('',(5.469011510096E0,-3.463801968130E1,
-3.390000041723E1));
#7298=VERTEX_POINT('',#7297);
#7299=CARTESIAN_POINT('',(5.469011510096E0,-3.463801968130E1,
-3.330000052607E1));
#7300=VERTEX_POINT('',#7299);
#7301=CARTESIAN_POINT('',(5.521970266872E0,-3.383977464506E1,
-3.330000052607E1));
#7302=VERTEX_POINT('',#7301);
#7303=CARTESIAN_POINT('',(5.272518693047E0,-3.382322503357E1,
-3.330000052607E1));
#7304=VERTEX_POINT('',#7303);
#7305=CARTESIAN_POINT('',(5.325477449823E0,-3.302497999732E1,
-3.330000052607E1));
#7306=VERTEX_POINT('',#7305);
#7307=CARTESIAN_POINT('',(5.574929023649E0,-3.304152960882E1,
-3.330000052607E1));
#7308=VERTEX_POINT('',#7307);
#7309=CARTESIAN_POINT('',(5.627887780425E0,-3.224328457258E1,
-3.330000052607E1));
#7310=VERTEX_POINT('',#7309);
#7311=CARTESIAN_POINT('',(-4.282527844908E0,-3.509348168022E1,
-3.560000010885E1));
#7312=CARTESIAN_POINT('',(-4.282527844908E0,-3.509348168022E1,
-3.525000017234E1));
#7313=VERTEX_POINT('',#7311);
#7314=VERTEX_POINT('',#7312);
#7315=CARTESIAN_POINT('',(-6.904251818170E-1,-3.533179608571E1,
-3.560000010885E1));
#7316=VERTEX_POINT('',#7315);
#7317=CARTESIAN_POINT('',(3.073811134850E-1,-3.539799453168E1,
-3.460000029025E1));
#7318=VERTEX_POINT('',#7317);
#7319=CARTESIAN_POINT('',(3.073811134851E-1,-3.539799453168E1,
-3.260000065305E1));
#7320=VERTEX_POINT('',#7319);
#7321=CARTESIAN_POINT('',(-6.904251818167E-1,-3.533179608571E1,
-3.160000083446E1));
#7322=VERTEX_POINT('',#7321);
#7323=CARTESIAN_POINT('',(-8.672875544240E0,-3.480220851795E1,
-3.160000083446E1));
#7324=VERTEX_POINT('',#7323);
#7325=CARTESIAN_POINT('',(-8.288924557610E0,-2.901493200519E1,
-3.160000083446E1));
#7326=VERTEX_POINT('',#7325);
#7327=CARTESIAN_POINT('',(-3.064741951887E-1,-2.954451957296E1,
-3.160000083446E1));
#7328=VERTEX_POINT('',#7327);
#7329=CARTESIAN_POINT('',(6.913321001138E-1,-2.961071801893E1,
-3.260000065305E1));
#7330=VERTEX_POINT('',#7329);
#7331=CARTESIAN_POINT('',(6.913321001138E-1,-2.961071801893E1,
-3.460000029025E1));
#7332=VERTEX_POINT('',#7331);
#7333=CARTESIAN_POINT('',(-3.064741951885E-1,-2.954451957296E1,
-3.560000010885E1));
#7334=VERTEX_POINT('',#7333);
#7335=CARTESIAN_POINT('',(-3.898576858278E0,-2.930620516746E1,
-3.560000010885E1));
#7336=VERTEX_POINT('',#7335);
#7337=CARTESIAN_POINT('',(-3.898576858278E0,-2.930620516746E1,
-3.525000017234E1));
#7338=VERTEX_POINT('',#7337);
#7339=CARTESIAN_POINT('',(-5.080772881148E0,-3.504052292344E1,
-3.525000017234E1));
#7340=VERTEX_POINT('',#7339);
#7341=CARTESIAN_POINT('',(-4.696821894521E0,-2.925324641069E1,
-3.525000017234E1));
#7342=VERTEX_POINT('',#7341);
#7343=CARTESIAN_POINT('',(-5.080772881148E0,-3.504052292344E1,
-3.560000010885E1));
#7344=VERTEX_POINT('',#7343);
#7345=CARTESIAN_POINT('',(-4.696821894520E0,-2.925324641069E1,
-3.560000010885E1));
#7346=VERTEX_POINT('',#7345);
#7347=CARTESIAN_POINT('',(-8.672875544240E0,-3.480220851795E1,
-3.560000010885E1));
#7348=VERTEX_POINT('',#7347);
#7349=CARTESIAN_POINT('',(-8.288924557610E0,-2.901493200519E1,
-3.560000010885E1));
#7350=VERTEX_POINT('',#7349);
#7351=CARTESIAN_POINT('',(-5.203551094730E0,-2.921962797619E1,
-3.347500049433E1));
#7352=CARTESIAN_POINT('',(-7.183511580219E0,-2.908826950728E1,
-3.347500049433E1));
#7353=VERTEX_POINT('',#7351);
#7354=VERTEX_POINT('',#7352);
#7355=CARTESIAN_POINT('',(-7.183511580219E0,-2.908826950728E1,
-3.372500044898E1));
#7356=CARTESIAN_POINT('',(-5.203551094730E0,-2.921962797619E1,
-3.372500044898E1));
#7357=VERTEX_POINT('',#7355);
#7358=VERTEX_POINT('',#7356);
#7359=CARTESIAN_POINT('',(-2.194480103705E0,-2.941926173713E1,
-3.372500044898E1));
#7360=CARTESIAN_POINT('',(-2.145196182162E-1,-2.955062020604E1,
-3.372500044898E1));
#7361=VERTEX_POINT('',#7359);
#7362=VERTEX_POINT('',#7360);
#7363=CARTESIAN_POINT('',(-2.145196182162E-1,-2.955062020604E1,
-3.347500049433E1));
#7364=CARTESIAN_POINT('',(-2.194480103705E0,-2.941926173713E1,
-3.347500049433E1));
#7365=VERTEX_POINT('',#7363);
#7366=VERTEX_POINT('',#7364);
#7367=CARTESIAN_POINT('',(-6.607996065652E0,-3.313524415605E1,
-3.261131465434E1));
#7368=CARTESIAN_POINT('',(-6.409400727740E0,-3.014182527014E1,
-3.261131465434E1));
#7369=VERTEX_POINT('',#7367);
#7370=VERTEX_POINT('',#7368);
#7371=CARTESIAN_POINT('',(-6.110058839149E0,-3.016168480393E1,
-3.261131465434E1));
#7372=VERTEX_POINT('',#7371);
#7373=CARTESIAN_POINT('',(-6.308654177061E0,-3.315510368984E1,
-3.261131465434E1));
#7374=VERTEX_POINT('',#7373);
#7375=CARTESIAN_POINT('',(-5.471808009808E0,-3.321062339948E1,
-3.345000049886E1));
#7376=VERTEX_POINT('',#7375);
#7377=CARTESIAN_POINT('',(-5.468344878613E0,-3.321085315740E1,
-3.347500049433E1));
#7378=VERTEX_POINT('',#7377);
#7379=CARTESIAN_POINT('',(-7.448305364101E0,-3.307949468849E1,
-3.347500049433E1));
#7380=VERTEX_POINT('',#7379);
#7381=CARTESIAN_POINT('',(-6.672920341298E0,-3.411384493750E1,
-3.347500049433E1));
#7382=VERTEX_POINT('',#7381);
#7383=CARTESIAN_POINT('',(-6.409400727740E0,-3.014182527014E1,
-3.347500049433E1));
#7384=VERTEX_POINT('',#7383);
#7385=CARTESIAN_POINT('',(-6.110058839149E0,-3.016168480393E1,
-3.347500049433E1));
#7386=VERTEX_POINT('',#7385);
#7387=CARTESIAN_POINT('',(-6.373578452707E0,-3.413370447129E1,
-3.347500049433E1));
#7388=VERTEX_POINT('',#7387);
#7389=CARTESIAN_POINT('',(-5.672820096232E0,-3.375127333588E1,
-3.347500049433E1));
#7390=VERTEX_POINT('',#7389);
#7391=CARTESIAN_POINT('',(-6.409400727740E0,-3.014182527014E1,
-3.458868628896E1));
#7392=CARTESIAN_POINT('',(-6.607996065652E0,-3.313524415605E1,
-3.458868628896E1));
#7393=VERTEX_POINT('',#7391);
#7394=VERTEX_POINT('',#7392);
#7395=CARTESIAN_POINT('',(-7.444842232906E0,-3.307972444641E1,
-3.375000044444E1));
#7396=VERTEX_POINT('',#7395);
#7397=CARTESIAN_POINT('',(-7.448305364101E0,-3.307949468849E1,
-3.372500044898E1));
#7398=VERTEX_POINT('',#7397);
#7399=CARTESIAN_POINT('',(-5.468344878613E0,-3.321085315740E1,
-3.372500044898E1));
#7400=VERTEX_POINT('',#7399);
#7401=CARTESIAN_POINT('',(-6.308654177061E0,-3.315510368984E1,
-3.458868628896E1));
#7402=VERTEX_POINT('',#7401);
#7403=CARTESIAN_POINT('',(-6.110058839149E0,-3.016168480393E1,
-3.458868628896E1));
#7404=VERTEX_POINT('',#7403);
#7405=CARTESIAN_POINT('',(-6.110058839149E0,-3.016168480393E1,
-3.372500044898E1));
#7406=VERTEX_POINT('',#7405);
#7407=CARTESIAN_POINT('',(-6.409400727740E0,-3.014182527014E1,
-3.372500044898E1));
#7408=VERTEX_POINT('',#7407);
#7409=CARTESIAN_POINT('',(-6.672920341298E0,-3.411384493750E1,
-3.372500044898E1));
#7410=VERTEX_POINT('',#7409);
#7411=CARTESIAN_POINT('',(-7.317015282151E0,-3.364219087499E1,
-3.372500044898E1));
#7412=VERTEX_POINT('',#7411);
#7413=CARTESIAN_POINT('',(-6.373578452707E0,-3.413370447129E1,
-3.372500044898E1));
#7414=VERTEX_POINT('',#7413);
#7415=CARTESIAN_POINT('',(-1.420369251227E0,-3.047281749999E1,
-3.458868628896E1));
#7416=CARTESIAN_POINT('',(-1.618964589139E0,-3.346623638590E1,
-3.458868628896E1));
#7417=VERTEX_POINT('',#7415);
#7418=VERTEX_POINT('',#7416);
#7419=CARTESIAN_POINT('',(-2.455810756392E0,-3.341071667626E1,
-3.375000044444E1));
#7420=VERTEX_POINT('',#7419);
#7421=CARTESIAN_POINT('',(-2.459273887587E0,-3.341048691834E1,
-3.372500044898E1));
#7422=VERTEX_POINT('',#7421);
#7423=CARTESIAN_POINT('',(-4.793134020986E-1,-3.354184538725E1,
-3.372500044898E1));
#7424=VERTEX_POINT('',#7423);
#7425=CARTESIAN_POINT('',(-1.319622700548E0,-3.348609591969E1,
-3.458868628896E1));
#7426=VERTEX_POINT('',#7425);
#7427=CARTESIAN_POINT('',(-1.121027362636E0,-3.049267703378E1,
-3.458868628896E1));
#7428=VERTEX_POINT('',#7427);
#7429=CARTESIAN_POINT('',(-1.121027362636E0,-3.049267703378E1,
-3.372500044898E1));
#7430=VERTEX_POINT('',#7429);
#7431=CARTESIAN_POINT('',(-1.420369251227E0,-3.047281749999E1,
-3.372500044898E1));
#7432=VERTEX_POINT('',#7431);
#7433=CARTESIAN_POINT('',(-1.683888864785E0,-3.444483716735E1,
-3.372500044898E1));
#7434=VERTEX_POINT('',#7433);
#7435=CARTESIAN_POINT('',(-2.327983805632E0,-3.397318310485E1,
-3.372500044898E1));
#7436=VERTEX_POINT('',#7435);
#7437=CARTESIAN_POINT('',(-1.384546976194E0,-3.446469670114E1,
-3.372500044898E1));
#7438=VERTEX_POINT('',#7437);
#7439=CARTESIAN_POINT('',(-1.618964589139E0,-3.346623638590E1,
-3.261131465434E1));
#7440=CARTESIAN_POINT('',(-1.420369251227E0,-3.047281749999E1,
-3.261131465434E1));
#7441=VERTEX_POINT('',#7439);
#7442=VERTEX_POINT('',#7440);
#7443=CARTESIAN_POINT('',(-1.121027362636E0,-3.049267703378E1,
-3.261131465434E1));
#7444=VERTEX_POINT('',#7443);
#7445=CARTESIAN_POINT('',(-1.319622700548E0,-3.348609591969E1,
-3.261131465434E1));
#7446=VERTEX_POINT('',#7445);
#7447=CARTESIAN_POINT('',(-4.827765332940E-1,-3.354161562933E1,
-3.345000049886E1));
#7448=VERTEX_POINT('',#7447);
#7449=CARTESIAN_POINT('',(-4.793134020985E-1,-3.354184538725E1,
-3.347500049433E1));
#7450=VERTEX_POINT('',#7449);
#7451=CARTESIAN_POINT('',(-2.459273887587E0,-3.341048691834E1,
-3.347500049433E1));
#7452=VERTEX_POINT('',#7451);
#7453=CARTESIAN_POINT('',(-1.683888864785E0,-3.444483716735E1,
-3.347500049433E1));
#7454=VERTEX_POINT('',#7453);
#7455=CARTESIAN_POINT('',(-1.420369251227E0,-3.047281749999E1,
-3.347500049433E1));
#7456=VERTEX_POINT('',#7455);
#7457=CARTESIAN_POINT('',(-1.121027362636E0,-3.049267703378E1,
-3.347500049433E1));
#7458=VERTEX_POINT('',#7457);
#7459=CARTESIAN_POINT('',(-1.384546976194E0,-3.446469670114E1,
-3.347500049433E1));
#7460=VERTEX_POINT('',#7459);
#7461=CARTESIAN_POINT('',(-6.837886197239E-1,-3.408226556574E1,
-3.347500049433E1));
#7462=VERTEX_POINT('',#7461);
#7463=CARTESIAN_POINT('',(1.005845520197E0,-3.544433344386E1,
-3.570000009071E1));
#7464=CARTESIAN_POINT('',(1.005845520197E0,-3.544433344386E1,
-3.150000085260E1));
#7465=VERTEX_POINT('',#7463);
#7466=VERTEX_POINT('',#7464);
#7467=CARTESIAN_POINT('',(3.600141887983E0,-3.561644940339E1,
-3.570000009071E1));
#7468=VERTEX_POINT('',#7467);
#7469=CARTESIAN_POINT('',(3.653100644760E0,-3.481820436715E1,
-3.570000009071E1));
#7470=VERTEX_POINT('',#7469);
#7471=CARTESIAN_POINT('',(1.058804276974E0,-3.464608840762E1,
-3.570000009071E1));
#7472=VERTEX_POINT('',#7471);
#7473=CARTESIAN_POINT('',(1.058804276974E0,-3.464608840762E1,
-3.150000085260E1));
#7474=VERTEX_POINT('',#7473);
#7475=CARTESIAN_POINT('',(3.600141887983E0,-3.561644940339E1,
-3.150000085260E1));
#7476=VERTEX_POINT('',#7475);
#7477=CARTESIAN_POINT('',(3.653100644760E0,-3.481820436715E1,
-3.150000085260E1));
#7478=VERTEX_POINT('',#7477);
#7479=CARTESIAN_POINT('',(1.158584906503E0,-3.465270825222E1,
-3.560000010885E1));
#7480=CARTESIAN_POINT('',(1.158584906503E0,-3.465270825222E1,
-3.160000083446E1));
#7481=VERTEX_POINT('',#7479);
#7482=VERTEX_POINT('',#7480);
#7483=CARTESIAN_POINT('',(3.553320015230E0,-3.481158452255E1,
-3.160000083446E1));
#7484=VERTEX_POINT('',#7483);
#7485=CARTESIAN_POINT('',(3.553320015230E0,-3.481158452255E1,
-3.560000010885E1));
#7486=VERTEX_POINT('',#7485);
#7487=CARTESIAN_POINT('',(3.884312245083E0,-2.982255304604E1,
-3.560000010885E1));
#7488=VERTEX_POINT('',#7487);
#7489=CARTESIAN_POINT('',(1.489577136356E0,-2.966367677571E1,
-3.560000010885E1));
#7490=VERTEX_POINT('',#7489);
#7491=CARTESIAN_POINT('',(1.489577136356E0,-2.966367677571E1,
-3.160000083446E1));
#7492=VERTEX_POINT('',#7491);
#7493=CARTESIAN_POINT('',(3.884312245083E0,-2.982255304604E1,
-3.160000083446E1));
#7494=VERTEX_POINT('',#7493);
#7495=CARTESIAN_POINT('',(2.437493116894E0,-2.972656529938E1,
-3.240000068933E1));
#7496=CARTESIAN_POINT('',(2.836615635015E0,-2.975304467777E1,
-3.240000068933E1));
#7497=VERTEX_POINT('',#7495);
#7498=VERTEX_POINT('',#7496);
#7499=CARTESIAN_POINT('',(2.836615635015E0,-2.975304467777E1,
-3.280000061677E1));
#7500=VERTEX_POINT('',#7499);
#7501=CARTESIAN_POINT('',(2.437493116894E0,-2.972656529938E1,
-3.280000061677E1));
#7502=VERTEX_POINT('',#7501);
#7503=CARTESIAN_POINT('',(2.836615635015E0,-2.975304467777E1,
-3.480000025397E1));
#7504=CARTESIAN_POINT('',(2.437493116894E0,-2.972656529938E1,
-3.480000025397E1));
#7505=VERTEX_POINT('',#7503);
#7506=VERTEX_POINT('',#7504);
#7507=CARTESIAN_POINT('',(2.437493116894E0,-2.972656529938E1,
-3.440000032653E1));
#7508=VERTEX_POINT('',#7507);
#7509=CARTESIAN_POINT('',(2.836615635015E0,-2.975304467777E1,
-3.440000032653E1));
#7510=VERTEX_POINT('',#7509);
#7511=CARTESIAN_POINT('',(2.219038245191E0,-3.301932607388E1,
-3.240000068933E1));
#7512=CARTESIAN_POINT('',(2.219038245191E0,-3.301932607388E1,
-3.280000061677E1));
#7513=VERTEX_POINT('',#7511);
#7514=VERTEX_POINT('',#7512);
#7515=CARTESIAN_POINT('',(2.618160763312E0,-3.304580545227E1,
-3.280000061677E1));
#7516=VERTEX_POINT('',#7515);
#7517=CARTESIAN_POINT('',(2.618160763312E0,-3.304580545227E1,
-3.240000068933E1));
#7518=VERTEX_POINT('',#7517);
#7519=CARTESIAN_POINT('',(2.319619717720E0,-3.352709813160E1,
-3.253397526125E1));
#7520=CARTESIAN_POINT('',(2.451380844812E0,-3.353583968985E1,
-3.253397526125E1));
#7521=VERTEX_POINT('',#7519);
#7522=VERTEX_POINT('',#7520);
#7523=CARTESIAN_POINT('',(2.319619717720E0,-3.352709813160E1,
-3.266602604486E1));
#7524=VERTEX_POINT('',#7523);
#7525=CARTESIAN_POINT('',(2.451380844812E0,-3.353583968985E1,
-3.266602604486E1));
#7526=VERTEX_POINT('',#7525);
#7527=CARTESIAN_POINT('',(2.618160763312E0,-3.304580545227E1,
-3.480000025397E1));
#7528=CARTESIAN_POINT('',(2.618160763312E0,-3.304580545227E1,
-3.440000032653E1));
#7529=VERTEX_POINT('',#7527);
#7530=VERTEX_POINT('',#7528);
#7531=CARTESIAN_POINT('',(2.219038245191E0,-3.301932607388E1,
-3.440000032653E1));
#7532=VERTEX_POINT('',#7531);
#7533=CARTESIAN_POINT('',(2.219038245191E0,-3.301932607388E1,
-3.480000025397E1));
#7534=VERTEX_POINT('',#7533);
#7535=CARTESIAN_POINT('',(2.451380844813E0,-3.353583968985E1,
-3.466602568206E1));
#7536=CARTESIAN_POINT('',(2.319619717721E0,-3.352709813160E1,
-3.466602568206E1));
#7537=VERTEX_POINT('',#7535);
#7538=VERTEX_POINT('',#7536);
#7539=CARTESIAN_POINT('',(2.451380844813E0,-3.353583968985E1,
-3.453397489844E1));
#7540=VERTEX_POINT('',#7539);
#7541=CARTESIAN_POINT('',(2.319619717721E0,-3.352709813160E1,
-3.453397489844E1));
#7542=VERTEX_POINT('',#7541);
#7543=CARTESIAN_POINT('',(-9.996986067095E0,-3.361194376876E1,
-3.330000052607E1));
#7544=VERTEX_POINT('',#7543);
#7545=CARTESIAN_POINT('',(-9.996986067095E0,-3.361194376876E1,
-3.390000041723E1));
#7546=VERTEX_POINT('',#7545);
#7547=CARTESIAN_POINT('',(-9.944027310319E0,-3.281369873252E1,
-3.390000041723E1));
#7548=VERTEX_POINT('',#7547);
#7549=CARTESIAN_POINT('',(-9.694575736493E0,-3.283024834401E1,
-3.390000041723E1));
#7550=VERTEX_POINT('',#7549);
#7551=CARTESIAN_POINT('',(-9.641616979717E0,-3.203200330777E1,
-3.390000041723E1));
#7552=VERTEX_POINT('',#7551);
#7553=CARTESIAN_POINT('',(-9.891068553542E0,-3.201545369627E1,
-3.390000041723E1));
#7554=VERTEX_POINT('',#7553);
#7555=CARTESIAN_POINT('',(-9.838109796766E0,-3.121720866003E1,
-3.390000041723E1));
#7556=VERTEX_POINT('',#7555);
#7557=CARTESIAN_POINT('',(-9.838109796766E0,-3.121720866003E1,
-3.330000052607E1));
#7558=VERTEX_POINT('',#7557);
#7559=CARTESIAN_POINT('',(-9.891068553542E0,-3.201545369627E1,
-3.330000052607E1));
#7560=VERTEX_POINT('',#7559);
#7561=CARTESIAN_POINT('',(-9.641616979717E0,-3.203200330777E1,
-3.330000052607E1));
#7562=VERTEX_POINT('',#7561);
#7563=CARTESIAN_POINT('',(-9.694575736493E0,-3.283024834401E1,
-3.330000052607E1));
#7564=VERTEX_POINT('',#7563);
#7565=CARTESIAN_POINT('',(-9.944027310319E0,-3.281369873252E1,
-3.330000052607E1));
#7566=VERTEX_POINT('',#7565);
#7567=CARTESIAN_POINT('',(6.151189999666E0,-3.191258155631E1,-3.62E1));
#7568=CARTESIAN_POINT('',(6.181260431061E0,-3.139732503707E1,-3.62E1));
#7569=VERTEX_POINT('',#7567);
#7570=VERTEX_POINT('',#7568);
#7571=CARTESIAN_POINT('',(-1.028293919576E1,-3.030282431550E1,-3.62E1));
#7572=VERTEX_POINT('',#7571);
#7573=CARTESIAN_POINT('',(-1.031313753045E1,-3.082027245626E1,-3.62E1));
#7574=VERTEX_POINT('',#7573);
#7575=CARTESIAN_POINT('',(6.181260431061E0,-3.139732503707E1,-2.8E1));
#7576=VERTEX_POINT('',#7575);
#7577=CARTESIAN_POINT('',(-1.028293919576E1,-3.030282431550E1,-2.8E1));
#7578=VERTEX_POINT('',#7577);
#7579=CARTESIAN_POINT('',(-6.181260431061E0,3.139732503707E1,-2.8E1));
#7580=VERTEX_POINT('',#7579);
#7581=CARTESIAN_POINT('',(1.028293919576E1,3.030282431550E1,-2.8E1));
#7582=VERTEX_POINT('',#7581);
#7583=CARTESIAN_POINT('',(3.212491286837E0,1.821894343073E1,1.5E0));
#7584=CARTESIAN_POINT('',(3.309734266331E0,1.877043577241E1,1.5E0));
#7585=VERTEX_POINT('',#7583);
#7586=VERTEX_POINT('',#7584);
#7587=CARTESIAN_POINT('',(-6.935610074263E0,1.775333526123E1,1.5E0));
#7588=CARTESIAN_POINT('',(-5.977775854919E0,1.750760394310E1,1.5E0));
#7589=VERTEX_POINT('',#7587);
#7590=VERTEX_POINT('',#7588);
#7591=CARTESIAN_POINT('',(-6.151189999666E0,3.191258155631E1,-2.8E1));
#7592=VERTEX_POINT('',#7591);
#7593=CARTESIAN_POINT('',(-1.031313753045E1,-3.082027245626E1,-2.8E1));
#7594=VERTEX_POINT('',#7593);
#7595=CARTESIAN_POINT('',(6.151189999666E0,-3.191258155631E1,-2.8E1));
#7596=VERTEX_POINT('',#7595);
#7597=CARTESIAN_POINT('',(1.031313753045E1,3.082027245626E1,-2.8E1));
#7598=VERTEX_POINT('',#7597);
#7599=CARTESIAN_POINT('',(2.274136633285E1,-2.179633583743E1,
-4.140000000008E1));
#7600=CARTESIAN_POINT('',(2.271091796125E1,-2.176498742769E1,
-4.140000000008E1));
#7601=VERTEX_POINT('',#7599);
#7602=VERTEX_POINT('',#7600);
#7603=CARTESIAN_POINT('',(1.915018849678E1,-1.776289052429E1,-4.14E1));
#7604=VERTEX_POINT('',#7603);
#7605=CARTESIAN_POINT('',(1.541467641221E1,-2.108643523600E1,-4.14E1));
#7606=VERTEX_POINT('',#7605);
#7607=CARTESIAN_POINT('',(1.897540080120E1,-2.508852643703E1,
-4.140000000006E1));
#7608=VERTEX_POINT('',#7607);
#7609=CARTESIAN_POINT('',(1.900299958197E1,-2.512242036866E1,
-4.140000000017E1));
#7610=VERTEX_POINT('',#7609);
#7611=CARTESIAN_POINT('',(-2.179633584004E1,-2.274136636062E1,-4.14E1));
#7612=VERTEX_POINT('',#7611);
#7613=CARTESIAN_POINT('',(-2.176498742313E1,-2.271091795719E1,-4.14E1));
#7614=VERTEX_POINT('',#7613);
#7615=CARTESIAN_POINT('',(-1.776289052429E1,-1.915018849678E1,-4.14E1));
#7616=VERTEX_POINT('',#7615);
#7617=CARTESIAN_POINT('',(-2.108643523600E1,-1.541467641221E1,-4.14E1));
#7618=VERTEX_POINT('',#7617);
#7619=CARTESIAN_POINT('',(-2.508852643703E1,-1.897540080119E1,
-4.140000000006E1));
#7620=VERTEX_POINT('',#7619);
#7621=CARTESIAN_POINT('',(-2.512242033835E1,-1.900299955941E1,
-4.140000000017E1));
#7622=VERTEX_POINT('',#7621);
#7623=CARTESIAN_POINT('',(-2.274136448880E1,2.179633779302E1,-4.14E1));
#7624=VERTEX_POINT('',#7623);
#7625=CARTESIAN_POINT('',(-2.271091806486E1,2.176498754414E1,-4.14E1));
#7626=VERTEX_POINT('',#7625);
#7627=CARTESIAN_POINT('',(-1.915018850754E1,1.776289053408E1,-4.14E1));
#7628=VERTEX_POINT('',#7627);
#7629=CARTESIAN_POINT('',(-1.541467641295E1,2.108643523683E1,-4.14E1));
#7630=VERTEX_POINT('',#7629);
#7631=CARTESIAN_POINT('',(-1.897540082713E1,2.508852646632E1,
-4.140000000006E1));
#7632=VERTEX_POINT('',#7631);
#7633=CARTESIAN_POINT('',(-1.900299958882E1,2.512242037787E1,
-4.140000000017E1));
#7634=VERTEX_POINT('',#7633);
#7635=CARTESIAN_POINT('',(2.179633584707E1,2.274136635389E1,-4.14E1));
#7636=VERTEX_POINT('',#7635);
#7637=CARTESIAN_POINT('',(2.176498754069E1,2.271091806179E1,-4.140000000004E1));
#7638=VERTEX_POINT('',#7637);
#7639=CARTESIAN_POINT('',(1.776289053408E1,1.915018850754E1,-4.14E1));
#7640=VERTEX_POINT('',#7639);
#7641=CARTESIAN_POINT('',(2.108643523683E1,1.541467641295E1,-4.14E1));
#7642=VERTEX_POINT('',#7641);
#7643=CARTESIAN_POINT('',(2.508852646631E1,1.897540082712E1,-4.14E1));
#7644=VERTEX_POINT('',#7643);
#7645=CARTESIAN_POINT('',(2.512242031235E1,1.900299954007E1,-4.139999999999E1));
#7646=VERTEX_POINT('',#7645);
#7647=VERTEX_POINT('',#1372);
#7648=VERTEX_POINT('',#1437);
#7649=CARTESIAN_POINT('',(2.233736174512E1,-2.209733627078E1,-3.9E1));
#7650=CARTESIAN_POINT('',(2.381729021429E1,-2.211304336438E1,-3.9E1));
#7651=VERTEX_POINT('',#7649);
#7652=VERTEX_POINT('',#7650);
#7653=CARTESIAN_POINT('',(2.233736170577E1,-2.209733622655E1,
-4.090000000029E1));
#7654=VERTEX_POINT('',#7653);
#7655=CARTESIAN_POINT('',(2.239802755636E1,-2.215981697784E1,
-4.090000000073E1));
#7656=VERTEX_POINT('',#7655);
#7657=CARTESIAN_POINT('',(1.877663729837E1,-1.809524500468E1,-4.09E1));
#7658=VERTEX_POINT('',#7657);
#7659=CARTESIAN_POINT('',(1.578822762341E1,-2.075408076768E1,-4.09E1));
#7660=VERTEX_POINT('',#7659);
#7661=CARTESIAN_POINT('',(1.877663729859E1,-1.809524500493E1,-3.99E1));
#7662=VERTEX_POINT('',#7661);
#7663=CARTESIAN_POINT('',(1.578822762341E1,-2.075408076768E1,-3.99E1));
#7664=VERTEX_POINT('',#7663);
#7665=CARTESIAN_POINT('',(1.578822762341E1,-2.075408076768E1,-3.9E1));
#7666=CARTESIAN_POINT('',(1.877663729819E1,-1.809524500448E1,-3.9E1));
#7667=VERTEX_POINT('',#7665);
#7668=VERTEX_POINT('',#7666);
#7669=CARTESIAN_POINT('',(1.919238456125E1,-2.622789306927E1,-3.9E1));
#7670=CARTESIAN_POINT('',(1.934895207038E1,-2.475617203402E1,-3.9E1));
#7671=VERTEX_POINT('',#7669);
#7672=VERTEX_POINT('',#7670);
#7673=CARTESIAN_POINT('',(1.934895202452E1,-2.475617198249E1,
-4.089999999991E1));
#7674=VERTEX_POINT('',#7673);
#7675=VERTEX_POINT('',#1518);
#7676=VERTEX_POINT('',#1525);
#7677=VERTEX_POINT('',#1531);
#7678=VERTEX_POINT('',#1567);
#7679=CARTESIAN_POINT('',(-2.209733627082E1,-2.233736174516E1,-4.09E1));
#7680=VERTEX_POINT('',#7679);
#7681=CARTESIAN_POINT('',(-1.809524500468E1,-1.877663729837E1,-4.09E1));
#7682=VERTEX_POINT('',#7681);
#7683=CARTESIAN_POINT('',(-2.075408076768E1,-1.578822762341E1,-4.09E1));
#7684=VERTEX_POINT('',#7683);
#7685=CARTESIAN_POINT('',(-1.793045804869E1,-1.595301457920E1,-4.09E1));
#7686=VERTEX_POINT('',#7685);
#7687=CARTESIAN_POINT('',(-1.809524500493E1,-1.877663729859E1,-3.99E1));
#7688=VERTEX_POINT('',#7687);
#7689=CARTESIAN_POINT('',(-1.793045804869E1,-1.595301457920E1,-3.99E1));
#7690=VERTEX_POINT('',#7689);
#7691=CARTESIAN_POINT('',(-2.075408076808E1,-1.578822762376E1,-3.99E1));
#7692=VERTEX_POINT('',#7691);
#7693=CARTESIAN_POINT('',(-2.075408076768E1,-1.578822762341E1,-3.9E1));
#7694=CARTESIAN_POINT('',(-1.809524500499E1,-1.877663729864E1,-3.9E1));
#7695=VERTEX_POINT('',#7693);
#7696=VERTEX_POINT('',#7694);
#7697=CARTESIAN_POINT('',(-2.209733627081E1,-2.233736174515E1,-3.9E1));
#7698=VERTEX_POINT('',#7697);
#7699=CARTESIAN_POINT('',(-2.211303499025E1,-2.381729798943E1,-3.9E1));
#7700=VERTEX_POINT('',#7699);
#7701=CARTESIAN_POINT('',(-2.622789306927E1,-1.919238456125E1,-3.9E1));
#7702=CARTESIAN_POINT('',(-2.475617203402E1,-1.934895207038E1,-3.9E1));
#7703=VERTEX_POINT('',#7701);
#7704=VERTEX_POINT('',#7702);
#7705=CARTESIAN_POINT('',(-2.475617198249E1,-1.934895202453E1,
-4.089999999992E1));
#7706=VERTEX_POINT('',#7705);
#7707=VERTEX_POINT('',#1650);
#7708=VERTEX_POINT('',#1657);
#7709=VERTEX_POINT('',#1671);
#7710=CARTESIAN_POINT('',(2.209733627080E1,2.233736174513E1,-3.9E1));
#7711=CARTESIAN_POINT('',(2.211302819764E1,2.381730429604E1,-3.9E1));
#7712=VERTEX_POINT('',#7710);
#7713=VERTEX_POINT('',#7711);
#7714=CARTESIAN_POINT('',(2.209733625475E1,2.233736173086E1,-4.090000000009E1));
#7715=VERTEX_POINT('',#7714);
#7716=CARTESIAN_POINT('',(2.215981697784E1,2.239802755636E1,-4.090000000030E1));
#7717=VERTEX_POINT('',#7716);
#7718=VERTEX_POINT('',#1836);
#7719=CARTESIAN_POINT('',(1.809524500448E1,1.877663729819E1,-4.09E1));
#7720=VERTEX_POINT('',#7719);
#7721=CARTESIAN_POINT('',(2.075408076768E1,1.578822762341E1,-4.09E1));
#7722=VERTEX_POINT('',#7721);
#7723=CARTESIAN_POINT('',(1.793045804869E1,1.595301457920E1,-4.09E1));
#7724=VERTEX_POINT('',#7723);
#7725=CARTESIAN_POINT('',(2.075408076768E1,1.578822762341E1,-3.9E1));
#7726=CARTESIAN_POINT('',(1.809524500448E1,1.877663729819E1,-3.9E1));
#7727=VERTEX_POINT('',#7725);
#7728=VERTEX_POINT('',#7726);
#7729=CARTESIAN_POINT('',(2.622789306927E1,1.919238456125E1,-3.9E1));
#7730=CARTESIAN_POINT('',(2.475617203402E1,1.934895207038E1,-3.9E1));
#7731=VERTEX_POINT('',#7729);
#7732=VERTEX_POINT('',#7730);
#7733=CARTESIAN_POINT('',(1.809524500454E1,1.877663729824E1,-3.99E1));
#7734=VERTEX_POINT('',#7733);
#7735=CARTESIAN_POINT('',(2.475617201622E1,1.934895205453E1,-4.09E1));
#7736=VERTEX_POINT('',#7735);
#7737=CARTESIAN_POINT('',(2.075408076768E1,1.578822762341E1,-3.99E1));
#7738=VERTEX_POINT('',#7737);
#7739=VERTEX_POINT('',#1413);
#7740=CARTESIAN_POINT('',(-1.578822762341E1,2.075408076768E1,-3.9E1));
#7741=CARTESIAN_POINT('',(-1.877663729819E1,1.809524500448E1,-3.9E1));
#7742=VERTEX_POINT('',#7740);
#7743=VERTEX_POINT('',#7741);
#7744=CARTESIAN_POINT('',(-2.233736174515E1,2.209733627082E1,-3.9E1));
#7745=VERTEX_POINT('',#7744);
#7746=CARTESIAN_POINT('',(-2.381730429604E1,2.211302819764E1,-3.9E1));
#7747=VERTEX_POINT('',#7746);
#7748=CARTESIAN_POINT('',(-1.919238456125E1,2.622789306927E1,-3.9E1));
#7749=CARTESIAN_POINT('',(-1.934895207038E1,2.475617203402E1,-3.9E1));
#7750=VERTEX_POINT('',#7748);
#7751=VERTEX_POINT('',#7749);
#7752=CARTESIAN_POINT('',(-1.578822762341E1,2.075408076768E1,-4.09E1));
#7753=CARTESIAN_POINT('',(-1.934895205454E1,2.475617201622E1,
-4.089999999991E1));
#7754=VERTEX_POINT('',#7752);
#7755=VERTEX_POINT('',#7753);
#7756=CARTESIAN_POINT('',(-1.578822762341E1,2.075408076768E1,-3.99E1));
#7757=VERTEX_POINT('',#7756);
#7758=VERTEX_POINT('',#1792);
#7759=VERTEX_POINT('',#1799);
#7760=CARTESIAN_POINT('',(-1.877663729819E1,1.809524500448E1,-4.09E1));
#7761=VERTEX_POINT('',#7760);
#7762=CARTESIAN_POINT('',(-1.877663729819E1,1.809524500448E1,-3.99E1));
#7763=VERTEX_POINT('',#7762);
#7764=CARTESIAN_POINT('',(-2.233736173086E1,2.209733625476E1,-4.09E1));
#7765=VERTEX_POINT('',#7764);
#7766=CARTESIAN_POINT('',(-2.239785298877E1,2.215965215370E1,-4.09E1));
#7767=VERTEX_POINT('',#7766);
#7768=CARTESIAN_POINT('',(1.793045804869E1,1.595301457920E1,-3.99E1));
#7769=VERTEX_POINT('',#7768);
#7770=CARTESIAN_POINT('',(-3.083297042654E0,1.748624646248E1,2.14E0));
#7771=CARTESIAN_POINT('',(-6.935610074263E0,1.775333526123E1,2.14E0));
#7772=VERTEX_POINT('',#7770);
#7773=VERTEX_POINT('',#7771);
#7774=CARTESIAN_POINT('',(3.309734266331E0,1.877043577241E1,2.14E0));
#7775=CARTESIAN_POINT('',(2.953755502114E0,1.675157987874E1,2.14E0));
#7776=VERTEX_POINT('',#7774);
#7777=VERTEX_POINT('',#7775);
#7778=CARTESIAN_POINT('',(-1.099036163065E-14,-1.701E1,2.14E0));
#7779=CARTESIAN_POINT('',(-2.953755502115E0,1.675157987874E1,2.14E0));
#7780=VERTEX_POINT('',#7778);
#7781=VERTEX_POINT('',#7779);
#7782=CARTESIAN_POINT('',(2.953755502114E0,1.675157987874E1,1.5E0));
#7783=VERTEX_POINT('',#7782);
#7784=CARTESIAN_POINT('',(-2.953755502115E0,1.675157987874E1,1.5E0));
#7785=VERTEX_POINT('',#7784);
#7786=CARTESIAN_POINT('',(-2.530183030746E-14,-1.701E1,1.5E0));
#7787=VERTEX_POINT('',#7786);
#7788=CARTESIAN_POINT('',(-1.728243246080E1,2.142466288608E1,-3.99E1));
#7789=VERTEX_POINT('',#7788);
#7790=CARTESIAN_POINT('',(-1.688243246080E1,1.902466288608E1,
-3.974095916370E1));
#7791=CARTESIAN_POINT('',(-1.634872465648E1,1.902466288608E1,
-4.043650071598E1));
#7792=VERTEX_POINT('',#7790);
#7793=VERTEX_POINT('',#7791);
#7794=CARTESIAN_POINT('',(-1.688243246080E1,1.982466288608E1,
-3.974095916370E1));
#7795=VERTEX_POINT('',#7794);
#7796=CARTESIAN_POINT('',(-1.634872465648E1,1.982466288608E1,
-4.043650071598E1));
#7797=VERTEX_POINT('',#7796);
#7798=CARTESIAN_POINT('',(-1.688243246080E1,1.982466288608E1,
-4.055160395025E1));
#7799=VERTEX_POINT('',#7798);
#7800=CARTESIAN_POINT('',(-1.688243246080E1,2.035837069040E1,
-4.043650071598E1));
#7801=VERTEX_POINT('',#7800);
#7802=CARTESIAN_POINT('',(-1.768243246080E1,2.035837069040E1,
-4.043650071598E1));
#7803=CARTESIAN_POINT('',(-1.768243246080E1,1.982466288608E1,
-3.974095916370E1));
#7804=VERTEX_POINT('',#7802);
#7805=VERTEX_POINT('',#7803);
#7806=CARTESIAN_POINT('',(-1.728243246080E1,1.982466288608E1,
-3.921966901457E1));
#7807=VERTEX_POINT('',#7806);
#7808=CARTESIAN_POINT('',(-1.728243246080E1,1.942466288608E1,
-3.921966901456E1));
#7809=VERTEX_POINT('',#7808);
#7810=CARTESIAN_POINT('',(-1.768243246080E1,1.942466288608E1,
-3.921966901456E1));
#7811=VERTEX_POINT('',#7810);
#7812=CARTESIAN_POINT('',(-1.768243246080E1,1.902466288608E1,
-3.974095916370E1));
#7813=VERTEX_POINT('',#7812);
#7814=CARTESIAN_POINT('',(-1.821614026512E1,1.982466288608E1,
-4.043650071598E1));
#7815=VERTEX_POINT('',#7814);
#7816=CARTESIAN_POINT('',(-1.821614026512E1,1.902466288608E1,
-4.043650071598E1));
#7817=VERTEX_POINT('',#7816);
#7818=CARTESIAN_POINT('',(-1.768243246080E1,1.902466288608E1,
-4.055160395025E1));
#7819=VERTEX_POINT('',#7818);
#7820=CARTESIAN_POINT('',(-1.768243246080E1,1.849095508176E1,
-4.043650071598E1));
#7821=VERTEX_POINT('',#7820);
#7822=CARTESIAN_POINT('',(-1.688243246080E1,1.849095508176E1,
-4.043650071598E1));
#7823=VERTEX_POINT('',#7822);
#7824=CARTESIAN_POINT('',(-1.688243246080E1,1.902466288608E1,
-4.055160395025E1));
#7825=VERTEX_POINT('',#7824);
#7826=CARTESIAN_POINT('',(-1.768243246080E1,1.982466288608E1,
-4.055160395025E1));
#7827=VERTEX_POINT('',#7826);
#7828=CARTESIAN_POINT('',(-1.728243246080E1,1.902466288608E1,
-3.921966901457E1));
#7829=VERTEX_POINT('',#7828);
#7830=CARTESIAN_POINT('',(-1.688243246080E1,1.942466288608E1,
-3.921966901456E1));
#7831=VERTEX_POINT('',#7830);
#7832=CARTESIAN_POINT('',(-2.142466288608E1,-1.728243246080E1,-3.99E1));
#7833=VERTEX_POINT('',#7832);
#7834=CARTESIAN_POINT('',(-1.902466288608E1,-1.688243246080E1,
-3.974095916370E1));
#7835=CARTESIAN_POINT('',(-1.902466288608E1,-1.634872465648E1,
-4.043650071598E1));
#7836=VERTEX_POINT('',#7834);
#7837=VERTEX_POINT('',#7835);
#7838=CARTESIAN_POINT('',(-1.982466288608E1,-1.688243246080E1,
-3.974095916370E1));
#7839=VERTEX_POINT('',#7838);
#7840=CARTESIAN_POINT('',(-1.982466288608E1,-1.634872465648E1,
-4.043650071598E1));
#7841=VERTEX_POINT('',#7840);
#7842=CARTESIAN_POINT('',(-1.982466288608E1,-1.688243246080E1,
-4.055160395025E1));
#7843=VERTEX_POINT('',#7842);
#7844=CARTESIAN_POINT('',(-2.035837069040E1,-1.688243246080E1,
-4.043650071598E1));
#7845=VERTEX_POINT('',#7844);
#7846=CARTESIAN_POINT('',(-2.035837069040E1,-1.768243246080E1,
-4.043650071598E1));
#7847=CARTESIAN_POINT('',(-1.982466288608E1,-1.768243246080E1,
-3.974095916370E1));
#7848=VERTEX_POINT('',#7846);
#7849=VERTEX_POINT('',#7847);
#7850=CARTESIAN_POINT('',(-1.982466288608E1,-1.728243246080E1,
-3.921966901457E1));
#7851=VERTEX_POINT('',#7850);
#7852=CARTESIAN_POINT('',(-1.942466288608E1,-1.728243246080E1,
-3.921966901456E1));
#7853=VERTEX_POINT('',#7852);
#7854=CARTESIAN_POINT('',(-1.942466288608E1,-1.768243246080E1,
-3.921966901456E1));
#7855=VERTEX_POINT('',#7854);
#7856=CARTESIAN_POINT('',(-1.902466288608E1,-1.768243246080E1,
-3.974095916370E1));
#7857=VERTEX_POINT('',#7856);
#7858=CARTESIAN_POINT('',(-1.982466288608E1,-1.821614026512E1,
-4.043650071598E1));
#7859=VERTEX_POINT('',#7858);
#7860=CARTESIAN_POINT('',(-1.902466288608E1,-1.821614026512E1,
-4.043650071598E1));
#7861=VERTEX_POINT('',#7860);
#7862=CARTESIAN_POINT('',(-1.902466288608E1,-1.768243246080E1,
-4.055160395025E1));
#7863=VERTEX_POINT('',#7862);
#7864=CARTESIAN_POINT('',(-1.849095508176E1,-1.768243246080E1,
-4.043650071598E1));
#7865=VERTEX_POINT('',#7864);
#7866=CARTESIAN_POINT('',(-1.849095508176E1,-1.688243246080E1,
-4.043650071598E1));
#7867=VERTEX_POINT('',#7866);
#7868=CARTESIAN_POINT('',(-1.902466288608E1,-1.688243246080E1,
-4.055160395025E1));
#7869=VERTEX_POINT('',#7868);
#7870=CARTESIAN_POINT('',(-1.982466288608E1,-1.768243246080E1,
-4.055160395025E1));
#7871=VERTEX_POINT('',#7870);
#7872=CARTESIAN_POINT('',(-1.902466288608E1,-1.728243246080E1,
-3.921966901457E1));
#7873=VERTEX_POINT('',#7872);
#7874=CARTESIAN_POINT('',(-1.942466288608E1,-1.688243246080E1,
-3.921966901456E1));
#7875=VERTEX_POINT('',#7874);
#7876=CARTESIAN_POINT('',(1.728243246080E1,-2.142466288608E1,-3.99E1));
#7877=VERTEX_POINT('',#7876);
#7878=CARTESIAN_POINT('',(1.688243246080E1,-1.902466288608E1,
-3.974095916370E1));
#7879=CARTESIAN_POINT('',(1.634872465648E1,-1.902466288608E1,
-4.043650071598E1));
#7880=VERTEX_POINT('',#7878);
#7881=VERTEX_POINT('',#7879);
#7882=CARTESIAN_POINT('',(1.688243246080E1,-1.982466288608E1,
-3.974095916370E1));
#7883=VERTEX_POINT('',#7882);
#7884=CARTESIAN_POINT('',(1.634872465648E1,-1.982466288608E1,
-4.043650071598E1));
#7885=VERTEX_POINT('',#7884);
#7886=CARTESIAN_POINT('',(1.688243246080E1,-1.982466288608E1,
-4.055160395025E1));
#7887=VERTEX_POINT('',#7886);
#7888=CARTESIAN_POINT('',(1.688243246080E1,-2.035837069040E1,
-4.043650071598E1));
#7889=VERTEX_POINT('',#7888);
#7890=CARTESIAN_POINT('',(1.768243246080E1,-2.035837069040E1,
-4.043650071598E1));
#7891=CARTESIAN_POINT('',(1.768243246080E1,-1.982466288608E1,
-3.974095916370E1));
#7892=VERTEX_POINT('',#7890);
#7893=VERTEX_POINT('',#7891);
#7894=CARTESIAN_POINT('',(1.728243246080E1,-1.982466288608E1,
-3.921966901457E1));
#7895=VERTEX_POINT('',#7894);
#7896=CARTESIAN_POINT('',(1.728243246080E1,-1.942466288608E1,
-3.921966901456E1));
#7897=VERTEX_POINT('',#7896);
#7898=CARTESIAN_POINT('',(1.768243246080E1,-1.942466288608E1,
-3.921966901456E1));
#7899=VERTEX_POINT('',#7898);
#7900=CARTESIAN_POINT('',(1.768243246080E1,-1.902466288608E1,
-3.974095916370E1));
#7901=VERTEX_POINT('',#7900);
#7902=CARTESIAN_POINT('',(1.821614026512E1,-1.982466288608E1,
-4.043650071598E1));
#7903=VERTEX_POINT('',#7902);
#7904=CARTESIAN_POINT('',(1.821614026512E1,-1.902466288608E1,
-4.043650071598E1));
#7905=VERTEX_POINT('',#7904);
#7906=CARTESIAN_POINT('',(1.768243246080E1,-1.902466288608E1,
-4.055160395025E1));
#7907=VERTEX_POINT('',#7906);
#7908=CARTESIAN_POINT('',(1.768243246080E1,-1.849095508176E1,
-4.043650071598E1));
#7909=VERTEX_POINT('',#7908);
#7910=CARTESIAN_POINT('',(1.688243246080E1,-1.849095508176E1,
-4.043650071598E1));
#7911=VERTEX_POINT('',#7910);
#7912=CARTESIAN_POINT('',(1.688243246080E1,-1.902466288608E1,
-4.055160395025E1));
#7913=VERTEX_POINT('',#7912);
#7914=CARTESIAN_POINT('',(1.768243246080E1,-1.982466288608E1,
-4.055160395025E1));
#7915=VERTEX_POINT('',#7914);
#7916=CARTESIAN_POINT('',(1.728243246080E1,-1.902466288608E1,
-3.921966901457E1));
#7917=VERTEX_POINT('',#7916);
#7918=CARTESIAN_POINT('',(1.688243246080E1,-1.942466288608E1,
-3.921966901456E1));
#7919=VERTEX_POINT('',#7918);
#7920=CARTESIAN_POINT('',(2.142466288608E1,1.728243246080E1,-3.99E1));
#7921=VERTEX_POINT('',#7920);
#7922=CARTESIAN_POINT('',(1.902466288608E1,1.688243246080E1,-3.974095916370E1));
#7923=CARTESIAN_POINT('',(1.902466288608E1,1.634872465648E1,-4.043650071598E1));
#7924=VERTEX_POINT('',#7922);
#7925=VERTEX_POINT('',#7923);
#7926=CARTESIAN_POINT('',(1.982466288608E1,1.688243246080E1,-3.974095916370E1));
#7927=VERTEX_POINT('',#7926);
#7928=CARTESIAN_POINT('',(1.982466288608E1,1.634872465648E1,-4.043650071598E1));
#7929=VERTEX_POINT('',#7928);
#7930=CARTESIAN_POINT('',(1.982466288608E1,1.688243246080E1,-4.055160395025E1));
#7931=VERTEX_POINT('',#7930);
#7932=CARTESIAN_POINT('',(2.035837069040E1,1.688243246080E1,-4.043650071598E1));
#7933=VERTEX_POINT('',#7932);
#7934=CARTESIAN_POINT('',(2.035837069040E1,1.768243246080E1,-4.043650071598E1));
#7935=CARTESIAN_POINT('',(1.982466288608E1,1.768243246080E1,-3.974095916370E1));
#7936=VERTEX_POINT('',#7934);
#7937=VERTEX_POINT('',#7935);
#7938=CARTESIAN_POINT('',(1.982466288608E1,1.728243246080E1,-3.921966901457E1));
#7939=VERTEX_POINT('',#7938);
#7940=CARTESIAN_POINT('',(1.942466288608E1,1.728243246080E1,-3.921966901456E1));
#7941=VERTEX_POINT('',#7940);
#7942=CARTESIAN_POINT('',(1.942466288608E1,1.768243246080E1,-3.921966901456E1));
#7943=VERTEX_POINT('',#7942);
#7944=CARTESIAN_POINT('',(1.902466288608E1,1.768243246080E1,-3.974095916370E1));
#7945=VERTEX_POINT('',#7944);
#7946=CARTESIAN_POINT('',(1.982466288608E1,1.821614026512E1,-4.043650071598E1));
#7947=VERTEX_POINT('',#7946);
#7948=CARTESIAN_POINT('',(1.902466288608E1,1.821614026512E1,-4.043650071598E1));
#7949=VERTEX_POINT('',#7948);
#7950=CARTESIAN_POINT('',(1.902466288608E1,1.768243246080E1,-4.055160395025E1));
#7951=VERTEX_POINT('',#7950);
#7952=CARTESIAN_POINT('',(1.849095508176E1,1.768243246080E1,-4.043650071598E1));
#7953=VERTEX_POINT('',#7952);
#7954=CARTESIAN_POINT('',(1.849095508176E1,1.688243246080E1,-4.043650071598E1));
#7955=VERTEX_POINT('',#7954);
#7956=CARTESIAN_POINT('',(1.902466288608E1,1.688243246080E1,-4.055160395025E1));
#7957=VERTEX_POINT('',#7956);
#7958=CARTESIAN_POINT('',(1.982466288608E1,1.768243246080E1,-4.055160395025E1));
#7959=VERTEX_POINT('',#7958);
#7960=CARTESIAN_POINT('',(1.902466288608E1,1.728243246080E1,-3.921966901457E1));
#7961=VERTEX_POINT('',#7960);
#7962=CARTESIAN_POINT('',(1.942466288608E1,1.688243246080E1,-3.921966901456E1));
#7963=VERTEX_POINT('',#7962);
#7964=CARTESIAN_POINT('',(-1.201096115482E1,-3.335993749500E1,
-2.954246303545E1));
#7965=CARTESIAN_POINT('',(-1.201096115482E1,-3.335993749500E1,-2.8E1));
#7966=VERTEX_POINT('',#7964);
#7967=VERTEX_POINT('',#7965);
#7968=CARTESIAN_POINT('',(-1.761096115482E1,-3.335993749500E1,
-2.954246303545E1));
#7969=CARTESIAN_POINT('',(-1.761093317469E1,-3.335993747315E1,-2.8E1));
#7970=VERTEX_POINT('',#7968);
#7971=VERTEX_POINT('',#7969);
#7972=CARTESIAN_POINT('',(-1.642457293244E1,-3.564822441563E1,-2.8E1));
#7973=CARTESIAN_POINT('',(-1.542605300647E1,-3.609154178809E1,-2.8E1));
#7974=VERTEX_POINT('',#7972);
#7975=VERTEX_POINT('',#7973);
#7976=CARTESIAN_POINT('',(1.289749999181E1,-3.507549705871E1,
-2.954246303545E1));
#7977=CARTESIAN_POINT('',(1.289749999181E1,-3.507549705871E1,-2.8E1));
#7978=VERTEX_POINT('',#7976);
#7979=VERTEX_POINT('',#7977);
#7980=CARTESIAN_POINT('',(7.297499991810E0,-3.507549705871E1,
-2.954246303545E1));
#7981=CARTESIAN_POINT('',(7.297541300979E0,-3.507549710884E1,-2.8E1));
#7982=VERTEX_POINT('',#7980);
#7983=VERTEX_POINT('',#7981);
#7984=CARTESIAN_POINT('',(1.033228413617E1,-3.786563619602E1,-2.8E1));
#7985=CARTESIAN_POINT('',(1.138215369103E1,-3.756340076928E1,-2.8E1));
#7986=VERTEX_POINT('',#7984);
#7987=VERTEX_POINT('',#7985);
#7988=CARTESIAN_POINT('',(5.307980300550E0,3.641373415090E1,-2.954246303545E1));
#7989=CARTESIAN_POINT('',(5.307980300550E0,3.641373415090E1,-2.8E1));
#7990=VERTEX_POINT('',#7988);
#7991=VERTEX_POINT('',#7989);
#7992=CARTESIAN_POINT('',(-2.920196994499E-1,3.641373415090E1,
-2.954246303545E1));
#7993=CARTESIAN_POINT('',(-2.919264716261E-1,3.641373427215E1,-2.8E1));
#7994=VERTEX_POINT('',#7992);
#7995=VERTEX_POINT('',#7993);
#7996=CARTESIAN_POINT('',(3.241639160247E0,3.911590821590E1,-2.8E1));
#7997=CARTESIAN_POINT('',(2.151713882814E0,3.919097635128E1,-2.8E1));
#7998=VERTEX_POINT('',#7996);
#7999=VERTEX_POINT('',#7997);
#8000=CARTESIAN_POINT('',(1.906E1,-1.033968933219E-14,2.14E0));
#8001=CARTESIAN_POINT('',(1.906E1,0.E0,2.29E0));
#8002=VERTEX_POINT('',#8000);
#8003=VERTEX_POINT('',#8001);
#8004=CARTESIAN_POINT('',(-1.906003270357E1,4.631247066426E-4,2.14E0));
#8005=CARTESIAN_POINT('',(-1.906E1,0.E0,2.29E0));
#8006=VERTEX_POINT('',#8004);
#8007=VERTEX_POINT('',#8005);
#8008=CARTESIAN_POINT('',(3.626227165107E1,-1.502032472033E1,0.E0));
#8009=CARTESIAN_POINT('',(3.626227165107E1,-1.502032472033E1,-2.65E1));
#8010=VERTEX_POINT('',#8008);
#8011=VERTEX_POINT('',#8009);
#8012=CARTESIAN_POINT('',(-3.626227165107E1,1.502032472033E1,0.E0));
#8013=CARTESIAN_POINT('',(-3.626227165107E1,1.502032472033E1,-2.65E1));
#8014=VERTEX_POINT('',#8012);
#8015=VERTEX_POINT('',#8013);
#8016=CARTESIAN_POINT('',(-3.925E1,9.947598300641E-14,0.E0));
#8017=VERTEX_POINT('',#8016);
#8018=CARTESIAN_POINT('',(-1.85E1,0.E0,1.2E0));
#8019=CARTESIAN_POINT('',(-1.849996227646E1,1.055721763601E-8,1.5E0));
#8020=VERTEX_POINT('',#8018);
#8021=VERTEX_POINT('',#8019);
#8022=CARTESIAN_POINT('',(1.85E1,0.E0,1.2E0));
#8023=CARTESIAN_POINT('',(1.85E1,5.287675242671E-13,1.5E0));
#8024=VERTEX_POINT('',#8022);
#8025=VERTEX_POINT('',#8023);
#8026=CARTESIAN_POINT('',(-3.153920897160E1,-1.603489242298E1,-2.65E1));
#8027=CARTESIAN_POINT('',(-3.153920897160E1,-1.603489242298E1,0.E0));
#8028=VERTEX_POINT('',#8026);
#8029=VERTEX_POINT('',#8027);
#8030=CARTESIAN_POINT('',(-3.403920897160E1,-1.603489242298E1,-2.65E1));
#8031=CARTESIAN_POINT('',(-3.403920897160E1,-1.603489242298E1,0.E0));
#8032=VERTEX_POINT('',#8030);
#8033=VERTEX_POINT('',#8031);
#8034=CARTESIAN_POINT('',(-3.446746594521E1,7.989572509622E0,-2.65E1));
#8035=CARTESIAN_POINT('',(-3.446746594521E1,7.989572509622E0,0.E0));
#8036=VERTEX_POINT('',#8034);
#8037=VERTEX_POINT('',#8035);
#8038=CARTESIAN_POINT('',(-3.638257705301E1,9.596541533838E0,-2.65E1));
#8039=CARTESIAN_POINT('',(-3.638257705301E1,9.596541533838E0,0.E0));
#8040=VERTEX_POINT('',#8038);
#8041=VERTEX_POINT('',#8039);
#8042=CARTESIAN_POINT('',(-2.126801253985E1,2.827562767076E1,-2.65E1));
#8043=CARTESIAN_POINT('',(-2.126801253985E1,2.827562767076E1,
-1.065814103640E-14));
#8044=VERTEX_POINT('',#8042);
#8045=VERTEX_POINT('',#8043);
#8046=CARTESIAN_POINT('',(-2.170213298401E1,3.073764705330E1,-2.65E1));
#8047=CARTESIAN_POINT('',(-2.170213298401E1,3.073764705330E1,
-1.065814103640E-14));
#8048=VERTEX_POINT('',#8046);
#8049=VERTEX_POINT('',#8047);
#8050=CARTESIAN_POINT('',(1.882980300550E0,3.533120239616E1,-2.E1));
#8051=CARTESIAN_POINT('',(1.882980300550E0,3.533120239616E1,
1.065814103640E-14));
#8052=VERTEX_POINT('',#8050);
#8053=VERTEX_POINT('',#8051);
#8054=CARTESIAN_POINT('',(3.132980300550E0,3.749626590563E1,-2.E1));
#8055=CARTESIAN_POINT('',(3.132980300550E0,3.749626590563E1,
1.065814103640E-14));
#8056=VERTEX_POINT('',#8054);
#8057=VERTEX_POINT('',#8055);
#8058=CARTESIAN_POINT('',(1.257980300550E0,3.641373415090E1,-2.E1));
#8059=VERTEX_POINT('',#8058);
#8060=CARTESIAN_POINT('',(3.757980300550E0,3.641373415090E1,-2.E1));
#8061=VERTEX_POINT('',#8060);
#8062=CARTESIAN_POINT('',(2.415290573132E1,2.585491485782E1,-2.65E1));
#8063=CARTESIAN_POINT('',(2.415290573132E1,2.585491485782E1,
1.065814103640E-14));
#8064=VERTEX_POINT('',#8062);
#8065=VERTEX_POINT('',#8063);
#8066=CARTESIAN_POINT('',(2.650213728328E1,2.670996521614E1,-2.65E1));
#8067=CARTESIAN_POINT('',(2.650213728328E1,2.670996521614E1,
1.065814103640E-14));
#8068=VERTEX_POINT('',#8066);
#8069=VERTEX_POINT('',#8067);
#8070=CARTESIAN_POINT('',(3.512141814076E1,4.280825312127E0,-2.65E1));
#8071=CARTESIAN_POINT('',(3.512141814076E1,4.280825312127E0,
1.065814103640E-14));
#8072=VERTEX_POINT('',#8070);
#8073=VERTEX_POINT('',#8071);
#8074=CARTESIAN_POINT('',(3.747064969272E1,3.425774953813E0,-2.65E1));
#8075=CARTESIAN_POINT('',(3.747064969272E1,3.425774953813E0,
1.065814103640E-14));
#8076=VERTEX_POINT('',#8074);
#8077=VERTEX_POINT('',#8075);
#8078=CARTESIAN_POINT('',(2.965622867106E1,-1.929630997318E1,-2.65E1));
#8079=CARTESIAN_POINT('',(2.965622867106E1,-1.929630997318E1,0.E0));
#8080=VERTEX_POINT('',#8078);
#8081=VERTEX_POINT('',#8079);
#8082=CARTESIAN_POINT('',(3.090622867106E1,-2.146137348264E1,-2.65E1));
#8083=CARTESIAN_POINT('',(3.090622867106E1,-2.146137348264E1,0.E0));
#8084=VERTEX_POINT('',#8082);
#8085=VERTEX_POINT('',#8083);
#8086=CARTESIAN_POINT('',(1.031456021389E1,-3.384448736744E1,-2.E1));
#8087=CARTESIAN_POINT('',(1.031456021389E1,-3.384448736744E1,
-1.065814103640E-14));
#8088=VERTEX_POINT('',#8086);
#8089=VERTEX_POINT('',#8087);
#8090=CARTESIAN_POINT('',(9.880439769726E0,-3.630650674998E1,-2.E1));
#8091=CARTESIAN_POINT('',(9.880439769726E0,-3.630650674998E1,
-1.065814103640E-14));
#8092=VERTEX_POINT('',#8090);
#8093=VERTEX_POINT('',#8091);
#8094=CARTESIAN_POINT('',(1.134749999181E1,-3.507549705871E1,-2.E1));
#8095=VERTEX_POINT('',#8094);
#8096=CARTESIAN_POINT('',(8.847499991810E0,-3.507549705871E1,-2.E1));
#8097=VERTEX_POINT('',#8096);
#8098=CARTESIAN_POINT('',(-1.385340560091E1,-3.255645298290E1,-2.E1));
#8099=CARTESIAN_POINT('',(-1.385340560091E1,-3.255645298290E1,
1.065814103640E-14));
#8100=VERTEX_POINT('',#8098);
#8101=VERTEX_POINT('',#8099);
#8102=CARTESIAN_POINT('',(-1.576851670871E1,-3.416342200712E1,-2.E1));
#8103=CARTESIAN_POINT('',(-1.576851670871E1,-3.416342200712E1,
1.065814103640E-14));
#8104=VERTEX_POINT('',#8102);
#8105=VERTEX_POINT('',#8103);
#8106=CARTESIAN_POINT('',(-1.356096115481E1,-3.335993749501E1,-2.E1));
#8107=VERTEX_POINT('',#8106);
#8108=CARTESIAN_POINT('',(-1.606096115481E1,-3.335993749501E1,-2.E1));
#8109=VERTEX_POINT('',#8108);
#8110=CARTESIAN_POINT('',(2.3E1,0.E0,0.E0));
#8111=CARTESIAN_POINT('',(2.193933982822E1,0.E0,4.393398282202E-1));
#8112=VERTEX_POINT('',#8110);
#8113=VERTEX_POINT('',#8111);
#8114=CARTESIAN_POINT('',(-2.193933982822E1,0.E0,4.393398282202E-1));
#8115=VERTEX_POINT('',#8114);
#8116=CARTESIAN_POINT('',(-2.3E1,0.E0,0.E0));
#8117=VERTEX_POINT('',#8116);
#8118=CARTESIAN_POINT('',(-2.15E1,0.E0,1.5E0));
#8119=VERTEX_POINT('',#8118);
#8120=CARTESIAN_POINT('',(2.15E1,0.E0,1.5E0));
#8121=VERTEX_POINT('',#8120);
#8122=CARTESIAN_POINT('',(2.15E1,-5.816437912146E-10,3.5E0));
#8123=VERTEX_POINT('',#8122);
#8124=CARTESIAN_POINT('',(-2.15E1,-4.257124927490E-13,3.5E0));
#8125=VERTEX_POINT('',#8124);
#8126=CARTESIAN_POINT('',(-1.85E1,-5.763976940326E-13,2.29E0));
#8127=CARTESIAN_POINT('',(-1.85E1,0.E0,3.E0));
#8128=VERTEX_POINT('',#8126);
#8129=VERTEX_POINT('',#8127);
#8130=CARTESIAN_POINT('',(1.85E1,3.832676097471E-10,2.29E0));
#8131=CARTESIAN_POINT('',(1.85E1,0.E0,3.E0));
#8132=VERTEX_POINT('',#8130);
#8133=VERTEX_POINT('',#8131);
#8134=CARTESIAN_POINT('',(0.E0,1.85E1,2.999999999999E0));
#8135=CARTESIAN_POINT('',(0.E0,1.878867513459E1,3.499999999998E0));
#8136=VERTEX_POINT('',#8134);
#8137=VERTEX_POINT('',#8135);
#8138=CARTESIAN_POINT('',(3.645170463504E-14,-1.85E1,2.999999999999E0));
#8139=CARTESIAN_POINT('',(1.074159200923E-13,-1.878867513459E1,
3.499999999998E0));
#8140=VERTEX_POINT('',#8138);
#8141=VERTEX_POINT('',#8139);
#8142=CARTESIAN_POINT('',(3.626227165107E1,-1.502032472033E1,-2.8E1));
#8143=VERTEX_POINT('',#8142);
#8144=CARTESIAN_POINT('',(-3.626227165107E1,1.502032472033E1,-2.8E1));
#8145=VERTEX_POINT('',#8144);
#8146=CARTESIAN_POINT('',(-3.925E1,-1.421085471520E-14,-2.65E1));
#8147=VERTEX_POINT('',#8146);
#8148=CARTESIAN_POINT('',(3.788709293775E1,4.022211919617E0,-2.65E1));
#8149=CARTESIAN_POINT('',(3.788709293775E1,4.022211919617E0,-2.8E1));
#8150=VERTEX_POINT('',#8148);
#8151=VERTEX_POINT('',#8149);
#8152=CARTESIAN_POINT('',(3.470497489573E1,3.684388346316E0,-2.65E1));
#8153=CARTESIAN_POINT('',(3.470497489573E1,3.684388346316E0,-2.8E1));
#8154=VERTEX_POINT('',#8152);
#8155=VERTEX_POINT('',#8153);
#8156=CARTESIAN_POINT('',(3.160862499636E1,-2.127216081736E1,-2.65E1));
#8157=CARTESIAN_POINT('',(3.160862499636E1,-2.127216081736E1,-2.8E1));
#8158=VERTEX_POINT('',#8156);
#8159=VERTEX_POINT('',#8157);
#8160=CARTESIAN_POINT('',(2.895383234574E1,-1.948552263847E1,-2.65E1));
#8161=CARTESIAN_POINT('',(2.895383234574E1,-1.948552263847E1,-2.8E1));
#8162=VERTEX_POINT('',#8160);
#8163=VERTEX_POINT('',#8161);
#8164=CARTESIAN_POINT('',(-3.422654415940E1,-1.673779181687E1,-2.65E1));
#8165=CARTESIAN_POINT('',(-3.422654415940E1,-1.673779181687E1,-2.8E1));
#8166=VERTEX_POINT('',#8164);
#8167=VERTEX_POINT('',#8165);
#8168=CARTESIAN_POINT('',(-3.135187378381E1,-1.533199302910E1,-2.65E1));
#8169=CARTESIAN_POINT('',(-3.135187378381E1,-1.533199302910E1,-2.8E1));
#8170=VERTEX_POINT('',#8168);
#8171=VERTEX_POINT('',#8169);
#8172=CARTESIAN_POINT('',(-3.697789915387E1,9.178506096664E0,-2.65E1));
#8173=CARTESIAN_POINT('',(-3.697789915387E1,9.178506096664E0,-2.8E1));
#8174=VERTEX_POINT('',#8172);
#8175=VERTEX_POINT('',#8173);
#8176=CARTESIAN_POINT('',(-3.387214384436E1,8.407607946813E0,-2.65E1));
#8177=CARTESIAN_POINT('',(-3.387214384436E1,8.407607946813E0,-2.8E1));
#8178=VERTEX_POINT('',#8176);
#8179=VERTEX_POINT('',#8177);
#8180=CARTESIAN_POINT('',(-2.242688417067E1,3.080007899982E1,-2.65E1));
#8181=CARTESIAN_POINT('',(-2.242688417067E1,3.080007899982E1,-2.8E1));
#8182=VERTEX_POINT('',#8180);
#8183=VERTEX_POINT('',#8181);
#8184=CARTESIAN_POINT('',(-2.054326135318E1,2.821319572425E1,-2.65E1));
#8185=CARTESIAN_POINT('',(-2.054326135318E1,2.821319572425E1,-2.8E1));
#8186=VERTEX_POINT('',#8184);
#8187=VERTEX_POINT('',#8185);
#8188=CARTESIAN_POINT('',(2.643776902543E1,2.743454699750E1,-2.65E1));
#8189=CARTESIAN_POINT('',(2.643776902543E1,2.743454699750E1,-2.8E1));
#8190=VERTEX_POINT('',#8188);
#8191=VERTEX_POINT('',#8189);
#8192=CARTESIAN_POINT('',(2.421727398917E1,2.513033307645E1,-2.65E1));
#8193=CARTESIAN_POINT('',(2.421727398917E1,2.513033307645E1,-2.8E1));
#8194=VERTEX_POINT('',#8192);
#8195=VERTEX_POINT('',#8193);
#8196=CARTESIAN_POINT('',(2.428090722547E1,2.160311051970E1,-2.8E1));
#8197=CARTESIAN_POINT('',(2.428082860760E1,2.160304057600E1,-3.9E1));
#8198=VERTEX_POINT('',#8196);
#8199=VERTEX_POINT('',#8197);
#8200=CARTESIAN_POINT('',(-2.428090722547E1,-2.160311051970E1,-2.8E1));
#8201=CARTESIAN_POINT('',(-2.428082860760E1,-2.160304057600E1,-3.9E1));
#8202=VERTEX_POINT('',#8200);
#8203=VERTEX_POINT('',#8201);
#8204=CARTESIAN_POINT('',(1.5E1,0.E0,1.2E0));
#8205=CARTESIAN_POINT('',(1.508786796564E1,0.E0,1.412132034356E0));
#8206=VERTEX_POINT('',#8204);
#8207=VERTEX_POINT('',#8205);
#8208=CARTESIAN_POINT('',(-1.508786796564E1,0.E0,1.412132034356E0));
#8209=VERTEX_POINT('',#8208);
#8210=CARTESIAN_POINT('',(-1.5E1,0.E0,1.2E0));
#8211=VERTEX_POINT('',#8210);
#8212=CARTESIAN_POINT('',(-1.53E1,0.E0,1.5E0));
#8213=VERTEX_POINT('',#8212);
#8214=CARTESIAN_POINT('',(1.53E1,0.E0,1.5E0));
#8215=VERTEX_POINT('',#8214);
#8216=CARTESIAN_POINT('',(1.775E1,0.E0,1.E0));
#8217=CARTESIAN_POINT('',(1.775004921428E1,3.789201460890E-4,1.5E0));
#8218=VERTEX_POINT('',#8216);
#8219=VERTEX_POINT('',#8217);
#8220=CARTESIAN_POINT('',(-1.775E1,0.E0,1.E0));
#8221=CARTESIAN_POINT('',(-1.775E1,-1.259233284007E-14,1.5E0));
#8222=VERTEX_POINT('',#8220);
#8223=VERTEX_POINT('',#8221);
#8224=CARTESIAN_POINT('',(1.82E1,0.E0,1.5E0));
#8225=CARTESIAN_POINT('',(1.841213203436E1,0.E0,1.412132034356E0));
#8226=VERTEX_POINT('',#8224);
#8227=VERTEX_POINT('',#8225);
#8228=CARTESIAN_POINT('',(-1.841213203436E1,0.E0,1.412132034356E0));
#8229=VERTEX_POINT('',#8228);
#8230=CARTESIAN_POINT('',(-1.82E1,0.E0,1.5E0));
#8231=VERTEX_POINT('',#8230);
#8232=CARTESIAN_POINT('',(-1.575E1,0.E0,1.E0));
#8233=CARTESIAN_POINT('',(-1.575E1,0.E0,1.5E0));
#8234=VERTEX_POINT('',#8232);
#8235=VERTEX_POINT('',#8233);
#8236=CARTESIAN_POINT('',(1.575E1,0.E0,1.E0));
#8237=CARTESIAN_POINT('',(1.575E1,0.E0,1.5E0));
#8238=VERTEX_POINT('',#8236);
#8239=VERTEX_POINT('',#8237);
#8240=CARTESIAN_POINT('',(8.392304845410E0,-6.E0,0.E0));
#8241=CARTESIAN_POINT('',(8.392304845410E0,-6.E0,3.5E0));
#8242=VERTEX_POINT('',#8240);
#8243=VERTEX_POINT('',#8241);
#8244=CARTESIAN_POINT('',(1.239230484541E1,-6.E0,0.E0));
#8245=CARTESIAN_POINT('',(1.239230484541E1,-6.E0,3.5E0));
#8246=VERTEX_POINT('',#8244);
#8247=VERTEX_POINT('',#8245);
#8248=CARTESIAN_POINT('',(6.25E0,2.970129389918E-14,0.E0));
#8249=CARTESIAN_POINT('',(6.25E0,3.089815629050E-14,3.5E0));
#8250=VERTEX_POINT('',#8248);
#8251=VERTEX_POINT('',#8249);
#8252=CARTESIAN_POINT('',(-6.25E0,3.020372882031E-14,0.E0));
#8253=CARTESIAN_POINT('',(-6.25E0,3.150377893558E-14,3.5E0));
#8254=VERTEX_POINT('',#8252);
#8255=VERTEX_POINT('',#8253);
#8256=CARTESIAN_POINT('',(-1.239230484541E1,-6.E0,0.E0));
#8257=CARTESIAN_POINT('',(-1.239230484541E1,-6.E0,3.5E0));
#8258=VERTEX_POINT('',#8256);
#8259=VERTEX_POINT('',#8257);
#8260=CARTESIAN_POINT('',(-8.392304845410E0,-6.E0,0.E0));
#8261=CARTESIAN_POINT('',(-8.392304845410E0,-6.E0,3.5E0));
#8262=VERTEX_POINT('',#8260);
#8263=VERTEX_POINT('',#8261);
#8264=CARTESIAN_POINT('',(-2.E0,1.2E1,0.E0));
#8265=CARTESIAN_POINT('',(-2.E0,1.2E1,3.5E0));
#8266=VERTEX_POINT('',#8264);
#8267=VERTEX_POINT('',#8265);
#8268=CARTESIAN_POINT('',(2.E0,1.2E1,0.E0));
#8269=CARTESIAN_POINT('',(2.E0,1.2E1,3.5E0));
#8270=VERTEX_POINT('',#8268);
#8271=VERTEX_POINT('',#8269);
#8272=CARTESIAN_POINT('',(-1.2825E1,1.428941916244E0,0.E0));
#8273=CARTESIAN_POINT('',(-1.2825E1,1.428941916244E0,4.E0));
#8274=VERTEX_POINT('',#8272);
#8275=VERTEX_POINT('',#8273);
#8276=CARTESIAN_POINT('',(-1.1175E1,-1.428941916244E0,0.E0));
#8277=CARTESIAN_POINT('',(-1.1175E1,-1.428941916244E0,4.E0));
#8278=VERTEX_POINT('',#8276);
#8279=VERTEX_POINT('',#8277);
#8280=CARTESIAN_POINT('',(-1.365E1,3.016280081210E-14,0.E0));
#8281=VERTEX_POINT('',#8280);
#8282=CARTESIAN_POINT('',(-1.035E1,3.027382311456E-14,0.E0));
#8283=VERTEX_POINT('',#8282);
#8284=CARTESIAN_POINT('',(1.039230484541E1,-4.E0,3.5E0));
#8285=CARTESIAN_POINT('',(1.039230484541E1,-3.5E0,4.E0));
#8286=VERTEX_POINT('',#8284);
#8287=VERTEX_POINT('',#8285);
#8288=CARTESIAN_POINT('',(1.039230484541E1,-8.E0,3.5E0));
#8289=CARTESIAN_POINT('',(1.039230484541E1,-8.5E0,4.E0));
#8290=VERTEX_POINT('',#8288);
#8291=VERTEX_POINT('',#8289);
#8292=CARTESIAN_POINT('',(1.535609915017E-14,6.25E0,3.5E0));
#8293=CARTESIAN_POINT('',(1.457043837952E-14,6.75E0,4.E0));
#8294=VERTEX_POINT('',#8292);
#8295=VERTEX_POINT('',#8293);
#8296=CARTESIAN_POINT('',(5.574049965353E-9,-6.25E0,3.5E0));
#8297=CARTESIAN_POINT('',(7.030964913525E-9,-6.75E0,4.E0));
#8298=VERTEX_POINT('',#8296);
#8299=VERTEX_POINT('',#8297);
#8300=CARTESIAN_POINT('',(-1.039230484541E1,-4.E0,3.5E0));
#8301=CARTESIAN_POINT('',(-1.039230484541E1,-3.5E0,4.E0));
#8302=VERTEX_POINT('',#8300);
#8303=VERTEX_POINT('',#8301);
#8304=CARTESIAN_POINT('',(-1.039230484541E1,-8.E0,3.5E0));
#8305=CARTESIAN_POINT('',(-1.039230484541E1,-8.5E0,4.E0));
#8306=VERTEX_POINT('',#8304);
#8307=VERTEX_POINT('',#8305);
#8308=CARTESIAN_POINT('',(1.361623441464E-14,1.4E1,3.5E0));
#8309=CARTESIAN_POINT('',(1.363645629649E-14,1.45E1,4.E0));
#8310=VERTEX_POINT('',#8308);
#8311=VERTEX_POINT('',#8309);
#8312=CARTESIAN_POINT('',(1.416258385130E-14,1.E1,3.5E0));
#8313=CARTESIAN_POINT('',(1.302432179505E-14,9.5E0,4.E0));
#8314=VERTEX_POINT('',#8312);
#8315=VERTEX_POINT('',#8313);
#8316=CARTESIAN_POINT('',(-7.65E0,-1.039230484541E1,0.E0));
#8317=CARTESIAN_POINT('',(-7.65E0,-1.039230484541E1,4.E0));
#8318=VERTEX_POINT('',#8316);
#8319=VERTEX_POINT('',#8317);
#8320=CARTESIAN_POINT('',(-4.35E0,-1.039230484541E1,0.E0));
#8321=CARTESIAN_POINT('',(-4.35E0,-1.039230484541E1,4.E0));
#8322=VERTEX_POINT('',#8320);
#8323=VERTEX_POINT('',#8321);
#8324=CARTESIAN_POINT('',(5.175E0,-1.182124676165E1,0.E0));
#8325=CARTESIAN_POINT('',(5.175E0,-1.182124676165E1,4.E0));
#8326=VERTEX_POINT('',#8324);
#8327=VERTEX_POINT('',#8325);
#8328=CARTESIAN_POINT('',(6.825E0,-8.963362929166E0,0.E0));
#8329=CARTESIAN_POINT('',(6.825E0,-8.963362929166E0,4.E0));
#8330=VERTEX_POINT('',#8328);
#8331=VERTEX_POINT('',#8329);
#8332=CARTESIAN_POINT('',(7.65E0,-1.039230484541E1,0.E0));
#8333=VERTEX_POINT('',#8332);
#8334=CARTESIAN_POINT('',(4.35E0,-1.039230484541E1,0.E0));
#8335=VERTEX_POINT('',#8334);
#8336=CARTESIAN_POINT('',(1.2825E1,-1.428941916244E0,0.E0));
#8337=CARTESIAN_POINT('',(1.2825E1,-1.428941916244E0,4.E0));
#8338=VERTEX_POINT('',#8336);
#8339=VERTEX_POINT('',#8337);
#8340=CARTESIAN_POINT('',(1.1175E1,1.428941916244E0,0.E0));
#8341=CARTESIAN_POINT('',(1.1175E1,1.428941916244E0,4.E0));
#8342=VERTEX_POINT('',#8340);
#8343=VERTEX_POINT('',#8341);
#8344=CARTESIAN_POINT('',(1.365E1,3.060689002195E-14,0.E0));
#8345=VERTEX_POINT('',#8344);
#8346=CARTESIAN_POINT('',(1.035E1,3.016280081210E-14,0.E0));
#8347=VERTEX_POINT('',#8346);
#8348=CARTESIAN_POINT('',(7.65E0,1.039230484541E1,0.E0));
#8349=CARTESIAN_POINT('',(7.65E0,1.039230484541E1,4.E0));
#8350=VERTEX_POINT('',#8348);
#8351=VERTEX_POINT('',#8349);
#8352=CARTESIAN_POINT('',(4.35E0,1.039230484541E1,0.E0));
#8353=CARTESIAN_POINT('',(4.35E0,1.039230484541E1,4.E0));
#8354=VERTEX_POINT('',#8352);
#8355=VERTEX_POINT('',#8353);
#8356=CARTESIAN_POINT('',(-5.175E0,1.182124676165E1,0.E0));
#8357=CARTESIAN_POINT('',(-5.175E0,1.182124676165E1,4.E0));
#8358=VERTEX_POINT('',#8356);
#8359=VERTEX_POINT('',#8357);
#8360=CARTESIAN_POINT('',(-6.825E0,8.963362929166E0,0.E0));
#8361=CARTESIAN_POINT('',(-6.825E0,8.963362929166E0,4.E0));
#8362=VERTEX_POINT('',#8360);
#8363=VERTEX_POINT('',#8361);
#8364=CARTESIAN_POINT('',(-7.65E0,1.039230484541E1,0.E0));
#8365=VERTEX_POINT('',#8364);
#8366=CARTESIAN_POINT('',(-4.35E0,1.039230484541E1,0.E0));
#8367=VERTEX_POINT('',#8366);
#8368=CARTESIAN_POINT('',(1.151171353231E-14,1.486602540379E1,
4.000000000002E0));
#8369=CARTESIAN_POINT('',(1.130177537085E-14,1.500000000001E1,
3.500000000002E0));
#8370=VERTEX_POINT('',#8368);
#8371=VERTEX_POINT('',#8369);
#8372=CARTESIAN_POINT('',(-2.225938848850E-14,-1.486602540379E1,
4.000000000002E0));
#8373=CARTESIAN_POINT('',(-1.284719019574E-13,-1.5E1,3.500000000021E0));
#8374=VERTEX_POINT('',#8372);
#8375=VERTEX_POINT('',#8373);
#8376=CARTESIAN_POINT('',(-1.5E1,2.580602580846E-14,3.500000000002E0));
#8377=VERTEX_POINT('',#8376);
#8378=CARTESIAN_POINT('',(1.5E1,2.902227110781E-14,3.500000000002E0));
#8379=VERTEX_POINT('',#8378);
#8380=CARTESIAN_POINT('',(1.631096115482E1,3.335993749501E1,-5.E0));
#8381=CARTESIAN_POINT('',(1.331096115482E1,3.335993749501E1,-5.E0));
#8382=VERTEX_POINT('',#8380);
#8383=VERTEX_POINT('',#8381);
#8384=CARTESIAN_POINT('',(-3.479603391674E1,-3.853300132968E0,-5.E0));
#8385=CARTESIAN_POINT('',(-3.779603391674E1,-3.853300132968E0,-5.E0));
#8386=VERTEX_POINT('',#8384);
#8387=VERTEX_POINT('',#8385);
#8388=CARTESIAN_POINT('',(2.273507276193E1,-2.950663736204E1,-5.E0));
#8389=CARTESIAN_POINT('',(2.023507276193E1,-2.950663736204E1,-5.E0));
#8390=VERTEX_POINT('',#8388);
#8391=VERTEX_POINT('',#8389);
#8392=CARTESIAN_POINT('',(1.631096115482E1,3.335993749501E1,0.E0));
#8393=CARTESIAN_POINT('',(1.331096115482E1,3.335993749501E1,0.E0));
#8394=VERTEX_POINT('',#8392);
#8395=VERTEX_POINT('',#8393);
#8396=CARTESIAN_POINT('',(-3.479603391674E1,-3.853300132968E0,0.E0));
#8397=CARTESIAN_POINT('',(-3.779603391674E1,-3.853300132968E0,0.E0));
#8398=VERTEX_POINT('',#8396);
#8399=VERTEX_POINT('',#8397);
#8400=CARTESIAN_POINT('',(2.273507276193E1,-2.950663736204E1,0.E0));
#8401=CARTESIAN_POINT('',(2.023507276193E1,-2.950663736204E1,0.E0));
#8402=VERTEX_POINT('',#8400);
#8403=VERTEX_POINT('',#8401);
#8404=CARTESIAN_POINT('',(-1.541096115482E1,-3.275993749500E1,
-6.466067189384E0));
#8405=DIRECTION('',(0.E0,0.E0,-1.E0));
#8406=DIRECTION('',(1.E0,0.E0,0.E0));
#8407=AXIS2_PLACEMENT_3D('',#8404,#8405,#8406);
#8408=CYLINDRICAL_SURFACE('',#8407,3.E-1);
#8410=ORIENTED_EDGE('',*,*,#8409,.F.);
#8412=ORIENTED_EDGE('',*,*,#8411,.T.);
#8414=ORIENTED_EDGE('',*,*,#8413,.F.);
#8416=ORIENTED_EDGE('',*,*,#8415,.F.);
#8418=ORIENTED_EDGE('',*,*,#8417,.T.);
#8420=ORIENTED_EDGE('',*,*,#8419,.T.);
#8422=ORIENTED_EDGE('',*,*,#8421,.T.);
#8424=ORIENTED_EDGE('',*,*,#8423,.F.);
#8425=EDGE_LOOP('',(#8410,#8412,#8414,#8416,#8418,#8420,#8422,#8424));
#8426=FACE_OUTER_BOUND('',#8425,.F.);
#8427=ADVANCED_FACE('',(#8426),#8408,.T.);
#8428=CARTESIAN_POINT('',(-1.511096115482E1,-3.305993749500E1,-3.04E1));
#8429=DIRECTION('',(-1.E0,0.E0,0.E0));
#8430=DIRECTION('',(0.E0,1.E0,0.E0));
#8431=AXIS2_PLACEMENT_3D('',#8428,#8429,#8430);
#8432=PLANE('',#8431);
#8434=ORIENTED_EDGE('',*,*,#8433,.F.);
#8436=ORIENTED_EDGE('',*,*,#8435,.T.);
#8437=ORIENTED_EDGE('',*,*,#8409,.T.);
#8438=EDGE_LOOP('',(#8434,#8436,#8437));
#8439=FACE_OUTER_BOUND('',#8438,.F.);
#8440=ADVANCED_FACE('',(#8439),#8432,.F.);
#8441=CARTESIAN_POINT('',(-1.623096595501E1,-3.185993749500E1,-3.04E1));
#8442=DIRECTION('',(0.E0,8.660254037844E-1,5.E-1));
#8443=DIRECTION('',(-1.E0,0.E0,0.E0));
#8444=AXIS2_PLACEMENT_3D('',#8441,#8442,#8443);
#8445=PLANE('',#8444);
#8447=ORIENTED_EDGE('',*,*,#8446,.T.);
#8449=ORIENTED_EDGE('',*,*,#8448,.T.);
#8450=ORIENTED_EDGE('',*,*,#8433,.T.);
#8452=ORIENTED_EDGE('',*,*,#8451,.T.);
#8454=ORIENTED_EDGE('',*,*,#8453,.F.);
#8456=ORIENTED_EDGE('',*,*,#8455,.T.);
#8457=EDGE_LOOP('',(#8447,#8449,#8450,#8452,#8454,#8456));
#8458=FACE_OUTER_BOUND('',#8457,.F.);
#8459=ADVANCED_FACE('',(#8458),#8445,.F.);
#8460=CARTESIAN_POINT('',(-1.451096115482E1,-3.185993749500E1,-3.04E1));
#8461=DIRECTION('',(1.E0,0.E0,0.E0));
#8462=DIRECTION('',(0.E0,0.E0,-1.E0));
#8463=AXIS2_PLACEMENT_3D('',#8460,#8461,#8462);
#8464=PLANE('',#8463);
#8466=ORIENTED_EDGE('',*,*,#8465,.T.);
#8468=ORIENTED_EDGE('',*,*,#8467,.T.);
#8469=ORIENTED_EDGE('',*,*,#8446,.F.);
#8470=EDGE_LOOP('',(#8466,#8468,#8469));
#8471=FACE_OUTER_BOUND('',#8470,.F.);
#8472=ADVANCED_FACE('',(#8471),#8464,.F.);
#8473=CARTESIAN_POINT('',(-1.421096115482E1,-3.275993749500E1,
-6.466067189384E0));
#8474=DIRECTION('',(0.E0,0.E0,-1.E0));
#8475=DIRECTION('',(0.E0,-1.E0,0.E0));
#8476=AXIS2_PLACEMENT_3D('',#8473,#8474,#8475);
#8477=CYLINDRICAL_SURFACE('',#8476,3.E-1);
#8479=ORIENTED_EDGE('',*,*,#8478,.F.);
#8481=ORIENTED_EDGE('',*,*,#8480,.T.);
#8482=ORIENTED_EDGE('',*,*,#8465,.F.);
#8484=ORIENTED_EDGE('',*,*,#8483,.F.);
#8486=ORIENTED_EDGE('',*,*,#8485,.T.);
#8488=ORIENTED_EDGE('',*,*,#8487,.T.);
#8490=ORIENTED_EDGE('',*,*,#8489,.T.);
#8492=ORIENTED_EDGE('',*,*,#8491,.F.);
#8493=EDGE_LOOP('',(#8479,#8481,#8482,#8484,#8486,#8488,#8490,#8492));
#8494=FACE_OUTER_BOUND('',#8493,.F.);
#8495=ADVANCED_FACE('',(#8494),#8477,.T.);
#8496=CARTESIAN_POINT('',(-1.631096115482E1,-3.305993749500E1,-3.04E1));
#8497=DIRECTION('',(0.E0,1.E0,0.E0));
#8498=DIRECTION('',(1.E0,0.E0,0.E0));
#8499=AXIS2_PLACEMENT_3D('',#8496,#8497,#8498);
#8500=PLANE('',#8499);
#8502=ORIENTED_EDGE('',*,*,#8501,.F.);
#8504=ORIENTED_EDGE('',*,*,#8503,.F.);
#8505=ORIENTED_EDGE('',*,*,#8478,.T.);
#8506=EDGE_LOOP('',(#8502,#8504,#8505));
#8507=FACE_OUTER_BOUND('',#8506,.F.);
#8508=ADVANCED_FACE('',(#8507),#8500,.F.);
#8509=CARTESIAN_POINT('',(-1.331096115482E1,-3.193993269481E1,-3.04E1));
#8510=DIRECTION('',(8.660254037844E-1,0.E0,5.E-1));
#8511=DIRECTION('',(0.E0,-1.E0,0.E0));
#8512=AXIS2_PLACEMENT_3D('',#8509,#8510,#8511);
#8513=PLANE('',#8512);
#8515=ORIENTED_EDGE('',*,*,#8514,.T.);
#8516=ORIENTED_EDGE('',*,*,#8501,.T.);
#8518=ORIENTED_EDGE('',*,*,#8517,.T.);
#8520=ORIENTED_EDGE('',*,*,#8519,.F.);
#8522=ORIENTED_EDGE('',*,*,#8521,.T.);
#8524=ORIENTED_EDGE('',*,*,#8523,.T.);
#8525=EDGE_LOOP('',(#8515,#8516,#8518,#8520,#8522,#8524));
#8526=FACE_OUTER_BOUND('',#8525,.F.);
#8527=ADVANCED_FACE('',(#8526),#8513,.F.);
#8528=CARTESIAN_POINT('',(-1.481096115482E1,-3.335993749500E1,-2.54E1));
#8529=DIRECTION('',(0.E0,-1.E0,0.E0));
#8530=DIRECTION('',(-1.E0,0.E0,0.E0));
#8531=AXIS2_PLACEMENT_3D('',#8528,#8529,#8530);
#8532=SPHERICAL_SURFACE('',#8531,5.E0);
#8534=ORIENTED_EDGE('',*,*,#8533,.F.);
#8536=ORIENTED_EDGE('',*,*,#8535,.F.);
#8537=EDGE_LOOP('',(#8534,#8536));
#8538=FACE_OUTER_BOUND('',#8537,.F.);
#8540=ORIENTED_EDGE('',*,*,#8539,.F.);
#8542=ORIENTED_EDGE('',*,*,#8541,.F.);
#8544=ORIENTED_EDGE('',*,*,#8543,.T.);
#8546=ORIENTED_EDGE('',*,*,#8545,.T.);
#8548=ORIENTED_EDGE('',*,*,#8547,.T.);
#8549=ORIENTED_EDGE('',*,*,#8411,.F.);
#8550=ORIENTED_EDGE('',*,*,#8435,.F.);
#8551=ORIENTED_EDGE('',*,*,#8448,.F.);
#8552=ORIENTED_EDGE('',*,*,#8467,.F.);
#8553=ORIENTED_EDGE('',*,*,#8480,.F.);
#8554=ORIENTED_EDGE('',*,*,#8503,.T.);
#8555=ORIENTED_EDGE('',*,*,#8514,.F.);
#8557=ORIENTED_EDGE('',*,*,#8556,.T.);
#8559=ORIENTED_EDGE('',*,*,#8558,.F.);
#8561=ORIENTED_EDGE('',*,*,#8560,.F.);
#8563=ORIENTED_EDGE('',*,*,#8562,.F.);
#8564=EDGE_LOOP('',(#8540,#8542,#8544,#8546,#8548,#8549,#8550,#8551,#8552,#8553,
#8554,#8555,#8557,#8559,#8561,#8563));
#8565=FACE_BOUND('',#8564,.F.);
#8566=ADVANCED_FACE('',(#8538,#8565),#8532,.T.);
#8567=CARTESIAN_POINT('',(-1.481096115482E1,-3.335993749500E1,-3.092E1));
#8568=DIRECTION('',(0.E0,0.E0,1.E0));
#8569=DIRECTION('',(-1.E0,0.E0,0.E0));
#8570=AXIS2_PLACEMENT_3D('',#8567,#8568,#8569);
#8571=CYLINDRICAL_SURFACE('',#8570,2.8E0);
#8573=ORIENTED_EDGE('',*,*,#8572,.T.);
#8575=ORIENTED_EDGE('',*,*,#8574,.T.);
#8577=ORIENTED_EDGE('',*,*,#8576,.F.);
#8578=ORIENTED_EDGE('',*,*,#8533,.T.);
#8580=ORIENTED_EDGE('',*,*,#8579,.T.);
#8582=ORIENTED_EDGE('',*,*,#8581,.T.);
#8583=EDGE_LOOP('',(#8573,#8575,#8577,#8578,#8580,#8582));
#8584=FACE_OUTER_BOUND('',#8583,.F.);
#8585=ADVANCED_FACE('',(#8584),#8571,.T.);
#8586=CARTESIAN_POINT('',(-1.481096115482E1,-3.335993749500E1,-2.8E1));
#8587=DIRECTION('',(0.E0,0.E0,1.E0));
#8588=DIRECTION('',(0.E0,-1.E0,0.E0));
#8589=AXIS2_PLACEMENT_3D('',#8586,#8587,#8588);
#8590=PLANE('',#8589);
#8592=ORIENTED_EDGE('',*,*,#8591,.F.);
#8593=ORIENTED_EDGE('',*,*,#8572,.F.);
#8594=EDGE_LOOP('',(#8592,#8593));
#8595=FACE_OUTER_BOUND('',#8594,.F.);
#8596=ADVANCED_FACE('',(#8595),#8590,.T.);
#8597=CARTESIAN_POINT('',(0.E0,0.E0,4.7E-1));
#8598=DIRECTION('',(0.E0,0.E0,-1.E0));
#8599=DIRECTION('',(9.238795325113E-1,-3.826834323651E-1,0.E0));
#8600=AXIS2_PLACEMENT_3D('',#8597,#8598,#8599);
#8601=CYLINDRICAL_SURFACE('',#8600,3.925E1);
#8603=ORIENTED_EDGE('',*,*,#8602,.F.);
#8605=ORIENTED_EDGE('',*,*,#8604,.F.);
#8607=ORIENTED_EDGE('',*,*,#8606,.T.);
#8609=ORIENTED_EDGE('',*,*,#8608,.T.);
#8611=ORIENTED_EDGE('',*,*,#8610,.T.);
#8613=ORIENTED_EDGE('',*,*,#8612,.T.);
#8614=ORIENTED_EDGE('',*,*,#8591,.T.);
#8616=ORIENTED_EDGE('',*,*,#8615,.T.);
#8618=ORIENTED_EDGE('',*,*,#8617,.F.);
#8619=EDGE_LOOP('',(#8603,#8605,#8607,#8609,#8611,#8613,#8614,#8616,#8618));
#8620=FACE_OUTER_BOUND('',#8619,.F.);
#8621=ADVANCED_FACE('',(#8620),#8601,.T.);
#8622=CARTESIAN_POINT('',(0.E0,0.E0,4.7E-1));
#8623=DIRECTION('',(0.E0,0.E0,-1.E0));
#8624=DIRECTION('',(9.238795325113E-1,-3.826834323651E-1,0.E0));
#8625=AXIS2_PLACEMENT_3D('',#8622,#8623,#8624);
#8626=CYLINDRICAL_SURFACE('',#8625,3.925E1);
#8628=ORIENTED_EDGE('',*,*,#8627,.T.);
#8630=ORIENTED_EDGE('',*,*,#8629,.T.);
#8632=ORIENTED_EDGE('',*,*,#8631,.T.);
#8633=ORIENTED_EDGE('',*,*,#8604,.T.);
#8634=ORIENTED_EDGE('',*,*,#8602,.T.);
#8636=ORIENTED_EDGE('',*,*,#8635,.F.);
#8637=EDGE_LOOP('',(#8628,#8630,#8632,#8633,#8634,#8636));
#8638=FACE_OUTER_BOUND('',#8637,.F.);
#8639=ADVANCED_FACE('',(#8638),#8626,.T.);
#8640=CARTESIAN_POINT('',(4.493939807500E-1,6.882763899800E-1,0.E0));
#8641=DIRECTION('',(0.E0,0.E0,-1.E0));
#8642=DIRECTION('',(1.E0,0.E0,0.E0));
#8643=AXIS2_PLACEMENT_3D('',#8640,#8641,#8642);
#8644=PLANE('',#8643);
#8645=ORIENTED_EDGE('',*,*,#8629,.F.);
#8646=ORIENTED_EDGE('',*,*,#8627,.F.);
#8648=ORIENTED_EDGE('',*,*,#8647,.F.);
#8649=EDGE_LOOP('',(#8645,#8646,#8648));
#8650=FACE_OUTER_BOUND('',#8649,.F.);
#8652=ORIENTED_EDGE('',*,*,#8651,.F.);
#8654=ORIENTED_EDGE('',*,*,#8653,.F.);
#8655=EDGE_LOOP('',(#8652,#8654));
#8656=FACE_BOUND('',#8655,.F.);
#8658=ORIENTED_EDGE('',*,*,#8657,.F.);
#8660=ORIENTED_EDGE('',*,*,#8659,.F.);
#8661=EDGE_LOOP('',(#8658,#8660));
#8662=FACE_BOUND('',#8661,.F.);
#8664=ORIENTED_EDGE('',*,*,#8663,.F.);
#8666=ORIENTED_EDGE('',*,*,#8665,.F.);
#8667=EDGE_LOOP('',(#8664,#8666));
#8668=FACE_BOUND('',#8667,.F.);
#8670=ORIENTED_EDGE('',*,*,#8669,.F.);
#8672=ORIENTED_EDGE('',*,*,#8671,.F.);
#8673=EDGE_LOOP('',(#8670,#8672));
#8674=FACE_BOUND('',#8673,.F.);
#8676=ORIENTED_EDGE('',*,*,#8675,.F.);
#8678=ORIENTED_EDGE('',*,*,#8677,.F.);
#8679=EDGE_LOOP('',(#8676,#8678));
#8680=FACE_BOUND('',#8679,.F.);
#8682=ORIENTED_EDGE('',*,*,#8681,.F.);
#8684=ORIENTED_EDGE('',*,*,#8683,.F.);
#8685=EDGE_LOOP('',(#8682,#8684));
#8686=FACE_BOUND('',#8685,.F.);
#8688=ORIENTED_EDGE('',*,*,#8687,.F.);
#8690=ORIENTED_EDGE('',*,*,#8689,.F.);
#8691=EDGE_LOOP('',(#8688,#8690));
#8692=FACE_BOUND('',#8691,.F.);
#8694=ORIENTED_EDGE('',*,*,#8693,.F.);
#8696=ORIENTED_EDGE('',*,*,#8695,.F.);
#8697=EDGE_LOOP('',(#8694,#8696));
#8698=FACE_BOUND('',#8697,.F.);
#8700=ORIENTED_EDGE('',*,*,#8699,.F.);
#8702=ORIENTED_EDGE('',*,*,#8701,.F.);
#8703=EDGE_LOOP('',(#8700,#8702));
#8704=FACE_BOUND('',#8703,.F.);
#8706=ORIENTED_EDGE('',*,*,#8705,.F.);
#8708=ORIENTED_EDGE('',*,*,#8707,.F.);
#8709=EDGE_LOOP('',(#8706,#8708));
#8710=FACE_BOUND('',#8709,.F.);
#8712=ORIENTED_EDGE('',*,*,#8711,.T.);
#8714=ORIENTED_EDGE('',*,*,#8713,.T.);
#8715=EDGE_LOOP('',(#8712,#8714));
#8716=FACE_BOUND('',#8715,.F.);
#8718=ORIENTED_EDGE('',*,*,#8717,.T.);
#8720=ORIENTED_EDGE('',*,*,#8719,.T.);
#8721=EDGE_LOOP('',(#8718,#8720));
#8722=FACE_BOUND('',#8721,.F.);
#8724=ORIENTED_EDGE('',*,*,#8723,.T.);
#8726=ORIENTED_EDGE('',*,*,#8725,.T.);
#8727=EDGE_LOOP('',(#8724,#8726));
#8728=FACE_BOUND('',#8727,.F.);
#8729=ADVANCED_FACE('',(#8650,#8656,#8662,#8668,#8674,#8680,#8686,#8692,#8698,
#8704,#8710,#8716,#8722,#8728),#8644,.F.);
#8730=CARTESIAN_POINT('',(-3.278920897160E1,-1.603489242298E1,-2.65E1));
#8731=DIRECTION('',(0.E0,0.E0,1.E0));
#8732=DIRECTION('',(-1.E0,0.E0,0.E0));
#8733=AXIS2_PLACEMENT_3D('',#8730,#8731,#8732);
#8734=CYLINDRICAL_SURFACE('',#8733,1.25E0);
#8736=ORIENTED_EDGE('',*,*,#8735,.T.);
#8738=ORIENTED_EDGE('',*,*,#8737,.T.);
#8739=ORIENTED_EDGE('',*,*,#8705,.T.);
#8741=ORIENTED_EDGE('',*,*,#8740,.F.);
#8742=EDGE_LOOP('',(#8736,#8738,#8739,#8741));
#8743=FACE_OUTER_BOUND('',#8742,.F.);
#8744=ADVANCED_FACE('',(#8743),#8734,.F.);
#8745=CARTESIAN_POINT('',(-5.408371308403E1,4.016359935279E1,-2.65E1));
#8746=DIRECTION('',(0.E0,0.E0,-1.E0));
#8747=DIRECTION('',(1.E0,0.E0,0.E0));
#8748=AXIS2_PLACEMENT_3D('',#8745,#8746,#8747);
#8749=PLANE('',#8748);
#8751=ORIENTED_EDGE('',*,*,#8750,.F.);
#8753=ORIENTED_EDGE('',*,*,#8752,.F.);
#8754=EDGE_LOOP('',(#8751,#8753));
#8755=FACE_OUTER_BOUND('',#8754,.F.);
#8756=ORIENTED_EDGE('',*,*,#8735,.F.);
#8758=ORIENTED_EDGE('',*,*,#8757,.F.);
#8759=EDGE_LOOP('',(#8756,#8758));
#8760=FACE_BOUND('',#8759,.F.);
#8761=ADVANCED_FACE('',(#8755,#8760),#8749,.T.);
#8762=CARTESIAN_POINT('',(-3.278920897160E1,-1.603489242298E1,-2.65E1));
#8763=DIRECTION('',(0.E0,0.E0,1.E0));
#8764=DIRECTION('',(-1.E0,0.E0,0.E0));
#8765=AXIS2_PLACEMENT_3D('',#8762,#8763,#8764);
#8766=CYLINDRICAL_SURFACE('',#8765,1.25E0);
#8767=ORIENTED_EDGE('',*,*,#8757,.T.);
#8768=ORIENTED_EDGE('',*,*,#8740,.T.);
#8769=ORIENTED_EDGE('',*,*,#8707,.T.);
#8770=ORIENTED_EDGE('',*,*,#8737,.F.);
#8771=EDGE_LOOP('',(#8767,#8768,#8769,#8770));
#8772=FACE_OUTER_BOUND('',#8771,.F.);
#8773=ADVANCED_FACE('',(#8772),#8766,.F.);
#8774=CARTESIAN_POINT('',(-3.278920897161E1,-1.603489242298E1,-2.65E1));
#8775=DIRECTION('',(0.E0,0.E0,-1.E0));
#8776=DIRECTION('',(8.983344923727E-1,4.393121211775E-1,0.E0));
#8777=AXIS2_PLACEMENT_3D('',#8774,#8775,#8776);
#8778=CYLINDRICAL_SURFACE('',#8777,1.6E0);
#8779=ORIENTED_EDGE('',*,*,#8750,.T.);
#8781=ORIENTED_EDGE('',*,*,#8780,.T.);
#8783=ORIENTED_EDGE('',*,*,#8782,.T.);
#8785=ORIENTED_EDGE('',*,*,#8784,.F.);
#8786=EDGE_LOOP('',(#8779,#8781,#8783,#8785));
#8787=FACE_OUTER_BOUND('',#8786,.F.);
#8788=ADVANCED_FACE('',(#8787),#8778,.F.);
#8789=CARTESIAN_POINT('',(-3.278920897161E1,-1.603489242298E1,-2.65E1));
#8790=DIRECTION('',(0.E0,0.E0,-1.E0));
#8791=DIRECTION('',(8.983344923727E-1,4.393121211775E-1,0.E0));
#8792=AXIS2_PLACEMENT_3D('',#8789,#8790,#8791);
#8793=CYLINDRICAL_SURFACE('',#8792,1.6E0);
#8794=ORIENTED_EDGE('',*,*,#8752,.T.);
#8795=ORIENTED_EDGE('',*,*,#8784,.T.);
#8797=ORIENTED_EDGE('',*,*,#8796,.T.);
#8798=ORIENTED_EDGE('',*,*,#8780,.F.);
#8799=EDGE_LOOP('',(#8794,#8795,#8797,#8798));
#8800=FACE_OUTER_BOUND('',#8799,.F.);
#8801=ADVANCED_FACE('',(#8800),#8793,.F.);
#8802=CARTESIAN_POINT('',(0.E0,0.E0,-2.8E1));
#8803=DIRECTION('',(0.E0,0.E0,-1.E0));
#8804=DIRECTION('',(1.055698666566E-1,-9.944118881299E-1,0.E0));
#8805=AXIS2_PLACEMENT_3D('',#8802,#8803,#8804);
#8806=PLANE('',#8805);
#8808=ORIENTED_EDGE('',*,*,#8807,.F.);
#8810=ORIENTED_EDGE('',*,*,#8809,.F.);
#8812=ORIENTED_EDGE('',*,*,#8811,.F.);
#8813=ORIENTED_EDGE('',*,*,#8615,.F.);
#8814=ORIENTED_EDGE('',*,*,#8581,.F.);
#8816=ORIENTED_EDGE('',*,*,#8815,.F.);
#8817=ORIENTED_EDGE('',*,*,#8574,.F.);
#8818=ORIENTED_EDGE('',*,*,#8612,.F.);
#8820=ORIENTED_EDGE('',*,*,#8819,.F.);
#8822=ORIENTED_EDGE('',*,*,#8821,.F.);
#8824=ORIENTED_EDGE('',*,*,#8823,.F.);
#8825=ORIENTED_EDGE('',*,*,#8608,.F.);
#8827=ORIENTED_EDGE('',*,*,#8826,.F.);
#8829=ORIENTED_EDGE('',*,*,#8828,.F.);
#8830=EDGE_LOOP('',(#8808,#8810,#8812,#8813,#8814,#8816,#8817,#8818,#8820,#8822,
#8824,#8825,#8827,#8829));
#8831=FACE_OUTER_BOUND('',#8830,.F.);
#8833=ORIENTED_EDGE('',*,*,#8832,.F.);
#8835=ORIENTED_EDGE('',*,*,#8834,.F.);
#8837=ORIENTED_EDGE('',*,*,#8836,.F.);
#8839=ORIENTED_EDGE('',*,*,#8838,.F.);
#8841=ORIENTED_EDGE('',*,*,#8840,.F.);
#8843=ORIENTED_EDGE('',*,*,#8842,.F.);
#8845=ORIENTED_EDGE('',*,*,#8844,.F.);
#8847=ORIENTED_EDGE('',*,*,#8846,.F.);
#8849=ORIENTED_EDGE('',*,*,#8848,.F.);
#8851=ORIENTED_EDGE('',*,*,#8850,.F.);
#8852=EDGE_LOOP('',(#8833,#8835,#8837,#8839,#8841,#8843,#8845,#8847,#8849,
#8851));
#8853=FACE_BOUND('',#8852,.F.);
#8855=ORIENTED_EDGE('',*,*,#8854,.F.);
#8857=ORIENTED_EDGE('',*,*,#8856,.F.);
#8858=EDGE_LOOP('',(#8855,#8857));
#8859=FACE_BOUND('',#8858,.F.);
#8861=ORIENTED_EDGE('',*,*,#8860,.F.);
#8863=ORIENTED_EDGE('',*,*,#8862,.F.);
#8864=EDGE_LOOP('',(#8861,#8863));
#8865=FACE_BOUND('',#8864,.F.);
#8866=ORIENTED_EDGE('',*,*,#8782,.F.);
#8867=ORIENTED_EDGE('',*,*,#8796,.F.);
#8868=EDGE_LOOP('',(#8866,#8867));
#8869=FACE_BOUND('',#8868,.F.);
#8871=ORIENTED_EDGE('',*,*,#8870,.F.);
#8873=ORIENTED_EDGE('',*,*,#8872,.F.);
#8874=EDGE_LOOP('',(#8871,#8873));
#8875=FACE_BOUND('',#8874,.F.);
#8877=ORIENTED_EDGE('',*,*,#8876,.F.);
#8879=ORIENTED_EDGE('',*,*,#8878,.F.);
#8880=EDGE_LOOP('',(#8877,#8879));
#8881=FACE_BOUND('',#8880,.F.);
#8883=ORIENTED_EDGE('',*,*,#8882,.F.);
#8885=ORIENTED_EDGE('',*,*,#8884,.F.);
#8886=EDGE_LOOP('',(#8883,#8885));
#8887=FACE_BOUND('',#8886,.F.);
#8888=ADVANCED_FACE('',(#8831,#8853,#8859,#8865,#8869,#8875,#8881,#8887),#8806,
.T.);
#8889=CARTESIAN_POINT('',(2.507980300550E0,3.641373415090E1,-3.092E1));
#8890=DIRECTION('',(0.E0,0.E0,1.E0));
#8891=DIRECTION('',(-1.E0,0.E0,0.E0));
#8892=AXIS2_PLACEMENT_3D('',#8889,#8890,#8891);
#8893=CYLINDRICAL_SURFACE('',#8892,2.8E0);
#8894=ORIENTED_EDGE('',*,*,#8807,.T.);
#8896=ORIENTED_EDGE('',*,*,#8895,.F.);
#8898=ORIENTED_EDGE('',*,*,#8897,.T.);
#8900=ORIENTED_EDGE('',*,*,#8899,.T.);
#8901=EDGE_LOOP('',(#8894,#8896,#8898,#8900));
#8902=FACE_OUTER_BOUND('',#8901,.F.);
#8903=ADVANCED_FACE('',(#8902),#8893,.T.);
#8904=CARTESIAN_POINT('',(2.507980300550E0,3.641373415090E1,-3.092E1));
#8905=DIRECTION('',(0.E0,0.E0,1.E0));
#8906=DIRECTION('',(-1.E0,0.E0,0.E0));
#8907=AXIS2_PLACEMENT_3D('',#8904,#8905,#8906);
#8908=CYLINDRICAL_SURFACE('',#8907,2.8E0);
#8910=ORIENTED_EDGE('',*,*,#8909,.T.);
#8911=ORIENTED_EDGE('',*,*,#8809,.T.);
#8912=ORIENTED_EDGE('',*,*,#8899,.F.);
#8914=ORIENTED_EDGE('',*,*,#8913,.T.);
#8915=ORIENTED_EDGE('',*,*,#8895,.T.);
#8916=ORIENTED_EDGE('',*,*,#8828,.T.);
#8917=EDGE_LOOP('',(#8910,#8911,#8912,#8914,#8915,#8916));
#8918=FACE_OUTER_BOUND('',#8917,.F.);
#8919=ADVANCED_FACE('',(#8918),#8908,.T.);
#8920=CARTESIAN_POINT('',(2.507980300550E0,3.641373415090E1,-2.8E1));
#8921=DIRECTION('',(0.E0,0.E0,1.E0));
#8922=DIRECTION('',(0.E0,-1.E0,0.E0));
#8923=AXIS2_PLACEMENT_3D('',#8920,#8921,#8922);
#8924=PLANE('',#8923);
#8926=ORIENTED_EDGE('',*,*,#8925,.F.);
#8927=ORIENTED_EDGE('',*,*,#8909,.F.);
#8928=EDGE_LOOP('',(#8926,#8927));
#8929=FACE_OUTER_BOUND('',#8928,.F.);
#8930=ADVANCED_FACE('',(#8929),#8924,.T.);
#8931=CARTESIAN_POINT('',(0.E0,0.E0,4.7E-1));
#8932=DIRECTION('',(0.E0,0.E0,-1.E0));
#8933=DIRECTION('',(9.238795325113E-1,-3.826834323651E-1,0.E0));
#8934=AXIS2_PLACEMENT_3D('',#8931,#8932,#8933);
#8935=CYLINDRICAL_SURFACE('',#8934,3.925E1);
#8937=ORIENTED_EDGE('',*,*,#8936,.F.);
#8938=ORIENTED_EDGE('',*,*,#8617,.T.);
#8939=ORIENTED_EDGE('',*,*,#8811,.T.);
#8940=ORIENTED_EDGE('',*,*,#8925,.T.);
#8941=ORIENTED_EDGE('',*,*,#8826,.T.);
#8942=ORIENTED_EDGE('',*,*,#8606,.F.);
#8943=EDGE_LOOP('',(#8937,#8938,#8939,#8940,#8941,#8942));
#8944=FACE_OUTER_BOUND('',#8943,.F.);
#8945=ADVANCED_FACE('',(#8944),#8935,.T.);
#8946=CARTESIAN_POINT('',(0.E0,0.E0,4.7E-1));
#8947=DIRECTION('',(0.E0,0.E0,-1.E0));
#8948=DIRECTION('',(9.238795325113E-1,-3.826834323651E-1,0.E0));
#8949=AXIS2_PLACEMENT_3D('',#8946,#8947,#8948);
#8950=CYLINDRICAL_SURFACE('',#8949,3.925E1);
#8951=ORIENTED_EDGE('',*,*,#8647,.T.);
#8952=ORIENTED_EDGE('',*,*,#8635,.T.);
#8953=ORIENTED_EDGE('',*,*,#8936,.T.);
#8954=ORIENTED_EDGE('',*,*,#8631,.F.);
#8955=EDGE_LOOP('',(#8951,#8952,#8953,#8954));
#8956=FACE_OUTER_BOUND('',#8955,.F.);
#8957=ADVANCED_FACE('',(#8956),#8950,.T.);
#8958=CARTESIAN_POINT('',(2.507980300550E0,3.641373415090E1,-2.54E1));
#8959=DIRECTION('',(0.E0,-1.E0,0.E0));
#8960=DIRECTION('',(-1.E0,0.E0,0.E0));
#8961=AXIS2_PLACEMENT_3D('',#8958,#8959,#8960);
#8962=SPHERICAL_SURFACE('',#8961,5.E0);
#8963=ORIENTED_EDGE('',*,*,#8897,.F.);
#8964=ORIENTED_EDGE('',*,*,#8913,.F.);
#8965=EDGE_LOOP('',(#8963,#8964));
#8966=FACE_OUTER_BOUND('',#8965,.F.);
#8968=ORIENTED_EDGE('',*,*,#8967,.F.);
#8970=ORIENTED_EDGE('',*,*,#8969,.F.);
#8972=ORIENTED_EDGE('',*,*,#8971,.T.);
#8974=ORIENTED_EDGE('',*,*,#8973,.T.);
#8976=ORIENTED_EDGE('',*,*,#8975,.T.);
#8978=ORIENTED_EDGE('',*,*,#8977,.F.);
#8980=ORIENTED_EDGE('',*,*,#8979,.F.);
#8982=ORIENTED_EDGE('',*,*,#8981,.F.);
#8984=ORIENTED_EDGE('',*,*,#8983,.F.);
#8986=ORIENTED_EDGE('',*,*,#8985,.F.);
#8988=ORIENTED_EDGE('',*,*,#8987,.T.);
#8990=ORIENTED_EDGE('',*,*,#8989,.F.);
#8992=ORIENTED_EDGE('',*,*,#8991,.T.);
#8994=ORIENTED_EDGE('',*,*,#8993,.F.);
#8996=ORIENTED_EDGE('',*,*,#8995,.F.);
#8998=ORIENTED_EDGE('',*,*,#8997,.F.);
#8999=EDGE_LOOP('',(#8968,#8970,#8972,#8974,#8976,#8978,#8980,#8982,#8984,#8986,
#8988,#8990,#8992,#8994,#8996,#8998));
#9000=FACE_BOUND('',#8999,.F.);
#9001=ADVANCED_FACE('',(#8966,#9000),#8962,.T.);
#9002=CARTESIAN_POINT('',(2.207980300550E0,3.671373415090E1,-3.04E1));
#9003=DIRECTION('',(-1.E0,0.E0,0.E0));
#9004=DIRECTION('',(0.E0,1.E0,0.E0));
#9005=AXIS2_PLACEMENT_3D('',#9002,#9003,#9004);
#9006=PLANE('',#9005);
#9008=ORIENTED_EDGE('',*,*,#9007,.T.);
#9009=ORIENTED_EDGE('',*,*,#8967,.T.);
#9011=ORIENTED_EDGE('',*,*,#9010,.F.);
#9012=EDGE_LOOP('',(#9008,#9009,#9011));
#9013=FACE_OUTER_BOUND('',#9012,.F.);
#9014=ADVANCED_FACE('',(#9013),#9006,.F.);
#9015=CARTESIAN_POINT('',(1.907980300550E0,3.581373415089E1,-6.719737729714E0));
#9016=DIRECTION('',(0.E0,0.E0,-1.E0));
#9017=DIRECTION('',(0.E0,1.E0,0.E0));
#9018=AXIS2_PLACEMENT_3D('',#9015,#9016,#9017);
#9019=CYLINDRICAL_SURFACE('',#9018,3.E-1);
#9021=ORIENTED_EDGE('',*,*,#9020,.F.);
#9022=ORIENTED_EDGE('',*,*,#8969,.T.);
#9023=ORIENTED_EDGE('',*,*,#9007,.F.);
#9025=ORIENTED_EDGE('',*,*,#9024,.F.);
#9027=ORIENTED_EDGE('',*,*,#9026,.T.);
#9029=ORIENTED_EDGE('',*,*,#9028,.T.);
#9031=ORIENTED_EDGE('',*,*,#9030,.T.);
#9033=ORIENTED_EDGE('',*,*,#9032,.F.);
#9034=EDGE_LOOP('',(#9021,#9022,#9023,#9025,#9027,#9029,#9031,#9033));
#9035=FACE_OUTER_BOUND('',#9034,.F.);
#9036=ADVANCED_FACE('',(#9035),#9019,.T.);
#9037=CARTESIAN_POINT('',(2.207980300550E0,3.611373415089E1,-3.04E1));
#9038=DIRECTION('',(0.E0,-1.E0,0.E0));
#9039=DIRECTION('',(0.E0,0.E0,1.E0));
#9040=AXIS2_PLACEMENT_3D('',#9037,#9038,#9039);
#9041=PLANE('',#9040);
#9043=ORIENTED_EDGE('',*,*,#9042,.F.);
#9044=ORIENTED_EDGE('',*,*,#8971,.F.);
#9045=ORIENTED_EDGE('',*,*,#9020,.T.);
#9046=EDGE_LOOP('',(#9043,#9044,#9045));
#9047=FACE_OUTER_BOUND('',#9046,.F.);
#9048=ADVANCED_FACE('',(#9047),#9041,.F.);
#9049=CARTESIAN_POINT('',(1.007980300550E0,3.499372935070E1,-3.04E1));
#9050=DIRECTION('',(-8.660254037844E-1,0.E0,5.E-1));
#9051=DIRECTION('',(-5.E-1,0.E0,-8.660254037844E-1));
#9052=AXIS2_PLACEMENT_3D('',#9049,#9050,#9051);
#9053=PLANE('',#9052);
#9055=ORIENTED_EDGE('',*,*,#9054,.T.);
#9056=ORIENTED_EDGE('',*,*,#8973,.F.);
#9057=ORIENTED_EDGE('',*,*,#9042,.T.);
#9059=ORIENTED_EDGE('',*,*,#9058,.T.);
#9061=ORIENTED_EDGE('',*,*,#9060,.F.);
#9063=ORIENTED_EDGE('',*,*,#9062,.T.);
#9064=EDGE_LOOP('',(#9055,#9056,#9057,#9059,#9061,#9063));
#9065=FACE_OUTER_BOUND('',#9064,.F.);
#9066=ADVANCED_FACE('',(#9065),#9053,.F.);
#9067=CARTESIAN_POINT('',(1.007980300550E0,3.671373415090E1,-3.04E1));
#9068=DIRECTION('',(0.E0,1.E0,0.E0));
#9069=DIRECTION('',(1.E0,0.E0,0.E0));
#9070=AXIS2_PLACEMENT_3D('',#9067,#9068,#9069);
#9071=PLANE('',#9070);
#9073=ORIENTED_EDGE('',*,*,#9072,.T.);
#9074=ORIENTED_EDGE('',*,*,#8975,.F.);
#9075=ORIENTED_EDGE('',*,*,#9054,.F.);
#9076=EDGE_LOOP('',(#9073,#9074,#9075));
#9077=FACE_OUTER_BOUND('',#9076,.F.);
#9078=ADVANCED_FACE('',(#9077),#9071,.F.);
#9079=CARTESIAN_POINT('',(1.907980300550E0,3.701373415089E1,-6.466067189384E0));
#9080=DIRECTION('',(0.E0,0.E0,-1.E0));
#9081=DIRECTION('',(1.E0,0.E0,0.E0));
#9082=AXIS2_PLACEMENT_3D('',#9079,#9080,#9081);
#9083=CYLINDRICAL_SURFACE('',#9082,3.E-1);
#9085=ORIENTED_EDGE('',*,*,#9084,.F.);
#9086=ORIENTED_EDGE('',*,*,#8977,.T.);
#9087=ORIENTED_EDGE('',*,*,#9072,.F.);
#9089=ORIENTED_EDGE('',*,*,#9088,.F.);
#9091=ORIENTED_EDGE('',*,*,#9090,.T.);
#9093=ORIENTED_EDGE('',*,*,#9092,.T.);
#9095=ORIENTED_EDGE('',*,*,#9094,.T.);
#9097=ORIENTED_EDGE('',*,*,#9096,.F.);
#9098=EDGE_LOOP('',(#9085,#9086,#9087,#9089,#9091,#9093,#9095,#9097));
#9099=FACE_OUTER_BOUND('',#9098,.F.);
#9100=ADVANCED_FACE('',(#9099),#9083,.T.);
#9101=CARTESIAN_POINT('',(2.207980300550E0,3.671373415090E1,-3.04E1));
#9102=DIRECTION('',(-1.E0,0.E0,0.E0));
#9103=DIRECTION('',(0.E0,1.E0,0.E0));
#9104=AXIS2_PLACEMENT_3D('',#9101,#9102,#9103);
#9105=PLANE('',#9104);
#9107=ORIENTED_EDGE('',*,*,#9106,.F.);
#9108=ORIENTED_EDGE('',*,*,#8979,.T.);
#9109=ORIENTED_EDGE('',*,*,#9084,.T.);
#9110=EDGE_LOOP('',(#9107,#9108,#9109));
#9111=FACE_OUTER_BOUND('',#9110,.F.);
#9112=ADVANCED_FACE('',(#9111),#9105,.F.);
#9113=CARTESIAN_POINT('',(1.087975500358E0,3.791373415090E1,-3.04E1));
#9114=DIRECTION('',(0.E0,8.660254037844E-1,5.E-1));
#9115=DIRECTION('',(-1.E0,0.E0,0.E0));
#9116=AXIS2_PLACEMENT_3D('',#9113,#9114,#9115);
#9117=PLANE('',#9116);
#9119=ORIENTED_EDGE('',*,*,#9118,.T.);
#9120=ORIENTED_EDGE('',*,*,#8981,.T.);
#9121=ORIENTED_EDGE('',*,*,#9106,.T.);
#9123=ORIENTED_EDGE('',*,*,#9122,.T.);
#9125=ORIENTED_EDGE('',*,*,#9124,.F.);
#9127=ORIENTED_EDGE('',*,*,#9126,.T.);
#9128=EDGE_LOOP('',(#9119,#9120,#9121,#9123,#9125,#9127));
#9129=FACE_OUTER_BOUND('',#9128,.F.);
#9130=ADVANCED_FACE('',(#9129),#9117,.F.);
#9131=CARTESIAN_POINT('',(2.807980300550E0,3.791373415090E1,-3.04E1));
#9132=DIRECTION('',(1.E0,0.E0,0.E0));
#9133=DIRECTION('',(0.E0,0.E0,-1.E0));
#9134=AXIS2_PLACEMENT_3D('',#9131,#9132,#9133);
#9135=PLANE('',#9134);
#9137=ORIENTED_EDGE('',*,*,#9136,.T.);
#9138=ORIENTED_EDGE('',*,*,#8983,.T.);
#9139=ORIENTED_EDGE('',*,*,#9118,.F.);
#9140=EDGE_LOOP('',(#9137,#9138,#9139));
#9141=FACE_OUTER_BOUND('',#9140,.F.);
#9142=ADVANCED_FACE('',(#9141),#9135,.F.);
#9143=CARTESIAN_POINT('',(3.107980300550E0,3.701373415089E1,-6.466067189384E0));
#9144=DIRECTION('',(0.E0,0.E0,-1.E0));
#9145=DIRECTION('',(0.E0,-1.E0,0.E0));
#9146=AXIS2_PLACEMENT_3D('',#9143,#9144,#9145);
#9147=CYLINDRICAL_SURFACE('',#9146,3.E-1);
#9149=ORIENTED_EDGE('',*,*,#9148,.F.);
#9150=ORIENTED_EDGE('',*,*,#8985,.T.);
#9151=ORIENTED_EDGE('',*,*,#9136,.F.);
#9153=ORIENTED_EDGE('',*,*,#9152,.F.);
#9155=ORIENTED_EDGE('',*,*,#9154,.T.);
#9157=ORIENTED_EDGE('',*,*,#9156,.T.);
#9159=ORIENTED_EDGE('',*,*,#9158,.T.);
#9161=ORIENTED_EDGE('',*,*,#9160,.F.);
#9162=EDGE_LOOP('',(#9149,#9150,#9151,#9153,#9155,#9157,#9159,#9161));
#9163=FACE_OUTER_BOUND('',#9162,.F.);
#9164=ADVANCED_FACE('',(#9163),#9147,.T.);
#9165=CARTESIAN_POINT('',(1.007980300550E0,3.671373415090E1,-3.04E1));
#9166=DIRECTION('',(0.E0,1.E0,0.E0));
#9167=DIRECTION('',(1.E0,0.E0,0.E0));
#9168=AXIS2_PLACEMENT_3D('',#9165,#9166,#9167);
#9169=PLANE('',#9168);
#9171=ORIENTED_EDGE('',*,*,#9170,.F.);
#9172=ORIENTED_EDGE('',*,*,#8987,.F.);
#9173=ORIENTED_EDGE('',*,*,#9148,.T.);
#9174=EDGE_LOOP('',(#9171,#9172,#9173));
#9175=FACE_OUTER_BOUND('',#9174,.F.);
#9176=ADVANCED_FACE('',(#9175),#9169,.F.);
#9177=CARTESIAN_POINT('',(4.007980300550E0,3.783373895109E1,-3.04E1));
#9178=DIRECTION('',(8.660254037844E-1,0.E0,5.E-1));
#9179=DIRECTION('',(0.E0,-1.E0,0.E0));
#9180=AXIS2_PLACEMENT_3D('',#9177,#9178,#9179);
#9181=PLANE('',#9180);
#9182=ORIENTED_EDGE('',*,*,#8989,.T.);
#9183=ORIENTED_EDGE('',*,*,#9170,.T.);
#9185=ORIENTED_EDGE('',*,*,#9184,.T.);
#9187=ORIENTED_EDGE('',*,*,#9186,.F.);
#9189=ORIENTED_EDGE('',*,*,#9188,.T.);
#9191=ORIENTED_EDGE('',*,*,#9190,.T.);
#9192=EDGE_LOOP('',(#9182,#9183,#9185,#9187,#9189,#9191));
#9193=FACE_OUTER_BOUND('',#9192,.F.);
#9194=ADVANCED_FACE('',(#9193),#9181,.F.);
#9195=CARTESIAN_POINT('',(1.007980300550E0,3.671373415090E1,-3.04E1));
#9196=DIRECTION('',(0.E0,1.E0,0.E0));
#9197=DIRECTION('',(1.E0,0.E0,0.E0));
#9198=AXIS2_PLACEMENT_3D('',#9195,#9196,#9197);
#9199=PLANE('',#9198);
#9200=ORIENTED_EDGE('',*,*,#9184,.F.);
#9201=ORIENTED_EDGE('',*,*,#9160,.T.);
#9202=ORIENTED_EDGE('',*,*,#9158,.F.);
#9203=EDGE_LOOP('',(#9200,#9201,#9202));
#9204=FACE_OUTER_BOUND('',#9203,.F.);
#9205=ADVANCED_FACE('',(#9204),#9199,.T.);
#9206=CARTESIAN_POINT('',(2.507980300550E0,3.641373415090E1,-2.872E1));
#9207=DIRECTION('',(0.E0,0.E0,-1.E0));
#9208=DIRECTION('',(1.E0,0.E0,0.E0));
#9209=AXIS2_PLACEMENT_3D('',#9206,#9207,#9208);
#9210=PLANE('',#9209);
#9211=ORIENTED_EDGE('',*,*,#9060,.T.);
#9212=ORIENTED_EDGE('',*,*,#9028,.F.);
#9214=ORIENTED_EDGE('',*,*,#9213,.T.);
#9216=ORIENTED_EDGE('',*,*,#9215,.F.);
#9217=ORIENTED_EDGE('',*,*,#9186,.T.);
#9218=ORIENTED_EDGE('',*,*,#9156,.F.);
#9219=ORIENTED_EDGE('',*,*,#9124,.T.);
#9220=ORIENTED_EDGE('',*,*,#9092,.F.);
#9221=EDGE_LOOP('',(#9211,#9212,#9214,#9216,#9217,#9218,#9219,#9220));
#9222=FACE_OUTER_BOUND('',#9221,.F.);
#9223=ADVANCED_FACE('',(#9222),#9210,.T.);
#9224=CARTESIAN_POINT('',(3.927985100742E0,3.491373415090E1,-3.04E1));
#9225=DIRECTION('',(0.E0,-8.660254037844E-1,5.E-1));
#9226=DIRECTION('',(0.E0,5.E-1,8.660254037844E-1));
#9227=AXIS2_PLACEMENT_3D('',#9224,#9225,#9226);
#9228=PLANE('',#9227);
#9229=ORIENTED_EDGE('',*,*,#9010,.T.);
#9230=ORIENTED_EDGE('',*,*,#8997,.T.);
#9232=ORIENTED_EDGE('',*,*,#9231,.T.);
#9234=ORIENTED_EDGE('',*,*,#9233,.T.);
#9235=ORIENTED_EDGE('',*,*,#9213,.F.);
#9237=ORIENTED_EDGE('',*,*,#9236,.T.);
#9238=EDGE_LOOP('',(#9229,#9230,#9232,#9234,#9235,#9237));
#9239=FACE_OUTER_BOUND('',#9238,.F.);
#9240=ADVANCED_FACE('',(#9239),#9228,.F.);
#9241=CARTESIAN_POINT('',(2.807980300550E0,3.791373415090E1,-3.04E1));
#9242=DIRECTION('',(1.E0,0.E0,0.E0));
#9243=DIRECTION('',(0.E0,0.E0,-1.E0));
#9244=AXIS2_PLACEMENT_3D('',#9241,#9242,#9243);
#9245=PLANE('',#9244);
#9246=ORIENTED_EDGE('',*,*,#9231,.F.);
#9247=ORIENTED_EDGE('',*,*,#8995,.T.);
#9249=ORIENTED_EDGE('',*,*,#9248,.T.);
#9250=EDGE_LOOP('',(#9246,#9247,#9249));
#9251=FACE_OUTER_BOUND('',#9250,.F.);
#9252=ADVANCED_FACE('',(#9251),#9245,.F.);
#9253=CARTESIAN_POINT('',(3.107980300550E0,3.581373415089E1,-6.466067189384E0));
#9254=DIRECTION('',(0.E0,0.E0,-1.E0));
#9255=DIRECTION('',(-1.E0,0.E0,0.E0));
#9256=AXIS2_PLACEMENT_3D('',#9253,#9254,#9255);
#9257=CYLINDRICAL_SURFACE('',#9256,3.E-1);
#9258=ORIENTED_EDGE('',*,*,#9248,.F.);
#9259=ORIENTED_EDGE('',*,*,#8993,.T.);
#9261=ORIENTED_EDGE('',*,*,#9260,.F.);
#9263=ORIENTED_EDGE('',*,*,#9262,.F.);
#9265=ORIENTED_EDGE('',*,*,#9264,.T.);
#9266=ORIENTED_EDGE('',*,*,#9215,.T.);
#9268=ORIENTED_EDGE('',*,*,#9267,.T.);
#9270=ORIENTED_EDGE('',*,*,#9269,.F.);
#9271=EDGE_LOOP('',(#9258,#9259,#9261,#9263,#9265,#9266,#9268,#9270));
#9272=FACE_OUTER_BOUND('',#9271,.F.);
#9273=ADVANCED_FACE('',(#9272),#9257,.T.);
#9274=CARTESIAN_POINT('',(2.207980300550E0,3.611373415089E1,-3.04E1));
#9275=DIRECTION('',(0.E0,-1.E0,0.E0));
#9276=DIRECTION('',(0.E0,0.E0,1.E0));
#9277=AXIS2_PLACEMENT_3D('',#9274,#9275,#9276);
#9278=PLANE('',#9277);
#9279=ORIENTED_EDGE('',*,*,#9260,.T.);
#9280=ORIENTED_EDGE('',*,*,#8991,.F.);
#9281=ORIENTED_EDGE('',*,*,#9190,.F.);
#9282=EDGE_LOOP('',(#9279,#9280,#9281));
#9283=FACE_OUTER_BOUND('',#9282,.F.);
#9284=ADVANCED_FACE('',(#9283),#9278,.F.);
#9285=CARTESIAN_POINT('',(2.207980300550E0,3.611373415089E1,-3.04E1));
#9286=DIRECTION('',(0.E0,-1.E0,0.E0));
#9287=DIRECTION('',(0.E0,0.E0,1.E0));
#9288=AXIS2_PLACEMENT_3D('',#9285,#9286,#9287);
#9289=PLANE('',#9288);
#9290=ORIENTED_EDGE('',*,*,#9264,.F.);
#9291=ORIENTED_EDGE('',*,*,#9262,.T.);
#9292=ORIENTED_EDGE('',*,*,#9188,.F.);
#9293=EDGE_LOOP('',(#9290,#9291,#9292));
#9294=FACE_OUTER_BOUND('',#9293,.F.);
#9295=ADVANCED_FACE('',(#9294),#9289,.T.);
#9296=CARTESIAN_POINT('',(2.807980300550E0,3.791373415090E1,-3.04E1));
#9297=DIRECTION('',(1.E0,0.E0,0.E0));
#9298=DIRECTION('',(0.E0,0.E0,-1.E0));
#9299=AXIS2_PLACEMENT_3D('',#9296,#9297,#9298);
#9300=PLANE('',#9299);
#9301=ORIENTED_EDGE('',*,*,#9233,.F.);
#9302=ORIENTED_EDGE('',*,*,#9269,.T.);
#9303=ORIENTED_EDGE('',*,*,#9267,.F.);
#9304=EDGE_LOOP('',(#9301,#9302,#9303));
#9305=FACE_OUTER_BOUND('',#9304,.F.);
#9306=ADVANCED_FACE('',(#9305),#9300,.T.);
#9307=CARTESIAN_POINT('',(2.207980300550E0,3.671373415090E1,-3.04E1));
#9308=DIRECTION('',(-1.E0,0.E0,0.E0));
#9309=DIRECTION('',(0.E0,1.E0,0.E0));
#9310=AXIS2_PLACEMENT_3D('',#9307,#9308,#9309);
#9311=PLANE('',#9310);
#9312=ORIENTED_EDGE('',*,*,#9026,.F.);
#9313=ORIENTED_EDGE('',*,*,#9024,.T.);
#9314=ORIENTED_EDGE('',*,*,#9236,.F.);
#9315=EDGE_LOOP('',(#9312,#9313,#9314));
#9316=FACE_OUTER_BOUND('',#9315,.F.);
#9317=ADVANCED_FACE('',(#9316),#9311,.T.);
#9318=CARTESIAN_POINT('',(2.807980300550E0,3.791373415090E1,-3.04E1));
#9319=DIRECTION('',(1.E0,0.E0,0.E0));
#9320=DIRECTION('',(0.E0,0.E0,-1.E0));
#9321=AXIS2_PLACEMENT_3D('',#9318,#9319,#9320);
#9322=PLANE('',#9321);
#9323=ORIENTED_EDGE('',*,*,#9154,.F.);
#9324=ORIENTED_EDGE('',*,*,#9152,.T.);
#9325=ORIENTED_EDGE('',*,*,#9126,.F.);
#9326=EDGE_LOOP('',(#9323,#9324,#9325));
#9327=FACE_OUTER_BOUND('',#9326,.F.);
#9328=ADVANCED_FACE('',(#9327),#9322,.T.);
#9329=CARTESIAN_POINT('',(2.207980300550E0,3.671373415090E1,-3.04E1));
#9330=DIRECTION('',(-1.E0,0.E0,0.E0));
#9331=DIRECTION('',(0.E0,1.E0,0.E0));
#9332=AXIS2_PLACEMENT_3D('',#9329,#9330,#9331);
#9333=PLANE('',#9332);
#9334=ORIENTED_EDGE('',*,*,#9122,.F.);
#9335=ORIENTED_EDGE('',*,*,#9096,.T.);
#9336=ORIENTED_EDGE('',*,*,#9094,.F.);
#9337=EDGE_LOOP('',(#9334,#9335,#9336));
#9338=FACE_OUTER_BOUND('',#9337,.F.);
#9339=ADVANCED_FACE('',(#9338),#9333,.T.);
#9340=CARTESIAN_POINT('',(1.007980300550E0,3.671373415090E1,-3.04E1));
#9341=DIRECTION('',(0.E0,1.E0,0.E0));
#9342=DIRECTION('',(1.E0,0.E0,0.E0));
#9343=AXIS2_PLACEMENT_3D('',#9340,#9341,#9342);
#9344=PLANE('',#9343);
#9345=ORIENTED_EDGE('',*,*,#9090,.F.);
#9346=ORIENTED_EDGE('',*,*,#9088,.T.);
#9347=ORIENTED_EDGE('',*,*,#9062,.F.);
#9348=EDGE_LOOP('',(#9345,#9346,#9347));
#9349=FACE_OUTER_BOUND('',#9348,.F.);
#9350=ADVANCED_FACE('',(#9349),#9344,.T.);
#9351=CARTESIAN_POINT('',(2.207980300550E0,3.611373415089E1,-3.04E1));
#9352=DIRECTION('',(0.E0,-1.E0,0.E0));
#9353=DIRECTION('',(0.E0,0.E0,1.E0));
#9354=AXIS2_PLACEMENT_3D('',#9351,#9352,#9353);
#9355=PLANE('',#9354);
#9356=ORIENTED_EDGE('',*,*,#9058,.F.);
#9357=ORIENTED_EDGE('',*,*,#9032,.T.);
#9358=ORIENTED_EDGE('',*,*,#9030,.F.);
#9359=EDGE_LOOP('',(#9356,#9357,#9358));
#9360=FACE_OUTER_BOUND('',#9359,.F.);
#9361=ADVANCED_FACE('',(#9360),#9355,.T.);
#9362=CARTESIAN_POINT('',(-1.481096115482E1,-3.335993749500E1,-3.092E1));
#9363=DIRECTION('',(0.E0,0.E0,1.E0));
#9364=DIRECTION('',(-1.E0,0.E0,0.E0));
#9365=AXIS2_PLACEMENT_3D('',#9362,#9363,#9364);
#9366=CYLINDRICAL_SURFACE('',#9365,2.8E0);
#9367=ORIENTED_EDGE('',*,*,#8815,.T.);
#9368=ORIENTED_EDGE('',*,*,#8579,.F.);
#9369=ORIENTED_EDGE('',*,*,#8535,.T.);
#9370=ORIENTED_EDGE('',*,*,#8576,.T.);
#9371=EDGE_LOOP('',(#9367,#9368,#9369,#9370));
#9372=FACE_OUTER_BOUND('',#9371,.F.);
#9373=ADVANCED_FACE('',(#9372),#9366,.T.);
#9374=CARTESIAN_POINT('',(1.009749999181E1,-3.507549705871E1,-3.092E1));
#9375=DIRECTION('',(0.E0,0.E0,1.E0));
#9376=DIRECTION('',(-1.E0,0.E0,0.E0));
#9377=AXIS2_PLACEMENT_3D('',#9374,#9375,#9376);
#9378=CYLINDRICAL_SURFACE('',#9377,2.8E0);
#9380=ORIENTED_EDGE('',*,*,#9379,.T.);
#9381=ORIENTED_EDGE('',*,*,#8823,.T.);
#9383=ORIENTED_EDGE('',*,*,#9382,.F.);
#9385=ORIENTED_EDGE('',*,*,#9384,.T.);
#9387=ORIENTED_EDGE('',*,*,#9386,.T.);
#9388=ORIENTED_EDGE('',*,*,#8819,.T.);
#9389=EDGE_LOOP('',(#9380,#9381,#9383,#9385,#9387,#9388));
#9390=FACE_OUTER_BOUND('',#9389,.F.);
#9391=ADVANCED_FACE('',(#9390),#9378,.T.);
#9392=CARTESIAN_POINT('',(1.009749999181E1,-3.507549705871E1,-2.8E1));
#9393=DIRECTION('',(0.E0,0.E0,1.E0));
#9394=DIRECTION('',(0.E0,-1.E0,0.E0));
#9395=AXIS2_PLACEMENT_3D('',#9392,#9393,#9394);
#9396=PLANE('',#9395);
#9397=ORIENTED_EDGE('',*,*,#8610,.F.);
#9398=ORIENTED_EDGE('',*,*,#9379,.F.);
#9399=EDGE_LOOP('',(#9397,#9398));
#9400=FACE_OUTER_BOUND('',#9399,.F.);
#9401=ADVANCED_FACE('',(#9400),#9396,.T.);
#9402=CARTESIAN_POINT('',(1.009749999181E1,-3.507549705871E1,-3.092E1));
#9403=DIRECTION('',(0.E0,0.E0,1.E0));
#9404=DIRECTION('',(-1.E0,0.E0,0.E0));
#9405=AXIS2_PLACEMENT_3D('',#9402,#9403,#9404);
#9406=CYLINDRICAL_SURFACE('',#9405,2.8E0);
#9407=ORIENTED_EDGE('',*,*,#8821,.T.);
#9408=ORIENTED_EDGE('',*,*,#9386,.F.);
#9410=ORIENTED_EDGE('',*,*,#9409,.T.);
#9411=ORIENTED_EDGE('',*,*,#9382,.T.);
#9412=EDGE_LOOP('',(#9407,#9408,#9410,#9411));
#9413=FACE_OUTER_BOUND('',#9412,.F.);
#9414=ADVANCED_FACE('',(#9413),#9406,.T.);
#9415=CARTESIAN_POINT('',(1.009749999181E1,-3.507549705871E1,-2.54E1));
#9416=DIRECTION('',(0.E0,-1.E0,0.E0));
#9417=DIRECTION('',(-1.E0,0.E0,0.E0));
#9418=AXIS2_PLACEMENT_3D('',#9415,#9416,#9417);
#9419=SPHERICAL_SURFACE('',#9418,5.E0);
#9420=ORIENTED_EDGE('',*,*,#9384,.F.);
#9421=ORIENTED_EDGE('',*,*,#9409,.F.);
#9422=EDGE_LOOP('',(#9420,#9421));
#9423=FACE_OUTER_BOUND('',#9422,.F.);
#9425=ORIENTED_EDGE('',*,*,#9424,.F.);
#9427=ORIENTED_EDGE('',*,*,#9426,.F.);
#9429=ORIENTED_EDGE('',*,*,#9428,.T.);
#9431=ORIENTED_EDGE('',*,*,#9430,.T.);
#9433=ORIENTED_EDGE('',*,*,#9432,.T.);
#9435=ORIENTED_EDGE('',*,*,#9434,.F.);
#9437=ORIENTED_EDGE('',*,*,#9436,.F.);
#9439=ORIENTED_EDGE('',*,*,#9438,.F.);
#9441=ORIENTED_EDGE('',*,*,#9440,.F.);
#9443=ORIENTED_EDGE('',*,*,#9442,.F.);
#9445=ORIENTED_EDGE('',*,*,#9444,.T.);
#9447=ORIENTED_EDGE('',*,*,#9446,.F.);
#9449=ORIENTED_EDGE('',*,*,#9448,.T.);
#9451=ORIENTED_EDGE('',*,*,#9450,.F.);
#9453=ORIENTED_EDGE('',*,*,#9452,.F.);
#9455=ORIENTED_EDGE('',*,*,#9454,.F.);
#9456=EDGE_LOOP('',(#9425,#9427,#9429,#9431,#9433,#9435,#9437,#9439,#9441,#9443,
#9445,#9447,#9449,#9451,#9453,#9455));
#9457=FACE_BOUND('',#9456,.F.);
#9458=ADVANCED_FACE('',(#9423,#9457),#9419,.T.);
#9459=CARTESIAN_POINT('',(9.797499991810E0,-3.477549705871E1,-3.04E1));
#9460=DIRECTION('',(-1.E0,0.E0,0.E0));
#9461=DIRECTION('',(0.E0,1.E0,0.E0));
#9462=AXIS2_PLACEMENT_3D('',#9459,#9460,#9461);
#9463=PLANE('',#9462);
#9465=ORIENTED_EDGE('',*,*,#9464,.T.);
#9466=ORIENTED_EDGE('',*,*,#9424,.T.);
#9468=ORIENTED_EDGE('',*,*,#9467,.F.);
#9469=EDGE_LOOP('',(#9465,#9466,#9468));
#9470=FACE_OUTER_BOUND('',#9469,.F.);
#9471=ADVANCED_FACE('',(#9470),#9463,.F.);
#9472=CARTESIAN_POINT('',(9.497499991810E0,-3.567549705871E1,
-6.719737729714E0));
#9473=DIRECTION('',(0.E0,0.E0,-1.E0));
#9474=DIRECTION('',(0.E0,1.E0,0.E0));
#9475=AXIS2_PLACEMENT_3D('',#9472,#9473,#9474);
#9476=CYLINDRICAL_SURFACE('',#9475,3.E-1);
#9478=ORIENTED_EDGE('',*,*,#9477,.F.);
#9479=ORIENTED_EDGE('',*,*,#9426,.T.);
#9480=ORIENTED_EDGE('',*,*,#9464,.F.);
#9482=ORIENTED_EDGE('',*,*,#9481,.F.);
#9484=ORIENTED_EDGE('',*,*,#9483,.T.);
#9486=ORIENTED_EDGE('',*,*,#9485,.T.);
#9488=ORIENTED_EDGE('',*,*,#9487,.T.);
#9490=ORIENTED_EDGE('',*,*,#9489,.F.);
#9491=EDGE_LOOP('',(#9478,#9479,#9480,#9482,#9484,#9486,#9488,#9490));
#9492=FACE_OUTER_BOUND('',#9491,.F.);
#9493=ADVANCED_FACE('',(#9492),#9476,.T.);
#9494=CARTESIAN_POINT('',(9.797499991810E0,-3.537549705871E1,-3.04E1));
#9495=DIRECTION('',(0.E0,-1.E0,0.E0));
#9496=DIRECTION('',(0.E0,0.E0,1.E0));
#9497=AXIS2_PLACEMENT_3D('',#9494,#9495,#9496);
#9498=PLANE('',#9497);
#9500=ORIENTED_EDGE('',*,*,#9499,.F.);
#9501=ORIENTED_EDGE('',*,*,#9428,.F.);
#9502=ORIENTED_EDGE('',*,*,#9477,.T.);
#9503=EDGE_LOOP('',(#9500,#9501,#9502));
#9504=FACE_OUTER_BOUND('',#9503,.F.);
#9505=ADVANCED_FACE('',(#9504),#9498,.F.);
#9506=CARTESIAN_POINT('',(8.597499991810E0,-3.649550185890E1,-3.04E1));
#9507=DIRECTION('',(-8.660254037844E-1,0.E0,5.E-1));
#9508=DIRECTION('',(-5.E-1,0.E0,-8.660254037844E-1));
#9509=AXIS2_PLACEMENT_3D('',#9506,#9507,#9508);
#9510=PLANE('',#9509);
#9512=ORIENTED_EDGE('',*,*,#9511,.T.);
#9513=ORIENTED_EDGE('',*,*,#9430,.F.);
#9514=ORIENTED_EDGE('',*,*,#9499,.T.);
#9516=ORIENTED_EDGE('',*,*,#9515,.T.);
#9518=ORIENTED_EDGE('',*,*,#9517,.F.);
#9520=ORIENTED_EDGE('',*,*,#9519,.T.);
#9521=EDGE_LOOP('',(#9512,#9513,#9514,#9516,#9518,#9520));
#9522=FACE_OUTER_BOUND('',#9521,.F.);
#9523=ADVANCED_FACE('',(#9522),#9510,.F.);
#9524=CARTESIAN_POINT('',(8.597499991810E0,-3.477549705871E1,-3.04E1));
#9525=DIRECTION('',(0.E0,1.E0,0.E0));
#9526=DIRECTION('',(1.E0,0.E0,0.E0));
#9527=AXIS2_PLACEMENT_3D('',#9524,#9525,#9526);
#9528=PLANE('',#9527);
#9530=ORIENTED_EDGE('',*,*,#9529,.T.);
#9531=ORIENTED_EDGE('',*,*,#9432,.F.);
#9532=ORIENTED_EDGE('',*,*,#9511,.F.);
#9533=EDGE_LOOP('',(#9530,#9531,#9532));
#9534=FACE_OUTER_BOUND('',#9533,.F.);
#9535=ADVANCED_FACE('',(#9534),#9528,.F.);
#9536=CARTESIAN_POINT('',(9.497499991810E0,-3.447549705871E1,
-6.466067189384E0));
#9537=DIRECTION('',(0.E0,0.E0,-1.E0));
#9538=DIRECTION('',(1.E0,0.E0,0.E0));
#9539=AXIS2_PLACEMENT_3D('',#9536,#9537,#9538);
#9540=CYLINDRICAL_SURFACE('',#9539,3.E-1);
#9542=ORIENTED_EDGE('',*,*,#9541,.F.);
#9543=ORIENTED_EDGE('',*,*,#9434,.T.);
#9544=ORIENTED_EDGE('',*,*,#9529,.F.);
#9546=ORIENTED_EDGE('',*,*,#9545,.F.);
#9548=ORIENTED_EDGE('',*,*,#9547,.T.);
#9550=ORIENTED_EDGE('',*,*,#9549,.T.);
#9552=ORIENTED_EDGE('',*,*,#9551,.T.);
#9554=ORIENTED_EDGE('',*,*,#9553,.F.);
#9555=EDGE_LOOP('',(#9542,#9543,#9544,#9546,#9548,#9550,#9552,#9554));
#9556=FACE_OUTER_BOUND('',#9555,.F.);
#9557=ADVANCED_FACE('',(#9556),#9540,.T.);
#9558=CARTESIAN_POINT('',(9.797499991810E0,-3.477549705871E1,-3.04E1));
#9559=DIRECTION('',(-1.E0,0.E0,0.E0));
#9560=DIRECTION('',(0.E0,1.E0,0.E0));
#9561=AXIS2_PLACEMENT_3D('',#9558,#9559,#9560);
#9562=PLANE('',#9561);
#9564=ORIENTED_EDGE('',*,*,#9563,.F.);
#9565=ORIENTED_EDGE('',*,*,#9436,.T.);
#9566=ORIENTED_EDGE('',*,*,#9541,.T.);
#9567=EDGE_LOOP('',(#9564,#9565,#9566));
#9568=FACE_OUTER_BOUND('',#9567,.F.);
#9569=ADVANCED_FACE('',(#9568),#9562,.F.);
#9570=CARTESIAN_POINT('',(8.677495191618E0,-3.357549705871E1,-3.04E1));
#9571=DIRECTION('',(0.E0,8.660254037844E-1,5.E-1));
#9572=DIRECTION('',(-1.E0,0.E0,0.E0));
#9573=AXIS2_PLACEMENT_3D('',#9570,#9571,#9572);
#9574=PLANE('',#9573);
#9576=ORIENTED_EDGE('',*,*,#9575,.T.);
#9577=ORIENTED_EDGE('',*,*,#9438,.T.);
#9578=ORIENTED_EDGE('',*,*,#9563,.T.);
#9580=ORIENTED_EDGE('',*,*,#9579,.T.);
#9582=ORIENTED_EDGE('',*,*,#9581,.F.);
#9584=ORIENTED_EDGE('',*,*,#9583,.T.);
#9585=EDGE_LOOP('',(#9576,#9577,#9578,#9580,#9582,#9584));
#9586=FACE_OUTER_BOUND('',#9585,.F.);
#9587=ADVANCED_FACE('',(#9586),#9574,.F.);
#9588=CARTESIAN_POINT('',(1.039749999181E1,-3.357549705871E1,-3.04E1));
#9589=DIRECTION('',(1.E0,0.E0,0.E0));
#9590=DIRECTION('',(0.E0,0.E0,-1.E0));
#9591=AXIS2_PLACEMENT_3D('',#9588,#9589,#9590);
#9592=PLANE('',#9591);
#9594=ORIENTED_EDGE('',*,*,#9593,.T.);
#9595=ORIENTED_EDGE('',*,*,#9440,.T.);
#9596=ORIENTED_EDGE('',*,*,#9575,.F.);
#9597=EDGE_LOOP('',(#9594,#9595,#9596));
#9598=FACE_OUTER_BOUND('',#9597,.F.);
#9599=ADVANCED_FACE('',(#9598),#9592,.F.);
#9600=CARTESIAN_POINT('',(1.069749999181E1,-3.447549705871E1,
-6.466067189384E0));
#9601=DIRECTION('',(0.E0,0.E0,-1.E0));
#9602=DIRECTION('',(0.E0,-1.E0,0.E0));
#9603=AXIS2_PLACEMENT_3D('',#9600,#9601,#9602);
#9604=CYLINDRICAL_SURFACE('',#9603,3.E-1);
#9606=ORIENTED_EDGE('',*,*,#9605,.F.);
#9607=ORIENTED_EDGE('',*,*,#9442,.T.);
#9608=ORIENTED_EDGE('',*,*,#9593,.F.);
#9610=ORIENTED_EDGE('',*,*,#9609,.F.);
#9612=ORIENTED_EDGE('',*,*,#9611,.T.);
#9614=ORIENTED_EDGE('',*,*,#9613,.T.);
#9616=ORIENTED_EDGE('',*,*,#9615,.T.);
#9618=ORIENTED_EDGE('',*,*,#9617,.F.);
#9619=EDGE_LOOP('',(#9606,#9607,#9608,#9610,#9612,#9614,#9616,#9618));
#9620=FACE_OUTER_BOUND('',#9619,.F.);
#9621=ADVANCED_FACE('',(#9620),#9604,.T.);
#9622=CARTESIAN_POINT('',(8.597499991810E0,-3.477549705871E1,-3.04E1));
#9623=DIRECTION('',(0.E0,1.E0,0.E0));
#9624=DIRECTION('',(1.E0,0.E0,0.E0));
#9625=AXIS2_PLACEMENT_3D('',#9622,#9623,#9624);
#9626=PLANE('',#9625);
#9628=ORIENTED_EDGE('',*,*,#9627,.F.);
#9629=ORIENTED_EDGE('',*,*,#9444,.F.);
#9630=ORIENTED_EDGE('',*,*,#9605,.T.);
#9631=EDGE_LOOP('',(#9628,#9629,#9630));
#9632=FACE_OUTER_BOUND('',#9631,.F.);
#9633=ADVANCED_FACE('',(#9632),#9626,.F.);
#9634=CARTESIAN_POINT('',(1.159749999181E1,-3.365549225852E1,-3.04E1));
#9635=DIRECTION('',(8.660254037844E-1,0.E0,5.E-1));
#9636=DIRECTION('',(0.E0,-1.E0,0.E0));
#9637=AXIS2_PLACEMENT_3D('',#9634,#9635,#9636);
#9638=PLANE('',#9637);
#9639=ORIENTED_EDGE('',*,*,#9446,.T.);
#9640=ORIENTED_EDGE('',*,*,#9627,.T.);
#9642=ORIENTED_EDGE('',*,*,#9641,.T.);
#9644=ORIENTED_EDGE('',*,*,#9643,.F.);
#9646=ORIENTED_EDGE('',*,*,#9645,.T.);
#9648=ORIENTED_EDGE('',*,*,#9647,.T.);
#9649=EDGE_LOOP('',(#9639,#9640,#9642,#9644,#9646,#9648));
#9650=FACE_OUTER_BOUND('',#9649,.F.);
#9651=ADVANCED_FACE('',(#9650),#9638,.F.);
#9652=CARTESIAN_POINT('',(8.597499991810E0,-3.477549705871E1,-3.04E1));
#9653=DIRECTION('',(0.E0,1.E0,0.E0));
#9654=DIRECTION('',(1.E0,0.E0,0.E0));
#9655=AXIS2_PLACEMENT_3D('',#9652,#9653,#9654);
#9656=PLANE('',#9655);
#9657=ORIENTED_EDGE('',*,*,#9641,.F.);
#9658=ORIENTED_EDGE('',*,*,#9617,.T.);
#9659=ORIENTED_EDGE('',*,*,#9615,.F.);
#9660=EDGE_LOOP('',(#9657,#9658,#9659));
#9661=FACE_OUTER_BOUND('',#9660,.F.);
#9662=ADVANCED_FACE('',(#9661),#9656,.T.);
#9663=CARTESIAN_POINT('',(1.009749999181E1,-3.507549705871E1,-2.872E1));
#9664=DIRECTION('',(0.E0,0.E0,-1.E0));
#9665=DIRECTION('',(1.E0,0.E0,0.E0));
#9666=AXIS2_PLACEMENT_3D('',#9663,#9664,#9665);
#9667=PLANE('',#9666);
#9668=ORIENTED_EDGE('',*,*,#9517,.T.);
#9669=ORIENTED_EDGE('',*,*,#9485,.F.);
#9671=ORIENTED_EDGE('',*,*,#9670,.T.);
#9673=ORIENTED_EDGE('',*,*,#9672,.F.);
#9674=ORIENTED_EDGE('',*,*,#9643,.T.);
#9675=ORIENTED_EDGE('',*,*,#9613,.F.);
#9676=ORIENTED_EDGE('',*,*,#9581,.T.);
#9677=ORIENTED_EDGE('',*,*,#9549,.F.);
#9678=EDGE_LOOP('',(#9668,#9669,#9671,#9673,#9674,#9675,#9676,#9677));
#9679=FACE_OUTER_BOUND('',#9678,.F.);
#9680=ADVANCED_FACE('',(#9679),#9667,.T.);
#9681=CARTESIAN_POINT('',(1.151750479200E1,-3.657549705871E1,-3.04E1));
#9682=DIRECTION('',(0.E0,-8.660254037844E-1,5.E-1));
#9683=DIRECTION('',(0.E0,5.E-1,8.660254037844E-1));
#9684=AXIS2_PLACEMENT_3D('',#9681,#9682,#9683);
#9685=PLANE('',#9684);
#9686=ORIENTED_EDGE('',*,*,#9467,.T.);
#9687=ORIENTED_EDGE('',*,*,#9454,.T.);
#9689=ORIENTED_EDGE('',*,*,#9688,.T.);
#9691=ORIENTED_EDGE('',*,*,#9690,.T.);
#9692=ORIENTED_EDGE('',*,*,#9670,.F.);
#9694=ORIENTED_EDGE('',*,*,#9693,.T.);
#9695=EDGE_LOOP('',(#9686,#9687,#9689,#9691,#9692,#9694));
#9696=FACE_OUTER_BOUND('',#9695,.F.);
#9697=ADVANCED_FACE('',(#9696),#9685,.F.);
#9698=CARTESIAN_POINT('',(1.039749999181E1,-3.357549705871E1,-3.04E1));
#9699=DIRECTION('',(1.E0,0.E0,0.E0));
#9700=DIRECTION('',(0.E0,0.E0,-1.E0));
#9701=AXIS2_PLACEMENT_3D('',#9698,#9699,#9700);
#9702=PLANE('',#9701);
#9703=ORIENTED_EDGE('',*,*,#9688,.F.);
#9704=ORIENTED_EDGE('',*,*,#9452,.T.);
#9706=ORIENTED_EDGE('',*,*,#9705,.T.);
#9707=EDGE_LOOP('',(#9703,#9704,#9706));
#9708=FACE_OUTER_BOUND('',#9707,.F.);
#9709=ADVANCED_FACE('',(#9708),#9702,.F.);
#9710=CARTESIAN_POINT('',(1.069749999181E1,-3.567549705871E1,
-6.466067189384E0));
#9711=DIRECTION('',(0.E0,0.E0,-1.E0));
#9712=DIRECTION('',(-1.E0,0.E0,0.E0));
#9713=AXIS2_PLACEMENT_3D('',#9710,#9711,#9712);
#9714=CYLINDRICAL_SURFACE('',#9713,3.E-1);
#9715=ORIENTED_EDGE('',*,*,#9705,.F.);
#9716=ORIENTED_EDGE('',*,*,#9450,.T.);
#9718=ORIENTED_EDGE('',*,*,#9717,.F.);
#9720=ORIENTED_EDGE('',*,*,#9719,.F.);
#9722=ORIENTED_EDGE('',*,*,#9721,.T.);
#9723=ORIENTED_EDGE('',*,*,#9672,.T.);
#9725=ORIENTED_EDGE('',*,*,#9724,.T.);
#9727=ORIENTED_EDGE('',*,*,#9726,.F.);
#9728=EDGE_LOOP('',(#9715,#9716,#9718,#9720,#9722,#9723,#9725,#9727));
#9729=FACE_OUTER_BOUND('',#9728,.F.);
#9730=ADVANCED_FACE('',(#9729),#9714,.T.);
#9731=CARTESIAN_POINT('',(9.797499991810E0,-3.537549705871E1,-3.04E1));
#9732=DIRECTION('',(0.E0,-1.E0,0.E0));
#9733=DIRECTION('',(0.E0,0.E0,1.E0));
#9734=AXIS2_PLACEMENT_3D('',#9731,#9732,#9733);
#9735=PLANE('',#9734);
#9736=ORIENTED_EDGE('',*,*,#9717,.T.);
#9737=ORIENTED_EDGE('',*,*,#9448,.F.);
#9738=ORIENTED_EDGE('',*,*,#9647,.F.);
#9739=EDGE_LOOP('',(#9736,#9737,#9738));
#9740=FACE_OUTER_BOUND('',#9739,.F.);
#9741=ADVANCED_FACE('',(#9740),#9735,.F.);
#9742=CARTESIAN_POINT('',(9.797499991810E0,-3.537549705871E1,-3.04E1));
#9743=DIRECTION('',(0.E0,-1.E0,0.E0));
#9744=DIRECTION('',(0.E0,0.E0,1.E0));
#9745=AXIS2_PLACEMENT_3D('',#9742,#9743,#9744);
#9746=PLANE('',#9745);
#9747=ORIENTED_EDGE('',*,*,#9721,.F.);
#9748=ORIENTED_EDGE('',*,*,#9719,.T.);
#9749=ORIENTED_EDGE('',*,*,#9645,.F.);
#9750=EDGE_LOOP('',(#9747,#9748,#9749));
#9751=FACE_OUTER_BOUND('',#9750,.F.);
#9752=ADVANCED_FACE('',(#9751),#9746,.T.);
#9753=CARTESIAN_POINT('',(1.039749999181E1,-3.357549705871E1,-3.04E1));
#9754=DIRECTION('',(1.E0,0.E0,0.E0));
#9755=DIRECTION('',(0.E0,0.E0,-1.E0));
#9756=AXIS2_PLACEMENT_3D('',#9753,#9754,#9755);
#9757=PLANE('',#9756);
#9758=ORIENTED_EDGE('',*,*,#9690,.F.);
#9759=ORIENTED_EDGE('',*,*,#9726,.T.);
#9760=ORIENTED_EDGE('',*,*,#9724,.F.);
#9761=EDGE_LOOP('',(#9758,#9759,#9760));
#9762=FACE_OUTER_BOUND('',#9761,.F.);
#9763=ADVANCED_FACE('',(#9762),#9757,.T.);
#9764=CARTESIAN_POINT('',(9.797499991810E0,-3.477549705871E1,-3.04E1));
#9765=DIRECTION('',(-1.E0,0.E0,0.E0));
#9766=DIRECTION('',(0.E0,1.E0,0.E0));
#9767=AXIS2_PLACEMENT_3D('',#9764,#9765,#9766);
#9768=PLANE('',#9767);
#9769=ORIENTED_EDGE('',*,*,#9483,.F.);
#9770=ORIENTED_EDGE('',*,*,#9481,.T.);
#9771=ORIENTED_EDGE('',*,*,#9693,.F.);
#9772=EDGE_LOOP('',(#9769,#9770,#9771));
#9773=FACE_OUTER_BOUND('',#9772,.F.);
#9774=ADVANCED_FACE('',(#9773),#9768,.T.);
#9775=CARTESIAN_POINT('',(1.039749999181E1,-3.357549705871E1,-3.04E1));
#9776=DIRECTION('',(1.E0,0.E0,0.E0));
#9777=DIRECTION('',(0.E0,0.E0,-1.E0));
#9778=AXIS2_PLACEMENT_3D('',#9775,#9776,#9777);
#9779=PLANE('',#9778);
#9780=ORIENTED_EDGE('',*,*,#9611,.F.);
#9781=ORIENTED_EDGE('',*,*,#9609,.T.);
#9782=ORIENTED_EDGE('',*,*,#9583,.F.);
#9783=EDGE_LOOP('',(#9780,#9781,#9782));
#9784=FACE_OUTER_BOUND('',#9783,.F.);
#9785=ADVANCED_FACE('',(#9784),#9779,.T.);
#9786=CARTESIAN_POINT('',(9.797499991810E0,-3.477549705871E1,-3.04E1));
#9787=DIRECTION('',(-1.E0,0.E0,0.E0));
#9788=DIRECTION('',(0.E0,1.E0,0.E0));
#9789=AXIS2_PLACEMENT_3D('',#9786,#9787,#9788);
#9790=PLANE('',#9789);
#9791=ORIENTED_EDGE('',*,*,#9579,.F.);
#9792=ORIENTED_EDGE('',*,*,#9553,.T.);
#9793=ORIENTED_EDGE('',*,*,#9551,.F.);
#9794=EDGE_LOOP('',(#9791,#9792,#9793));
#9795=FACE_OUTER_BOUND('',#9794,.F.);
#9796=ADVANCED_FACE('',(#9795),#9790,.T.);
#9797=CARTESIAN_POINT('',(8.597499991810E0,-3.477549705871E1,-3.04E1));
#9798=DIRECTION('',(0.E0,1.E0,0.E0));
#9799=DIRECTION('',(1.E0,0.E0,0.E0));
#9800=AXIS2_PLACEMENT_3D('',#9797,#9798,#9799);
#9801=PLANE('',#9800);
#9802=ORIENTED_EDGE('',*,*,#9547,.F.);
#9803=ORIENTED_EDGE('',*,*,#9545,.T.);
#9804=ORIENTED_EDGE('',*,*,#9519,.F.);
#9805=EDGE_LOOP('',(#9802,#9803,#9804));
#9806=FACE_OUTER_BOUND('',#9805,.F.);
#9807=ADVANCED_FACE('',(#9806),#9801,.T.);
#9808=CARTESIAN_POINT('',(9.797499991810E0,-3.537549705871E1,-3.04E1));
#9809=DIRECTION('',(0.E0,-1.E0,0.E0));
#9810=DIRECTION('',(0.E0,0.E0,1.E0));
#9811=AXIS2_PLACEMENT_3D('',#9808,#9809,#9810);
#9812=PLANE('',#9811);
#9813=ORIENTED_EDGE('',*,*,#9515,.F.);
#9814=ORIENTED_EDGE('',*,*,#9489,.T.);
#9815=ORIENTED_EDGE('',*,*,#9487,.F.);
#9816=EDGE_LOOP('',(#9813,#9814,#9815));
#9817=FACE_OUTER_BOUND('',#9816,.F.);
#9818=ADVANCED_FACE('',(#9817),#9812,.T.);
#9819=CARTESIAN_POINT('',(0.E0,0.E0,-4.14E1));
#9820=DIRECTION('',(0.E0,0.E0,-1.E0));
#9821=DIRECTION('',(-7.471024186954E-1,-6.647089408E-1,0.E0));
#9822=AXIS2_PLACEMENT_3D('',#9819,#9820,#9821);
#9823=CYLINDRICAL_SURFACE('',#9822,3.25E1);
#9825=ORIENTED_EDGE('',*,*,#9824,.T.);
#9827=ORIENTED_EDGE('',*,*,#9826,.F.);
#9828=ORIENTED_EDGE('',*,*,#8832,.T.);
#9830=ORIENTED_EDGE('',*,*,#9829,.F.);
#9832=ORIENTED_EDGE('',*,*,#9831,.T.);
#9834=ORIENTED_EDGE('',*,*,#9833,.T.);
#9836=ORIENTED_EDGE('',*,*,#9835,.T.);
#9838=ORIENTED_EDGE('',*,*,#9837,.F.);
#9839=ORIENTED_EDGE('',*,*,#8844,.T.);
#9841=ORIENTED_EDGE('',*,*,#9840,.T.);
#9843=ORIENTED_EDGE('',*,*,#9842,.T.);
#9845=ORIENTED_EDGE('',*,*,#9844,.T.);
#9847=ORIENTED_EDGE('',*,*,#9846,.T.);
#9849=ORIENTED_EDGE('',*,*,#9848,.T.);
#9851=ORIENTED_EDGE('',*,*,#9850,.T.);
#9853=ORIENTED_EDGE('',*,*,#9852,.T.);
#9855=ORIENTED_EDGE('',*,*,#9854,.T.);
#9857=ORIENTED_EDGE('',*,*,#9856,.T.);
#9858=EDGE_LOOP('',(#9825,#9827,#9828,#9830,#9832,#9834,#9836,#9838,#9839,#9841,
#9843,#9845,#9847,#9849,#9851,#9853,#9855,#9857));
#9859=FACE_OUTER_BOUND('',#9858,.F.);
#9860=ADVANCED_FACE('',(#9859),#9823,.T.);
#9861=CARTESIAN_POINT('',(0.E0,0.E0,-3.9E1));
#9862=DIRECTION('',(0.E0,0.E0,-1.E0));
#9863=DIRECTION('',(6.647089408E-1,-7.471024186954E-1,0.E0));
#9864=AXIS2_PLACEMENT_3D('',#9861,#9862,#9863);
#9865=PLANE('',#9864);
#9867=ORIENTED_EDGE('',*,*,#9866,.F.);
#9869=ORIENTED_EDGE('',*,*,#9868,.T.);
#9871=ORIENTED_EDGE('',*,*,#9870,.F.);
#9873=ORIENTED_EDGE('',*,*,#9872,.F.);
#9874=ORIENTED_EDGE('',*,*,#9824,.F.);
#9876=ORIENTED_EDGE('',*,*,#9875,.F.);
#9878=ORIENTED_EDGE('',*,*,#9877,.T.);
#9879=EDGE_LOOP('',(#9867,#9869,#9871,#9873,#9874,#9876,#9878));
#9880=FACE_OUTER_BOUND('',#9879,.F.);
#9881=ADVANCED_FACE('',(#9880),#9865,.T.);
#9882=CARTESIAN_POINT('',(1.942466288608E1,1.728243246080E1,-4.093210084068E1));
#9883=DIRECTION('',(0.E0,0.E0,1.E0));
#9884=DIRECTION('',(1.E0,0.E0,0.E0));
#9885=AXIS2_PLACEMENT_3D('',#9882,#9883,#9884);
#9886=CYLINDRICAL_SURFACE('',#9885,2.E0);
#9888=ORIENTED_EDGE('',*,*,#9887,.F.);
#9889=ORIENTED_EDGE('',*,*,#9866,.T.);
#9891=ORIENTED_EDGE('',*,*,#9890,.F.);
#9893=ORIENTED_EDGE('',*,*,#9892,.T.);
#9895=ORIENTED_EDGE('',*,*,#9894,.T.);
#9896=EDGE_LOOP('',(#9888,#9889,#9891,#9893,#9895));
#9897=FACE_OUTER_BOUND('',#9896,.F.);
#9898=ADVANCED_FACE('',(#9897),#9886,.T.);
#9899=CARTESIAN_POINT('',(-1.809524500448E1,-1.877663729819E1,-3.74E1));
#9900=DIRECTION('',(6.647089408E-1,-7.471024186954E-1,0.E0));
#9901=DIRECTION('',(0.E0,0.E0,-1.E0));
#9902=AXIS2_PLACEMENT_3D('',#9899,#9900,#9901);
#9903=PLANE('',#9902);
#9905=ORIENTED_EDGE('',*,*,#9904,.T.);
#9907=ORIENTED_EDGE('',*,*,#9906,.T.);
#9908=ORIENTED_EDGE('',*,*,#9868,.F.);
#9909=ORIENTED_EDGE('',*,*,#9887,.T.);
#9911=ORIENTED_EDGE('',*,*,#9910,.T.);
#9912=EDGE_LOOP('',(#9905,#9907,#9908,#9909,#9911));
#9913=FACE_OUTER_BOUND('',#9912,.F.);
#9914=ADVANCED_FACE('',(#9913),#9903,.F.);
#9915=CARTESIAN_POINT('',(-1.765716961092E1,-1.905612691558E1,-4.09E1));
#9916=DIRECTION('',(-7.471024186954E-1,-6.647089408E-1,0.E0));
#9917=DIRECTION('',(-6.647089408E-1,7.471024186954E-1,0.E0));
#9918=AXIS2_PLACEMENT_3D('',#9915,#9916,#9917);
#9919=CYLINDRICAL_SURFACE('',#9918,5.E-1);
#9921=ORIENTED_EDGE('',*,*,#9920,.F.);
#9923=ORIENTED_EDGE('',*,*,#9922,.T.);
#9924=ORIENTED_EDGE('',*,*,#9904,.F.);
#9926=ORIENTED_EDGE('',*,*,#9925,.T.);
#9927=EDGE_LOOP('',(#9921,#9923,#9924,#9926));
#9928=FACE_OUTER_BOUND('',#9927,.F.);
#9929=ADVANCED_FACE('',(#9928),#9919,.T.);
#9930=CARTESIAN_POINT('',(0.E0,0.E0,-4.14E1));
#9931=DIRECTION('',(0.E0,0.E0,1.E0));
#9932=DIRECTION('',(7.471024186954E-1,6.647089408E-1,0.E0));
#9933=AXIS2_PLACEMENT_3D('',#9930,#9931,#9932);
#9934=PLANE('',#9933);
#9936=ORIENTED_EDGE('',*,*,#9935,.F.);
#9938=ORIENTED_EDGE('',*,*,#9937,.F.);
#9940=ORIENTED_EDGE('',*,*,#9939,.F.);
#9941=ORIENTED_EDGE('',*,*,#9920,.T.);
#9943=ORIENTED_EDGE('',*,*,#9942,.F.);
#9945=ORIENTED_EDGE('',*,*,#9944,.T.);
#9947=ORIENTED_EDGE('',*,*,#9946,.F.);
#9949=ORIENTED_EDGE('',*,*,#9948,.F.);
#9951=ORIENTED_EDGE('',*,*,#9950,.F.);
#9953=ORIENTED_EDGE('',*,*,#9952,.T.);
#9955=ORIENTED_EDGE('',*,*,#9954,.F.);
#9957=ORIENTED_EDGE('',*,*,#9956,.T.);
#9959=ORIENTED_EDGE('',*,*,#9958,.F.);
#9961=ORIENTED_EDGE('',*,*,#9960,.F.);
#9963=ORIENTED_EDGE('',*,*,#9962,.F.);
#9965=ORIENTED_EDGE('',*,*,#9964,.T.);
#9967=ORIENTED_EDGE('',*,*,#9966,.F.);
#9969=ORIENTED_EDGE('',*,*,#9968,.T.);
#9971=ORIENTED_EDGE('',*,*,#9970,.F.);
#9973=ORIENTED_EDGE('',*,*,#9972,.F.);
#9975=ORIENTED_EDGE('',*,*,#9974,.F.);
#9977=ORIENTED_EDGE('',*,*,#9976,.T.);
#9979=ORIENTED_EDGE('',*,*,#9978,.F.);
#9981=ORIENTED_EDGE('',*,*,#9980,.T.);
#9982=EDGE_LOOP('',(#9936,#9938,#9940,#9941,#9943,#9945,#9947,#9949,#9951,#9953,
#9955,#9957,#9959,#9961,#9963,#9965,#9967,#9969,#9971,#9973,#9975,#9977,#9979,
#9981));
#9983=FACE_OUTER_BOUND('',#9982,.F.);
#9984=ADVANCED_FACE('',(#9983),#9934,.F.);
#9985=CARTESIAN_POINT('',(2.308446416423E1,-2.143262732966E1,
-4.089999999927E1));
#9986=DIRECTION('',(-1.042210873270E-9,-1.023949881695E-9,1.E0));
#9987=DIRECTION('',(7.471024186954E-1,6.647089408E-1,1.459266905505E-9));
#9988=AXIS2_PLACEMENT_3D('',#9985,#9986,#9987);
#9989=TOROIDAL_SURFACE('',#9988,5.000000004499E-1,5.000000000736E-1);
#9991=ORIENTED_EDGE('',*,*,#9990,.T.);
#9992=ORIENTED_EDGE('',*,*,#9935,.T.);
#9994=ORIENTED_EDGE('',*,*,#9993,.F.);
#9996=ORIENTED_EDGE('',*,*,#9995,.F.);
#9997=EDGE_LOOP('',(#9991,#9992,#9994,#9996));
#9998=FACE_OUTER_BOUND('',#9997,.F.);
#9999=ADVANCED_FACE('',(#9998),#9989,.T.);
#10000=CARTESIAN_POINT('',(2.389068222334E1,-2.202459681213E1,
-4.036178123654E1));
#10001=CARTESIAN_POINT('',(2.387957344866E1,-2.203820830747E1,
-4.039578899998E1));
#10002=CARTESIAN_POINT('',(2.383345155401E1,-2.208502052230E1,
-4.052320517196E1));
#10003=CARTESIAN_POINT('',(2.373153831737E1,-2.213365538009E1,
-4.072595698890E1));
#10004=CARTESIAN_POINT('',(2.357071448183E1,-2.214221767858E1,
-4.094872781890E1));
#10005=CARTESIAN_POINT('',(2.340492612948E1,-2.210868014534E1,
-4.111937849340E1));
#10006=CARTESIAN_POINT('',(2.324509248988E1,-2.204612171484E1,
-4.124263388696E1));
#10007=CARTESIAN_POINT('',(2.309426096144E1,-2.196321584414E1,
-4.132674346479E1));
#10008=CARTESIAN_POINT('',(2.294587679718E1,-2.185968652432E1,
-4.137966843861E1));
#10009=CARTESIAN_POINT('',(2.282822889977E1,-2.175845194639E1,
-4.139498679937E1));
#10010=CARTESIAN_POINT('',(2.276078736703E1,-2.169141822899E1,
-4.139074102573E1));
#10011=CARTESIAN_POINT('',(2.274082092230E1,-2.167072246154E1,
-4.138811360391E1));
#10012=CARTESIAN_POINT('',(2.374090427845E1,-2.224557784841E1,
-4.009167361142E1));
#10013=CARTESIAN_POINT('',(2.373681540190E1,-2.226489353793E1,
-4.012674010874E1));
#10014=CARTESIAN_POINT('',(2.371608362746E1,-2.233399152508E1,
-4.026042581145E1));
#10015=CARTESIAN_POINT('',(2.364938532791E1,-2.242131596608E1,
-4.048850886157E1));
#10016=CARTESIAN_POINT('',(2.351321342234E1,-2.247228424504E1,
-4.076594647559E1));
#10017=CARTESIAN_POINT('',(2.334792946898E1,-2.246696741627E1,
-4.100118107601E1));
#10018=CARTESIAN_POINT('',(2.316566970574E1,-2.241562623998E1,
-4.118997215419E1));
#10019=CARTESIAN_POINT('',(2.297205668074E1,-2.232498859818E1,
-4.133329881025E1));
#10020=CARTESIAN_POINT('',(2.276169884120E1,-2.219110023901E1,
-4.143338337890E1));
#10021=CARTESIAN_POINT('',(2.258423889823E1,-2.204365465586E1,
-4.146519085489E1));
#10022=CARTESIAN_POINT('',(2.248445341114E1,-2.194316081895E1,
-4.145702918874E1));
#10023=CARTESIAN_POINT('',(2.245552254277E1,-2.191196294851E1,
-4.145202360251E1));
#10024=CARTESIAN_POINT('',(2.340192094011E1,-2.219296678702E1,
-3.992756906963E1));
#10025=CARTESIAN_POINT('',(2.340229987473E1,-2.221561376452E1,
-3.995269270002E1));
#10026=CARTESIAN_POINT('',(2.339905360364E1,-2.229914665527E1,
-4.005062661657E1));
#10027=CARTESIAN_POINT('',(2.336526385466E1,-2.241997418272E1,
-4.023182754639E1));
#10028=CARTESIAN_POINT('',(2.327054988105E1,-2.252238071417E1,
-4.047524454154E1));
#10029=CARTESIAN_POINT('',(2.313765866448E1,-2.256683298926E1,
-4.069921844279E1));
#10030=CARTESIAN_POINT('',(2.297588963997E1,-2.255798944153E1,
-4.089218788302E1));
#10031=CARTESIAN_POINT('',(2.279094703197E1,-2.249933989929E1,
-4.104781389766E1));
#10032=CARTESIAN_POINT('',(2.257957053199E1,-2.238536569133E1,
-4.116208909500E1));
#10033=CARTESIAN_POINT('',(2.239769804490E1,-2.224175893671E1,
-4.119985457923E1));
#10034=CARTESIAN_POINT('',(2.229838253966E1,-2.213992992747E1,
-4.119046805687E1));
#10035=CARTESIAN_POINT('',(2.227016728450E1,-2.210802849069E1,
-4.118473389656E1));
#10036=CARTESIAN_POINT('',(2.316106600366E1,-2.190976290439E1,
-4.000985920100E1));
#10037=CARTESIAN_POINT('',(2.315954062741E1,-2.193051689962E1,
-4.002243065551E1));
#10038=CARTESIAN_POINT('',(2.315093852746E1,-2.200829437764E1,
-4.007275172871E1));
#10039=CARTESIAN_POINT('',(2.311972146111E1,-2.212888407938E1,
-4.017429522428E1));
#10040=CARTESIAN_POINT('',(2.304808888695E1,-2.224803175763E1,
-4.032338585723E1));
#10041=CARTESIAN_POINT('',(2.295211177565E1,-2.232157484582E1,
-4.046934492200E1));
#10042=CARTESIAN_POINT('',(2.283658737811E1,-2.235053626059E1,
-4.060117756741E1));
#10043=CARTESIAN_POINT('',(2.270472230125E1,-2.233662334609E1,
-4.071140847990E1));
#10044=CARTESIAN_POINT('',(2.255454756864E1,-2.227621240582E1,
-4.079460973062E1));
#10045=CARTESIAN_POINT('',(2.242778030266E1,-2.218355339146E1,
-4.082266137436E1));
#10046=CARTESIAN_POINT('',(2.236156301749E1,-2.211386065046E1,
-4.081580131027E1));
#10047=CARTESIAN_POINT('',(2.234319746865E1,-2.209171713468E1,
-4.081161916477E1));
#10048=(BOUNDED_SURFACE()B_SPLINE_SURFACE(3,3,((#10000,#10001,#10002,#10003,
#10004,#10005,#10006,#10007,#10008,#10009,#10010,#10011),(#10012,#10013,#10014,
#10015,#10016,#10017,#10018,#10019,#10020,#10021,#10022,#10023),(#10024,#10025,
#10026,#10027,#10028,#10029,#10030,#10031,#10032,#10033,#10034,#10035),(#10036,
#10037,#10038,#10039,#10040,#10041,#10042,#10043,#10044,#10045,#10046,#10047)),
.UNSPECIFIED.,.F.,.F.,.F.)B_SPLINE_SURFACE_WITH_KNOTS((4,4),(4,1,1,1,1,1,1,1,1,
4),(3.012056982904E-2,9.627218479435E-1),(-6.855425832961E-2,0.E0,
1.901277907396E-1,3.577215037358E-1,5.062902524393E-1,6.371462041848E-1,
7.545936205053E-1,8.703513583258E-1,1.E0,1.056655828733E0),.UNSPECIFIED.)GEOMETRIC_REPRESENTATION_ITEM()RATIONAL_B_SPLINE_SURFACE(((1.273393380220E0,
1.273393380220E0,1.273393380220E0,1.273393380220E0,1.273393380220E0,
1.273393380220E0,1.273393380220E0,1.273393380220E0,1.273393380220E0,
1.273393380220E0,1.273393380220E0,1.273393380220E0),(9.116452388179E-1,
9.116452388179E-1,9.116452388179E-1,9.116452388179E-1,9.116452388179E-1,
9.116452388179E-1,9.116452388179E-1,9.116452388179E-1,9.116452388179E-1,
9.116452388179E-1,9.116452388179E-1,9.116452388179E-1),(9.088900191791E-1,
9.088900191791E-1,9.088900191791E-1,9.088900191791E-1,9.088900191791E-1,
9.088900191791E-1,9.088900191791E-1,9.088900191791E-1,9.088900191791E-1,
9.088900191791E-1,9.088900191791E-1,9.088900191791E-1),(1.265127721304E0,
1.265127721304E0,1.265127721304E0,1.265127721304E0,1.265127721304E0,
1.265127721304E0,1.265127721304E0,1.265127721304E0,1.265127721304E0,
1.265127721304E0,1.265127721304E0,1.265127721304E0)))REPRESENTATION_ITEM('')SURFACE());
#10050=ORIENTED_EDGE('',*,*,#10049,.T.);
#10051=ORIENTED_EDGE('',*,*,#9990,.F.);
#10053=ORIENTED_EDGE('',*,*,#10052,.F.);
#10054=EDGE_LOOP('',(#10050,#10051,#10053));
#10055=FACE_OUTER_BOUND('',#10054,.F.);
#10056=ADVANCED_FACE('',(#10055),#10048,.T.);
#10057=CARTESIAN_POINT('',(0.E0,0.E0,-4.04E1));
#10058=DIRECTION('',(0.E0,0.E0,-1.E0));
#10059=DIRECTION('',(-6.635980428924E-1,7.480893245257E-1,0.E0));
#10060=AXIS2_PLACEMENT_3D('',#10057,#10058,#10059);
#10061=TOROIDAL_SURFACE('',#10060,3.15E1,1.E0);
#10062=ORIENTED_EDGE('',*,*,#10049,.F.);
#10064=ORIENTED_EDGE('',*,*,#10063,.F.);
#10066=ORIENTED_EDGE('',*,*,#10065,.T.);
#10067=ORIENTED_EDGE('',*,*,#9937,.T.);
#10068=EDGE_LOOP('',(#10062,#10064,#10066,#10067));
#10069=FACE_OUTER_BOUND('',#10068,.F.);
#10070=ADVANCED_FACE('',(#10069),#10061,.T.);
#10071=CARTESIAN_POINT('',(0.E0,0.E0,-4.14E1));
#10072=DIRECTION('',(0.E0,0.E0,-1.E0));
#10073=DIRECTION('',(-7.471024186954E-1,-6.647089408E-1,0.E0));
#10074=AXIS2_PLACEMENT_3D('',#10071,#10072,#10073);
#10075=CYLINDRICAL_SURFACE('',#10074,3.25E1);
#10076=ORIENTED_EDGE('',*,*,#9872,.T.);
#10078=ORIENTED_EDGE('',*,*,#10077,.T.);
#10079=ORIENTED_EDGE('',*,*,#10063,.T.);
#10081=ORIENTED_EDGE('',*,*,#10080,.T.);
#10083=ORIENTED_EDGE('',*,*,#10082,.T.);
#10085=ORIENTED_EDGE('',*,*,#10084,.T.);
#10087=ORIENTED_EDGE('',*,*,#10086,.T.);
#10089=ORIENTED_EDGE('',*,*,#10088,.T.);
#10091=ORIENTED_EDGE('',*,*,#10090,.T.);
#10092=ORIENTED_EDGE('',*,*,#9840,.F.);
#10093=ORIENTED_EDGE('',*,*,#8842,.T.);
#10095=ORIENTED_EDGE('',*,*,#10094,.F.);
#10097=ORIENTED_EDGE('',*,*,#10096,.T.);
#10099=ORIENTED_EDGE('',*,*,#10098,.T.);
#10101=ORIENTED_EDGE('',*,*,#10100,.T.);
#10103=ORIENTED_EDGE('',*,*,#10102,.F.);
#10104=ORIENTED_EDGE('',*,*,#8834,.T.);
#10105=ORIENTED_EDGE('',*,*,#9826,.T.);
#10106=EDGE_LOOP('',(#10076,#10078,#10079,#10081,#10083,#10085,#10087,#10089,
#10091,#10092,#10093,#10095,#10097,#10099,#10101,#10103,#10104,#10105));
#10107=FACE_OUTER_BOUND('',#10106,.F.);
#10108=ADVANCED_FACE('',(#10107),#10075,.T.);
#10109=CARTESIAN_POINT('',(2.542088097482E1,1.860184965168E1,-1.053176E1));
#10110=DIRECTION('',(0.E0,0.E0,-1.E0));
#10111=DIRECTION('',(-6.647089408E-1,7.471024186954E-1,0.E0));
#10112=AXIS2_PLACEMENT_3D('',#10109,#10110,#10111);
#10113=CYLINDRICAL_SURFACE('',#10112,1.E0);
#10114=ORIENTED_EDGE('',*,*,#9870,.T.);
#10115=ORIENTED_EDGE('',*,*,#9906,.F.);
#10117=ORIENTED_EDGE('',*,*,#10116,.T.);
#10119=ORIENTED_EDGE('',*,*,#10118,.F.);
#10120=ORIENTED_EDGE('',*,*,#10077,.F.);
#10121=EDGE_LOOP('',(#10114,#10115,#10117,#10119,#10120));
#10122=FACE_OUTER_BOUND('',#10121,.F.);
#10123=ADVANCED_FACE('',(#10122),#10113,.T.);
#10124=CARTESIAN_POINT('',(2.542088097550E1,1.860184965085E1,
-4.089999999979E1));
#10125=DIRECTION('',(2.782941602819E-10,-3.316912732376E-10,-1.E0));
#10126=DIRECTION('',(-6.647089408E-1,7.471024186954E-1,-4.327919690078E-10));
#10127=AXIS2_PLACEMENT_3D('',#10124,#10125,#10126);
#10128=TOROIDAL_SURFACE('',#10127,5.000000010850E-1,4.999999999868E-1);
#10129=ORIENTED_EDGE('',*,*,#10116,.F.);
#10130=ORIENTED_EDGE('',*,*,#9922,.F.);
#10131=ORIENTED_EDGE('',*,*,#9939,.T.);
#10133=ORIENTED_EDGE('',*,*,#10132,.T.);
#10134=EDGE_LOOP('',(#10129,#10130,#10131,#10133));
#10135=FACE_OUTER_BOUND('',#10134,.F.);
#10136=ADVANCED_FACE('',(#10135),#10128,.T.);
#10137=CARTESIAN_POINT('',(2.554793907385E1,1.906218765769E1,
-4.001130849705E1));
#10138=CARTESIAN_POINT('',(2.554879036501E1,1.908308820753E1,
-4.002359448019E1));
#10139=CARTESIAN_POINT('',(2.554911569658E1,1.914251521173E1,
-4.006101388936E1));
#10140=CARTESIAN_POINT('',(2.553978349008E1,1.923372951715E1,
-4.013103680803E1));
#10141=CARTESIAN_POINT('',(2.551360027470E1,1.932781672320E1,
-4.022278413124E1));
#10142=CARTESIAN_POINT('',(2.547526424352E1,1.940306326562E1,
-4.031456698533E1));
#10143=CARTESIAN_POINT('',(2.542692621896E1,1.946053110252E1,
-4.040311772215E1));
#10144=CARTESIAN_POINT('',(2.537057918006E1,1.950141590762E1,
-4.048584662798E1));
#10145=CARTESIAN_POINT('',(2.530825763560E1,1.952707609036E1,
-4.056071179535E1));
#10146=CARTESIAN_POINT('',(2.524204512588E1,1.953908993687E1,
-4.062626978673E1));
#10147=CARTESIAN_POINT('',(2.517370323330E1,1.953918131813E1,
-4.068190231001E1));
#10148=CARTESIAN_POINT('',(2.510441788742E1,1.952890061130E1,
-4.072763782572E1));
#10149=CARTESIAN_POINT('',(2.503482947797E1,1.950936330361E1,
-4.076375039314E1));
#10150=CARTESIAN_POINT('',(2.496520102964E1,1.948112862314E1,
-4.079038897833E1));
#10151=CARTESIAN_POINT('',(2.489567024560E1,1.944419064475E1,
-4.080728351203E1));
#10152=CARTESIAN_POINT('',(2.482653259600E1,1.939802783689E1,
-4.081350432145E1));
#10153=CARTESIAN_POINT('',(2.478312455654E1,1.936205455011E1,
-4.080954342448E1));
#10154=CARTESIAN_POINT('',(2.476232549400E1,1.934260754609E1,
-4.080540918401E1));
#10155=CARTESIAN_POINT('',(2.581655109980E1,1.931690069447E1,
-3.992580284446E1));
#10156=CARTESIAN_POINT('',(2.581964186818E1,1.933955885843E1,
-3.995057932122E1));
#10157=CARTESIAN_POINT('',(2.582483169569E1,1.940308795141E1,
-4.002391544658E1));
#10158=CARTESIAN_POINT('',(2.581622344364E1,1.949639484225E1,
-4.015182322572E1));
#10159=CARTESIAN_POINT('',(2.578087886011E1,1.958630575524E1,
-4.030850122065E1));
#10160=CARTESIAN_POINT('',(2.572592114970E1,1.965223573867E1,
-4.045773143101E1));
#10161=CARTESIAN_POINT('',(2.565551995605E1,1.969653977026E1,
-4.059627225534E1));
#10162=CARTESIAN_POINT('',(2.557329185712E1,1.972146441602E1,
-4.072169856326E1));
#10163=CARTESIAN_POINT('',(2.548263916371E1,1.972924383956E1,
-4.083228088219E1));
#10164=CARTESIAN_POINT('',(2.538678403239E1,1.972217213309E1,
-4.092704988706E1));
#10165=CARTESIAN_POINT('',(2.528827119492E1,1.970245090164E1,
-4.100606582694E1));
#10166=CARTESIAN_POINT('',(2.518866629010E1,1.967183883902E1,
-4.107010827652E1));
#10167=CARTESIAN_POINT('',(2.508865280614E1,1.963142914930E1,
-4.112010901174E1));
#10168=CARTESIAN_POINT('',(2.498829173384E1,1.958158026176E1,
-4.115666946391E1));
#10169=CARTESIAN_POINT('',(2.488736144600E1,1.952195647274E1,
-4.117969542100E1));
#10170=CARTESIAN_POINT('',(2.478569978261E1,1.945161001374E1,
-4.118809507670E1));
#10171=CARTESIAN_POINT('',(2.472047289370E1,1.939891803401E1,
-4.118263946653E1));
#10172=CARTESIAN_POINT('',(2.468865934089E1,1.937087868478E1,
-4.117695434830E1));
#10173=CARTESIAN_POINT('',(2.616109128970E1,1.933484096701E1,
-4.008622146230E1));
#10174=CARTESIAN_POINT('',(2.615951057605E1,1.935475599573E1,
-4.012115669234E1));
#10175=CARTESIAN_POINT('',(2.615059653247E1,1.940913080253E1,
-4.022212603111E1));
#10176=CARTESIAN_POINT('',(2.611644695093E1,1.948275540252E1,
-4.038723287392E1));
#10177=CARTESIAN_POINT('',(2.604989000172E1,1.954487355870E1,
-4.057567100324E1));
#10178=CARTESIAN_POINT('',(2.596638962537E1,1.958211154595E1,
-4.074499081387E1));
#10179=CARTESIAN_POINT('',(2.587134705238E1,1.959851547758E1,
-4.089445830241E1));
#10180=CARTESIAN_POINT('',(2.576907757718E1,1.959757240245E1,
-4.102385965376E1));
#10181=CARTESIAN_POINT('',(2.566319507574E1,1.958241961887E1,
-4.113349316808E1));
#10182=CARTESIAN_POINT('',(2.555667559834E1,1.955590808655E1,
-4.122421701193E1));
#10183=CARTESIAN_POINT('',(2.545143400129E1,1.952039983098E1,
-4.129761402439E1));
#10184=CARTESIAN_POINT('',(2.534821566334E1,1.947751091311E1,
-4.135561099293E1));
#10185=CARTESIAN_POINT('',(2.524685556381E1,1.942804267188E1,
-4.139995615708E1));
#10186=CARTESIAN_POINT('',(2.514659910644E1,1.937202735866E1,
-4.143184249498E1));
#10187=CARTESIAN_POINT('',(2.504641260264E1,1.930882260185E1,
-4.145165332259E1));
#10188=CARTESIAN_POINT('',(2.494522531417E1,1.923717897119E1,
-4.145874646294E1));
#10189=CARTESIAN_POINT('',(2.487939311458E1,1.918487863630E1,
-4.145395561770E1));
#10190=CARTESIAN_POINT('',(2.484679480759E1,1.915729340335E1,
-4.144897860637E1));
#10191=CARTESIAN_POINT('',(2.628845503359E1,1.909933299906E1,
-4.035733065157E1));
#10192=CARTESIAN_POINT('',(2.627923143177E1,1.911431488458E1,
-4.039142388106E1));
#10193=CARTESIAN_POINT('',(2.624915036212E1,1.915400070336E1,
-4.048815061879E1));
#10194=CARTESIAN_POINT('',(2.618480132156E1,1.920280971856E1,
-4.063795542934E1));
#10195=CARTESIAN_POINT('',(2.609144466732E1,1.923705959196E1,
-4.079772855278E1));
#10196=CARTESIAN_POINT('',(2.599172917537E1,1.925056214316E1,
-4.093244438813E1));
#10197=CARTESIAN_POINT('',(2.589044648647E1,1.924801421640E1,
-4.104423616281E1));
#10198=CARTESIAN_POINT('',(2.579108498760E1,1.923327714781E1,
-4.113527607193E1));
#10199=CARTESIAN_POINT('',(2.569612683912E1,1.920964943526E1,
-4.120788792281E1));
#10200=CARTESIAN_POINT('',(2.560711881598E1,1.917990457941E1,
-4.126456166499E1));
#10201=CARTESIAN_POINT('',(2.552446123531E1,1.914610917027E1,
-4.130795447590E1));
#10202=CARTESIAN_POINT('',(2.544757106747E1,1.910950514986E1,
-4.134056134760E1));
#10203=CARTESIAN_POINT('',(2.537526087532E1,1.907057949805E1,
-4.136441103011E1));
#10204=CARTESIAN_POINT('',(2.530603820511E1,1.902919007863E1,
-4.138092394490E1));
#10205=CARTESIAN_POINT('',(2.523829379905E1,1.898467238147E1,
-4.139085752113E1));
#10206=CARTESIAN_POINT('',(2.517036885922E1,1.893585763888E1,
-4.139425147901E1));
#10207=CARTESIAN_POINT('',(2.512578517506E1,1.890082606888E1,
-4.139173117261E1));
#10208=CARTESIAN_POINT('',(2.510336048955E1,1.888240757763E1,
-4.138913143148E1));
#10209=(BOUNDED_SURFACE()B_SPLINE_SURFACE(3,3,((#10137,#10138,#10139,#10140,
#10141,#10142,#10143,#10144,#10145,#10146,#10147,#10148,#10149,#10150,#10151,
#10152,#10153,#10154),(#10155,#10156,#10157,#10158,#10159,#10160,#10161,#10162,
#10163,#10164,#10165,#10166,#10167,#10168,#10169,#10170,#10171,#10172),(#10173,
#10174,#10175,#10176,#10177,#10178,#10179,#10180,#10181,#10182,#10183,#10184,
#10185,#10186,#10187,#10188,#10189,#10190),(#10191,#10192,#10193,#10194,#10195,
#10196,#10197,#10198,#10199,#10200,#10201,#10202,#10203,#10204,#10205,#10206,
#10207,#10208)),.UNSPECIFIED.,.F.,.F.,.F.)B_SPLINE_SURFACE_WITH_KNOTS((4,4),(4,
1,1,1,1,1,1,1,1,1,1,1,1,1,1,4),(3.000499237311E-2,9.635613354737E-1),(
-6.915407930322E-2,0.E0,1.281274511496E-1,2.430020019124E-1,3.462222315650E-1,
4.392428500685E-1,5.233753349293E-1,5.993482394154E-1,6.679245015654E-1,
7.302705306405E-1,7.878063144014E-1,8.420101148692E-1,8.943986387704E-1,
9.465261810628E-1,1.E0,1.056562429116E0),.UNSPECIFIED.)GEOMETRIC_REPRESENTATION_ITEM()RATIONAL_B_SPLINE_SURFACE(((1.273377573004E0,1.273377573004E0,
1.273377573004E0,1.273377573004E0,1.273377573004E0,1.273377573004E0,
1.273377573004E0,1.273377573004E0,1.273377573004E0,1.273377573004E0,
1.273377573004E0,1.273377573004E0,1.273377573004E0,1.273377573004E0,
1.273377573004E0,1.273377573004E0,1.273377573004E0,1.273377573004E0),(
9.113689513551E-1,9.113689513551E-1,9.113689513551E-1,9.113689513551E-1,
9.113689513551E-1,9.113689513551E-1,9.113689513551E-1,9.113689513551E-1,
9.113689513551E-1,9.113689513551E-1,9.113689513551E-1,9.113689513551E-1,
9.113689513551E-1,9.113689513551E-1,9.113689513551E-1,9.113689513551E-1,
9.113689513551E-1,9.113689513551E-1),(9.088912178148E-1,9.088912178148E-1,
9.088912178148E-1,9.088912178148E-1,9.088912178148E-1,9.088912178148E-1,
9.088912178148E-1,9.088912178148E-1,9.088912178148E-1,9.088912178148E-1,
9.088912178148E-1,9.088912178148E-1,9.088912178148E-1,9.088912178148E-1,
9.088912178148E-1,9.088912178148E-1,9.088912178148E-1,9.088912178148E-1),(
1.265944372383E0,1.265944372383E0,1.265944372383E0,1.265944372383E0,
1.265944372383E0,1.265944372383E0,1.265944372383E0,1.265944372383E0,
1.265944372383E0,1.265944372383E0,1.265944372383E0,1.265944372383E0,
1.265944372383E0,1.265944372383E0,1.265944372383E0,1.265944372383E0,
1.265944372383E0,1.265944372383E0)))REPRESENTATION_ITEM('')SURFACE());
#10210=ORIENTED_EDGE('',*,*,#10118,.T.);
#10211=ORIENTED_EDGE('',*,*,#10132,.F.);
#10212=ORIENTED_EDGE('',*,*,#10065,.F.);
#10213=EDGE_LOOP('',(#10210,#10211,#10212));
#10214=FACE_OUTER_BOUND('',#10213,.F.);
#10215=ADVANCED_FACE('',(#10214),#10209,.T.);
#10216=CARTESIAN_POINT('',(2.308446416385E1,-2.143262733002E1,-5.886824E1));
#10217=DIRECTION('',(0.E0,0.E0,1.E0));
#10218=DIRECTION('',(-7.471024186954E-1,-6.647089408E-1,0.E0));
#10219=AXIS2_PLACEMENT_3D('',#10216,#10217,#10218);
#10220=CYLINDRICAL_SURFACE('',#10219,1.E0);
#10222=ORIENTED_EDGE('',*,*,#10221,.T.);
#10223=ORIENTED_EDGE('',*,*,#10080,.F.);
#10224=ORIENTED_EDGE('',*,*,#10052,.T.);
#10225=ORIENTED_EDGE('',*,*,#9995,.T.);
#10227=ORIENTED_EDGE('',*,*,#10226,.F.);
#10228=EDGE_LOOP('',(#10222,#10223,#10224,#10225,#10227));
#10229=FACE_OUTER_BOUND('',#10228,.F.);
#10230=ADVANCED_FACE('',(#10229),#10220,.T.);
#10231=CARTESIAN_POINT('',(0.E0,0.E0,-3.9E1));
#10232=DIRECTION('',(0.E0,0.E0,-1.E0));
#10233=DIRECTION('',(6.647089408E-1,-7.471024186954E-1,0.E0));
#10234=AXIS2_PLACEMENT_3D('',#10231,#10232,#10233);
#10235=PLANE('',#10234);
#10237=ORIENTED_EDGE('',*,*,#10236,.F.);
#10239=ORIENTED_EDGE('',*,*,#10238,.T.);
#10241=ORIENTED_EDGE('',*,*,#10240,.F.);
#10242=ORIENTED_EDGE('',*,*,#10082,.F.);
#10243=ORIENTED_EDGE('',*,*,#10221,.F.);
#10245=ORIENTED_EDGE('',*,*,#10244,.T.);
#10246=EDGE_LOOP('',(#10237,#10239,#10241,#10242,#10243,#10245));
#10247=FACE_OUTER_BOUND('',#10246,.F.);
#10248=ADVANCED_FACE('',(#10247),#10235,.T.);
#10249=CARTESIAN_POINT('',(1.728243246080E1,-1.942466288608E1,
-4.093210084068E1));
#10250=DIRECTION('',(0.E0,0.E0,1.E0));
#10251=DIRECTION('',(0.E0,-1.E0,0.E0));
#10252=AXIS2_PLACEMENT_3D('',#10249,#10250,#10251);
#10253=CYLINDRICAL_SURFACE('',#10252,2.E0);
#10255=ORIENTED_EDGE('',*,*,#10254,.F.);
#10256=ORIENTED_EDGE('',*,*,#10236,.T.);
#10258=ORIENTED_EDGE('',*,*,#10257,.F.);
#10260=ORIENTED_EDGE('',*,*,#10259,.T.);
#10262=ORIENTED_EDGE('',*,*,#10261,.T.);
#10263=EDGE_LOOP('',(#10255,#10256,#10258,#10260,#10262));
#10264=FACE_OUTER_BOUND('',#10263,.F.);
#10265=ADVANCED_FACE('',(#10264),#10253,.T.);
#10266=CARTESIAN_POINT('',(1.578822762341E1,-2.075408076768E1,-3.74E1));
#10267=DIRECTION('',(-7.471024186954E-1,-6.647089408E-1,0.E0));
#10268=DIRECTION('',(0.E0,0.E0,1.E0));
#10269=AXIS2_PLACEMENT_3D('',#10266,#10267,#10268);
#10270=PLANE('',#10269);
#10272=ORIENTED_EDGE('',*,*,#10271,.T.);
#10274=ORIENTED_EDGE('',*,*,#10273,.T.);
#10275=ORIENTED_EDGE('',*,*,#10238,.F.);
#10276=ORIENTED_EDGE('',*,*,#10254,.T.);
#10278=ORIENTED_EDGE('',*,*,#10277,.T.);
#10279=EDGE_LOOP('',(#10272,#10274,#10275,#10276,#10278));
#10280=FACE_OUTER_BOUND('',#10279,.F.);
#10281=ADVANCED_FACE('',(#10280),#10270,.F.);
#10282=CARTESIAN_POINT('',(2.010054211964E1,-2.635313376948E1,-4.09E1));
#10283=DIRECTION('',(-6.647089408E-1,7.471024186954E-1,0.E0));
#10284=DIRECTION('',(7.471024186954E-1,6.647089408E-1,0.E0));
#10285=AXIS2_PLACEMENT_3D('',#10282,#10283,#10284);
#10286=CYLINDRICAL_SURFACE('',#10285,5.E-1);
#10287=ORIENTED_EDGE('',*,*,#9976,.F.);
#10289=ORIENTED_EDGE('',*,*,#10288,.T.);
#10290=ORIENTED_EDGE('',*,*,#10271,.F.);
#10292=ORIENTED_EDGE('',*,*,#10291,.T.);
#10293=EDGE_LOOP('',(#10287,#10289,#10290,#10292));
#10294=FACE_OUTER_BOUND('',#10293,.F.);
#10295=ADVANCED_FACE('',(#10294),#10286,.T.);
#10296=CARTESIAN_POINT('',(1.860184965124E1,-2.542088097519E1,
-4.090000000013E1));
#10297=DIRECTION('',(2.067546221631E-10,1.579341470446E-10,-1.E0));
#10298=DIRECTION('',(-7.471024186954E-1,-6.647089408E-1,-2.594471178927E-10));
#10299=AXIS2_PLACEMENT_3D('',#10296,#10297,#10298);
#10300=TOROIDAL_SURFACE('',#10299,5.000000004075E-1,5.000000001682E-1);
#10302=ORIENTED_EDGE('',*,*,#10301,.F.);
#10303=ORIENTED_EDGE('',*,*,#10288,.F.);
#10304=ORIENTED_EDGE('',*,*,#9974,.T.);
#10306=ORIENTED_EDGE('',*,*,#10305,.F.);
#10307=EDGE_LOOP('',(#10302,#10303,#10304,#10306));
#10308=FACE_OUTER_BOUND('',#10307,.F.);
#10309=ADVANCED_FACE('',(#10308),#10300,.T.);
#10310=CARTESIAN_POINT('',(1.860184965168E1,-2.542088097482E1,-1.053176E1));
#10311=DIRECTION('',(0.E0,0.E0,-1.E0));
#10312=DIRECTION('',(7.471024186954E-1,6.647089408E-1,0.E0));
#10313=AXIS2_PLACEMENT_3D('',#10310,#10311,#10312);
#10314=CYLINDRICAL_SURFACE('',#10313,1.E0);
#10315=ORIENTED_EDGE('',*,*,#10240,.T.);
#10316=ORIENTED_EDGE('',*,*,#10273,.F.);
#10317=ORIENTED_EDGE('',*,*,#10301,.T.);
#10319=ORIENTED_EDGE('',*,*,#10318,.F.);
#10320=ORIENTED_EDGE('',*,*,#10084,.F.);
#10321=EDGE_LOOP('',(#10315,#10316,#10317,#10319,#10320));
#10322=FACE_OUTER_BOUND('',#10321,.F.);
#10323=ADVANCED_FACE('',(#10322),#10314,.T.);
#10324=CARTESIAN_POINT('',(1.906216301824E1,-2.554794011985E1,
-4.001129214670E1));
#10325=CARTESIAN_POINT('',(1.908307252805E1,-2.554879241773E1,
-4.002358274602E1));
#10326=CARTESIAN_POINT('',(1.914250868771E1,-2.554911876412E1,
-4.006100699879E1));
#10327=CARTESIAN_POINT('',(1.923373160201E1,-2.553978568430E1,
-4.013103697303E1));
#10328=CARTESIAN_POINT('',(1.932781877492E1,-2.551360239619E1,
-4.022278481161E1));
#10329=CARTESIAN_POINT('',(1.940306524339E1,-2.547526623308E1,
-4.031456812168E1));
#10330=CARTESIAN_POINT('',(1.946053297580E1,-2.542692803339E1,
-4.040311925529E1));
#10331=CARTESIAN_POINT('',(1.950141765422E1,-2.537058078907E1,
-4.048584850003E1));
#10332=CARTESIAN_POINT('',(1.952707769504E1,-2.530825901974E1,
-4.056071395090E1));
#10333=CARTESIAN_POINT('',(1.953909139005E1,-2.524204627473E1,
-4.062627217414E1));
#10334=CARTESIAN_POINT('',(1.953918261405E1,-2.517370414267E1,
-4.068190488302E1));
#10335=CARTESIAN_POINT('',(1.952890174585E1,-2.510441855613E1,
-4.072764054404E1));
#10336=CARTESIAN_POINT('',(1.950936427249E1,-2.503482990519E1,
-4.076375322170E1));
#10337=CARTESIAN_POINT('',(1.948112942045E1,-2.496520121292E1,
-4.079039188564E1));
#10338=CARTESIAN_POINT('',(1.944419126200E1,-2.489567017965E1,
-4.080728646801E1));
#10339=CARTESIAN_POINT('',(1.939801639811E1,-2.482651450318E1,
-4.081350889349E1));
#10340=CARTESIAN_POINT('',(1.936202759184E1,-2.478309117765E1,
-4.080954338428E1));
#10341=CARTESIAN_POINT('',(1.934256482981E1,-2.476227894840E1,
-4.080540305552E1));
#10342=CARTESIAN_POINT('',(1.931685501213E1,-2.581653186253E1,
-3.992577810032E1));
#10343=CARTESIAN_POINT('',(1.933952300438E1,-2.581962484387E1,
-3.995056356603E1));
#10344=CARTESIAN_POINT('',(1.940306190611E1,-2.582481660252E1,
-4.002390732266E1));
#10345=CARTESIAN_POINT('',(1.949637730227E1,-2.581620730318E1,
-4.015182358128E1));
#10346=CARTESIAN_POINT('',(1.958628828762E1,-2.578086309779E1,
-4.030849749935E1));
#10347=CARTESIAN_POINT('',(1.965221867808E1,-2.572590628051E1,
-4.045772404366E1));
#10348=CARTESIAN_POINT('',(1.969652337796E1,-2.565550637005E1,
-4.059626162951E1));
#10349=CARTESIAN_POINT('',(1.972144889266E1,-2.557327984171E1,
-4.072168513189E1));
#10350=CARTESIAN_POINT('',(1.972922933430E1,-2.548262891703E1,
-4.083226507242E1));
#10351=CARTESIAN_POINT('',(1.972215875168E1,-2.538677567518E1,
-4.092703210803E1));
#10352=CARTESIAN_POINT('',(1.970243871926E1,-2.528826479127E1,
-4.100604645396E1));
#10353=CARTESIAN_POINT('',(1.967182791601E1,-2.518866187284E1,
-4.107008764350E1));
#10354=CARTESIAN_POINT('',(1.963141954530E1,-2.508865039900E1,
-4.112008741492E1));
#10355=CARTESIAN_POINT('',(1.958157204736E1,-2.498829136794E1,
-4.115664717388E1));
#10356=CARTESIAN_POINT('',(1.952194973814E1,-2.488736317032E1,
-4.117967270017E1));
#10357=CARTESIAN_POINT('',(1.945158679632E1,-2.478567754294E1,
-4.118807436028E1));
#10358=CARTESIAN_POINT('',(1.939887409388E1,-2.472042881677E1,
-4.118261256136E1));
#10359=CARTESIAN_POINT('',(1.937081341468E1,-2.468859502785E1,
-4.117691916947E1));
#10360=CARTESIAN_POINT('',(1.933481263948E1,-2.616106112590E1,
-4.008616300842E1));
#10361=CARTESIAN_POINT('',(1.935473709927E1,-2.615948145956E1,
-4.012111173045E1));
#10362=CARTESIAN_POINT('',(1.940912197680E1,-2.615056921107E1,
-4.022209295937E1));
#10363=CARTESIAN_POINT('',(1.948275526020E1,-2.611641869143E1,
-4.038721173075E1));
#10364=CARTESIAN_POINT('',(1.954487592149E1,-2.604986457874E1,
-4.057564668563E1));
#10365=CARTESIAN_POINT('',(1.958211652084E1,-2.596636683900E1,
-4.074496440342E1));
#10366=CARTESIAN_POINT('',(1.959852301375E1,-2.587132658221E1,
-4.089443065655E1));
#10367=CARTESIAN_POINT('',(1.959758233278E1,-2.576905903196E1,
-4.102383143146E1));
#10368=CARTESIAN_POINT('',(1.958243169101E1,-2.566317803821E1,
-4.113346484547E1));
#10369=CARTESIAN_POINT('',(1.955592199466E1,-2.555665966735E1,
-4.122418889942E1));
#10370=CARTESIAN_POINT('',(1.952041525244E1,-2.545141882791E1,
-4.129758629280E1));
#10371=CARTESIAN_POINT('',(1.947752753695E1,-2.534820096995E1,
-4.135558370668E1));
#10372=CARTESIAN_POINT('',(1.942806021332E1,-2.524684114841E1,
-4.139992930422E1));
#10373=CARTESIAN_POINT('',(1.937204556311E1,-2.514658484095E1,
-4.143181600838E1));
#10374=CARTESIAN_POINT('',(1.930884124385E1,-2.504639843339E1,
-4.145162709151E1));
#10375=CARTESIAN_POINT('',(1.923717944178E1,-2.494518526557E1,
-4.145872216030E1));
#10376=CARTESIAN_POINT('',(1.918485795269E1,-2.487932937067E1,
-4.145392580989E1));
#10377=CARTESIAN_POINT('',(1.915725144100E1,-2.484670899465E1,
-4.144894150320E1));
#10378=CARTESIAN_POINT('',(1.909933799117E1,-2.628845376007E1,
-4.035725941231E1));
#10379=CARTESIAN_POINT('',(1.911432766300E1,-2.627922814279E1,
-4.039136738374E1));
#10380=CARTESIAN_POINT('',(1.915402221822E1,-2.624914633473E1,
-4.048810927831E1));
#10381=CARTESIAN_POINT('',(1.920283837141E1,-2.618479432394E1,
-4.063792976643E1));
#10382=CARTESIAN_POINT('',(1.923709109730E1,-2.609144041284E1,
-4.079770582362E1));
#10383=CARTESIAN_POINT('',(1.925059607799E1,-2.599172658066E1,
-4.093242520063E1));
#10384=CARTESIAN_POINT('',(1.924805009111E1,-2.589044453057E1,
-4.104422083141E1));
#10385=CARTESIAN_POINT('',(1.923331443448E1,-2.579108273416E1,
-4.113526466685E1));
#10386=CARTESIAN_POINT('',(1.920968758946E1,-2.569612346763E1,
-4.120788030695E1));
#10387=CARTESIAN_POINT('',(1.917994306464E1,-2.560711365223E1,
-4.126455753422E1));
#10388=CARTESIAN_POINT('',(1.914614748027E1,-2.552445376009E1,
-4.130795341612E1));
#10389=CARTESIAN_POINT('',(1.910954281665E1,-2.544756089755E1,
-4.134056288656E1));
#10390=CARTESIAN_POINT('',(1.907061608583E1,-2.537524773211E1,
-4.136441466684E1));
#10391=CARTESIAN_POINT('',(1.902922516947E1,-2.530602188555E1,
-4.138092915513E1));
#10392=CARTESIAN_POINT('',(1.898470555969E1,-2.523827415900E1,
-4.139086374233E1));
#10393=CARTESIAN_POINT('',(1.893587593435E1,-2.517032835687E1,
-4.139425895119E1));
#10394=CARTESIAN_POINT('',(1.890082860470E1,-2.512572618178E1,
-4.139173563001E1));
#10395=CARTESIAN_POINT('',(1.888239490367E1,-2.510328480434E1,
-4.138913181597E1));
#10396=(BOUNDED_SURFACE()B_SPLINE_SURFACE(3,3,((#10324,#10325,#10326,#10327,
#10328,#10329,#10330,#10331,#10332,#10333,#10334,#10335,#10336,#10337,#10338,
#10339,#10340,#10341),(#10342,#10343,#10344,#10345,#10346,#10347,#10348,#10349,
#10350,#10351,#10352,#10353,#10354,#10355,#10356,#10357,#10358,#10359),(#10360,
#10361,#10362,#10363,#10364,#10365,#10366,#10367,#10368,#10369,#10370,#10371,
#10372,#10373,#10374,#10375,#10376,#10377),(#10378,#10379,#10380,#10381,#10382,
#10383,#10384,#10385,#10386,#10387,#10388,#10389,#10390,#10391,#10392,#10393,
#10394,#10395)),.UNSPECIFIED.,.F.,.F.,.F.)B_SPLINE_SURFACE_WITH_KNOTS((4,4),(4,
1,1,1,1,1,1,1,1,1,1,1,1,1,1,4),(3.000844347949E-2,9.635169727557E-1),(
-6.918348401754E-2,0.E0,1.281274511494E-1,2.430020019121E-1,3.462222315647E-1,
4.392428500683E-1,5.233753349292E-1,5.993482394156E-1,6.679245015658E-1,
7.302705306410E-1,7.878063144019E-1,8.420101148697E-1,8.943986387707E-1,
9.465261810629E-1,1.E0,1.056604105845E0),.UNSPECIFIED.)GEOMETRIC_REPRESENTATION_ITEM()RATIONAL_B_SPLINE_SURFACE(((1.273373558273E0,1.273373558273E0,
1.273373558273E0,1.273373558273E0,1.273373558273E0,1.273373558273E0,
1.273373558273E0,1.273373558273E0,1.273373558273E0,1.273373558273E0,
1.273373558273E0,1.273373558273E0,1.273373558273E0,1.273373558273E0,
1.273373558273E0,1.273373558273E0,1.273373558273E0,1.273373558273E0),(
9.113861356111E-1,9.113861356111E-1,9.113861356111E-1,9.113861356111E-1,
9.113861356111E-1,9.113861356111E-1,9.113861356111E-1,9.113861356111E-1,
9.113861356111E-1,9.113861356111E-1,9.113861356111E-1,9.113861356111E-1,
9.113861356111E-1,9.113861356111E-1,9.113861356111E-1,9.113861356111E-1,
9.113861356111E-1,9.113861356111E-1),(9.088927739142E-1,9.088927739142E-1,
9.088927739142E-1,9.088927739142E-1,9.088927739142E-1,9.088927739142E-1,
9.088927739142E-1,9.088927739142E-1,9.088927739142E-1,9.088927739142E-1,
9.088927739142E-1,9.088927739142E-1,9.088927739142E-1,9.088927739142E-1,
9.088927739142E-1,9.088927739142E-1,9.088927739142E-1,9.088927739142E-1),(
1.265893473183E0,1.265893473183E0,1.265893473183E0,1.265893473183E0,
1.265893473183E0,1.265893473183E0,1.265893473183E0,1.265893473183E0,
1.265893473183E0,1.265893473183E0,1.265893473183E0,1.265893473183E0,
1.265893473183E0,1.265893473183E0,1.265893473183E0,1.265893473183E0,
1.265893473183E0,1.265893473183E0)))REPRESENTATION_ITEM('')SURFACE());
#10397=ORIENTED_EDGE('',*,*,#10318,.T.);
#10398=ORIENTED_EDGE('',*,*,#10305,.T.);
#10400=ORIENTED_EDGE('',*,*,#10399,.T.);
#10401=EDGE_LOOP('',(#10397,#10398,#10400));
#10402=FACE_OUTER_BOUND('',#10401,.F.);
#10403=ADVANCED_FACE('',(#10402),#10396,.T.);
#10404=CARTESIAN_POINT('',(0.E0,0.E0,-4.04E1));
#10405=DIRECTION('',(0.E0,0.E0,-1.E0));
#10406=DIRECTION('',(-6.635980428924E-1,7.480893245257E-1,0.E0));
#10407=AXIS2_PLACEMENT_3D('',#10404,#10405,#10406);
#10408=TOROIDAL_SURFACE('',#10407,3.15E1,1.E0);
#10410=ORIENTED_EDGE('',*,*,#10409,.F.);
#10411=ORIENTED_EDGE('',*,*,#10086,.F.);
#10412=ORIENTED_EDGE('',*,*,#10399,.F.);
#10413=ORIENTED_EDGE('',*,*,#9972,.T.);
#10414=EDGE_LOOP('',(#10410,#10411,#10412,#10413));
#10415=FACE_OUTER_BOUND('',#10414,.F.);
#10416=ADVANCED_FACE('',(#10415),#10408,.T.);
#10417=CARTESIAN_POINT('',(-2.202459518978E1,-2.389068344058E1,
-4.036178005788E1));
#10418=CARTESIAN_POINT('',(-2.203820699863E1,-2.387957445646E1,
-4.039578853530E1));
#10419=CARTESIAN_POINT('',(-2.208501948909E1,-2.383345230541E1,
-4.052320541216E1));
#10420=CARTESIAN_POINT('',(-2.213365437438E1,-2.373153860459E1,
-4.072595781905E1));
#10421=CARTESIAN_POINT('',(-2.214221652462E1,-2.357071468286E1,
-4.094872845794E1));
#10422=CARTESIAN_POINT('',(-2.210867889271E1,-2.340492632875E1,
-4.111937890663E1));
#10423=CARTESIAN_POINT('',(-2.204612042299E1,-2.324509276756E1,
-4.124263407108E1));
#10424=CARTESIAN_POINT('',(-2.196321457933E1,-2.309426138869E1,
-4.132674344187E1));
#10425=CARTESIAN_POINT('',(-2.185968536564E1,-2.294587744109E1,
-4.137966825081E1));
#10426=CARTESIAN_POINT('',(-2.175837090583E1,-2.282813673181E1,
-4.139499866571E1));
#10427=CARTESIAN_POINT('',(-2.169124547401E1,-2.276061542866E1,
-4.139072988578E1));
#10428=CARTESIAN_POINT('',(-2.167045987283E1,-2.274056944323E1,
-4.138808008165E1));
#10429=CARTESIAN_POINT('',(-2.224558516709E1,-2.374089997188E1,
-4.009166174423E1));
#10430=CARTESIAN_POINT('',(-2.226490150517E1,-2.373681131968E1,
-4.012672902836E1));
#10431=CARTESIAN_POINT('',(-2.233400075780E1,-2.371608044286E1,
-4.026041579530E1));
#10432=CARTESIAN_POINT('',(-2.242132684488E1,-2.364938314452E1,
-4.048850071849E1));
#10433=CARTESIAN_POINT('',(-2.247229655994E1,-2.351321203630E1,
-4.076594050950E1));
#10434=CARTESIAN_POINT('',(-2.246698063645E1,-2.334792799686E1,
-4.100117758794E1));
#10435=CARTESIAN_POINT('',(-2.241563974626E1,-2.316566731933E1,-4.118997113E1));
#10436=CARTESIAN_POINT('',(-2.232500170834E1,-2.297205264892E1,
-4.133329998472E1));
#10437=CARTESIAN_POINT('',(-2.219111213687E1,-2.276169246989E1,
-4.143338629009E1));
#10438=CARTESIAN_POINT('',(-2.204354821154E1,-2.258408996540E1,
-4.146521951991E1));
#10439=CARTESIAN_POINT('',(-2.194291202203E1,-2.248418774184E1,
-4.145701158817E1));
#10440=CARTESIAN_POINT('',(-2.191157684863E1,-2.245514655603E1,
-4.145196344737E1));
#10441=CARTESIAN_POINT('',(-2.219296315833E1,-2.340190305833E1,
-3.992755840562E1));
#10442=CARTESIAN_POINT('',(-2.221561081351E1,-2.340228229937E1,
-3.995268201284E1));
#10443=CARTESIAN_POINT('',(-2.229914501794E1,-2.339903706698E1,
-4.005061456998E1));
#10444=CARTESIAN_POINT('',(-2.241997476918E1,-2.336524898572E1,
-4.023181374136E1));
#10445=CARTESIAN_POINT('',(-2.252238405532E1,-2.327053721061E1,
-4.047522910316E1));
#10446=CARTESIAN_POINT('',(-2.256683896651E1,-2.313764766904E1,
-4.069920256976E1));
#10447=CARTESIAN_POINT('',(-2.255799764036E1,-2.297587965224E1,
-4.089217237531E1));
#10448=CARTESIAN_POINT('',(-2.249934973344E1,-2.279093739474E1,
-4.104779916051E1));
#10449=CARTESIAN_POINT('',(-2.238537648531E1,-2.257956070084E1,
-4.116207519863E1));
#10450=CARTESIAN_POINT('',(-2.224165627763E1,-2.239754404721E1,
-4.119987088881E1));
#10451=CARTESIAN_POINT('',(-2.213967956788E1,-2.229811768091E1,
-4.119043031378E1));
#10452=CARTESIAN_POINT('',(-2.210763567980E1,-2.226980033770E1,
-4.118464755924E1));
#10453=CARTESIAN_POINT('',(-2.190974508985E1,-2.316105205063E1,
-4.000986321644E1));
#10454=CARTESIAN_POINT('',(-2.193049941249E1,-2.315952656295E1,
-4.002243416854E1));
#10455=CARTESIAN_POINT('',(-2.200827700905E1,-2.315092416016E1,
-4.007275267978E1));
#10456=CARTESIAN_POINT('',(-2.212886710042E1,-2.311970713935E1,
-4.017429186889E1));
#10457=CARTESIAN_POINT('',(-2.224801575509E1,-2.304807591143E1,
-4.032337699994E1));
#10458=CARTESIAN_POINT('',(-2.232156054003E1,-2.295210095324E1,
-4.046933151421E1));
#10459=CARTESIAN_POINT('',(-2.235052415985E1,-2.283657925307E1,
-4.060116059357E1));
#10460=CARTESIAN_POINT('',(-2.233661385474E1,-2.270471727215E1,
-4.071138885820E1));
#10461=CARTESIAN_POINT('',(-2.227620603872E1,-2.255454610937E1,
-4.079458829639E1));
#10462=CARTESIAN_POINT('',(-2.218347673534E1,-2.242768182856E1,
-4.082266155279E1));
#10463=CARTESIAN_POINT('',(-2.211368042869E1,-2.236139695331E1,
-4.081576182897E1));
#10464=CARTESIAN_POINT('',(-2.209143610137E1,-2.234296957046E1,
-4.081154440167E1));
#10465=(BOUNDED_SURFACE()B_SPLINE_SURFACE(3,3,((#10417,#10418,#10419,#10420,
#10421,#10422,#10423,#10424,#10425,#10426,#10427,#10428),(#10429,#10430,#10431,
#10432,#10433,#10434,#10435,#10436,#10437,#10438,#10439,#10440),(#10441,#10442,
#10443,#10444,#10445,#10446,#10447,#10448,#10449,#10450,#10451,#10452),(#10453,
#10454,#10455,#10456,#10457,#10458,#10459,#10460,#10461,#10462,#10463,#10464)),
.UNSPECIFIED.,.F.,.F.,.F.)B_SPLINE_SURFACE_WITH_KNOTS((4,4),(4,1,1,1,1,1,1,1,1,
4),(3.011905171716E-2,9.627470873781E-1),(-6.855568487067E-2,0.E0,
1.901277907396E-1,3.577215037358E-1,5.062902524393E-1,6.371462041848E-1,
7.545936205053E-1,8.703513583258E-1,1.E0,1.056894661529E0),.UNSPECIFIED.)GEOMETRIC_REPRESENTATION_ITEM()RATIONAL_B_SPLINE_SURFACE(((1.273395146811E0,
1.273395146811E0,1.273395146811E0,1.273395146811E0,1.273395146811E0,
1.273395146811E0,1.273395146811E0,1.273395146811E0,1.273395146811E0,
1.273395146811E0,1.273395146811E0,1.273395146811E0),(9.116354575942E-1,
9.116354575942E-1,9.116354575942E-1,9.116354575942E-1,9.116354575942E-1,
9.116354575942E-1,9.116354575942E-1,9.116354575942E-1,9.116354575942E-1,
9.116354575942E-1,9.116354575942E-1,9.116354575942E-1),(9.088892903860E-1,
9.088892903860E-1,9.088892903860E-1,9.088892903860E-1,9.088892903860E-1,
9.088892903860E-1,9.088892903860E-1,9.088892903860E-1,9.088892903860E-1,
9.088892903860E-1,9.088892903860E-1,9.088892903860E-1),(1.265156645187E0,
1.265156645187E0,1.265156645187E0,1.265156645187E0,1.265156645187E0,
1.265156645187E0,1.265156645187E0,1.265156645187E0,1.265156645187E0,
1.265156645187E0,1.265156645187E0,1.265156645187E0)))REPRESENTATION_ITEM('')SURFACE());
#10466=ORIENTED_EDGE('',*,*,#10409,.T.);
#10468=ORIENTED_EDGE('',*,*,#10467,.F.);
#10470=ORIENTED_EDGE('',*,*,#10469,.F.);
#10471=EDGE_LOOP('',(#10466,#10468,#10470));
#10472=FACE_OUTER_BOUND('',#10471,.F.);
#10473=ADVANCED_FACE('',(#10472),#10465,.T.);
#10474=CARTESIAN_POINT('',(-2.165993242798E1,-2.282808963024E1,
-4.137458905524E1));
#10475=CARTESIAN_POINT('',(-2.195656204129E1,-2.249352485603E1,
-4.152285264932E1));
#10476=CARTESIAN_POINT('',(-2.217754144310E1,-2.224428499475E1,
-4.118975746100E1));
#10477=CARTESIAN_POINT('',(-2.207918157037E1,-2.235522384621E1,
-4.074263028040E1));
#10478=CARTESIAN_POINT('',(-2.166764192988E1,-2.283492497796E1,
-4.137458905524E1));
#10479=CARTESIAN_POINT('',(-2.197433232313E1,-2.250928022610E1,
-4.152285264932E1));
#10480=CARTESIAN_POINT('',(-2.220280667836E1,-2.226668549097E1,
-4.118975746100E1));
#10481=CARTESIAN_POINT('',(-2.210111073603E1,-2.237466653842E1,
-4.074263028040E1));
#10482=CARTESIAN_POINT('',(-2.167503548322E1,-2.284210089373E1,
-4.137458905524E1));
#10483=CARTESIAN_POINT('',(-2.199137434845E1,-2.252582060021E1,
-4.152285264932E1));
#10484=CARTESIAN_POINT('',(-2.222703650109E1,-2.229020208158E1,
-4.118975746100E1));
#10485=CARTESIAN_POINT('',(-2.212214120700E1,-2.239507795379E1,
-4.074263028040E1));
#10486=CARTESIAN_POINT('',(-2.168209805759E1,-2.284960278957E1,
-4.137458905524E1));
#10487=CARTESIAN_POINT('',(-2.200765347241E1,-2.254311235332E1,
-4.152285264932E1));
#10488=CARTESIAN_POINT('',(-2.225018165435E1,-2.231478695954E1,
-4.118975746100E1));
#10489=CARTESIAN_POINT('',(-2.214223023032E1,-2.241641659782E1,
-4.074263028040E1));
#10490=(BOUNDED_SURFACE()B_SPLINE_SURFACE(3,3,((#10474,#10475,#10476,#10477),(
#10478,#10479,#10480,#10481),(#10482,#10483,#10484,#10485),(#10486,#10487,
#10488,#10489)),.UNSPECIFIED.,.F.,.F.,.F.)B_SPLINE_SURFACE_WITH_KNOTS((4,4),(4,
4),(0.E0,1.E0),(0.E0,1.E0),.UNSPECIFIED.)GEOMETRIC_REPRESENTATION_ITEM()RATIONAL_B_SPLINE_SURFACE(((1.381330267339E0,8.735678909191E-1,8.735678909191E-1,
1.381330267339E0),(1.380394228962E0,8.729759303355E-1,8.729759303355E-1,
1.380394228962E0),(1.380394228962E0,8.729759303355E-1,8.729759303355E-1,
1.380394228962E0),(1.381330267339E0,8.735678909191E-1,8.735678909191E-1,
1.381330267339E0)))REPRESENTATION_ITEM('')SURFACE());
#10491=ORIENTED_EDGE('',*,*,#10467,.T.);
#10492=ORIENTED_EDGE('',*,*,#9970,.T.);
#10494=ORIENTED_EDGE('',*,*,#10493,.F.);
#10496=ORIENTED_EDGE('',*,*,#10495,.F.);
#10497=EDGE_LOOP('',(#10491,#10492,#10494,#10496));
#10498=FACE_OUTER_BOUND('',#10497,.F.);
#10499=ADVANCED_FACE('',(#10498),#10490,.T.);
#10500=CARTESIAN_POINT('',(-1.765716961092E1,-1.905612691558E1,-4.09E1));
#10501=DIRECTION('',(-7.471024186954E-1,-6.647089408E-1,0.E0));
#10502=DIRECTION('',(-6.647089408E-1,7.471024186954E-1,0.E0));
#10503=AXIS2_PLACEMENT_3D('',#10500,#10501,#10502);
#10504=CYLINDRICAL_SURFACE('',#10503,5.E-1);
#10506=ORIENTED_EDGE('',*,*,#10505,.F.);
#10507=ORIENTED_EDGE('',*,*,#10493,.T.);
#10508=ORIENTED_EDGE('',*,*,#9968,.F.);
#10510=ORIENTED_EDGE('',*,*,#10509,.T.);
#10511=EDGE_LOOP('',(#10506,#10507,#10508,#10510));
#10512=FACE_OUTER_BOUND('',#10511,.F.);
#10513=ADVANCED_FACE('',(#10512),#10504,.T.);
#10514=CARTESIAN_POINT('',(-1.809524500448E1,-1.877663729819E1,-3.74E1));
#10515=DIRECTION('',(6.647089408E-1,-7.471024186954E-1,0.E0));
#10516=DIRECTION('',(0.E0,0.E0,-1.E0));
#10517=AXIS2_PLACEMENT_3D('',#10514,#10515,#10516);
#10518=PLANE('',#10517);
#10520=ORIENTED_EDGE('',*,*,#10519,.F.);
#10522=ORIENTED_EDGE('',*,*,#10521,.T.);
#10523=ORIENTED_EDGE('',*,*,#10505,.T.);
#10525=ORIENTED_EDGE('',*,*,#10524,.T.);
#10527=ORIENTED_EDGE('',*,*,#10526,.T.);
#10528=EDGE_LOOP('',(#10520,#10522,#10523,#10525,#10527));
#10529=FACE_OUTER_BOUND('',#10528,.F.);
#10530=ADVANCED_FACE('',(#10529),#10518,.F.);
#10531=CARTESIAN_POINT('',(0.E0,0.E0,-3.9E1));
#10532=DIRECTION('',(0.E0,0.E0,-1.E0));
#10533=DIRECTION('',(6.647089408E-1,-7.471024186954E-1,0.E0));
#10534=AXIS2_PLACEMENT_3D('',#10531,#10532,#10533);
#10535=PLANE('',#10534);
#10537=ORIENTED_EDGE('',*,*,#10536,.F.);
#10539=ORIENTED_EDGE('',*,*,#10538,.T.);
#10541=ORIENTED_EDGE('',*,*,#10540,.F.);
#10542=ORIENTED_EDGE('',*,*,#9842,.F.);
#10543=ORIENTED_EDGE('',*,*,#10090,.F.);
#10545=ORIENTED_EDGE('',*,*,#10544,.F.);
#10546=ORIENTED_EDGE('',*,*,#10519,.T.);
#10547=EDGE_LOOP('',(#10537,#10539,#10541,#10542,#10543,#10545,#10546));
#10548=FACE_OUTER_BOUND('',#10547,.F.);
#10549=ADVANCED_FACE('',(#10548),#10535,.T.);
#10550=CARTESIAN_POINT('',(-1.942466288608E1,-1.728243246080E1,
-4.093210084068E1));
#10551=DIRECTION('',(0.E0,0.E0,1.E0));
#10552=DIRECTION('',(-1.E0,0.E0,0.E0));
#10553=AXIS2_PLACEMENT_3D('',#10550,#10551,#10552);
#10554=CYLINDRICAL_SURFACE('',#10553,2.E0);
#10556=ORIENTED_EDGE('',*,*,#10555,.F.);
#10557=ORIENTED_EDGE('',*,*,#10536,.T.);
#10558=ORIENTED_EDGE('',*,*,#10526,.F.);
#10560=ORIENTED_EDGE('',*,*,#10559,.T.);
#10562=ORIENTED_EDGE('',*,*,#10561,.T.);
#10563=EDGE_LOOP('',(#10556,#10557,#10558,#10560,#10562));
#10564=FACE_OUTER_BOUND('',#10563,.F.);
#10565=ADVANCED_FACE('',(#10564),#10554,.T.);
#10566=CARTESIAN_POINT('',(-2.075408076768E1,-1.578822762341E1,-3.74E1));
#10567=DIRECTION('',(-6.647089408E-1,7.471024186954E-1,0.E0));
#10568=DIRECTION('',(7.471024186954E-1,6.647089408E-1,0.E0));
#10569=AXIS2_PLACEMENT_3D('',#10566,#10567,#10568);
#10570=PLANE('',#10569);
#10572=ORIENTED_EDGE('',*,*,#10571,.T.);
#10574=ORIENTED_EDGE('',*,*,#10573,.T.);
#10575=ORIENTED_EDGE('',*,*,#10538,.F.);
#10576=ORIENTED_EDGE('',*,*,#10555,.T.);
#10578=ORIENTED_EDGE('',*,*,#10577,.T.);
#10579=EDGE_LOOP('',(#10572,#10574,#10575,#10576,#10578));
#10580=FACE_OUTER_BOUND('',#10579,.F.);
#10581=ADVANCED_FACE('',(#10580),#10570,.F.);
#10582=CARTESIAN_POINT('',(-2.635102295484E1,-2.009866409418E1,-4.09E1));
#10583=DIRECTION('',(7.471024186954E-1,6.647089408E-1,0.E0));
#10584=DIRECTION('',(6.647089408E-1,-7.471024186954E-1,0.E0));
#10585=AXIS2_PLACEMENT_3D('',#10582,#10583,#10584);
#10586=CYLINDRICAL_SURFACE('',#10585,5.E-1);
#10587=ORIENTED_EDGE('',*,*,#9964,.F.);
#10589=ORIENTED_EDGE('',*,*,#10588,.T.);
#10590=ORIENTED_EDGE('',*,*,#10571,.F.);
#10592=ORIENTED_EDGE('',*,*,#10591,.T.);
#10593=EDGE_LOOP('',(#10587,#10589,#10590,#10592));
#10594=FACE_OUTER_BOUND('',#10593,.F.);
#10595=ADVANCED_FACE('',(#10594),#10586,.T.);
#10596=CARTESIAN_POINT('',(-2.542088097508E1,-1.860184965137E1,
-4.090000000011E1));
#10597=DIRECTION('',(1.292800449608E-10,-1.619534073977E-10,-1.E0));
#10598=DIRECTION('',(-6.647089408E-1,7.471024186954E-1,-2.069293841353E-10));
#10599=AXIS2_PLACEMENT_3D('',#10596,#10597,#10598);
#10600=TOROIDAL_SURFACE('',#10599,5.000000002373E-1,5.000000001683E-1);
#10602=ORIENTED_EDGE('',*,*,#10601,.F.);
#10603=ORIENTED_EDGE('',*,*,#10588,.F.);
#10604=ORIENTED_EDGE('',*,*,#9962,.T.);
#10606=ORIENTED_EDGE('',*,*,#10605,.T.);
#10607=EDGE_LOOP('',(#10602,#10603,#10604,#10606));
#10608=FACE_OUTER_BOUND('',#10607,.F.);
#10609=ADVANCED_FACE('',(#10608),#10600,.T.);
#10610=CARTESIAN_POINT('',(-2.542088097482E1,-1.860184965168E1,-1.053176E1));
#10611=DIRECTION('',(0.E0,0.E0,-1.E0));
#10612=DIRECTION('',(6.647089408E-1,-7.471024186954E-1,0.E0));
#10613=AXIS2_PLACEMENT_3D('',#10610,#10611,#10612);
#10614=CYLINDRICAL_SURFACE('',#10613,1.E0);
#10615=ORIENTED_EDGE('',*,*,#10540,.T.);
#10616=ORIENTED_EDGE('',*,*,#10573,.F.);
#10617=ORIENTED_EDGE('',*,*,#10601,.T.);
#10619=ORIENTED_EDGE('',*,*,#10618,.F.);
#10620=ORIENTED_EDGE('',*,*,#9844,.F.);
#10621=EDGE_LOOP('',(#10615,#10616,#10617,#10619,#10620));
#10622=FACE_OUTER_BOUND('',#10621,.F.);
#10623=ADVANCED_FACE('',(#10622),#10614,.T.);
#10624=CARTESIAN_POINT('',(-2.554794130974E1,-1.906216792331E1,
-4.001129412764E1));
#10625=CARTESIAN_POINT('',(-2.554879347059E1,-1.908307612168E1,
-4.002358410960E1));
#10626=CARTESIAN_POINT('',(-2.554911969177E1,-1.914251095285E1,
-4.006100782844E1));
#10627=CARTESIAN_POINT('',(-2.553978674425E1,-1.923373260914E1,
-4.013103705274E1));
#10628=CARTESIAN_POINT('',(-2.551360342102E1,-1.932781976603E1,
-4.022278514029E1));
#10629=CARTESIAN_POINT('',(-2.547526719418E1,-1.940306619878E1,
-4.031456867062E1));
#10630=CARTESIAN_POINT('',(-2.542692890989E1,-1.946053388072E1,
-4.040311999591E1));
#10631=CARTESIAN_POINT('',(-2.537058156633E1,-1.950141849794E1,
-4.048584940436E1));
#10632=CARTESIAN_POINT('',(-2.530825968837E1,-1.952707847020E1,
-4.056071499218E1));
#10633=CARTESIAN_POINT('',(-2.524204682971E1,-1.953909209203E1,
-4.062627332742E1));
#10634=CARTESIAN_POINT('',(-2.517370458196E1,-1.953918324006E1,
-4.068190612596E1));
#10635=CARTESIAN_POINT('',(-2.510441887917E1,-1.952890229391E1,
-4.072764185717E1));
#10636=CARTESIAN_POINT('',(-2.503483011157E1,-1.950936474051E1,
-4.076375458808E1));
#10637=CARTESIAN_POINT('',(-2.496520130146E1,-1.948112980560E1,
-4.079039329006E1));
#10638=CARTESIAN_POINT('',(-2.489567014780E1,-1.944419156017E1,
-4.080728789594E1));
#10639=CARTESIAN_POINT('',(-2.482653199373E1,-1.939802838643E1,
-4.081350874195E1));
#10640=CARTESIAN_POINT('',(-2.478312359400E1,-1.936205479754E1,
-4.080954779591E1));
#10641=CARTESIAN_POINT('',(-2.476232430993E1,-1.934260760419E1,
-4.080541360014E1));
#10642=CARTESIAN_POINT('',(-2.581652100040E1,-1.931684732007E1,
-3.992578736229E1));
#10643=CARTESIAN_POINT('',(-2.581961350623E1,-1.933951375132E1,
-3.995057083904E1));
#10644=CARTESIAN_POINT('',(-2.582480463765E1,-1.940305093155E1,
-4.002391155392E1));
#10645=CARTESIAN_POINT('',(-2.581619533268E1,-1.949636486382E1,
-4.015182343910E1));
#10646=CARTESIAN_POINT('',(-2.578085144828E1,-1.958627594720E1,
-4.030849440751E1));
#10647=CARTESIAN_POINT('',(-2.572589531340E1,-1.965220667494E1,
-4.045771831358E1));
#10648=CARTESIAN_POINT('',(-2.565549635591E1,-1.969651189641E1,
-4.059625358032E1));
#10649=CARTESIAN_POINT('',(-2.557327097700E1,-1.972143807183E1,
-4.072167508282E1));
#10650=CARTESIAN_POINT('',(-2.548262133446E1,-1.972921927524E1,
-4.083225333520E1));
#10651=CARTESIAN_POINT('',(-2.538676945287E1,-1.972214952364E1,
-4.092701897852E1));
#10652=CARTESIAN_POINT('',(-2.528825996816E1,-1.970243036957E1,
-4.100603220146E1));
#10653=CARTESIAN_POINT('',(-2.518865846703E1,-1.967182048162E1,
-4.107007250593E1));
#10654=CARTESIAN_POINT('',(-2.508864842354E1,-1.963141306320E1,
-4.112007160211E1));
#10655=CARTESIAN_POINT('',(-2.498829084250E1,-1.958156656284E1,
-4.115663087642E1));
#10656=CARTESIAN_POINT('',(-2.488736412864E1,-1.952194531095E1,
-4.117965610204E1));
#10657=CARTESIAN_POINT('',(-2.478570598518E1,-1.945160146043E1,
-4.118805551079E1));
#10658=CARTESIAN_POINT('',(-2.472048140815E1,-1.939891123418E1,
-4.118260003458E1));
#10659=CARTESIAN_POINT('',(-2.468866908639E1,-1.937087305759E1,
-4.117691509594E1));
#10660=CARTESIAN_POINT('',(-2.616103781664E1,-1.933481458072E1,
-4.008615938858E1));
#10661=CARTESIAN_POINT('',(-2.615945835318E1,-1.935473785920E1,
-4.012110528927E1));
#10662=CARTESIAN_POINT('',(-2.615054692447E1,-1.940912195350E1,
-4.022208249304E1));
#10663=CARTESIAN_POINT('',(-2.611639853310E1,-1.948275548597E1,
-4.038719641566E1));
#10664=CARTESIAN_POINT('',(-2.604984646705E1,-1.954487795969E1,
-4.057562914854E1));
#10665=CARTESIAN_POINT('',(-2.596635061957E1,-1.958212044267E1,
-4.074494541978E1));
#10666=CARTESIAN_POINT('',(-2.587131201575E1,-1.959852877751E1,
-4.089441083914E1));
#10667=CARTESIAN_POINT('',(-2.576904582979E1,-1.959758981371E1,
-4.102381124926E1));
#10668=CARTESIAN_POINT('',(-2.566316589451E1,-1.958244070360E1,
-4.113344463524E1));
#10669=CARTESIAN_POINT('',(-2.555664828940E1,-1.955593231550E1,
-4.122416887822E1));
#10670=CARTESIAN_POINT('',(-2.545140796187E1,-1.952042664652E1,
-4.129756657728E1));
#10671=CARTESIAN_POINT('',(-2.534819041420E1,-1.947753977798E1,
-4.135556433722E1));
#10672=CARTESIAN_POINT('',(-2.524683075626E1,-1.942807309400E1,
-4.139991026663E1));
#10673=CARTESIAN_POINT('',(-2.514657451907E1,-1.937205889779E1,
-4.143179724896E1));
#10674=CARTESIAN_POINT('',(-2.504638814201E1,-1.930885486758E1,
-4.145160852518E1));
#10675=CARTESIAN_POINT('',(-2.494520085249E1,-1.923721149687E1,
-4.145870186270E1));
#10676=CARTESIAN_POINT('',(-2.487936875069E1,-1.918491108501E1,
-4.145391088914E1));
#10677=CARTESIAN_POINT('',(-2.484677042280E1,-1.915732573297E1,
-4.144893377752E1));
#10678=CARTESIAN_POINT('',(-2.628844276144E1,-1.909935793230E1,
-4.035724610437E1));
#10679=CARTESIAN_POINT('',(-2.627921811227E1,-1.911434689017E1,
-4.039135197746E1));
#10680=CARTESIAN_POINT('',(-2.624913827178E1,-1.915404144798E1,
-4.048809201094E1));
#10681=CARTESIAN_POINT('',(-2.618478935055E1,-1.920285872855E1,
-4.063791153225E1));
#10682=CARTESIAN_POINT('',(-2.609143738855E1,-1.923711348121E1,
-4.079768967359E1));
#10683=CARTESIAN_POINT('',(-2.599172473577E1,-1.925062018816E1,
-4.093241156674E1));
#10684=CARTESIAN_POINT('',(-2.589044313967E1,-1.924807557967E1,
-4.104420993711E1));
#10685=CARTESIAN_POINT('',(-2.579108113199E1,-1.923334092636E1,
-4.113525656207E1));
#10686=CARTESIAN_POINT('',(-2.569612107121E1,-1.920971469783E1,
-4.120787489431E1));
#10687=CARTESIAN_POINT('',(-2.560710998252E1,-1.917997040831E1,
-4.126455459766E1));
#10688=CARTESIAN_POINT('',(-2.552444844818E1,-1.914617469953E1,
-4.130795266145E1));
#10689=CARTESIAN_POINT('',(-2.544755367115E1,-1.910956957901E1,
-4.134056397826E1));
#10690=CARTESIAN_POINT('',(-2.537523839329E1,-1.907064208164E1,
-4.136441724897E1));
#10691=CARTESIAN_POINT('',(-2.530601029002E1,-1.902925010177E1,
-4.138093285523E1));
#10692=CARTESIAN_POINT('',(-2.523826020435E1,-1.898472913315E1,
-4.139086816071E1));
#10693=CARTESIAN_POINT('',(-2.517032932182E1,-1.893591030807E1,
-4.139426277219E1));
#10694=CARTESIAN_POINT('',(-2.512574180604E1,-1.890087561907E1,
-4.139174204923E1));
#10695=CARTESIAN_POINT('',(-2.510331560177E1,-1.888245530905E1,
-4.138914176135E1));
#10696=(BOUNDED_SURFACE()B_SPLINE_SURFACE(3,3,((#10624,#10625,#10626,#10627,
#10628,#10629,#10630,#10631,#10632,#10633,#10634,#10635,#10636,#10637,#10638,
#10639,#10640,#10641),(#10642,#10643,#10644,#10645,#10646,#10647,#10648,#10649,
#10650,#10651,#10652,#10653,#10654,#10655,#10656,#10657,#10658,#10659),(#10660,
#10661,#10662,#10663,#10664,#10665,#10666,#10667,#10668,#10669,#10670,#10671,
#10672,#10673,#10674,#10675,#10676,#10677),(#10678,#10679,#10680,#10681,#10682,
#10683,#10684,#10685,#10686,#10687,#10688,#10689,#10690,#10691,#10692,#10693,
#10694,#10695)),.UNSPECIFIED.,.F.,.F.,.F.)B_SPLINE_SURFACE_WITH_KNOTS((4,4),(4,
1,1,1,1,1,1,1,1,1,1,1,1,1,1,4),(3.001011059286E-2,9.634854538895E-1),(
-6.917915136268E-2,0.E0,1.281274511496E-1,2.430020019123E-1,3.462222315649E-1,
4.392428500685E-1,5.233753349293E-1,5.993482394155E-1,6.679245015655E-1,
7.302705306407E-1,7.878063144016E-1,8.420101148693E-1,8.943986387705E-1,
9.465261810628E-1,1.E0,1.056562714349E0),.UNSPECIFIED.)GEOMETRIC_REPRESENTATION_ITEM()RATIONAL_B_SPLINE_SURFACE(((1.273371618903E0,1.273371618903E0,
1.273371618903E0,1.273371618903E0,1.273371618903E0,1.273371618903E0,
1.273371618903E0,1.273371618903E0,1.273371618903E0,1.273371618903E0,
1.273371618903E0,1.273371618903E0,1.273371618903E0,1.273371618903E0,
1.273371618903E0,1.273371618903E0,1.273371618903E0,1.273371618943E0),(
9.113983487618E-1,9.113983487618E-1,9.113983487618E-1,9.113983487618E-1,
9.113983487618E-1,9.113983487618E-1,9.113983487618E-1,9.113983487618E-1,
9.113983487618E-1,9.113983487618E-1,9.113983487618E-1,9.113983487618E-1,
9.113983487618E-1,9.113983487618E-1,9.113983487618E-1,9.113983487618E-1,
9.113983487618E-1,9.113983484011E-1),(9.088935802042E-1,9.088935802042E-1,
9.088935802042E-1,9.088935802042E-1,9.088935802042E-1,9.088935802042E-1,
9.088935802042E-1,9.088935802042E-1,9.088935802042E-1,9.088935802042E-1,
9.088935802042E-1,9.088935802042E-1,9.088935802042E-1,9.088935802042E-1,
9.088935802042E-1,9.088935802042E-1,9.088935802042E-1,9.088935834771E-1),(
1.265857313230E0,1.265857313230E0,1.265857313230E0,1.265857313230E0,
1.265857313230E0,1.265857313230E0,1.265857313230E0,1.265857313230E0,
1.265857313230E0,1.265857313230E0,1.265857313230E0,1.265857313230E0,
1.265857313230E0,1.265857313230E0,1.265857313230E0,1.265857313230E0,
1.265857313230E0,1.265857283528E0)))REPRESENTATION_ITEM('')SURFACE());
#10697=ORIENTED_EDGE('',*,*,#10618,.T.);
#10698=ORIENTED_EDGE('',*,*,#10605,.F.);
#10700=ORIENTED_EDGE('',*,*,#10699,.T.);
#10701=EDGE_LOOP('',(#10697,#10698,#10700));
#10702=FACE_OUTER_BOUND('',#10701,.F.);
#10703=ADVANCED_FACE('',(#10702),#10696,.T.);
#10704=CARTESIAN_POINT('',(0.E0,0.E0,-4.04E1));
#10705=DIRECTION('',(0.E0,0.E0,-1.E0));
#10706=DIRECTION('',(-6.635980428924E-1,7.480893245257E-1,0.E0));
#10707=AXIS2_PLACEMENT_3D('',#10704,#10705,#10706);
#10708=TOROIDAL_SURFACE('',#10707,3.15E1,1.E0);
#10710=ORIENTED_EDGE('',*,*,#10709,.F.);
#10711=ORIENTED_EDGE('',*,*,#9846,.F.);
#10712=ORIENTED_EDGE('',*,*,#10699,.F.);
#10713=ORIENTED_EDGE('',*,*,#9960,.T.);
#10714=EDGE_LOOP('',(#10710,#10711,#10712,#10713));
#10715=FACE_OUTER_BOUND('',#10714,.F.);
#10716=ADVANCED_FACE('',(#10715),#10708,.T.);
#10717=CARTESIAN_POINT('',(-2.389068422281E1,2.202459398413E1,
-4.036178246827E1));
#10718=CARTESIAN_POINT('',(-2.387957524725E1,2.203820565656E1,
-4.039579072607E1));
#10719=CARTESIAN_POINT('',(-2.383345297841E1,2.208501789530E1,
-4.052320734625E1));
#10720=CARTESIAN_POINT('',(-2.373153914639E1,2.213365247721E1,
-4.072595938506E1));
#10721=CARTESIAN_POINT('',(-2.357071506208E1,2.214221434777E1,
-4.094872966340E1));
#10722=CARTESIAN_POINT('',(-2.340492670464E1,2.210867652974E1,
-4.111937968616E1));
#10723=CARTESIAN_POINT('',(-2.324509329136E1,2.204611798604E1,
-4.124263441838E1));
#10724=CARTESIAN_POINT('',(-2.309426219464E1,2.196321219337E1,
-4.132674339862E1));
#10725=CARTESIAN_POINT('',(-2.294587865577E1,2.185968317991E1,
-4.137966789654E1));
#10726=CARTESIAN_POINT('',(-2.282813837825E1,2.175836905693E1,
-4.139499819779E1));
#10727=CARTESIAN_POINT('',(-2.276061732040E1,2.169124388262E1,
-4.139072945300E1));
#10728=CARTESIAN_POINT('',(-2.274057142588E1,2.167045838683E1,
-4.138807967354E1));
#10729=CARTESIAN_POINT('',(-2.374090197451E1,2.224558584286E1,
-4.009166340187E1));
#10730=CARTESIAN_POINT('',(-2.373681330258E1,2.226490202895E1,
-4.012673053535E1));
#10731=CARTESIAN_POINT('',(-2.371608231988E1,2.233400105363E1,
-4.026041731041E1));
#10732=CARTESIAN_POINT('',(-2.364938488558E1,2.242132684834E1,
-4.048850229410E1));
#10733=CARTESIAN_POINT('',(-2.351321352311E1,2.247229624774E1,
-4.076594229253E1));
#10734=CARTESIAN_POINT('',(-2.334792928531E1,2.246698001904E1,
-4.100117943885E1));
#10735=CARTESIAN_POINT('',(-2.316566848269E1,2.241563886844E1,
-4.118997295424E1));
#10736=CARTESIAN_POINT('',(-2.297205375989E1,2.232500063479E1,
-4.133330173267E1));
#10737=CARTESIAN_POINT('',(-2.276169358813E1,2.219111094189E1,
-4.143338795037E1));
#10738=CARTESIAN_POINT('',(-2.258409116744E1,2.204354704014E1,
-4.146522113340E1));
#10739=CARTESIAN_POINT('',(-2.248418898742E1,2.194291091550E1,
-4.145701322764E1));
#10740=CARTESIAN_POINT('',(-2.245514784107E1,2.191157580098E1,
-4.145196510828E1));
#10741=CARTESIAN_POINT('',(-2.340190410305E1,2.219296478901E1,
-3.992755852243E1));
#10742=CARTESIAN_POINT('',(-2.340228333441E1,2.221561230630E1,
-3.995268203888E1));
#10743=CARTESIAN_POINT('',(-2.339903810160E1,2.229914638182E1,
-4.005061466005E1));
#10744=CARTESIAN_POINT('',(-2.336525004206E1,2.241997601349E1,
-4.023181399339E1));
#10745=CARTESIAN_POINT('',(-2.327053816730E1,2.252238522684E1,
-4.047522975920E1));
#10746=CARTESIAN_POINT('',(-2.313764846717E1,2.256684001250E1,
-4.069920355955E1));
#10747=CARTESIAN_POINT('',(-2.297588025221E1,2.255799852374E1,
-4.089217362633E1));
#10748=CARTESIAN_POINT('',(-2.279093776762E1,2.249935042484E1,
-4.104780060528E1));
#10749=CARTESIAN_POINT('',(-2.257956081213E1,2.238537694727E1,
-4.116207677590E1));
#10750=CARTESIAN_POINT('',(-2.239754398004E1,2.224165656668E1,
-4.119987249561E1));
#10751=CARTESIAN_POINT('',(-2.229811751611E1,2.213967977808E1,
-4.119043193124E1));
#10752=CARTESIAN_POINT('',(-2.226980017125E1,2.210763590476E1,
-4.118464918927E1));
#10753=CARTESIAN_POINT('',(-2.316105202847E1,2.190974548101E1,
-4.000986344671E1));
#10754=CARTESIAN_POINT('',(-2.315952654110E1,2.193049967399E1,
-4.002243433116E1));
#10755=CARTESIAN_POINT('',(-2.315092413561E1,2.200827713611E1,
-4.007275277988E1));
#10756=CARTESIAN_POINT('',(-2.311970714568E1,2.212886710793E1,
-4.017429187038E1));
#10757=CARTESIAN_POINT('',(-2.304807591717E1,2.224801576217E1,
-4.032337700386E1));
#10758=CARTESIAN_POINT('',(-2.295210095802E1,2.232156054636E1,
-4.046933152014E1));
#10759=CARTESIAN_POINT('',(-2.283657925666E1,2.235052416521E1,
-4.060116060108E1));
#10760=CARTESIAN_POINT('',(-2.270471727437E1,2.233661385894E1,
-4.071138886689E1));
#10761=CARTESIAN_POINT('',(-2.255454611001E1,2.227620604154E1,
-4.079458830587E1));
#10762=CARTESIAN_POINT('',(-2.242768186763E1,2.218347676597E1,
-4.082266155370E1));
#10763=CARTESIAN_POINT('',(-2.236139701915E1,2.211368050041E1,
-4.081576184566E1));
#10764=CARTESIAN_POINT('',(-2.234296966074E1,2.209143621320E1,
-4.081154443245E1));
#10765=(BOUNDED_SURFACE()B_SPLINE_SURFACE(3,3,((#10717,#10718,#10719,#10720,
#10721,#10722,#10723,#10724,#10725,#10726,#10727,#10728),(#10729,#10730,#10731,
#10732,#10733,#10734,#10735,#10736,#10737,#10738,#10739,#10740),(#10741,#10742,
#10743,#10744,#10745,#10746,#10747,#10748,#10749,#10750,#10751,#10752),(#10753,
#10754,#10755,#10756,#10757,#10758,#10759,#10760,#10761,#10762,#10763,#10764)),
.UNSPECIFIED.,.F.,.F.,.F.)B_SPLINE_SURFACE_WITH_KNOTS((4,4),(4,1,1,1,1,1,1,1,1,
4),(3.011618794683E-2,9.627470762099E-1),(-6.855526223930E-2,0.E0,
1.901277907396E-1,3.577215037359E-1,5.062902524394E-1,6.371462041849E-1,
7.545936205054E-1,8.703513583259E-1,1.E0,1.056894566586E0),.UNSPECIFIED.)GEOMETRIC_REPRESENTATION_ITEM()RATIONAL_B_SPLINE_SURFACE(((1.273398479329E0,
1.273398479329E0,1.273398479329E0,1.273398479329E0,1.273398479329E0,
1.273398479329E0,1.273398479329E0,1.273398479329E0,1.273398479329E0,
1.273398479329E0,1.273398479329E0,1.273398479329E0),(9.116354787947E-1,
9.116354787947E-1,9.116354787947E-1,9.116354787947E-1,9.116354787947E-1,
9.116354787947E-1,9.116354787947E-1,9.116354787947E-1,9.116354787947E-1,
9.116354787947E-1,9.116354787947E-1,9.116354787947E-1),(9.088881964810E-1,
9.088881964810E-1,9.088881964810E-1,9.088881964810E-1,9.088881964810E-1,
9.088881964810E-1,9.088881964810E-1,9.088881964810E-1,9.088881964810E-1,
9.088881964810E-1,9.088881964810E-1,9.088881964810E-1),(1.265156632388E0,
1.265156632388E0,1.265156632388E0,1.265156632388E0,1.265156632388E0,
1.265156632388E0,1.265156632388E0,1.265156632388E0,1.265156632388E0,
1.265156632388E0,1.265156632388E0,1.265156632388E0)))REPRESENTATION_ITEM('')SURFACE());
#10766=ORIENTED_EDGE('',*,*,#10709,.T.);
#10768=ORIENTED_EDGE('',*,*,#10767,.F.);
#10770=ORIENTED_EDGE('',*,*,#10769,.F.);
#10771=EDGE_LOOP('',(#10766,#10768,#10770));
#10772=FACE_OUTER_BOUND('',#10771,.F.);
#10773=ADVANCED_FACE('',(#10772),#10765,.T.);
#10774=CARTESIAN_POINT('',(-2.282808965439E1,2.165993245523E1,
-4.137458905524E1));
#10775=CARTESIAN_POINT('',(-2.249352491171E1,2.195656210409E1,
-4.152285264932E1));
#10776=CARTESIAN_POINT('',(-2.224428507390E1,2.217754153239E1,
-4.118975746100E1));
#10777=CARTESIAN_POINT('',(-2.235522391492E1,2.207918164787E1,
-4.074263028040E1));
#10778=CARTESIAN_POINT('',(-2.283492499472E1,2.166764194713E1,
-4.137458905524E1));
#10779=CARTESIAN_POINT('',(-2.250928026472E1,2.197433236289E1,
-4.152285264932E1));
#10780=CARTESIAN_POINT('',(-2.226668554589E1,2.220280673488E1,
-4.118975746100E1));
#10781=CARTESIAN_POINT('',(-2.237466658608E1,2.210111078509E1,
-4.074263028040E1));
#10782=CARTESIAN_POINT('',(-2.284210090224E1,2.167503549121E1,
-4.137458905524E1));
#10783=CARTESIAN_POINT('',(-2.252582061983E1,2.199137436686E1,
-4.152285264932E1));
#10784=CARTESIAN_POINT('',(-2.229020210948E1,2.222703652727E1,
-4.118975746100E1));
#10785=CARTESIAN_POINT('',(-2.239507797800E1,2.212214122972E1,
-4.074263028040E1));
#10786=CARTESIAN_POINT('',(-2.284960278905E1,2.168209805710E1,
-4.137458905524E1));
#10787=CARTESIAN_POINT('',(-2.254311235212E1,2.200765347128E1,
-4.152285264932E1));
#10788=CARTESIAN_POINT('',(-2.231478695784E1,2.225018165275E1,
-4.118975746100E1));
#10789=CARTESIAN_POINT('',(-2.241641659634E1,2.214223022892E1,
-4.074263028040E1));
#10790=(BOUNDED_SURFACE()B_SPLINE_SURFACE(3,3,((#10774,#10775,#10776,#10777),(
#10778,#10779,#10780,#10781),(#10782,#10783,#10784,#10785),(#10786,#10787,
#10788,#10789)),.UNSPECIFIED.,.F.,.F.,.F.)B_SPLINE_SURFACE_WITH_KNOTS((4,4),(4,
4),(0.E0,1.E0),(0.E0,1.E0),.UNSPECIFIED.)GEOMETRIC_REPRESENTATION_ITEM()RATIONAL_B_SPLINE_SURFACE(((1.381330265652E0,8.735678898519E-1,8.735678898519E-1,
1.381330265652E0),(1.380394229524E0,8.729759306912E-1,8.729759306912E-1,
1.380394229524E0),(1.380394229524E0,8.729759306912E-1,8.729759306912E-1,
1.380394229524E0),(1.381330265652E0,8.735678898519E-1,8.735678898519E-1,
1.381330265652E0)))REPRESENTATION_ITEM('')SURFACE());
#10791=ORIENTED_EDGE('',*,*,#10767,.T.);
#10792=ORIENTED_EDGE('',*,*,#9958,.T.);
#10794=ORIENTED_EDGE('',*,*,#10793,.F.);
#10796=ORIENTED_EDGE('',*,*,#10795,.F.);
#10797=EDGE_LOOP('',(#10791,#10792,#10794,#10796));
#10798=FACE_OUTER_BOUND('',#10797,.F.);
#10799=ADVANCED_FACE('',(#10798),#10790,.T.);
#10800=CARTESIAN_POINT('',(2.010054211964E1,-2.635313376948E1,-4.09E1));
#10801=DIRECTION('',(-6.647089408E-1,7.471024186954E-1,0.E0));
#10802=DIRECTION('',(7.471024186954E-1,6.647089408E-1,0.E0));
#10803=AXIS2_PLACEMENT_3D('',#10800,#10801,#10802);
#10804=CYLINDRICAL_SURFACE('',#10803,5.E-1);
#10806=ORIENTED_EDGE('',*,*,#10805,.F.);
#10807=ORIENTED_EDGE('',*,*,#10793,.T.);
#10808=ORIENTED_EDGE('',*,*,#9956,.F.);
#10810=ORIENTED_EDGE('',*,*,#10809,.T.);
#10811=EDGE_LOOP('',(#10806,#10807,#10808,#10810));
#10812=FACE_OUTER_BOUND('',#10811,.F.);
#10813=ADVANCED_FACE('',(#10812),#10804,.T.);
#10814=CARTESIAN_POINT('',(1.578822762341E1,-2.075408076768E1,-3.74E1));
#10815=DIRECTION('',(-7.471024186954E-1,-6.647089408E-1,0.E0));
#10816=DIRECTION('',(0.E0,0.E0,1.E0));
#10817=AXIS2_PLACEMENT_3D('',#10814,#10815,#10816);
#10818=PLANE('',#10817);
#10820=ORIENTED_EDGE('',*,*,#10819,.F.);
#10822=ORIENTED_EDGE('',*,*,#10821,.T.);
#10823=ORIENTED_EDGE('',*,*,#10805,.T.);
#10825=ORIENTED_EDGE('',*,*,#10824,.T.);
#10827=ORIENTED_EDGE('',*,*,#10826,.T.);
#10828=EDGE_LOOP('',(#10820,#10822,#10823,#10825,#10827));
#10829=FACE_OUTER_BOUND('',#10828,.F.);
#10830=ADVANCED_FACE('',(#10829),#10818,.F.);
#10831=CARTESIAN_POINT('',(0.E0,0.E0,-3.9E1));
#10832=DIRECTION('',(0.E0,0.E0,-1.E0));
#10833=DIRECTION('',(6.647089408E-1,-7.471024186954E-1,0.E0));
#10834=AXIS2_PLACEMENT_3D('',#10831,#10832,#10833);
#10835=PLANE('',#10834);
#10837=ORIENTED_EDGE('',*,*,#10836,.F.);
#10839=ORIENTED_EDGE('',*,*,#10838,.T.);
#10841=ORIENTED_EDGE('',*,*,#10840,.F.);
#10842=ORIENTED_EDGE('',*,*,#9850,.F.);
#10844=ORIENTED_EDGE('',*,*,#10843,.F.);
#10845=ORIENTED_EDGE('',*,*,#10819,.T.);
#10846=EDGE_LOOP('',(#10837,#10839,#10841,#10842,#10844,#10845));
#10847=FACE_OUTER_BOUND('',#10846,.F.);
#10848=ADVANCED_FACE('',(#10847),#10835,.T.);
#10849=CARTESIAN_POINT('',(-1.728243246080E1,1.942466288608E1,
-4.093210084068E1));
#10850=DIRECTION('',(0.E0,0.E0,1.E0));
#10851=DIRECTION('',(0.E0,1.E0,0.E0));
#10852=AXIS2_PLACEMENT_3D('',#10849,#10850,#10851);
#10853=CYLINDRICAL_SURFACE('',#10852,2.E0);
#10855=ORIENTED_EDGE('',*,*,#10854,.F.);
#10856=ORIENTED_EDGE('',*,*,#10836,.T.);
#10857=ORIENTED_EDGE('',*,*,#10826,.F.);
#10859=ORIENTED_EDGE('',*,*,#10858,.T.);
#10861=ORIENTED_EDGE('',*,*,#10860,.T.);
#10862=EDGE_LOOP('',(#10855,#10856,#10857,#10859,#10861));
#10863=FACE_OUTER_BOUND('',#10862,.F.);
#10864=ADVANCED_FACE('',(#10863),#10853,.T.);
#10865=CARTESIAN_POINT('',(1.877663729819E1,-1.809524500448E1,-3.74E1));
#10866=DIRECTION('',(7.471024186954E-1,6.647089408E-1,0.E0));
#10867=DIRECTION('',(-6.647089408E-1,7.471024186954E-1,0.E0));
#10868=AXIS2_PLACEMENT_3D('',#10865,#10866,#10867);
#10869=PLANE('',#10868);
#10871=ORIENTED_EDGE('',*,*,#10870,.T.);
#10873=ORIENTED_EDGE('',*,*,#10872,.T.);
#10874=ORIENTED_EDGE('',*,*,#10838,.F.);
#10875=ORIENTED_EDGE('',*,*,#10854,.T.);
#10877=ORIENTED_EDGE('',*,*,#10876,.T.);
#10878=EDGE_LOOP('',(#10871,#10873,#10874,#10875,#10877));
#10879=FACE_OUTER_BOUND('',#10878,.F.);
#10880=ADVANCED_FACE('',(#10879),#10869,.F.);
#10881=CARTESIAN_POINT('',(1.905063788996E1,-1.765100019741E1,-4.09E1));
#10882=DIRECTION('',(6.647089408E-1,-7.471024186954E-1,0.E0));
#10883=DIRECTION('',(-7.471024186954E-1,-6.647089408E-1,0.E0));
#10884=AXIS2_PLACEMENT_3D('',#10881,#10882,#10883);
#10885=CYLINDRICAL_SURFACE('',#10884,5.E-1);
#10886=ORIENTED_EDGE('',*,*,#9952,.F.);
#10888=ORIENTED_EDGE('',*,*,#10887,.T.);
#10889=ORIENTED_EDGE('',*,*,#10870,.F.);
#10891=ORIENTED_EDGE('',*,*,#10890,.T.);
#10892=EDGE_LOOP('',(#10886,#10888,#10889,#10891));
#10893=FACE_OUTER_BOUND('',#10892,.F.);
#10894=ADVANCED_FACE('',(#10893),#10885,.T.);
#10895=CARTESIAN_POINT('',(-1.860184965125E1,2.542088097517E1,
-4.090000000015E1));
#10896=DIRECTION('',(-2.300791149445E-10,-1.769702667668E-10,-1.E0));
#10897=DIRECTION('',(-7.471024186954E-1,-6.647089408E-1,2.895263818420E-10));
#10898=AXIS2_PLACEMENT_3D('',#10895,#10896,#10897);
#10899=TOROIDAL_SURFACE('',#10898,5.000000003837E-1,5.000000001683E-1);
#10901=ORIENTED_EDGE('',*,*,#10900,.F.);
#10902=ORIENTED_EDGE('',*,*,#10887,.F.);
#10903=ORIENTED_EDGE('',*,*,#9950,.T.);
#10905=ORIENTED_EDGE('',*,*,#10904,.F.);
#10906=EDGE_LOOP('',(#10901,#10902,#10903,#10905));
#10907=FACE_OUTER_BOUND('',#10906,.F.);
#10908=ADVANCED_FACE('',(#10907),#10899,.T.);
#10909=CARTESIAN_POINT('',(-1.860184965168E1,2.542088097482E1,-1.053176E1));
#10910=DIRECTION('',(0.E0,0.E0,-1.E0));
#10911=DIRECTION('',(-7.471024186954E-1,-6.647089408E-1,0.E0));
#10912=AXIS2_PLACEMENT_3D('',#10909,#10910,#10911);
#10913=CYLINDRICAL_SURFACE('',#10912,1.E0);
#10914=ORIENTED_EDGE('',*,*,#10840,.T.);
#10915=ORIENTED_EDGE('',*,*,#10872,.F.);
#10916=ORIENTED_EDGE('',*,*,#10900,.T.);
#10918=ORIENTED_EDGE('',*,*,#10917,.F.);
#10919=ORIENTED_EDGE('',*,*,#9852,.F.);
#10920=EDGE_LOOP('',(#10914,#10915,#10916,#10918,#10919));
#10921=FACE_OUTER_BOUND('',#10920,.F.);
#10922=ADVANCED_FACE('',(#10921),#10913,.T.);
#10923=CARTESIAN_POINT('',(-1.906216388656E1,2.554794141981E1,
-4.001129150490E1));
#10924=CARTESIAN_POINT('',(-1.908307353224E1,2.554879374287E1,
-4.002358222978E1));
#10925=CARTESIAN_POINT('',(-1.914250984171E1,2.554912012697E1,
-4.006100672329E1));
#10926=CARTESIAN_POINT('',(-1.923373288843E1,2.553978703819E1,
-4.013103707484E1));
#10927=CARTESIAN_POINT('',(-1.932782004088E1,2.551360370522E1,
-4.022278523143E1));
#10928=CARTESIAN_POINT('',(-1.940306646372E1,2.547526746070E1,
-4.031456882285E1));
#10929=CARTESIAN_POINT('',(-1.946053413166E1,2.542692915296E1,
-4.040312020129E1));
#10930=CARTESIAN_POINT('',(-1.950141873192E1,2.537058178188E1,
-4.048584965515E1));
#10931=CARTESIAN_POINT('',(-1.952707868516E1,2.530825987379E1,
-4.056071528094E1));
#10932=CARTESIAN_POINT('',(-1.953909228670E1,2.524204698361E1,
-4.062627364724E1));
#10933=CARTESIAN_POINT('',(-1.953918341366E1,2.517370470378E1,
-4.068190647064E1));
#10934=CARTESIAN_POINT('',(-1.952890244589E1,2.510441896875E1,
-4.072764222132E1));
#10935=CARTESIAN_POINT('',(-1.950936487030E1,2.503483016880E1,
-4.076375496700E1));
#10936=CARTESIAN_POINT('',(-1.948112991241E1,2.496520132602E1,
-4.079039367953E1));
#10937=CARTESIAN_POINT('',(-1.944419164285E1,2.489567013897E1,
-4.080728829193E1));
#10938=CARTESIAN_POINT('',(-1.939801664490E1,2.482651427982E1,
-4.081351073019E1));
#10939=CARTESIAN_POINT('',(-1.936202773650E1,2.478309082753E1,
-4.080954520761E1));
#10940=CARTESIAN_POINT('',(-1.934256491170E1,2.476227852708E1,
-4.080540486309E1));
#10941=CARTESIAN_POINT('',(-1.931684300409E1,2.581652105790E1,
-3.992578230203E1));
#10942=CARTESIAN_POINT('',(-1.933951104493E1,2.581961394918E1,
-3.995056737939E1));
#10943=CARTESIAN_POINT('',(-1.940304986118E1,2.582480545409E1,
-4.002390975419E1));
#10944=CARTESIAN_POINT('',(-1.949636519682E1,2.581619599383E1,
-4.015182369902E1));
#10945=CARTESIAN_POINT('',(-1.958627624723E1,2.578085206652E1,
-4.030849478444E1));
#10946=CARTESIAN_POINT('',(-1.965220693435E1,2.572589588153E1,
-4.045771878613E1));
#10947=CARTESIAN_POINT('',(-1.969651211089E1,2.565549687059E1,
-4.059625412960E1));
#10948=CARTESIAN_POINT('',(-1.972143823971E1,2.557327143775E1,
-4.072167569234E1));
#10949=CARTESIAN_POINT('',(-1.972921939689E1,2.548262174280E1,
-4.083225399090E1));
#10950=CARTESIAN_POINT('',(-1.972214960092E1,2.538676981158E1,
-4.092701966876E1));
#10951=CARTESIAN_POINT('',(-1.970243040512E1,2.528826028042E1,
-4.100603291698E1));
#10952=CARTESIAN_POINT('',(-1.967182047823E1,2.518865873574E1,
-4.107007323964E1));
#10953=CARTESIAN_POINT('',(-1.963141302334E1,2.508864865078E1,
-4.112007234855E1));
#10954=CARTESIAN_POINT('',(-1.958156648837E1,2.498829102931E1,
-4.115663163132E1));
#10955=CARTESIAN_POINT('',(-1.952194520303E1,2.488736427477E1,
-4.117965686186E1));
#10956=CARTESIAN_POINT('',(-1.945158334067E1,2.478568010685E1,
-4.118805841893E1));
#10957=CARTESIAN_POINT('',(-1.939887137819E1,2.472043234812E1,
-4.118259668338E1));
#10958=CARTESIAN_POINT('',(-1.937081106643E1,2.468859903357E1,
-4.117690335487E1));
#10959=CARTESIAN_POINT('',(-1.933481034778E1,2.616103888235E1,
-4.008615267981E1));
#10960=CARTESIAN_POINT('',(-1.935473510328E1,2.615945950839E1,
-4.012110093592E1));
#10961=CARTESIAN_POINT('',(-1.940912066850E1,2.615054812891E1,
-4.022208053906E1));
#10962=CARTESIAN_POINT('',(-1.948275526713E1,2.611639914869E1,
-4.038719703426E1));
#10963=CARTESIAN_POINT('',(-1.954487766902E1,2.604984700507E1,
-4.057562980752E1));
#10964=CARTESIAN_POINT('',(-1.958212008131E1,2.596635109236E1,
-4.074494609293E1));
#10965=CARTESIAN_POINT('',(-1.959852835025E1,2.587131243758E1,
-4.089441150701E1));
#10966=CARTESIAN_POINT('',(-1.959758932796E1,2.576904621568E1,
-4.102381189821E1));
#10967=CARTESIAN_POINT('',(-1.958244016859E1,2.566316625909E1,
-4.113344525687E1));
#10968=CARTESIAN_POINT('',(-1.955593174145E1,2.555664864586E1,
-4.122416946871E1));
#10969=CARTESIAN_POINT('',(-1.952042604376E1,2.545140832116E1,
-4.129756713644E1));
#10970=CARTESIAN_POINT('',(-1.947753915631E1,2.534819078480E1,
-4.135556486744E1));
#10971=CARTESIAN_POINT('',(-1.942807246244E1,2.524683114434E1,
-4.139991077201E1));
#10972=CARTESIAN_POINT('',(-1.937205826464E1,2.514657492874E1,
-4.143179773489E1));
#10973=CARTESIAN_POINT('',(-1.930885424053E1,2.504638857546E1,
-4.145160899820E1));
#10974=CARTESIAN_POINT('',(-1.923719257234E1,2.494517544810E1,
-4.145870414363E1));
#10975=CARTESIAN_POINT('',(-1.918487108453E1,2.487931962937E1,
-4.145390774948E1));
#10976=CARTESIAN_POINT('',(-1.915726454405E1,2.484669930828E1,
-4.144892339405E1));
#10977=CARTESIAN_POINT('',(-1.909935436533E1,2.628844492090E1,
-4.035723962916E1));
#10978=CARTESIAN_POINT('',(-1.911434448977E1,2.627921980434E1,
-4.039134786844E1));
#10979=CARTESIAN_POINT('',(-1.915404018634E1,2.624913945154E1,
-4.048809027197E1));
#10980=CARTESIAN_POINT('',(-1.920285815934E1,2.618478948963E1,
-4.063791204211E1));
#10981=CARTESIAN_POINT('',(-1.923711285533E1,2.609143747313E1,
-4.079769012519E1));
#10982=CARTESIAN_POINT('',(-1.925061951400E1,2.599172478737E1,
-4.093241194798E1));
#10983=CARTESIAN_POINT('',(-1.924807486698E1,2.589044317858E1,
-4.104421024175E1));
#10984=CARTESIAN_POINT('',(-1.923334018561E1,2.579108117680E1,
-4.113525678871E1));
#10985=CARTESIAN_POINT('',(-1.920971393983E1,2.569612113823E1,
-4.120787504567E1));
#10986=CARTESIAN_POINT('',(-1.917996964373E1,2.560711008514E1,
-4.126455467978E1));
#10987=CARTESIAN_POINT('',(-1.914617393844E1,2.552444859672E1,
-4.130795268257E1));
#10988=CARTESIAN_POINT('',(-1.910956883069E1,2.544755387322E1,
-4.134056394775E1));
#10989=CARTESIAN_POINT('',(-1.907064135475E1,2.537523865442E1,
-4.136441717679E1));
#10990=CARTESIAN_POINT('',(-1.902924940462E1,2.530601061426E1,
-4.138093275179E1));
#10991=CARTESIAN_POINT('',(-1.898472847399E1,2.523826059455E1,
-4.139086803718E1));
#10992=CARTESIAN_POINT('',(-1.893589721812E1,2.517031241774E1,
-4.139426350874E1));
#10993=CARTESIAN_POINT('',(-1.890084864894E1,2.512570871874E1,
-4.139174002322E1));
#10994=CARTESIAN_POINT('',(-1.888241428094E1,2.510326660102E1,
-4.138913603595E1));
#10995=(BOUNDED_SURFACE()B_SPLINE_SURFACE(3,3,((#10923,#10924,#10925,#10926,
#10927,#10928,#10929,#10930,#10931,#10932,#10933,#10934,#10935,#10936,#10937,
#10938,#10939,#10940),(#10941,#10942,#10943,#10944,#10945,#10946,#10947,#10948,
#10949,#10950,#10951,#10952,#10953,#10954,#10955,#10956,#10957,#10958),(#10959,
#10960,#10961,#10962,#10963,#10964,#10965,#10966,#10967,#10968,#10969,#10970,
#10971,#10972,#10973,#10974,#10975,#10976),(#10977,#10978,#10979,#10980,#10981,
#10982,#10983,#10984,#10985,#10986,#10987,#10988,#10989,#10990,#10991,#10992,
#10993,#10994)),.UNSPECIFIED.,.F.,.F.,.F.)B_SPLINE_SURFACE_WITH_KNOTS((4,4),(4,
1,1,1,1,1,1,1,1,1,1,1,1,1,1,4),(3.001057290813E-2,9.634863351984E-1),(
-6.918390210530E-2,0.E0,1.281274511496E-1,2.430020019123E-1,3.462222315649E-1,
4.392428500685E-1,5.233753349293E-1,5.993482394155E-1,6.679245015655E-1,
7.302705306407E-1,7.878063144016E-1,8.420101148694E-1,8.943986387705E-1,
9.465261810628E-1,1.E0,1.056604160606E0),.UNSPECIFIED.)GEOMETRIC_REPRESENTATION_ITEM()RATIONAL_B_SPLINE_SURFACE(((1.273371081088E0,1.273371081088E0,
1.273371081088E0,1.273371081088E0,1.273371081088E0,1.273371081088E0,
1.273371081088E0,1.273371081088E0,1.273371081088E0,1.273371081088E0,
1.273371081088E0,1.273371081088E0,1.273371081088E0,1.273371081088E0,
1.273371081088E0,1.273371081088E0,1.273371081088E0,1.273371081088E0),(
9.113980045364E-1,9.113980045365E-1,9.113980045365E-1,9.113980045365E-1,
9.113980045365E-1,9.113980045365E-1,9.113980045365E-1,9.113980045365E-1,
9.113980045365E-1,9.113980045365E-1,9.113980045365E-1,9.113980045365E-1,
9.113980045365E-1,9.113980045365E-1,9.113980045365E-1,9.113980045365E-1,
9.113980045365E-1,9.113980045365E-1),(9.088937522660E-1,9.088937522660E-1,
9.088937522660E-1,9.088937522660E-1,9.088937522660E-1,9.088937522660E-1,
9.088937522660E-1,9.088937522660E-1,9.088937522660E-1,9.088937522660E-1,
9.088937522660E-1,9.088937522660E-1,9.088937522660E-1,9.088937522660E-1,
9.088937522660E-1,9.088937522660E-1,9.088937522660E-1,9.088937522660E-1),(
1.265858324276E0,1.265858324276E0,1.265858324276E0,1.265858324276E0,
1.265858324276E0,1.265858324276E0,1.265858324276E0,1.265858324276E0,
1.265858324276E0,1.265858324276E0,1.265858324276E0,1.265858324276E0,
1.265858324276E0,1.265858324276E0,1.265858324276E0,1.265858324276E0,
1.265858324276E0,1.265858324276E0)))REPRESENTATION_ITEM('')SURFACE());
#10996=ORIENTED_EDGE('',*,*,#10917,.T.);
#10997=ORIENTED_EDGE('',*,*,#10904,.T.);
#10999=ORIENTED_EDGE('',*,*,#10998,.T.);
#11000=EDGE_LOOP('',(#10996,#10997,#10999));
#11001=FACE_OUTER_BOUND('',#11000,.F.);
#11002=ADVANCED_FACE('',(#11001),#10995,.T.);
#11003=CARTESIAN_POINT('',(0.E0,0.E0,-4.04E1));
#11004=DIRECTION('',(0.E0,0.E0,-1.E0));
#11005=DIRECTION('',(-6.635980428924E-1,7.480893245257E-1,0.E0));
#11006=AXIS2_PLACEMENT_3D('',#11003,#11004,#11005);
#11007=TOROIDAL_SURFACE('',#11006,3.15E1,1.E0);
#11009=ORIENTED_EDGE('',*,*,#11008,.F.);
#11010=ORIENTED_EDGE('',*,*,#9854,.F.);
#11011=ORIENTED_EDGE('',*,*,#10998,.F.);
#11012=ORIENTED_EDGE('',*,*,#9948,.T.);
#11013=EDGE_LOOP('',(#11009,#11010,#11011,#11012));
#11014=FACE_OUTER_BOUND('',#11013,.F.);
#11015=ADVANCED_FACE('',(#11014),#11007,.T.);
#11016=CARTESIAN_POINT('',(2.202455682061E1,2.389071512382E1,
-4.036167408985E1));
#11017=CARTESIAN_POINT('',(2.203818482258E1,2.387959729402E1,
-4.039571728019E1));
#11018=CARTESIAN_POINT('',(2.208501468221E1,2.383346735139E1,
-4.052316937446E1));
#11019=CARTESIAN_POINT('',(2.213365791261E1,2.373153759410E1,
-4.072595489843E1));
#11020=CARTESIAN_POINT('',(2.214222058444E1,2.357071397559E1,
-4.094872620972E1));
#11021=CARTESIAN_POINT('',(2.210868329965E1,2.340492562768E1,
-4.111937745279E1));
#11022=CARTESIAN_POINT('',(2.204612496790E1,2.324509179065E1,
-4.124263342333E1));
#11023=CARTESIAN_POINT('',(2.196321902914E1,2.309425988557E1,
-4.132674352249E1));
#11024=CARTESIAN_POINT('',(2.185968944204E1,2.294587517570E1,
-4.137966891150E1));
#11025=CARTESIAN_POINT('',(2.175845421094E1,2.282822646544E1,
-4.139498745470E1));
#11026=CARTESIAN_POINT('',(2.169141991637E1,2.276078440208E1,
-4.139074157581E1));
#11027=CARTESIAN_POINT('',(2.167072377990E1,2.274081763347E1,
-4.138811406429E1));
#11028=CARTESIAN_POINT('',(2.224551800339E1,2.374091403600E1,
-4.009156412699E1));
#11029=CARTESIAN_POINT('',(2.226485562143E1,2.373682388940E1,
-4.012666580889E1));
#11030=CARTESIAN_POINT('',(2.233397692487E1,2.371609200126E1,
-4.026038631741E1));
#11031=CARTESIAN_POINT('',(2.242131607766E1,2.364938297067E1,
-4.048850666245E1));
#11032=CARTESIAN_POINT('',(2.247228479511E1,2.351321141445E1,
-4.076594402169E1));
#11033=CARTESIAN_POINT('',(2.246696838514E1,2.334792772606E1,
-4.100117855758E1));
#11034=CARTESIAN_POINT('',(2.241562756098E1,2.316566812075E1,
-4.118996969783E1));
#11035=CARTESIAN_POINT('',(2.232499017734E1,2.297205514839E1,
-4.133329647965E1));
#11036=CARTESIAN_POINT('',(2.219110196801E1,2.276169727412E1,
-4.143338118437E1));
#11037=CARTESIAN_POINT('',(2.204365603777E1,2.258423683780E1,
-4.146518879349E1));
#11038=CARTESIAN_POINT('',(2.194316174154E1,2.248445098524E1,
-4.145702697386E1));
#11039=CARTESIAN_POINT('',(2.191196343960E1,2.245551978029E1,
-4.145202125033E1));
#11040=CARTESIAN_POINT('',(2.219289536874E1,2.340191818704E1,
-3.992749204323E1));
#11041=CARTESIAN_POINT('',(2.221556664121E1,2.340230005057E1,
-3.995263968849E1));
#11042=CARTESIAN_POINT('',(2.229912502005E1,2.339905757428E1,
-4.005059668962E1));
#11043=CARTESIAN_POINT('',(2.241997252102E1,2.336526227982E1,
-4.023182706108E1));
#11044=CARTESIAN_POINT('',(2.252237917946E1,2.327054846328E1,
-4.047524349721E1));
#11045=CARTESIAN_POINT('',(2.256683165099E1,2.313765747715E1,
-4.069921694644E1));
#11046=CARTESIAN_POINT('',(2.255798834496E1,2.297588872904E1,
-4.089218604040E1));
#11047=CARTESIAN_POINT('',(2.249933907755E1,2.279094642918E1,
-4.104781180356E1));
#11048=CARTESIAN_POINT('',(2.238536518739E1,2.257957027778E1,
-4.116208683227E1));
#11049=CARTESIAN_POINT('',(2.224175837638E1,2.239769765986E1,
-4.119985235662E1));
#11050=CARTESIAN_POINT('',(2.213992909565E1,2.229838200267E1,
-4.119046568197E1));
#11051=CARTESIAN_POINT('',(2.210802727605E1,2.227016648961E1,
-4.118473138095E1));
#11052=CARTESIAN_POINT('',(2.190969878098E1,2.316107054209E1,
-4.000982052865E1));
#11053=CARTESIAN_POINT('',(2.193047437872E1,2.315954514907E1,
-4.002240331318E1));
#11054=CARTESIAN_POINT('',(2.200827427134E1,2.315094351979E1,
-4.007273497360E1));
#11055=CARTESIAN_POINT('',(2.212888388803E1,2.311972129970E1,
-4.017429518646E1));
#11056=CARTESIAN_POINT('',(2.224803157729E1,2.304808874071E1,
-4.032338575741E1));
#11057=CARTESIAN_POINT('',(2.232157468460E1,2.295211165367E1,
-4.046934477089E1));
#11058=CARTESIAN_POINT('',(2.235053612422E1,2.283658728654E1,
-4.060117737611E1));
#11059=CARTESIAN_POINT('',(2.233662323913E1,2.270472224457E1,
-4.071140825876E1));
#11060=CARTESIAN_POINT('',(2.227621233406E1,2.255454755219E1,
-4.079460948905E1));
#11061=CARTESIAN_POINT('',(2.218355312773E1,2.242778001398E1,
-4.082266119467E1));
#11062=CARTESIAN_POINT('',(2.211386008342E1,2.236156253654E1,
-4.081580100985E1));
#11063=CARTESIAN_POINT('',(2.209171626222E1,2.234319680183E1,
-4.081161875676E1));
#11064=(BOUNDED_SURFACE()B_SPLINE_SURFACE(3,3,((#11016,#11017,#11018,#11019,
#11020,#11021,#11022,#11023,#11024,#11025,#11026,#11027),(#11028,#11029,#11030,
#11031,#11032,#11033,#11034,#11035,#11036,#11037,#11038,#11039),(#11040,#11041,
#11042,#11043,#11044,#11045,#11046,#11047,#11048,#11049,#11050,#11051),(#11052,
#11053,#11054,#11055,#11056,#11057,#11058,#11059,#11060,#11061,#11062,#11063)),
.UNSPECIFIED.,.F.,.F.,.F.)B_SPLINE_SURFACE_WITH_KNOTS((4,4),(4,1,1,1,1,1,1,1,1,
4),(3.012439264987E-2,9.627221323885E-1),(-6.862465676367E-2,0.E0,
1.901277907396E-1,3.577215037359E-1,5.062902524393E-1,6.371462041848E-1,
7.545936205053E-1,8.703513583258E-1,1.E0,1.056656563740E0),.UNSPECIFIED.)GEOMETRIC_REPRESENTATION_ITEM()RATIONAL_B_SPLINE_SURFACE(((1.273388931719E0,
1.273388931719E0,1.273388931719E0,1.273388931719E0,1.273388931719E0,
1.273388931719E0,1.273388931719E0,1.273388931719E0,1.273388931719E0,
1.273388931719E0,1.273388931719E0,1.273388931719E0),(9.116451059032E-1,
9.116451059032E-1,9.116451059032E-1,9.116451059032E-1,9.116451059032E-1,
9.116451059032E-1,9.116451059032E-1,9.116451059032E-1,9.116451059032E-1,
9.116451059032E-1,9.116451059032E-1,9.116451059032E-1),(9.088914777514E-1,
9.088914777514E-1,9.088914777514E-1,9.088914777514E-1,9.088914777514E-1,
9.088914777514E-1,9.088914777514E-1,9.088914777514E-1,9.088914777514E-1,
9.088914777514E-1,9.088914777514E-1,9.088914777514E-1),(1.265128047263E0,
1.265128047263E0,1.265128047263E0,1.265128047263E0,1.265128047263E0,
1.265128047263E0,1.265128047263E0,1.265128047263E0,1.265128047263E0,
1.265128047263E0,1.265128047263E0,1.265128047263E0)))REPRESENTATION_ITEM('')SURFACE());
#11065=ORIENTED_EDGE('',*,*,#11008,.T.);
#11067=ORIENTED_EDGE('',*,*,#11066,.F.);
#11069=ORIENTED_EDGE('',*,*,#11068,.F.);
#11070=EDGE_LOOP('',(#11065,#11067,#11069));
#11071=FACE_OUTER_BOUND('',#11070,.F.);
#11072=ADVANCED_FACE('',(#11071),#11064,.T.);
#11073=CARTESIAN_POINT('',(2.143262732988E1,2.308446416400E1,
-4.089999999970E1));
#11074=DIRECTION('',(4.117767321790E-10,-4.371452814662E-10,1.E0));
#11075=DIRECTION('',(6.647089408E-1,-7.471024186954E-1,-6.003039725975E-10));
#11076=AXIS2_PLACEMENT_3D('',#11073,#11074,#11075);
#11077=TOROIDAL_SURFACE('',#11076,5.000000001638E-1,5.000000000381E-1);
#11078=ORIENTED_EDGE('',*,*,#11066,.T.);
#11079=ORIENTED_EDGE('',*,*,#9946,.T.);
#11081=ORIENTED_EDGE('',*,*,#11080,.F.);
#11083=ORIENTED_EDGE('',*,*,#11082,.F.);
#11084=EDGE_LOOP('',(#11078,#11079,#11081,#11083));
#11085=FACE_OUTER_BOUND('',#11084,.F.);
#11086=ADVANCED_FACE('',(#11085),#11077,.T.);
#11087=CARTESIAN_POINT('',(-2.635102295484E1,-2.009866409418E1,-4.09E1));
#11088=DIRECTION('',(7.471024186954E-1,6.647089408E-1,0.E0));
#11089=DIRECTION('',(6.647089408E-1,-7.471024186954E-1,0.E0));
#11090=AXIS2_PLACEMENT_3D('',#11087,#11088,#11089);
#11091=CYLINDRICAL_SURFACE('',#11090,5.E-1);
#11093=ORIENTED_EDGE('',*,*,#11092,.F.);
#11094=ORIENTED_EDGE('',*,*,#11080,.T.);
#11095=ORIENTED_EDGE('',*,*,#9944,.F.);
#11097=ORIENTED_EDGE('',*,*,#11096,.T.);
#11098=EDGE_LOOP('',(#11093,#11094,#11095,#11097));
#11099=FACE_OUTER_BOUND('',#11098,.F.);
#11100=ADVANCED_FACE('',(#11099),#11091,.T.);
#11101=CARTESIAN_POINT('',(-2.075408076768E1,-1.578822762341E1,-3.74E1));
#11102=DIRECTION('',(-6.647089408E-1,7.471024186954E-1,0.E0));
#11103=DIRECTION('',(7.471024186954E-1,6.647089408E-1,0.E0));
#11104=AXIS2_PLACEMENT_3D('',#11101,#11102,#11103);
#11105=PLANE('',#11104);
#11106=ORIENTED_EDGE('',*,*,#9877,.F.);
#11108=ORIENTED_EDGE('',*,*,#11107,.T.);
#11109=ORIENTED_EDGE('',*,*,#11092,.T.);
#11111=ORIENTED_EDGE('',*,*,#11110,.T.);
#11112=ORIENTED_EDGE('',*,*,#9890,.T.);
#11113=EDGE_LOOP('',(#11106,#11108,#11109,#11111,#11112));
#11114=FACE_OUTER_BOUND('',#11113,.F.);
#11115=ADVANCED_FACE('',(#11114),#11105,.F.);
#11116=CARTESIAN_POINT('',(2.143262733002E1,2.308446416385E1,-5.886824E1));
#11117=DIRECTION('',(0.E0,0.E0,1.E0));
#11118=DIRECTION('',(6.647089408E-1,-7.471024186954E-1,0.E0));
#11119=AXIS2_PLACEMENT_3D('',#11116,#11117,#11118);
#11120=CYLINDRICAL_SURFACE('',#11119,1.E0);
#11121=ORIENTED_EDGE('',*,*,#9875,.T.);
#11122=ORIENTED_EDGE('',*,*,#9856,.F.);
#11123=ORIENTED_EDGE('',*,*,#11068,.T.);
#11124=ORIENTED_EDGE('',*,*,#11082,.T.);
#11125=ORIENTED_EDGE('',*,*,#11107,.F.);
#11126=EDGE_LOOP('',(#11121,#11122,#11123,#11124,#11125));
#11127=FACE_OUTER_BOUND('',#11126,.F.);
#11128=ADVANCED_FACE('',(#11127),#11120,.T.);
#11129=CARTESIAN_POINT('',(1.942466288608E1,1.728243246080E1,-3.74E1));
#11130=DIRECTION('',(0.E0,0.E0,-1.E0));
#11131=DIRECTION('',(-7.471024186954E-1,-6.647089408E-1,0.E0));
#11132=AXIS2_PLACEMENT_3D('',#11129,#11130,#11131);
#11133=CYLINDRICAL_SURFACE('',#11132,2.E0);
#11134=ORIENTED_EDGE('',*,*,#11110,.F.);
#11136=ORIENTED_EDGE('',*,*,#11135,.T.);
#11138=ORIENTED_EDGE('',*,*,#11137,.T.);
#11139=ORIENTED_EDGE('',*,*,#9910,.F.);
#11141=ORIENTED_EDGE('',*,*,#11140,.T.);
#11143=ORIENTED_EDGE('',*,*,#11142,.T.);
#11144=EDGE_LOOP('',(#11134,#11136,#11138,#11139,#11141,#11143));
#11145=FACE_OUTER_BOUND('',#11144,.F.);
#11146=ADVANCED_FACE('',(#11145),#11133,.F.);
#11147=CARTESIAN_POINT('',(1.942466288608E1,1.728243246080E1,-4.09E1));
#11148=DIRECTION('',(0.E0,0.E0,-1.E0));
#11149=DIRECTION('',(7.203023591961E-1,-6.936602275873E-1,0.E0));
#11150=AXIS2_PLACEMENT_3D('',#11147,#11148,#11149);
#11151=TOROIDAL_SURFACE('',#11150,2.5E0,5.E-1);
#11152=ORIENTED_EDGE('',*,*,#9925,.F.);
#11153=ORIENTED_EDGE('',*,*,#11137,.F.);
#11154=ORIENTED_EDGE('',*,*,#11135,.F.);
#11155=ORIENTED_EDGE('',*,*,#11096,.F.);
#11156=ORIENTED_EDGE('',*,*,#9942,.T.);
#11157=EDGE_LOOP('',(#11152,#11153,#11154,#11155,#11156));
#11158=FACE_OUTER_BOUND('',#11157,.F.);
#11159=ADVANCED_FACE('',(#11158),#11151,.T.);
#11160=CARTESIAN_POINT('',(1.942466288608E1,1.728243246080E1,
-3.740200080064E1));
#11161=DIRECTION('',(-3.892785611543E-14,1.E0,-1.208328765179E-14));
#11162=DIRECTION('',(-9.549163494123E-1,-4.076007227382E-14,-2.96875E-1));
#11163=AXIS2_PLACEMENT_3D('',#11160,#11161,#11162);
#11164=SPHERICAL_SURFACE('',#11163,3.2E0);
#11165=ORIENTED_EDGE('',*,*,#9892,.F.);
#11166=ORIENTED_EDGE('',*,*,#11142,.F.);
#11167=ORIENTED_EDGE('',*,*,#11140,.F.);
#11168=ORIENTED_EDGE('',*,*,#9894,.F.);
#11169=EDGE_LOOP('',(#11165,#11166,#11167,#11168));
#11170=FACE_OUTER_BOUND('',#11169,.F.);
#11172=ORIENTED_EDGE('',*,*,#11171,.T.);
#11174=ORIENTED_EDGE('',*,*,#11173,.F.);
#11176=ORIENTED_EDGE('',*,*,#11175,.F.);
#11178=ORIENTED_EDGE('',*,*,#11177,.T.);
#11180=ORIENTED_EDGE('',*,*,#11179,.F.);
#11182=ORIENTED_EDGE('',*,*,#11181,.T.);
#11184=ORIENTED_EDGE('',*,*,#11183,.F.);
#11186=ORIENTED_EDGE('',*,*,#11185,.F.);
#11188=ORIENTED_EDGE('',*,*,#11187,.F.);
#11190=ORIENTED_EDGE('',*,*,#11189,.T.);
#11192=ORIENTED_EDGE('',*,*,#11191,.F.);
#11194=ORIENTED_EDGE('',*,*,#11193,.T.);
#11195=EDGE_LOOP('',(#11172,#11174,#11176,#11178,#11180,#11182,#11184,#11186,
#11188,#11190,#11192,#11194));
#11196=FACE_BOUND('',#11195,.F.);
#11197=ADVANCED_FACE('',(#11170,#11196),#11164,.T.);
#11198=CARTESIAN_POINT('',(1.902466288608E1,1.728243246080E1,-3.4E1));
#11199=DIRECTION('',(1.E0,0.E0,0.E0));
#11200=DIRECTION('',(0.E0,-1.E0,0.E0));
#11201=AXIS2_PLACEMENT_3D('',#11198,#11199,#11200);
#11202=PLANE('',#11201);
#11204=ORIENTED_EDGE('',*,*,#11203,.F.);
#11205=ORIENTED_EDGE('',*,*,#11171,.F.);
#11207=ORIENTED_EDGE('',*,*,#11206,.F.);
#11208=EDGE_LOOP('',(#11204,#11205,#11207));
#11209=FACE_OUTER_BOUND('',#11208,.F.);
#11210=ADVANCED_FACE('',(#11209),#11202,.T.);
#11211=CARTESIAN_POINT('',(1.902466288608E1,1.823243246080E1,
-4.045773311876E1));
#11212=DIRECTION('',(0.E0,7.933533402912E-1,6.087614290087E-1));
#11213=DIRECTION('',(1.E0,0.E0,0.E0));
#11214=AXIS2_PLACEMENT_3D('',#11211,#11212,#11213);
#11215=PLANE('',#11214);
#11217=ORIENTED_EDGE('',*,*,#11216,.T.);
#11218=ORIENTED_EDGE('',*,*,#11173,.T.);
#11219=ORIENTED_EDGE('',*,*,#11203,.T.);
#11221=ORIENTED_EDGE('',*,*,#11220,.T.);
#11222=EDGE_LOOP('',(#11217,#11218,#11219,#11221));
#11223=FACE_OUTER_BOUND('',#11222,.F.);
#11224=ADVANCED_FACE('',(#11223),#11215,.F.);
#11225=CARTESIAN_POINT('',(1.982466288608E1,1.728243246080E1,-3.4E1));
#11226=DIRECTION('',(1.E0,0.E0,0.E0));
#11227=DIRECTION('',(0.E0,-1.E0,0.E0));
#11228=AXIS2_PLACEMENT_3D('',#11225,#11226,#11227);
#11229=PLANE('',#11228);
#11230=ORIENTED_EDGE('',*,*,#11216,.F.);
#11232=ORIENTED_EDGE('',*,*,#11231,.T.);
#11233=ORIENTED_EDGE('',*,*,#11175,.T.);
#11234=EDGE_LOOP('',(#11230,#11232,#11233));
#11235=FACE_OUTER_BOUND('',#11234,.F.);
#11236=ADVANCED_FACE('',(#11235),#11229,.F.);
#11237=CARTESIAN_POINT('',(1.942466288608E1,1.768243246080E1,-3.4E1));
#11238=DIRECTION('',(0.E0,-1.E0,0.E0));
#11239=DIRECTION('',(1.E0,0.E0,0.E0));
#11240=AXIS2_PLACEMENT_3D('',#11237,#11238,#11239);
#11241=PLANE('',#11240);
#11242=ORIENTED_EDGE('',*,*,#11177,.F.);
#11243=ORIENTED_EDGE('',*,*,#11231,.F.);
#11245=ORIENTED_EDGE('',*,*,#11244,.F.);
#11246=EDGE_LOOP('',(#11242,#11243,#11245));
#11247=FACE_OUTER_BOUND('',#11246,.F.);
#11248=ADVANCED_FACE('',(#11247),#11241,.T.);
#11249=CARTESIAN_POINT('',(2.037466288608E1,1.768243246080E1,
-4.045773311876E1));
#11250=DIRECTION('',(7.933533402912E-1,0.E0,6.087614290088E-1));
#11251=DIRECTION('',(0.E0,-1.E0,0.E0));
#11252=AXIS2_PLACEMENT_3D('',#11249,#11250,#11251);
#11253=PLANE('',#11252);
#11254=ORIENTED_EDGE('',*,*,#11244,.T.);
#11256=ORIENTED_EDGE('',*,*,#11255,.T.);
#11258=ORIENTED_EDGE('',*,*,#11257,.T.);
#11259=ORIENTED_EDGE('',*,*,#11179,.T.);
#11260=EDGE_LOOP('',(#11254,#11256,#11258,#11259));
#11261=FACE_OUTER_BOUND('',#11260,.F.);
#11262=ADVANCED_FACE('',(#11261),#11253,.F.);
#11263=CARTESIAN_POINT('',(1.982466288608E1,1.728243246080E1,-3.4E1));
#11264=DIRECTION('',(1.E0,0.E0,0.E0));
#11265=DIRECTION('',(0.E0,-1.E0,0.E0));
#11266=AXIS2_PLACEMENT_3D('',#11263,#11264,#11265);
#11267=PLANE('',#11266);
#11269=ORIENTED_EDGE('',*,*,#11268,.F.);
#11270=ORIENTED_EDGE('',*,*,#11255,.F.);
#11272=ORIENTED_EDGE('',*,*,#11271,.F.);
#11273=EDGE_LOOP('',(#11269,#11270,#11272));
#11274=FACE_OUTER_BOUND('',#11273,.F.);
#11275=ADVANCED_FACE('',(#11274),#11267,.F.);
#11276=CARTESIAN_POINT('',(1.902466288608E1,1.728243246080E1,
-3.921966901456E1));
#11277=DIRECTION('',(0.E0,-7.933533402912E-1,6.087614290087E-1));
#11278=DIRECTION('',(-1.E0,0.E0,0.E0));
#11279=AXIS2_PLACEMENT_3D('',#11276,#11277,#11278);
#11280=PLANE('',#11279);
#11282=ORIENTED_EDGE('',*,*,#11281,.F.);
#11284=ORIENTED_EDGE('',*,*,#11283,.T.);
#11285=ORIENTED_EDGE('',*,*,#11268,.T.);
#11286=EDGE_LOOP('',(#11282,#11284,#11285));
#11287=FACE_OUTER_BOUND('',#11286,.F.);
#11288=ADVANCED_FACE('',(#11287),#11280,.F.);
#11289=CARTESIAN_POINT('',(1.902466288608E1,1.823243246080E1,
-4.045773311876E1));
#11290=DIRECTION('',(0.E0,7.933533402912E-1,6.087614290087E-1));
#11291=DIRECTION('',(1.E0,0.E0,0.E0));
#11292=AXIS2_PLACEMENT_3D('',#11289,#11290,#11291);
#11293=PLANE('',#11292);
#11294=ORIENTED_EDGE('',*,*,#11271,.T.);
#11296=ORIENTED_EDGE('',*,*,#11295,.F.);
#11297=ORIENTED_EDGE('',*,*,#11281,.T.);
#11298=EDGE_LOOP('',(#11294,#11296,#11297));
#11299=FACE_OUTER_BOUND('',#11298,.F.);
#11300=ADVANCED_FACE('',(#11299),#11293,.F.);
#11301=CARTESIAN_POINT('',(2.037466288608E1,1.768243246080E1,
-4.045773311876E1));
#11302=DIRECTION('',(7.933533402912E-1,0.E0,6.087614290088E-1));
#11303=DIRECTION('',(0.E0,-1.E0,0.E0));
#11304=AXIS2_PLACEMENT_3D('',#11301,#11302,#11303);
#11305=PLANE('',#11304);
#11307=ORIENTED_EDGE('',*,*,#11306,.T.);
#11308=ORIENTED_EDGE('',*,*,#11295,.T.);
#11310=ORIENTED_EDGE('',*,*,#11309,.T.);
#11311=EDGE_LOOP('',(#11307,#11308,#11310));
#11312=FACE_OUTER_BOUND('',#11311,.F.);
#11313=ADVANCED_FACE('',(#11312),#11305,.F.);
#11314=CARTESIAN_POINT('',(1.942466288608E1,1.768243246080E1,
-3.921966901456E1));
#11315=DIRECTION('',(-7.933533402913E-1,0.E0,6.087614290087E-1));
#11316=DIRECTION('',(0.E0,1.E0,0.E0));
#11317=AXIS2_PLACEMENT_3D('',#11314,#11315,#11316);
#11318=PLANE('',#11317);
#11320=ORIENTED_EDGE('',*,*,#11319,.T.);
#11322=ORIENTED_EDGE('',*,*,#11321,.F.);
#11323=ORIENTED_EDGE('',*,*,#11306,.F.);
#11324=EDGE_LOOP('',(#11320,#11322,#11323));
#11325=FACE_OUTER_BOUND('',#11324,.F.);
#11326=ADVANCED_FACE('',(#11325),#11318,.F.);
#11327=CARTESIAN_POINT('',(1.942466288608E1,1.768243246080E1,-3.4E1));
#11328=DIRECTION('',(0.E0,-1.E0,0.E0));
#11329=DIRECTION('',(1.E0,0.E0,0.E0));
#11330=AXIS2_PLACEMENT_3D('',#11327,#11328,#11329);
#11331=PLANE('',#11330);
#11332=ORIENTED_EDGE('',*,*,#11309,.F.);
#11333=ORIENTED_EDGE('',*,*,#11220,.F.);
#11334=ORIENTED_EDGE('',*,*,#11319,.F.);
#11335=EDGE_LOOP('',(#11332,#11333,#11334));
#11336=FACE_OUTER_BOUND('',#11335,.F.);
#11337=ADVANCED_FACE('',(#11336),#11331,.T.);
#11338=CARTESIAN_POINT('',(1.902466288608E1,1.823243246080E1,
-4.045773311876E1));
#11339=DIRECTION('',(0.E0,7.933533402912E-1,6.087614290087E-1));
#11340=DIRECTION('',(1.E0,0.E0,0.E0));
#11341=AXIS2_PLACEMENT_3D('',#11338,#11339,#11340);
#11342=PLANE('',#11341);
#11344=ORIENTED_EDGE('',*,*,#11343,.T.);
#11345=ORIENTED_EDGE('',*,*,#11321,.T.);
#11347=ORIENTED_EDGE('',*,*,#11346,.T.);
#11348=EDGE_LOOP('',(#11344,#11345,#11347));
#11349=FACE_OUTER_BOUND('',#11348,.F.);
#11350=ADVANCED_FACE('',(#11349),#11342,.F.);
#11351=CARTESIAN_POINT('',(1.902466288608E1,1.728243246080E1,
-3.921966901456E1));
#11352=DIRECTION('',(0.E0,-7.933533402912E-1,6.087614290087E-1));
#11353=DIRECTION('',(-1.E0,0.E0,0.E0));
#11354=AXIS2_PLACEMENT_3D('',#11351,#11352,#11353);
#11355=PLANE('',#11354);
#11357=ORIENTED_EDGE('',*,*,#11356,.T.);
#11359=ORIENTED_EDGE('',*,*,#11358,.F.);
#11360=ORIENTED_EDGE('',*,*,#11343,.F.);
#11361=EDGE_LOOP('',(#11357,#11359,#11360));
#11362=FACE_OUTER_BOUND('',#11361,.F.);
#11363=ADVANCED_FACE('',(#11362),#11355,.F.);
#11364=CARTESIAN_POINT('',(1.902466288608E1,1.728243246080E1,-3.4E1));
#11365=DIRECTION('',(1.E0,0.E0,0.E0));
#11366=DIRECTION('',(0.E0,-1.E0,0.E0));
#11367=AXIS2_PLACEMENT_3D('',#11364,#11365,#11366);
#11368=PLANE('',#11367);
#11369=ORIENTED_EDGE('',*,*,#11346,.F.);
#11371=ORIENTED_EDGE('',*,*,#11370,.T.);
#11372=ORIENTED_EDGE('',*,*,#11356,.F.);
#11373=EDGE_LOOP('',(#11369,#11371,#11372));
#11374=FACE_OUTER_BOUND('',#11373,.F.);
#11375=ADVANCED_FACE('',(#11374),#11368,.T.);
#11376=CARTESIAN_POINT('',(1.942466288608E1,1.768243246080E1,
-3.921966901456E1));
#11377=DIRECTION('',(-7.933533402913E-1,0.E0,6.087614290087E-1));
#11378=DIRECTION('',(0.E0,1.E0,0.E0));
#11379=AXIS2_PLACEMENT_3D('',#11376,#11377,#11378);
#11380=PLANE('',#11379);
#11382=ORIENTED_EDGE('',*,*,#11381,.T.);
#11383=ORIENTED_EDGE('',*,*,#11370,.F.);
#11385=ORIENTED_EDGE('',*,*,#11384,.T.);
#11386=ORIENTED_EDGE('',*,*,#11191,.T.);
#11387=EDGE_LOOP('',(#11382,#11383,#11385,#11386));
#11388=FACE_OUTER_BOUND('',#11387,.F.);
#11389=ADVANCED_FACE('',(#11388),#11380,.F.);
#11390=CARTESIAN_POINT('',(1.942466288608E1,1.688243246080E1,-3.4E1));
#11391=DIRECTION('',(0.E0,-1.E0,0.E0));
#11392=DIRECTION('',(1.E0,0.E0,0.E0));
#11393=AXIS2_PLACEMENT_3D('',#11390,#11391,#11392);
#11394=PLANE('',#11393);
#11395=ORIENTED_EDGE('',*,*,#11189,.F.);
#11397=ORIENTED_EDGE('',*,*,#11396,.F.);
#11398=ORIENTED_EDGE('',*,*,#11381,.F.);
#11399=EDGE_LOOP('',(#11395,#11397,#11398));
#11400=FACE_OUTER_BOUND('',#11399,.F.);
#11401=ADVANCED_FACE('',(#11400),#11394,.F.);
#11402=CARTESIAN_POINT('',(1.902466288608E1,1.728243246080E1,-3.4E1));
#11403=DIRECTION('',(1.E0,0.E0,0.E0));
#11404=DIRECTION('',(0.E0,-1.E0,0.E0));
#11405=AXIS2_PLACEMENT_3D('',#11402,#11403,#11404);
#11406=PLANE('',#11405);
#11408=ORIENTED_EDGE('',*,*,#11407,.F.);
#11409=ORIENTED_EDGE('',*,*,#11396,.T.);
#11410=ORIENTED_EDGE('',*,*,#11187,.T.);
#11411=EDGE_LOOP('',(#11408,#11409,#11410));
#11412=FACE_OUTER_BOUND('',#11411,.F.);
#11413=ADVANCED_FACE('',(#11412),#11406,.T.);
#11414=CARTESIAN_POINT('',(1.902466288608E1,1.728243246080E1,
-3.921966901456E1));
#11415=DIRECTION('',(0.E0,-7.933533402912E-1,6.087614290087E-1));
#11416=DIRECTION('',(-1.E0,0.E0,0.E0));
#11417=AXIS2_PLACEMENT_3D('',#11414,#11415,#11416);
#11418=PLANE('',#11417);
#11419=ORIENTED_EDGE('',*,*,#11407,.T.);
#11420=ORIENTED_EDGE('',*,*,#11185,.T.);
#11422=ORIENTED_EDGE('',*,*,#11421,.T.);
#11424=ORIENTED_EDGE('',*,*,#11423,.F.);
#11425=EDGE_LOOP('',(#11419,#11420,#11422,#11424));
#11426=FACE_OUTER_BOUND('',#11425,.F.);
#11427=ADVANCED_FACE('',(#11426),#11418,.F.);
#11428=CARTESIAN_POINT('',(1.982466288608E1,1.728243246080E1,-3.4E1));
#11429=DIRECTION('',(1.E0,0.E0,0.E0));
#11430=DIRECTION('',(0.E0,-1.E0,0.E0));
#11431=AXIS2_PLACEMENT_3D('',#11428,#11429,#11430);
#11432=PLANE('',#11431);
#11433=ORIENTED_EDGE('',*,*,#11421,.F.);
#11434=ORIENTED_EDGE('',*,*,#11183,.T.);
#11436=ORIENTED_EDGE('',*,*,#11435,.F.);
#11437=EDGE_LOOP('',(#11433,#11434,#11436));
#11438=FACE_OUTER_BOUND('',#11437,.F.);
#11439=ADVANCED_FACE('',(#11438),#11432,.F.);
#11440=CARTESIAN_POINT('',(1.942466288608E1,1.688243246080E1,-3.4E1));
#11441=DIRECTION('',(0.E0,-1.E0,0.E0));
#11442=DIRECTION('',(1.E0,0.E0,0.E0));
#11443=AXIS2_PLACEMENT_3D('',#11440,#11441,#11442);
#11444=PLANE('',#11443);
#11445=ORIENTED_EDGE('',*,*,#11257,.F.);
#11446=ORIENTED_EDGE('',*,*,#11435,.T.);
#11447=ORIENTED_EDGE('',*,*,#11181,.F.);
#11448=EDGE_LOOP('',(#11445,#11446,#11447));
#11449=FACE_OUTER_BOUND('',#11448,.F.);
#11450=ADVANCED_FACE('',(#11449),#11444,.F.);
#11451=CARTESIAN_POINT('',(1.942466288608E1,1.688243246080E1,-3.4E1));
#11452=DIRECTION('',(0.E0,-1.E0,0.E0));
#11453=DIRECTION('',(1.E0,0.E0,0.E0));
#11454=AXIS2_PLACEMENT_3D('',#11451,#11452,#11453);
#11455=PLANE('',#11454);
#11457=ORIENTED_EDGE('',*,*,#11456,.F.);
#11458=ORIENTED_EDGE('',*,*,#11423,.T.);
#11460=ORIENTED_EDGE('',*,*,#11459,.F.);
#11461=EDGE_LOOP('',(#11457,#11458,#11460));
#11462=FACE_OUTER_BOUND('',#11461,.F.);
#11463=ADVANCED_FACE('',(#11462),#11455,.F.);
#11464=CARTESIAN_POINT('',(1.942466288608E1,1.768243246080E1,
-3.921966901456E1));
#11465=DIRECTION('',(-7.933533402913E-1,0.E0,6.087614290087E-1));
#11466=DIRECTION('',(0.E0,1.E0,0.E0));
#11467=AXIS2_PLACEMENT_3D('',#11464,#11465,#11466);
#11468=PLANE('',#11467);
#11470=ORIENTED_EDGE('',*,*,#11469,.F.);
#11471=ORIENTED_EDGE('',*,*,#11358,.T.);
#11472=ORIENTED_EDGE('',*,*,#11456,.T.);
#11473=EDGE_LOOP('',(#11470,#11471,#11472));
#11474=FACE_OUTER_BOUND('',#11473,.F.);
#11475=ADVANCED_FACE('',(#11474),#11468,.F.);
#11476=CARTESIAN_POINT('',(2.037466288608E1,1.768243246080E1,
-4.045773311876E1));
#11477=DIRECTION('',(7.933533402912E-1,0.E0,6.087614290088E-1));
#11478=DIRECTION('',(0.E0,-1.E0,0.E0));
#11479=AXIS2_PLACEMENT_3D('',#11476,#11477,#11478);
#11480=PLANE('',#11479);
#11481=ORIENTED_EDGE('',*,*,#11459,.T.);
#11482=ORIENTED_EDGE('',*,*,#11283,.F.);
#11483=ORIENTED_EDGE('',*,*,#11469,.T.);
#11484=EDGE_LOOP('',(#11481,#11482,#11483));
#11485=FACE_OUTER_BOUND('',#11484,.F.);
#11486=ADVANCED_FACE('',(#11485),#11480,.F.);
#11487=CARTESIAN_POINT('',(1.942466288608E1,1.768243246080E1,-3.4E1));
#11488=DIRECTION('',(0.E0,-1.E0,0.E0));
#11489=DIRECTION('',(1.E0,0.E0,0.E0));
#11490=AXIS2_PLACEMENT_3D('',#11487,#11488,#11489);
#11491=PLANE('',#11490);
#11492=ORIENTED_EDGE('',*,*,#11384,.F.);
#11493=ORIENTED_EDGE('',*,*,#11206,.T.);
#11494=ORIENTED_EDGE('',*,*,#11193,.F.);
#11495=EDGE_LOOP('',(#11492,#11493,#11494));
#11496=FACE_OUTER_BOUND('',#11495,.F.);
#11497=ADVANCED_FACE('',(#11496),#11491,.T.);
#11498=CARTESIAN_POINT('',(-1.728243246080E1,1.942466288608E1,-4.09E1));
#11499=DIRECTION('',(0.E0,0.E0,-1.E0));
#11500=DIRECTION('',(6.936602276031E-1,7.203023591810E-1,0.E0));
#11501=AXIS2_PLACEMENT_3D('',#11498,#11499,#11500);
#11502=TOROIDAL_SURFACE('',#11501,2.5E0,5.E-1);
#11503=ORIENTED_EDGE('',*,*,#10890,.F.);
#11505=ORIENTED_EDGE('',*,*,#11504,.T.);
#11506=ORIENTED_EDGE('',*,*,#10809,.F.);
#11507=ORIENTED_EDGE('',*,*,#9954,.T.);
#11508=EDGE_LOOP('',(#11503,#11505,#11506,#11507));
#11509=FACE_OUTER_BOUND('',#11508,.F.);
#11510=ADVANCED_FACE('',(#11509),#11502,.T.);
#11511=CARTESIAN_POINT('',(-1.728243246080E1,1.942466288608E1,-3.74E1));
#11512=DIRECTION('',(0.E0,0.E0,-1.E0));
#11513=DIRECTION('',(-7.471024186954E-1,-6.647089408E-1,0.E0));
#11514=AXIS2_PLACEMENT_3D('',#11511,#11512,#11513);
#11515=CYLINDRICAL_SURFACE('',#11514,2.E0);
#11516=ORIENTED_EDGE('',*,*,#10824,.F.);
#11517=ORIENTED_EDGE('',*,*,#11504,.F.);
#11518=ORIENTED_EDGE('',*,*,#10876,.F.);
#11520=ORIENTED_EDGE('',*,*,#11519,.T.);
#11521=EDGE_LOOP('',(#11516,#11517,#11518,#11520));
#11522=FACE_OUTER_BOUND('',#11521,.F.);
#11523=ADVANCED_FACE('',(#11522),#11515,.F.);
#11524=CARTESIAN_POINT('',(-1.728243246080E1,1.942466288608E1,
-3.740200080064E1));
#11525=DIRECTION('',(-1.E0,-3.886662377547E-14,-1.208328765179E-14));
#11526=DIRECTION('',(4.070160051128E-14,-9.549163494123E-1,-2.96875E-1));
#11527=AXIS2_PLACEMENT_3D('',#11524,#11525,#11526);
#11528=SPHERICAL_SURFACE('',#11527,3.2E0);
#11529=ORIENTED_EDGE('',*,*,#10858,.F.);
#11530=ORIENTED_EDGE('',*,*,#11519,.F.);
#11531=ORIENTED_EDGE('',*,*,#10860,.F.);
#11532=EDGE_LOOP('',(#11529,#11530,#11531));
#11533=FACE_OUTER_BOUND('',#11532,.F.);
#11535=ORIENTED_EDGE('',*,*,#11534,.T.);
#11537=ORIENTED_EDGE('',*,*,#11536,.F.);
#11539=ORIENTED_EDGE('',*,*,#11538,.F.);
#11541=ORIENTED_EDGE('',*,*,#11540,.T.);
#11543=ORIENTED_EDGE('',*,*,#11542,.F.);
#11545=ORIENTED_EDGE('',*,*,#11544,.T.);
#11547=ORIENTED_EDGE('',*,*,#11546,.F.);
#11549=ORIENTED_EDGE('',*,*,#11548,.F.);
#11551=ORIENTED_EDGE('',*,*,#11550,.F.);
#11553=ORIENTED_EDGE('',*,*,#11552,.T.);
#11555=ORIENTED_EDGE('',*,*,#11554,.F.);
#11557=ORIENTED_EDGE('',*,*,#11556,.T.);
#11558=EDGE_LOOP('',(#11535,#11537,#11539,#11541,#11543,#11545,#11547,#11549,
#11551,#11553,#11555,#11557));
#11559=FACE_BOUND('',#11558,.F.);
#11560=ADVANCED_FACE('',(#11533,#11559),#11528,.T.);
#11561=CARTESIAN_POINT('',(-1.728243246080E1,1.902466288608E1,-3.4E1));
#11562=DIRECTION('',(0.E0,1.E0,0.E0));
#11563=DIRECTION('',(1.E0,0.E0,0.E0));
#11564=AXIS2_PLACEMENT_3D('',#11561,#11562,#11563);
#11565=PLANE('',#11564);
#11567=ORIENTED_EDGE('',*,*,#11566,.F.);
#11568=ORIENTED_EDGE('',*,*,#11534,.F.);
#11570=ORIENTED_EDGE('',*,*,#11569,.F.);
#11571=EDGE_LOOP('',(#11567,#11568,#11570));
#11572=FACE_OUTER_BOUND('',#11571,.F.);
#11573=ADVANCED_FACE('',(#11572),#11565,.T.);
#11574=CARTESIAN_POINT('',(-1.823243246080E1,1.902466288608E1,
-4.045773311876E1));
#11575=DIRECTION('',(-7.933533402912E-1,0.E0,6.087614290087E-1));
#11576=DIRECTION('',(0.E0,1.E0,0.E0));
#11577=AXIS2_PLACEMENT_3D('',#11574,#11575,#11576);
#11578=PLANE('',#11577);
#11580=ORIENTED_EDGE('',*,*,#11579,.T.);
#11581=ORIENTED_EDGE('',*,*,#11536,.T.);
#11582=ORIENTED_EDGE('',*,*,#11566,.T.);
#11584=ORIENTED_EDGE('',*,*,#11583,.T.);
#11585=EDGE_LOOP('',(#11580,#11581,#11582,#11584));
#11586=FACE_OUTER_BOUND('',#11585,.F.);
#11587=ADVANCED_FACE('',(#11586),#11578,.F.);
#11588=CARTESIAN_POINT('',(-1.728243246080E1,1.982466288608E1,-3.4E1));
#11589=DIRECTION('',(0.E0,1.E0,0.E0));
#11590=DIRECTION('',(1.E0,0.E0,0.E0));
#11591=AXIS2_PLACEMENT_3D('',#11588,#11589,#11590);
#11592=PLANE('',#11591);
#11593=ORIENTED_EDGE('',*,*,#11579,.F.);
#11595=ORIENTED_EDGE('',*,*,#11594,.T.);
#11596=ORIENTED_EDGE('',*,*,#11538,.T.);
#11597=EDGE_LOOP('',(#11593,#11595,#11596));
#11598=FACE_OUTER_BOUND('',#11597,.F.);
#11599=ADVANCED_FACE('',(#11598),#11592,.F.);
#11600=CARTESIAN_POINT('',(-1.768243246080E1,1.942466288608E1,-3.4E1));
#11601=DIRECTION('',(1.E0,0.E0,0.E0));
#11602=DIRECTION('',(0.E0,1.E0,0.E0));
#11603=AXIS2_PLACEMENT_3D('',#11600,#11601,#11602);
#11604=PLANE('',#11603);
#11605=ORIENTED_EDGE('',*,*,#11540,.F.);
#11606=ORIENTED_EDGE('',*,*,#11594,.F.);
#11608=ORIENTED_EDGE('',*,*,#11607,.F.);
#11609=EDGE_LOOP('',(#11605,#11606,#11608));
#11610=FACE_OUTER_BOUND('',#11609,.F.);
#11611=ADVANCED_FACE('',(#11610),#11604,.T.);
#11612=CARTESIAN_POINT('',(-1.768243246080E1,2.037466288608E1,
-4.045773311876E1));
#11613=DIRECTION('',(0.E0,7.933533402912E-1,6.087614290088E-1));
#11614=DIRECTION('',(1.E0,0.E0,0.E0));
#11615=AXIS2_PLACEMENT_3D('',#11612,#11613,#11614);
#11616=PLANE('',#11615);
#11617=ORIENTED_EDGE('',*,*,#11607,.T.);
#11619=ORIENTED_EDGE('',*,*,#11618,.T.);
#11621=ORIENTED_EDGE('',*,*,#11620,.T.);
#11622=ORIENTED_EDGE('',*,*,#11542,.T.);
#11623=EDGE_LOOP('',(#11617,#11619,#11621,#11622));
#11624=FACE_OUTER_BOUND('',#11623,.F.);
#11625=ADVANCED_FACE('',(#11624),#11616,.F.);
#11626=CARTESIAN_POINT('',(-1.728243246080E1,1.982466288608E1,-3.4E1));
#11627=DIRECTION('',(0.E0,1.E0,0.E0));
#11628=DIRECTION('',(1.E0,0.E0,0.E0));
#11629=AXIS2_PLACEMENT_3D('',#11626,#11627,#11628);
#11630=PLANE('',#11629);
#11632=ORIENTED_EDGE('',*,*,#11631,.F.);
#11633=ORIENTED_EDGE('',*,*,#11618,.F.);
#11635=ORIENTED_EDGE('',*,*,#11634,.F.);
#11636=EDGE_LOOP('',(#11632,#11633,#11635));
#11637=FACE_OUTER_BOUND('',#11636,.F.);
#11638=ADVANCED_FACE('',(#11637),#11630,.F.);
#11639=CARTESIAN_POINT('',(-1.728243246080E1,1.902466288608E1,
-3.921966901456E1));
#11640=DIRECTION('',(7.933533402912E-1,0.E0,6.087614290087E-1));
#11641=DIRECTION('',(0.E0,-1.E0,0.E0));
#11642=AXIS2_PLACEMENT_3D('',#11639,#11640,#11641);
#11643=PLANE('',#11642);
#11645=ORIENTED_EDGE('',*,*,#11644,.F.);
#11647=ORIENTED_EDGE('',*,*,#11646,.T.);
#11648=ORIENTED_EDGE('',*,*,#11631,.T.);
#11649=EDGE_LOOP('',(#11645,#11647,#11648));
#11650=FACE_OUTER_BOUND('',#11649,.F.);
#11651=ADVANCED_FACE('',(#11650),#11643,.F.);
#11652=CARTESIAN_POINT('',(-1.823243246080E1,1.902466288608E1,
-4.045773311876E1));
#11653=DIRECTION('',(-7.933533402912E-1,0.E0,6.087614290087E-1));
#11654=DIRECTION('',(0.E0,1.E0,0.E0));
#11655=AXIS2_PLACEMENT_3D('',#11652,#11653,#11654);
#11656=PLANE('',#11655);
#11657=ORIENTED_EDGE('',*,*,#11634,.T.);
#11659=ORIENTED_EDGE('',*,*,#11658,.F.);
#11660=ORIENTED_EDGE('',*,*,#11644,.T.);
#11661=EDGE_LOOP('',(#11657,#11659,#11660));
#11662=FACE_OUTER_BOUND('',#11661,.F.);
#11663=ADVANCED_FACE('',(#11662),#11656,.F.);
#11664=CARTESIAN_POINT('',(-1.768243246080E1,2.037466288608E1,
-4.045773311876E1));
#11665=DIRECTION('',(0.E0,7.933533402912E-1,6.087614290088E-1));
#11666=DIRECTION('',(1.E0,0.E0,0.E0));
#11667=AXIS2_PLACEMENT_3D('',#11664,#11665,#11666);
#11668=PLANE('',#11667);
#11670=ORIENTED_EDGE('',*,*,#11669,.T.);
#11671=ORIENTED_EDGE('',*,*,#11658,.T.);
#11673=ORIENTED_EDGE('',*,*,#11672,.T.);
#11674=EDGE_LOOP('',(#11670,#11671,#11673));
#11675=FACE_OUTER_BOUND('',#11674,.F.);
#11676=ADVANCED_FACE('',(#11675),#11668,.F.);
#11677=CARTESIAN_POINT('',(-1.768243246080E1,1.942466288608E1,
-3.921966901456E1));
#11678=DIRECTION('',(0.E0,-7.933533402913E-1,6.087614290087E-1));
#11679=DIRECTION('',(-1.E0,0.E0,0.E0));
#11680=AXIS2_PLACEMENT_3D('',#11677,#11678,#11679);
#11681=PLANE('',#11680);
#11683=ORIENTED_EDGE('',*,*,#11682,.T.);
#11685=ORIENTED_EDGE('',*,*,#11684,.F.);
#11686=ORIENTED_EDGE('',*,*,#11669,.F.);
#11687=EDGE_LOOP('',(#11683,#11685,#11686));
#11688=FACE_OUTER_BOUND('',#11687,.F.);
#11689=ADVANCED_FACE('',(#11688),#11681,.F.);
#11690=CARTESIAN_POINT('',(-1.768243246080E1,1.942466288608E1,-3.4E1));
#11691=DIRECTION('',(1.E0,0.E0,0.E0));
#11692=DIRECTION('',(0.E0,1.E0,0.E0));
#11693=AXIS2_PLACEMENT_3D('',#11690,#11691,#11692);
#11694=PLANE('',#11693);
#11695=ORIENTED_EDGE('',*,*,#11672,.F.);
#11696=ORIENTED_EDGE('',*,*,#11583,.F.);
#11697=ORIENTED_EDGE('',*,*,#11682,.F.);
#11698=EDGE_LOOP('',(#11695,#11696,#11697));
#11699=FACE_OUTER_BOUND('',#11698,.F.);
#11700=ADVANCED_FACE('',(#11699),#11694,.T.);
#11701=CARTESIAN_POINT('',(-1.823243246080E1,1.902466288608E1,
-4.045773311876E1));
#11702=DIRECTION('',(-7.933533402912E-1,0.E0,6.087614290087E-1));
#11703=DIRECTION('',(0.E0,1.E0,0.E0));
#11704=AXIS2_PLACEMENT_3D('',#11701,#11702,#11703);
#11705=PLANE('',#11704);
#11707=ORIENTED_EDGE('',*,*,#11706,.T.);
#11708=ORIENTED_EDGE('',*,*,#11684,.T.);
#11710=ORIENTED_EDGE('',*,*,#11709,.T.);
#11711=EDGE_LOOP('',(#11707,#11708,#11710));
#11712=FACE_OUTER_BOUND('',#11711,.F.);
#11713=ADVANCED_FACE('',(#11712),#11705,.F.);
#11714=CARTESIAN_POINT('',(-1.728243246080E1,1.902466288608E1,
-3.921966901456E1));
#11715=DIRECTION('',(7.933533402912E-1,0.E0,6.087614290087E-1));
#11716=DIRECTION('',(0.E0,-1.E0,0.E0));
#11717=AXIS2_PLACEMENT_3D('',#11714,#11715,#11716);
#11718=PLANE('',#11717);
#11720=ORIENTED_EDGE('',*,*,#11719,.T.);
#11722=ORIENTED_EDGE('',*,*,#11721,.F.);
#11723=ORIENTED_EDGE('',*,*,#11706,.F.);
#11724=EDGE_LOOP('',(#11720,#11722,#11723));
#11725=FACE_OUTER_BOUND('',#11724,.F.);
#11726=ADVANCED_FACE('',(#11725),#11718,.F.);
#11727=CARTESIAN_POINT('',(-1.728243246080E1,1.902466288608E1,-3.4E1));
#11728=DIRECTION('',(0.E0,1.E0,0.E0));
#11729=DIRECTION('',(1.E0,0.E0,0.E0));
#11730=AXIS2_PLACEMENT_3D('',#11727,#11728,#11729);
#11731=PLANE('',#11730);
#11732=ORIENTED_EDGE('',*,*,#11709,.F.);
#11734=ORIENTED_EDGE('',*,*,#11733,.T.);
#11735=ORIENTED_EDGE('',*,*,#11719,.F.);
#11736=EDGE_LOOP('',(#11732,#11734,#11735));
#11737=FACE_OUTER_BOUND('',#11736,.F.);
#11738=ADVANCED_FACE('',(#11737),#11731,.T.);
#11739=CARTESIAN_POINT('',(-1.768243246080E1,1.942466288608E1,
-3.921966901456E1));
#11740=DIRECTION('',(0.E0,-7.933533402913E-1,6.087614290087E-1));
#11741=DIRECTION('',(-1.E0,0.E0,0.E0));
#11742=AXIS2_PLACEMENT_3D('',#11739,#11740,#11741);
#11743=PLANE('',#11742);
#11745=ORIENTED_EDGE('',*,*,#11744,.T.);
#11746=ORIENTED_EDGE('',*,*,#11733,.F.);
#11748=ORIENTED_EDGE('',*,*,#11747,.T.);
#11749=ORIENTED_EDGE('',*,*,#11554,.T.);
#11750=EDGE_LOOP('',(#11745,#11746,#11748,#11749));
#11751=FACE_OUTER_BOUND('',#11750,.F.);
#11752=ADVANCED_FACE('',(#11751),#11743,.F.);
#11753=CARTESIAN_POINT('',(-1.688243246080E1,1.942466288608E1,-3.4E1));
#11754=DIRECTION('',(1.E0,0.E0,0.E0));
#11755=DIRECTION('',(0.E0,1.E0,0.E0));
#11756=AXIS2_PLACEMENT_3D('',#11753,#11754,#11755);
#11757=PLANE('',#11756);
#11758=ORIENTED_EDGE('',*,*,#11552,.F.);
#11760=ORIENTED_EDGE('',*,*,#11759,.F.);
#11761=ORIENTED_EDGE('',*,*,#11744,.F.);
#11762=EDGE_LOOP('',(#11758,#11760,#11761));
#11763=FACE_OUTER_BOUND('',#11762,.F.);
#11764=ADVANCED_FACE('',(#11763),#11757,.F.);
#11765=CARTESIAN_POINT('',(-1.728243246080E1,1.902466288608E1,-3.4E1));
#11766=DIRECTION('',(0.E0,1.E0,0.E0));
#11767=DIRECTION('',(1.E0,0.E0,0.E0));
#11768=AXIS2_PLACEMENT_3D('',#11765,#11766,#11767);
#11769=PLANE('',#11768);
#11771=ORIENTED_EDGE('',*,*,#11770,.F.);
#11772=ORIENTED_EDGE('',*,*,#11759,.T.);
#11773=ORIENTED_EDGE('',*,*,#11550,.T.);
#11774=EDGE_LOOP('',(#11771,#11772,#11773));
#11775=FACE_OUTER_BOUND('',#11774,.F.);
#11776=ADVANCED_FACE('',(#11775),#11769,.T.);
#11777=CARTESIAN_POINT('',(-1.728243246080E1,1.902466288608E1,
-3.921966901456E1));
#11778=DIRECTION('',(7.933533402912E-1,0.E0,6.087614290087E-1));
#11779=DIRECTION('',(0.E0,-1.E0,0.E0));
#11780=AXIS2_PLACEMENT_3D('',#11777,#11778,#11779);
#11781=PLANE('',#11780);
#11782=ORIENTED_EDGE('',*,*,#11770,.T.);
#11783=ORIENTED_EDGE('',*,*,#11548,.T.);
#11785=ORIENTED_EDGE('',*,*,#11784,.T.);
#11787=ORIENTED_EDGE('',*,*,#11786,.F.);
#11788=EDGE_LOOP('',(#11782,#11783,#11785,#11787));
#11789=FACE_OUTER_BOUND('',#11788,.F.);
#11790=ADVANCED_FACE('',(#11789),#11781,.F.);
#11791=CARTESIAN_POINT('',(-1.728243246080E1,1.982466288608E1,-3.4E1));
#11792=DIRECTION('',(0.E0,1.E0,0.E0));
#11793=DIRECTION('',(1.E0,0.E0,0.E0));
#11794=AXIS2_PLACEMENT_3D('',#11791,#11792,#11793);
#11795=PLANE('',#11794);
#11796=ORIENTED_EDGE('',*,*,#11784,.F.);
#11797=ORIENTED_EDGE('',*,*,#11546,.T.);
#11799=ORIENTED_EDGE('',*,*,#11798,.F.);
#11800=EDGE_LOOP('',(#11796,#11797,#11799));
#11801=FACE_OUTER_BOUND('',#11800,.F.);
#11802=ADVANCED_FACE('',(#11801),#11795,.F.);
#11803=CARTESIAN_POINT('',(-1.688243246080E1,1.942466288608E1,-3.4E1));
#11804=DIRECTION('',(1.E0,0.E0,0.E0));
#11805=DIRECTION('',(0.E0,1.E0,0.E0));
#11806=AXIS2_PLACEMENT_3D('',#11803,#11804,#11805);
#11807=PLANE('',#11806);
#11808=ORIENTED_EDGE('',*,*,#11620,.F.);
#11809=ORIENTED_EDGE('',*,*,#11798,.T.);
#11810=ORIENTED_EDGE('',*,*,#11544,.F.);
#11811=EDGE_LOOP('',(#11808,#11809,#11810));
#11812=FACE_OUTER_BOUND('',#11811,.F.);
#11813=ADVANCED_FACE('',(#11812),#11807,.F.);
#11814=CARTESIAN_POINT('',(-1.688243246080E1,1.942466288608E1,-3.4E1));
#11815=DIRECTION('',(1.E0,0.E0,0.E0));
#11816=DIRECTION('',(0.E0,1.E0,0.E0));
#11817=AXIS2_PLACEMENT_3D('',#11814,#11815,#11816);
#11818=PLANE('',#11817);
#11820=ORIENTED_EDGE('',*,*,#11819,.F.);
#11821=ORIENTED_EDGE('',*,*,#11786,.T.);
#11823=ORIENTED_EDGE('',*,*,#11822,.F.);
#11824=EDGE_LOOP('',(#11820,#11821,#11823));
#11825=FACE_OUTER_BOUND('',#11824,.F.);
#11826=ADVANCED_FACE('',(#11825),#11818,.F.);
#11827=CARTESIAN_POINT('',(-1.768243246080E1,1.942466288608E1,
-3.921966901456E1));
#11828=DIRECTION('',(0.E0,-7.933533402913E-1,6.087614290087E-1));
#11829=DIRECTION('',(-1.E0,0.E0,0.E0));
#11830=AXIS2_PLACEMENT_3D('',#11827,#11828,#11829);
#11831=PLANE('',#11830);
#11833=ORIENTED_EDGE('',*,*,#11832,.F.);
#11834=ORIENTED_EDGE('',*,*,#11721,.T.);
#11835=ORIENTED_EDGE('',*,*,#11819,.T.);
#11836=EDGE_LOOP('',(#11833,#11834,#11835));
#11837=FACE_OUTER_BOUND('',#11836,.F.);
#11838=ADVANCED_FACE('',(#11837),#11831,.F.);
#11839=CARTESIAN_POINT('',(-1.768243246080E1,2.037466288608E1,
-4.045773311876E1));
#11840=DIRECTION('',(0.E0,7.933533402912E-1,6.087614290088E-1));
#11841=DIRECTION('',(1.E0,0.E0,0.E0));
#11842=AXIS2_PLACEMENT_3D('',#11839,#11840,#11841);
#11843=PLANE('',#11842);
#11844=ORIENTED_EDGE('',*,*,#11822,.T.);
#11845=ORIENTED_EDGE('',*,*,#11646,.F.);
#11846=ORIENTED_EDGE('',*,*,#11832,.T.);
#11847=EDGE_LOOP('',(#11844,#11845,#11846));
#11848=FACE_OUTER_BOUND('',#11847,.F.);
#11849=ADVANCED_FACE('',(#11848),#11843,.F.);
#11850=CARTESIAN_POINT('',(-1.768243246080E1,1.942466288608E1,-3.4E1));
#11851=DIRECTION('',(1.E0,0.E0,0.E0));
#11852=DIRECTION('',(0.E0,1.E0,0.E0));
#11853=AXIS2_PLACEMENT_3D('',#11850,#11851,#11852);
#11854=PLANE('',#11853);
#11855=ORIENTED_EDGE('',*,*,#11747,.F.);
#11856=ORIENTED_EDGE('',*,*,#11569,.T.);
#11857=ORIENTED_EDGE('',*,*,#11556,.F.);
#11858=EDGE_LOOP('',(#11855,#11856,#11857));
#11859=FACE_OUTER_BOUND('',#11858,.F.);
#11860=ADVANCED_FACE('',(#11859),#11854,.T.);
#11861=CARTESIAN_POINT('',(-2.308446416385E1,2.143262733002E1,-5.886824E1));
#11862=DIRECTION('',(0.E0,0.E0,1.E0));
#11863=DIRECTION('',(7.471024186954E-1,6.647089408E-1,0.E0));
#11864=AXIS2_PLACEMENT_3D('',#11861,#11862,#11863);
#11865=CYLINDRICAL_SURFACE('',#11864,1.E0);
#11866=ORIENTED_EDGE('',*,*,#10843,.T.);
#11867=ORIENTED_EDGE('',*,*,#9848,.F.);
#11868=ORIENTED_EDGE('',*,*,#10769,.T.);
#11869=ORIENTED_EDGE('',*,*,#10795,.T.);
#11870=ORIENTED_EDGE('',*,*,#10821,.F.);
#11871=EDGE_LOOP('',(#11866,#11867,#11868,#11869,#11870));
#11872=FACE_OUTER_BOUND('',#11871,.F.);
#11873=ADVANCED_FACE('',(#11872),#11865,.T.);
#11874=CARTESIAN_POINT('',(-1.942466288608E1,-1.728243246080E1,-4.09E1));
#11875=DIRECTION('',(0.E0,0.E0,-1.E0));
#11876=DIRECTION('',(-7.203023591923E-1,6.936602275913E-1,0.E0));
#11877=AXIS2_PLACEMENT_3D('',#11874,#11875,#11876);
#11878=TOROIDAL_SURFACE('',#11877,2.5E0,5.E-1);
#11879=ORIENTED_EDGE('',*,*,#10591,.F.);
#11881=ORIENTED_EDGE('',*,*,#11880,.F.);
#11883=ORIENTED_EDGE('',*,*,#11882,.F.);
#11884=ORIENTED_EDGE('',*,*,#10509,.F.);
#11885=ORIENTED_EDGE('',*,*,#9966,.T.);
#11886=EDGE_LOOP('',(#11879,#11881,#11883,#11884,#11885));
#11887=FACE_OUTER_BOUND('',#11886,.F.);
#11888=ADVANCED_FACE('',(#11887),#11878,.T.);
#11889=CARTESIAN_POINT('',(-1.942466288608E1,-1.728243246080E1,-3.74E1));
#11890=DIRECTION('',(0.E0,0.E0,-1.E0));
#11891=DIRECTION('',(-7.471024186954E-1,-6.647089408E-1,0.E0));
#11892=AXIS2_PLACEMENT_3D('',#11889,#11890,#11891);
#11893=CYLINDRICAL_SURFACE('',#11892,2.E0);
#11894=ORIENTED_EDGE('',*,*,#10524,.F.);
#11895=ORIENTED_EDGE('',*,*,#11882,.T.);
#11896=ORIENTED_EDGE('',*,*,#11880,.T.);
#11897=ORIENTED_EDGE('',*,*,#10577,.F.);
#11899=ORIENTED_EDGE('',*,*,#11898,.T.);
#11901=ORIENTED_EDGE('',*,*,#11900,.T.);
#11902=EDGE_LOOP('',(#11894,#11895,#11896,#11897,#11899,#11901));
#11903=FACE_OUTER_BOUND('',#11902,.F.);
#11904=ADVANCED_FACE('',(#11903),#11893,.F.);
#11905=CARTESIAN_POINT('',(-1.942466288608E1,-1.728243246080E1,
-3.740200080064E1));
#11906=DIRECTION('',(3.905032079534E-14,-1.E0,-1.208328765179E-14));
#11907=DIRECTION('',(9.549163494123E-1,4.087701579890E-14,-2.96875E-1));
#11908=AXIS2_PLACEMENT_3D('',#11905,#11906,#11907);
#11909=SPHERICAL_SURFACE('',#11908,3.2E0);
#11910=ORIENTED_EDGE('',*,*,#10559,.F.);
#11911=ORIENTED_EDGE('',*,*,#11900,.F.);
#11912=ORIENTED_EDGE('',*,*,#11898,.F.);
#11913=ORIENTED_EDGE('',*,*,#10561,.F.);
#11914=EDGE_LOOP('',(#11910,#11911,#11912,#11913));
#11915=FACE_OUTER_BOUND('',#11914,.F.);
#11917=ORIENTED_EDGE('',*,*,#11916,.T.);
#11919=ORIENTED_EDGE('',*,*,#11918,.F.);
#11921=ORIENTED_EDGE('',*,*,#11920,.F.);
#11923=ORIENTED_EDGE('',*,*,#11922,.T.);
#11925=ORIENTED_EDGE('',*,*,#11924,.F.);
#11927=ORIENTED_EDGE('',*,*,#11926,.T.);
#11929=ORIENTED_EDGE('',*,*,#11928,.F.);
#11931=ORIENTED_EDGE('',*,*,#11930,.F.);
#11933=ORIENTED_EDGE('',*,*,#11932,.F.);
#11935=ORIENTED_EDGE('',*,*,#11934,.T.);
#11937=ORIENTED_EDGE('',*,*,#11936,.F.);
#11939=ORIENTED_EDGE('',*,*,#11938,.T.);
#11940=EDGE_LOOP('',(#11917,#11919,#11921,#11923,#11925,#11927,#11929,#11931,
#11933,#11935,#11937,#11939));
#11941=FACE_BOUND('',#11940,.F.);
#11942=ADVANCED_FACE('',(#11915,#11941),#11909,.T.);
#11943=CARTESIAN_POINT('',(-1.902466288608E1,-1.728243246080E1,-3.4E1));
#11944=DIRECTION('',(-1.E0,0.E0,0.E0));
#11945=DIRECTION('',(0.E0,1.E0,0.E0));
#11946=AXIS2_PLACEMENT_3D('',#11943,#11944,#11945);
#11947=PLANE('',#11946);
#11949=ORIENTED_EDGE('',*,*,#11948,.F.);
#11950=ORIENTED_EDGE('',*,*,#11916,.F.);
#11952=ORIENTED_EDGE('',*,*,#11951,.F.);
#11953=EDGE_LOOP('',(#11949,#11950,#11952));
#11954=FACE_OUTER_BOUND('',#11953,.F.);
#11955=ADVANCED_FACE('',(#11954),#11947,.T.);
#11956=CARTESIAN_POINT('',(-1.902466288608E1,-1.823243246080E1,
-4.045773311876E1));
#11957=DIRECTION('',(0.E0,-7.933533402912E-1,6.087614290087E-1));
#11958=DIRECTION('',(-1.E0,0.E0,0.E0));
#11959=AXIS2_PLACEMENT_3D('',#11956,#11957,#11958);
#11960=PLANE('',#11959);
#11962=ORIENTED_EDGE('',*,*,#11961,.T.);
#11963=ORIENTED_EDGE('',*,*,#11918,.T.);
#11964=ORIENTED_EDGE('',*,*,#11948,.T.);
#11966=ORIENTED_EDGE('',*,*,#11965,.T.);
#11967=EDGE_LOOP('',(#11962,#11963,#11964,#11966));
#11968=FACE_OUTER_BOUND('',#11967,.F.);
#11969=ADVANCED_FACE('',(#11968),#11960,.F.);
#11970=CARTESIAN_POINT('',(-1.982466288608E1,-1.728243246080E1,-3.4E1));
#11971=DIRECTION('',(-1.E0,0.E0,0.E0));
#11972=DIRECTION('',(0.E0,1.E0,0.E0));
#11973=AXIS2_PLACEMENT_3D('',#11970,#11971,#11972);
#11974=PLANE('',#11973);
#11975=ORIENTED_EDGE('',*,*,#11961,.F.);
#11977=ORIENTED_EDGE('',*,*,#11976,.T.);
#11978=ORIENTED_EDGE('',*,*,#11920,.T.);
#11979=EDGE_LOOP('',(#11975,#11977,#11978));
#11980=FACE_OUTER_BOUND('',#11979,.F.);
#11981=ADVANCED_FACE('',(#11980),#11974,.F.);
#11982=CARTESIAN_POINT('',(-1.942466288608E1,-1.768243246080E1,-3.4E1));
#11983=DIRECTION('',(0.E0,1.E0,0.E0));
#11984=DIRECTION('',(-1.E0,0.E0,0.E0));
#11985=AXIS2_PLACEMENT_3D('',#11982,#11983,#11984);
#11986=PLANE('',#11985);
#11987=ORIENTED_EDGE('',*,*,#11922,.F.);
#11988=ORIENTED_EDGE('',*,*,#11976,.F.);
#11990=ORIENTED_EDGE('',*,*,#11989,.F.);
#11991=EDGE_LOOP('',(#11987,#11988,#11990));
#11992=FACE_OUTER_BOUND('',#11991,.F.);
#11993=ADVANCED_FACE('',(#11992),#11986,.T.);
#11994=CARTESIAN_POINT('',(-2.037466288608E1,-1.768243246080E1,
-4.045773311876E1));
#11995=DIRECTION('',(-7.933533402912E-1,0.E0,6.087614290088E-1));
#11996=DIRECTION('',(0.E0,1.E0,0.E0));
#11997=AXIS2_PLACEMENT_3D('',#11994,#11995,#11996);
#11998=PLANE('',#11997);
#11999=ORIENTED_EDGE('',*,*,#11989,.T.);
#12001=ORIENTED_EDGE('',*,*,#12000,.T.);
#12003=ORIENTED_EDGE('',*,*,#12002,.T.);
#12004=ORIENTED_EDGE('',*,*,#11924,.T.);
#12005=EDGE_LOOP('',(#11999,#12001,#12003,#12004));
#12006=FACE_OUTER_BOUND('',#12005,.F.);
#12007=ADVANCED_FACE('',(#12006),#11998,.F.);
#12008=CARTESIAN_POINT('',(-1.982466288608E1,-1.728243246080E1,-3.4E1));
#12009=DIRECTION('',(-1.E0,0.E0,0.E0));
#12010=DIRECTION('',(0.E0,1.E0,0.E0));
#12011=AXIS2_PLACEMENT_3D('',#12008,#12009,#12010);
#12012=PLANE('',#12011);
#12014=ORIENTED_EDGE('',*,*,#12013,.F.);
#12015=ORIENTED_EDGE('',*,*,#12000,.F.);
#12017=ORIENTED_EDGE('',*,*,#12016,.F.);
#12018=EDGE_LOOP('',(#12014,#12015,#12017));
#12019=FACE_OUTER_BOUND('',#12018,.F.);
#12020=ADVANCED_FACE('',(#12019),#12012,.F.);
#12021=CARTESIAN_POINT('',(-1.902466288608E1,-1.728243246080E1,
-3.921966901456E1));
#12022=DIRECTION('',(0.E0,7.933533402912E-1,6.087614290087E-1));
#12023=DIRECTION('',(1.E0,0.E0,0.E0));
#12024=AXIS2_PLACEMENT_3D('',#12021,#12022,#12023);
#12025=PLANE('',#12024);
#12027=ORIENTED_EDGE('',*,*,#12026,.F.);
#12029=ORIENTED_EDGE('',*,*,#12028,.T.);
#12030=ORIENTED_EDGE('',*,*,#12013,.T.);
#12031=EDGE_LOOP('',(#12027,#12029,#12030));
#12032=FACE_OUTER_BOUND('',#12031,.F.);
#12033=ADVANCED_FACE('',(#12032),#12025,.F.);
#12034=CARTESIAN_POINT('',(-1.902466288608E1,-1.823243246080E1,
-4.045773311876E1));
#12035=DIRECTION('',(0.E0,-7.933533402912E-1,6.087614290087E-1));
#12036=DIRECTION('',(-1.E0,0.E0,0.E0));
#12037=AXIS2_PLACEMENT_3D('',#12034,#12035,#12036);
#12038=PLANE('',#12037);
#12039=ORIENTED_EDGE('',*,*,#12016,.T.);
#12041=ORIENTED_EDGE('',*,*,#12040,.F.);
#12042=ORIENTED_EDGE('',*,*,#12026,.T.);
#12043=EDGE_LOOP('',(#12039,#12041,#12042));
#12044=FACE_OUTER_BOUND('',#12043,.F.);
#12045=ADVANCED_FACE('',(#12044),#12038,.F.);
#12046=CARTESIAN_POINT('',(-2.037466288608E1,-1.768243246080E1,
-4.045773311876E1));
#12047=DIRECTION('',(-7.933533402912E-1,0.E0,6.087614290088E-1));
#12048=DIRECTION('',(0.E0,1.E0,0.E0));
#12049=AXIS2_PLACEMENT_3D('',#12046,#12047,#12048);
#12050=PLANE('',#12049);
#12052=ORIENTED_EDGE('',*,*,#12051,.T.);
#12053=ORIENTED_EDGE('',*,*,#12040,.T.);
#12055=ORIENTED_EDGE('',*,*,#12054,.T.);
#12056=EDGE_LOOP('',(#12052,#12053,#12055));
#12057=FACE_OUTER_BOUND('',#12056,.F.);
#12058=ADVANCED_FACE('',(#12057),#12050,.F.);
#12059=CARTESIAN_POINT('',(-1.942466288608E1,-1.768243246080E1,
-3.921966901456E1));
#12060=DIRECTION('',(7.933533402913E-1,0.E0,6.087614290087E-1));
#12061=DIRECTION('',(0.E0,-1.E0,0.E0));
#12062=AXIS2_PLACEMENT_3D('',#12059,#12060,#12061);
#12063=PLANE('',#12062);
#12065=ORIENTED_EDGE('',*,*,#12064,.T.);
#12067=ORIENTED_EDGE('',*,*,#12066,.F.);
#12068=ORIENTED_EDGE('',*,*,#12051,.F.);
#12069=EDGE_LOOP('',(#12065,#12067,#12068));
#12070=FACE_OUTER_BOUND('',#12069,.F.);
#12071=ADVANCED_FACE('',(#12070),#12063,.F.);
#12072=CARTESIAN_POINT('',(-1.942466288608E1,-1.768243246080E1,-3.4E1));
#12073=DIRECTION('',(0.E0,1.E0,0.E0));
#12074=DIRECTION('',(-1.E0,0.E0,0.E0));
#12075=AXIS2_PLACEMENT_3D('',#12072,#12073,#12074);
#12076=PLANE('',#12075);
#12077=ORIENTED_EDGE('',*,*,#12054,.F.);
#12078=ORIENTED_EDGE('',*,*,#11965,.F.);
#12079=ORIENTED_EDGE('',*,*,#12064,.F.);
#12080=EDGE_LOOP('',(#12077,#12078,#12079));
#12081=FACE_OUTER_BOUND('',#12080,.F.);
#12082=ADVANCED_FACE('',(#12081),#12076,.T.);
#12083=CARTESIAN_POINT('',(-1.902466288608E1,-1.823243246080E1,
-4.045773311876E1));
#12084=DIRECTION('',(0.E0,-7.933533402912E-1,6.087614290087E-1));
#12085=DIRECTION('',(-1.E0,0.E0,0.E0));
#12086=AXIS2_PLACEMENT_3D('',#12083,#12084,#12085);
#12087=PLANE('',#12086);
#12089=ORIENTED_EDGE('',*,*,#12088,.T.);
#12090=ORIENTED_EDGE('',*,*,#12066,.T.);
#12092=ORIENTED_EDGE('',*,*,#12091,.T.);
#12093=EDGE_LOOP('',(#12089,#12090,#12092));
#12094=FACE_OUTER_BOUND('',#12093,.F.);
#12095=ADVANCED_FACE('',(#12094),#12087,.F.);
#12096=CARTESIAN_POINT('',(-1.902466288608E1,-1.728243246080E1,
-3.921966901456E1));
#12097=DIRECTION('',(0.E0,7.933533402912E-1,6.087614290087E-1));
#12098=DIRECTION('',(1.E0,0.E0,0.E0));
#12099=AXIS2_PLACEMENT_3D('',#12096,#12097,#12098);
#12100=PLANE('',#12099);
#12102=ORIENTED_EDGE('',*,*,#12101,.T.);
#12104=ORIENTED_EDGE('',*,*,#12103,.F.);
#12105=ORIENTED_EDGE('',*,*,#12088,.F.);
#12106=EDGE_LOOP('',(#12102,#12104,#12105));
#12107=FACE_OUTER_BOUND('',#12106,.F.);
#12108=ADVANCED_FACE('',(#12107),#12100,.F.);
#12109=CARTESIAN_POINT('',(-1.902466288608E1,-1.728243246080E1,-3.4E1));
#12110=DIRECTION('',(-1.E0,0.E0,0.E0));
#12111=DIRECTION('',(0.E0,1.E0,0.E0));
#12112=AXIS2_PLACEMENT_3D('',#12109,#12110,#12111);
#12113=PLANE('',#12112);
#12114=ORIENTED_EDGE('',*,*,#12091,.F.);
#12116=ORIENTED_EDGE('',*,*,#12115,.T.);
#12117=ORIENTED_EDGE('',*,*,#12101,.F.);
#12118=EDGE_LOOP('',(#12114,#12116,#12117));
#12119=FACE_OUTER_BOUND('',#12118,.F.);
#12120=ADVANCED_FACE('',(#12119),#12113,.T.);
#12121=CARTESIAN_POINT('',(-1.942466288608E1,-1.768243246080E1,
-3.921966901456E1));
#12122=DIRECTION('',(7.933533402913E-1,0.E0,6.087614290087E-1));
#12123=DIRECTION('',(0.E0,-1.E0,0.E0));
#12124=AXIS2_PLACEMENT_3D('',#12121,#12122,#12123);
#12125=PLANE('',#12124);
#12127=ORIENTED_EDGE('',*,*,#12126,.T.);
#12128=ORIENTED_EDGE('',*,*,#12115,.F.);
#12130=ORIENTED_EDGE('',*,*,#12129,.T.);
#12131=ORIENTED_EDGE('',*,*,#11936,.T.);
#12132=EDGE_LOOP('',(#12127,#12128,#12130,#12131));
#12133=FACE_OUTER_BOUND('',#12132,.F.);
#12134=ADVANCED_FACE('',(#12133),#12125,.F.);
#12135=CARTESIAN_POINT('',(-1.942466288608E1,-1.688243246080E1,-3.4E1));
#12136=DIRECTION('',(0.E0,1.E0,0.E0));
#12137=DIRECTION('',(-1.E0,0.E0,0.E0));
#12138=AXIS2_PLACEMENT_3D('',#12135,#12136,#12137);
#12139=PLANE('',#12138);
#12140=ORIENTED_EDGE('',*,*,#11934,.F.);
#12142=ORIENTED_EDGE('',*,*,#12141,.F.);
#12143=ORIENTED_EDGE('',*,*,#12126,.F.);
#12144=EDGE_LOOP('',(#12140,#12142,#12143));
#12145=FACE_OUTER_BOUND('',#12144,.F.);
#12146=ADVANCED_FACE('',(#12145),#12139,.F.);
#12147=CARTESIAN_POINT('',(-1.902466288608E1,-1.728243246080E1,-3.4E1));
#12148=DIRECTION('',(-1.E0,0.E0,0.E0));
#12149=DIRECTION('',(0.E0,1.E0,0.E0));
#12150=AXIS2_PLACEMENT_3D('',#12147,#12148,#12149);
#12151=PLANE('',#12150);
#12153=ORIENTED_EDGE('',*,*,#12152,.F.);
#12154=ORIENTED_EDGE('',*,*,#12141,.T.);
#12155=ORIENTED_EDGE('',*,*,#11932,.T.);
#12156=EDGE_LOOP('',(#12153,#12154,#12155));
#12157=FACE_OUTER_BOUND('',#12156,.F.);
#12158=ADVANCED_FACE('',(#12157),#12151,.T.);
#12159=CARTESIAN_POINT('',(-1.902466288608E1,-1.728243246080E1,
-3.921966901456E1));
#12160=DIRECTION('',(0.E0,7.933533402912E-1,6.087614290087E-1));
#12161=DIRECTION('',(1.E0,0.E0,0.E0));
#12162=AXIS2_PLACEMENT_3D('',#12159,#12160,#12161);
#12163=PLANE('',#12162);
#12164=ORIENTED_EDGE('',*,*,#12152,.T.);
#12165=ORIENTED_EDGE('',*,*,#11930,.T.);
#12167=ORIENTED_EDGE('',*,*,#12166,.T.);
#12169=ORIENTED_EDGE('',*,*,#12168,.F.);
#12170=EDGE_LOOP('',(#12164,#12165,#12167,#12169));
#12171=FACE_OUTER_BOUND('',#12170,.F.);
#12172=ADVANCED_FACE('',(#12171),#12163,.F.);
#12173=CARTESIAN_POINT('',(-1.982466288608E1,-1.728243246080E1,-3.4E1));
#12174=DIRECTION('',(-1.E0,0.E0,0.E0));
#12175=DIRECTION('',(0.E0,1.E0,0.E0));
#12176=AXIS2_PLACEMENT_3D('',#12173,#12174,#12175);
#12177=PLANE('',#12176);
#12178=ORIENTED_EDGE('',*,*,#12166,.F.);
#12179=ORIENTED_EDGE('',*,*,#11928,.T.);
#12181=ORIENTED_EDGE('',*,*,#12180,.F.);
#12182=EDGE_LOOP('',(#12178,#12179,#12181));
#12183=FACE_OUTER_BOUND('',#12182,.F.);
#12184=ADVANCED_FACE('',(#12183),#12177,.F.);
#12185=CARTESIAN_POINT('',(-1.942466288608E1,-1.688243246080E1,-3.4E1));
#12186=DIRECTION('',(0.E0,1.E0,0.E0));
#12187=DIRECTION('',(-1.E0,0.E0,0.E0));
#12188=AXIS2_PLACEMENT_3D('',#12185,#12186,#12187);
#12189=PLANE('',#12188);
#12190=ORIENTED_EDGE('',*,*,#12002,.F.);
#12191=ORIENTED_EDGE('',*,*,#12180,.T.);
#12192=ORIENTED_EDGE('',*,*,#11926,.F.);
#12193=EDGE_LOOP('',(#12190,#12191,#12192));
#12194=FACE_OUTER_BOUND('',#12193,.F.);
#12195=ADVANCED_FACE('',(#12194),#12189,.F.);
#12196=CARTESIAN_POINT('',(-1.942466288608E1,-1.688243246080E1,-3.4E1));
#12197=DIRECTION('',(0.E0,1.E0,0.E0));
#12198=DIRECTION('',(-1.E0,0.E0,0.E0));
#12199=AXIS2_PLACEMENT_3D('',#12196,#12197,#12198);
#12200=PLANE('',#12199);
#12202=ORIENTED_EDGE('',*,*,#12201,.F.);
#12203=ORIENTED_EDGE('',*,*,#12168,.T.);
#12205=ORIENTED_EDGE('',*,*,#12204,.F.);
#12206=EDGE_LOOP('',(#12202,#12203,#12205));
#12207=FACE_OUTER_BOUND('',#12206,.F.);
#12208=ADVANCED_FACE('',(#12207),#12200,.F.);
#12209=CARTESIAN_POINT('',(-1.942466288608E1,-1.768243246080E1,
-3.921966901456E1));
#12210=DIRECTION('',(7.933533402913E-1,0.E0,6.087614290087E-1));
#12211=DIRECTION('',(0.E0,-1.E0,0.E0));
#12212=AXIS2_PLACEMENT_3D('',#12209,#12210,#12211);
#12213=PLANE('',#12212);
#12215=ORIENTED_EDGE('',*,*,#12214,.F.);
#12216=ORIENTED_EDGE('',*,*,#12103,.T.);
#12217=ORIENTED_EDGE('',*,*,#12201,.T.);
#12218=EDGE_LOOP('',(#12215,#12216,#12217));
#12219=FACE_OUTER_BOUND('',#12218,.F.);
#12220=ADVANCED_FACE('',(#12219),#12213,.F.);
#12221=CARTESIAN_POINT('',(-2.037466288608E1,-1.768243246080E1,
-4.045773311876E1));
#12222=DIRECTION('',(-7.933533402912E-1,0.E0,6.087614290088E-1));
#12223=DIRECTION('',(0.E0,1.E0,0.E0));
#12224=AXIS2_PLACEMENT_3D('',#12221,#12222,#12223);
#12225=PLANE('',#12224);
#12226=ORIENTED_EDGE('',*,*,#12204,.T.);
#12227=ORIENTED_EDGE('',*,*,#12028,.F.);
#12228=ORIENTED_EDGE('',*,*,#12214,.T.);
#12229=EDGE_LOOP('',(#12226,#12227,#12228));
#12230=FACE_OUTER_BOUND('',#12229,.F.);
#12231=ADVANCED_FACE('',(#12230),#12225,.F.);
#12232=CARTESIAN_POINT('',(-1.942466288608E1,-1.768243246080E1,-3.4E1));
#12233=DIRECTION('',(0.E0,1.E0,0.E0));
#12234=DIRECTION('',(-1.E0,0.E0,0.E0));
#12235=AXIS2_PLACEMENT_3D('',#12232,#12233,#12234);
#12236=PLANE('',#12235);
#12237=ORIENTED_EDGE('',*,*,#12129,.F.);
#12238=ORIENTED_EDGE('',*,*,#11951,.T.);
#12239=ORIENTED_EDGE('',*,*,#11938,.F.);
#12240=EDGE_LOOP('',(#12237,#12238,#12239));
#12241=FACE_OUTER_BOUND('',#12240,.F.);
#12242=ADVANCED_FACE('',(#12241),#12236,.T.);
#12243=CARTESIAN_POINT('',(-2.143262733002E1,-2.308446416385E1,-5.886824E1));
#12244=DIRECTION('',(0.E0,0.E0,1.E0));
#12245=DIRECTION('',(-6.647089408E-1,7.471024186954E-1,0.E0));
#12246=AXIS2_PLACEMENT_3D('',#12243,#12244,#12245);
#12247=CYLINDRICAL_SURFACE('',#12246,1.E0);
#12248=ORIENTED_EDGE('',*,*,#10544,.T.);
#12249=ORIENTED_EDGE('',*,*,#10088,.F.);
#12250=ORIENTED_EDGE('',*,*,#10469,.T.);
#12251=ORIENTED_EDGE('',*,*,#10495,.T.);
#12252=ORIENTED_EDGE('',*,*,#10521,.F.);
#12253=EDGE_LOOP('',(#12248,#12249,#12250,#12251,#12252));
#12254=FACE_OUTER_BOUND('',#12253,.F.);
#12255=ADVANCED_FACE('',(#12254),#12247,.T.);
#12256=CARTESIAN_POINT('',(1.728243246080E1,-1.942466288608E1,-4.09E1));
#12257=DIRECTION('',(0.E0,0.E0,-1.E0));
#12258=DIRECTION('',(-6.936602276533E-1,-7.203023591326E-1,0.E0));
#12259=AXIS2_PLACEMENT_3D('',#12256,#12257,#12258);
#12260=TOROIDAL_SURFACE('',#12259,2.5E0,5.E-1);
#12261=ORIENTED_EDGE('',*,*,#10291,.F.);
#12263=ORIENTED_EDGE('',*,*,#12262,.T.);
#12265=ORIENTED_EDGE('',*,*,#12264,.F.);
#12266=ORIENTED_EDGE('',*,*,#9978,.T.);
#12267=EDGE_LOOP('',(#12261,#12263,#12265,#12266));
#12268=FACE_OUTER_BOUND('',#12267,.F.);
#12269=ADVANCED_FACE('',(#12268),#12260,.T.);
#12270=CARTESIAN_POINT('',(1.728243246080E1,-1.942466288608E1,-3.74E1));
#12271=DIRECTION('',(0.E0,0.E0,-1.E0));
#12272=DIRECTION('',(-7.471024186954E-1,-6.647089408E-1,0.E0));
#12273=AXIS2_PLACEMENT_3D('',#12270,#12271,#12272);
#12274=CYLINDRICAL_SURFACE('',#12273,2.E0);
#12276=ORIENTED_EDGE('',*,*,#12275,.F.);
#12277=ORIENTED_EDGE('',*,*,#12262,.F.);
#12278=ORIENTED_EDGE('',*,*,#10277,.F.);
#12280=ORIENTED_EDGE('',*,*,#12279,.T.);
#12281=EDGE_LOOP('',(#12276,#12277,#12278,#12280));
#12282=FACE_OUTER_BOUND('',#12281,.F.);
#12283=ADVANCED_FACE('',(#12282),#12274,.F.);
#12284=CARTESIAN_POINT('',(1.877663729819E1,-1.809524500448E1,-3.74E1));
#12285=DIRECTION('',(7.471024186954E-1,6.647089408E-1,0.E0));
#12286=DIRECTION('',(-6.647089408E-1,7.471024186954E-1,0.E0));
#12287=AXIS2_PLACEMENT_3D('',#12284,#12285,#12286);
#12288=PLANE('',#12287);
#12289=ORIENTED_EDGE('',*,*,#10244,.F.);
#12290=ORIENTED_EDGE('',*,*,#10226,.T.);
#12292=ORIENTED_EDGE('',*,*,#12291,.T.);
#12293=ORIENTED_EDGE('',*,*,#12275,.T.);
#12294=ORIENTED_EDGE('',*,*,#10257,.T.);
#12295=EDGE_LOOP('',(#12289,#12290,#12292,#12293,#12294));
#12296=FACE_OUTER_BOUND('',#12295,.F.);
#12297=ADVANCED_FACE('',(#12296),#12288,.F.);
#12298=CARTESIAN_POINT('',(1.905063788996E1,-1.765100019741E1,-4.09E1));
#12299=DIRECTION('',(6.647089408E-1,-7.471024186954E-1,0.E0));
#12300=DIRECTION('',(-7.471024186954E-1,-6.647089408E-1,0.E0));
#12301=AXIS2_PLACEMENT_3D('',#12298,#12299,#12300);
#12302=CYLINDRICAL_SURFACE('',#12301,5.E-1);
#12303=ORIENTED_EDGE('',*,*,#12291,.F.);
#12304=ORIENTED_EDGE('',*,*,#9993,.T.);
#12305=ORIENTED_EDGE('',*,*,#9980,.F.);
#12306=ORIENTED_EDGE('',*,*,#12264,.T.);
#12307=EDGE_LOOP('',(#12303,#12304,#12305,#12306));
#12308=FACE_OUTER_BOUND('',#12307,.F.);
#12309=ADVANCED_FACE('',(#12308),#12302,.T.);
#12310=CARTESIAN_POINT('',(1.728243246080E1,-1.942466288608E1,
-3.740200080064E1));
#12311=DIRECTION('',(1.E0,3.898908845539E-14,-1.208328765179E-14));
#12312=DIRECTION('',(-4.081854403636E-14,9.549163494123E-1,-2.96875E-1));
#12313=AXIS2_PLACEMENT_3D('',#12310,#12311,#12312);
#12314=SPHERICAL_SURFACE('',#12313,3.2E0);
#12315=ORIENTED_EDGE('',*,*,#10259,.F.);
#12316=ORIENTED_EDGE('',*,*,#12279,.F.);
#12317=ORIENTED_EDGE('',*,*,#10261,.F.);
#12318=EDGE_LOOP('',(#12315,#12316,#12317));
#12319=FACE_OUTER_BOUND('',#12318,.F.);
#12321=ORIENTED_EDGE('',*,*,#12320,.T.);
#12323=ORIENTED_EDGE('',*,*,#12322,.F.);
#12325=ORIENTED_EDGE('',*,*,#12324,.F.);
#12327=ORIENTED_EDGE('',*,*,#12326,.T.);
#12329=ORIENTED_EDGE('',*,*,#12328,.F.);
#12331=ORIENTED_EDGE('',*,*,#12330,.T.);
#12333=ORIENTED_EDGE('',*,*,#12332,.F.);
#12335=ORIENTED_EDGE('',*,*,#12334,.F.);
#12337=ORIENTED_EDGE('',*,*,#12336,.F.);
#12339=ORIENTED_EDGE('',*,*,#12338,.T.);
#12341=ORIENTED_EDGE('',*,*,#12340,.F.);
#12343=ORIENTED_EDGE('',*,*,#12342,.T.);
#12344=EDGE_LOOP('',(#12321,#12323,#12325,#12327,#12329,#12331,#12333,#12335,
#12337,#12339,#12341,#12343));
#12345=FACE_BOUND('',#12344,.F.);
#12346=ADVANCED_FACE('',(#12319,#12345),#12314,.T.);
#12347=CARTESIAN_POINT('',(1.728243246080E1,-1.902466288608E1,-3.4E1));
#12348=DIRECTION('',(0.E0,-1.E0,0.E0));
#12349=DIRECTION('',(-1.E0,0.E0,0.E0));
#12350=AXIS2_PLACEMENT_3D('',#12347,#12348,#12349);
#12351=PLANE('',#12350);
#12353=ORIENTED_EDGE('',*,*,#12352,.F.);
#12354=ORIENTED_EDGE('',*,*,#12320,.F.);
#12356=ORIENTED_EDGE('',*,*,#12355,.F.);
#12357=EDGE_LOOP('',(#12353,#12354,#12356));
#12358=FACE_OUTER_BOUND('',#12357,.F.);
#12359=ADVANCED_FACE('',(#12358),#12351,.T.);
#12360=CARTESIAN_POINT('',(1.823243246080E1,-1.902466288608E1,
-4.045773311876E1));
#12361=DIRECTION('',(7.933533402912E-1,0.E0,6.087614290087E-1));
#12362=DIRECTION('',(0.E0,-1.E0,0.E0));
#12363=AXIS2_PLACEMENT_3D('',#12360,#12361,#12362);
#12364=PLANE('',#12363);
#12366=ORIENTED_EDGE('',*,*,#12365,.T.);
#12367=ORIENTED_EDGE('',*,*,#12322,.T.);
#12368=ORIENTED_EDGE('',*,*,#12352,.T.);
#12370=ORIENTED_EDGE('',*,*,#12369,.T.);
#12371=EDGE_LOOP('',(#12366,#12367,#12368,#12370));
#12372=FACE_OUTER_BOUND('',#12371,.F.);
#12373=ADVANCED_FACE('',(#12372),#12364,.F.);
#12374=CARTESIAN_POINT('',(1.728243246080E1,-1.982466288608E1,-3.4E1));
#12375=DIRECTION('',(0.E0,-1.E0,0.E0));
#12376=DIRECTION('',(-1.E0,0.E0,0.E0));
#12377=AXIS2_PLACEMENT_3D('',#12374,#12375,#12376);
#12378=PLANE('',#12377);
#12379=ORIENTED_EDGE('',*,*,#12365,.F.);
#12381=ORIENTED_EDGE('',*,*,#12380,.T.);
#12382=ORIENTED_EDGE('',*,*,#12324,.T.);
#12383=EDGE_LOOP('',(#12379,#12381,#12382));
#12384=FACE_OUTER_BOUND('',#12383,.F.);
#12385=ADVANCED_FACE('',(#12384),#12378,.F.);
#12386=CARTESIAN_POINT('',(1.768243246080E1,-1.942466288608E1,-3.4E1));
#12387=DIRECTION('',(-1.E0,0.E0,0.E0));
#12388=DIRECTION('',(0.E0,-1.E0,0.E0));
#12389=AXIS2_PLACEMENT_3D('',#12386,#12387,#12388);
#12390=PLANE('',#12389);
#12391=ORIENTED_EDGE('',*,*,#12326,.F.);
#12392=ORIENTED_EDGE('',*,*,#12380,.F.);
#12394=ORIENTED_EDGE('',*,*,#12393,.F.);
#12395=EDGE_LOOP('',(#12391,#12392,#12394));
#12396=FACE_OUTER_BOUND('',#12395,.F.);
#12397=ADVANCED_FACE('',(#12396),#12390,.T.);
#12398=CARTESIAN_POINT('',(1.768243246080E1,-2.037466288608E1,
-4.045773311876E1));
#12399=DIRECTION('',(0.E0,-7.933533402912E-1,6.087614290088E-1));
#12400=DIRECTION('',(-1.E0,0.E0,0.E0));
#12401=AXIS2_PLACEMENT_3D('',#12398,#12399,#12400);
#12402=PLANE('',#12401);
#12403=ORIENTED_EDGE('',*,*,#12393,.T.);
#12405=ORIENTED_EDGE('',*,*,#12404,.T.);
#12407=ORIENTED_EDGE('',*,*,#12406,.T.);
#12408=ORIENTED_EDGE('',*,*,#12328,.T.);
#12409=EDGE_LOOP('',(#12403,#12405,#12407,#12408));
#12410=FACE_OUTER_BOUND('',#12409,.F.);
#12411=ADVANCED_FACE('',(#12410),#12402,.F.);
#12412=CARTESIAN_POINT('',(1.728243246080E1,-1.982466288608E1,-3.4E1));
#12413=DIRECTION('',(0.E0,-1.E0,0.E0));
#12414=DIRECTION('',(-1.E0,0.E0,0.E0));
#12415=AXIS2_PLACEMENT_3D('',#12412,#12413,#12414);
#12416=PLANE('',#12415);
#12418=ORIENTED_EDGE('',*,*,#12417,.F.);
#12419=ORIENTED_EDGE('',*,*,#12404,.F.);
#12421=ORIENTED_EDGE('',*,*,#12420,.F.);
#12422=EDGE_LOOP('',(#12418,#12419,#12421));
#12423=FACE_OUTER_BOUND('',#12422,.F.);
#12424=ADVANCED_FACE('',(#12423),#12416,.F.);
#12425=CARTESIAN_POINT('',(1.728243246080E1,-1.902466288608E1,
-3.921966901456E1));
#12426=DIRECTION('',(-7.933533402912E-1,0.E0,6.087614290087E-1));
#12427=DIRECTION('',(0.E0,1.E0,0.E0));
#12428=AXIS2_PLACEMENT_3D('',#12425,#12426,#12427);
#12429=PLANE('',#12428);
#12431=ORIENTED_EDGE('',*,*,#12430,.F.);
#12433=ORIENTED_EDGE('',*,*,#12432,.T.);
#12434=ORIENTED_EDGE('',*,*,#12417,.T.);
#12435=EDGE_LOOP('',(#12431,#12433,#12434));
#12436=FACE_OUTER_BOUND('',#12435,.F.);
#12437=ADVANCED_FACE('',(#12436),#12429,.F.);
#12438=CARTESIAN_POINT('',(1.823243246080E1,-1.902466288608E1,
-4.045773311876E1));
#12439=DIRECTION('',(7.933533402912E-1,0.E0,6.087614290087E-1));
#12440=DIRECTION('',(0.E0,-1.E0,0.E0));
#12441=AXIS2_PLACEMENT_3D('',#12438,#12439,#12440);
#12442=PLANE('',#12441);
#12443=ORIENTED_EDGE('',*,*,#12420,.T.);
#12445=ORIENTED_EDGE('',*,*,#12444,.F.);
#12446=ORIENTED_EDGE('',*,*,#12430,.T.);
#12447=EDGE_LOOP('',(#12443,#12445,#12446));
#12448=FACE_OUTER_BOUND('',#12447,.F.);
#12449=ADVANCED_FACE('',(#12448),#12442,.F.);
#12450=CARTESIAN_POINT('',(1.768243246080E1,-2.037466288608E1,
-4.045773311876E1));
#12451=DIRECTION('',(0.E0,-7.933533402912E-1,6.087614290088E-1));
#12452=DIRECTION('',(-1.E0,0.E0,0.E0));
#12453=AXIS2_PLACEMENT_3D('',#12450,#12451,#12452);
#12454=PLANE('',#12453);
#12456=ORIENTED_EDGE('',*,*,#12455,.T.);
#12457=ORIENTED_EDGE('',*,*,#12444,.T.);
#12459=ORIENTED_EDGE('',*,*,#12458,.T.);
#12460=EDGE_LOOP('',(#12456,#12457,#12459));
#12461=FACE_OUTER_BOUND('',#12460,.F.);
#12462=ADVANCED_FACE('',(#12461),#12454,.F.);
#12463=CARTESIAN_POINT('',(1.768243246080E1,-1.942466288608E1,
-3.921966901456E1));
#12464=DIRECTION('',(0.E0,7.933533402913E-1,6.087614290087E-1));
#12465=DIRECTION('',(1.E0,0.E0,0.E0));
#12466=AXIS2_PLACEMENT_3D('',#12463,#12464,#12465);
#12467=PLANE('',#12466);
#12469=ORIENTED_EDGE('',*,*,#12468,.T.);
#12471=ORIENTED_EDGE('',*,*,#12470,.F.);
#12472=ORIENTED_EDGE('',*,*,#12455,.F.);
#12473=EDGE_LOOP('',(#12469,#12471,#12472));
#12474=FACE_OUTER_BOUND('',#12473,.F.);
#12475=ADVANCED_FACE('',(#12474),#12467,.F.);
#12476=CARTESIAN_POINT('',(1.768243246080E1,-1.942466288608E1,-3.4E1));
#12477=DIRECTION('',(-1.E0,0.E0,0.E0));
#12478=DIRECTION('',(0.E0,-1.E0,0.E0));
#12479=AXIS2_PLACEMENT_3D('',#12476,#12477,#12478);
#12480=PLANE('',#12479);
#12481=ORIENTED_EDGE('',*,*,#12458,.F.);
#12482=ORIENTED_EDGE('',*,*,#12369,.F.);
#12483=ORIENTED_EDGE('',*,*,#12468,.F.);
#12484=EDGE_LOOP('',(#12481,#12482,#12483));
#12485=FACE_OUTER_BOUND('',#12484,.F.);
#12486=ADVANCED_FACE('',(#12485),#12480,.T.);
#12487=CARTESIAN_POINT('',(1.823243246080E1,-1.902466288608E1,
-4.045773311876E1));
#12488=DIRECTION('',(7.933533402912E-1,0.E0,6.087614290087E-1));
#12489=DIRECTION('',(0.E0,-1.E0,0.E0));
#12490=AXIS2_PLACEMENT_3D('',#12487,#12488,#12489);
#12491=PLANE('',#12490);
#12493=ORIENTED_EDGE('',*,*,#12492,.T.);
#12494=ORIENTED_EDGE('',*,*,#12470,.T.);
#12496=ORIENTED_EDGE('',*,*,#12495,.T.);
#12497=EDGE_LOOP('',(#12493,#12494,#12496));
#12498=FACE_OUTER_BOUND('',#12497,.F.);
#12499=ADVANCED_FACE('',(#12498),#12491,.F.);
#12500=CARTESIAN_POINT('',(1.728243246080E1,-1.902466288608E1,
-3.921966901456E1));
#12501=DIRECTION('',(-7.933533402912E-1,0.E0,6.087614290087E-1));
#12502=DIRECTION('',(0.E0,1.E0,0.E0));
#12503=AXIS2_PLACEMENT_3D('',#12500,#12501,#12502);
#12504=PLANE('',#12503);
#12506=ORIENTED_EDGE('',*,*,#12505,.T.);
#12508=ORIENTED_EDGE('',*,*,#12507,.F.);
#12509=ORIENTED_EDGE('',*,*,#12492,.F.);
#12510=EDGE_LOOP('',(#12506,#12508,#12509));
#12511=FACE_OUTER_BOUND('',#12510,.F.);
#12512=ADVANCED_FACE('',(#12511),#12504,.F.);
#12513=CARTESIAN_POINT('',(1.728243246080E1,-1.902466288608E1,-3.4E1));
#12514=DIRECTION('',(0.E0,-1.E0,0.E0));
#12515=DIRECTION('',(-1.E0,0.E0,0.E0));
#12516=AXIS2_PLACEMENT_3D('',#12513,#12514,#12515);
#12517=PLANE('',#12516);
#12518=ORIENTED_EDGE('',*,*,#12495,.F.);
#12520=ORIENTED_EDGE('',*,*,#12519,.T.);
#12521=ORIENTED_EDGE('',*,*,#12505,.F.);
#12522=EDGE_LOOP('',(#12518,#12520,#12521));
#12523=FACE_OUTER_BOUND('',#12522,.F.);
#12524=ADVANCED_FACE('',(#12523),#12517,.T.);
#12525=CARTESIAN_POINT('',(1.768243246080E1,-1.942466288608E1,
-3.921966901456E1));
#12526=DIRECTION('',(0.E0,7.933533402913E-1,6.087614290087E-1));
#12527=DIRECTION('',(1.E0,0.E0,0.E0));
#12528=AXIS2_PLACEMENT_3D('',#12525,#12526,#12527);
#12529=PLANE('',#12528);
#12531=ORIENTED_EDGE('',*,*,#12530,.T.);
#12532=ORIENTED_EDGE('',*,*,#12519,.F.);
#12534=ORIENTED_EDGE('',*,*,#12533,.T.);
#12535=ORIENTED_EDGE('',*,*,#12340,.T.);
#12536=EDGE_LOOP('',(#12531,#12532,#12534,#12535));
#12537=FACE_OUTER_BOUND('',#12536,.F.);
#12538=ADVANCED_FACE('',(#12537),#12529,.F.);
#12539=CARTESIAN_POINT('',(1.688243246080E1,-1.942466288608E1,-3.4E1));
#12540=DIRECTION('',(-1.E0,0.E0,0.E0));
#12541=DIRECTION('',(0.E0,-1.E0,0.E0));
#12542=AXIS2_PLACEMENT_3D('',#12539,#12540,#12541);
#12543=PLANE('',#12542);
#12544=ORIENTED_EDGE('',*,*,#12338,.F.);
#12546=ORIENTED_EDGE('',*,*,#12545,.F.);
#12547=ORIENTED_EDGE('',*,*,#12530,.F.);
#12548=EDGE_LOOP('',(#12544,#12546,#12547));
#12549=FACE_OUTER_BOUND('',#12548,.F.);
#12550=ADVANCED_FACE('',(#12549),#12543,.F.);
#12551=CARTESIAN_POINT('',(1.728243246080E1,-1.902466288608E1,-3.4E1));
#12552=DIRECTION('',(0.E0,-1.E0,0.E0));
#12553=DIRECTION('',(-1.E0,0.E0,0.E0));
#12554=AXIS2_PLACEMENT_3D('',#12551,#12552,#12553);
#12555=PLANE('',#12554);
#12557=ORIENTED_EDGE('',*,*,#12556,.F.);
#12558=ORIENTED_EDGE('',*,*,#12545,.T.);
#12559=ORIENTED_EDGE('',*,*,#12336,.T.);
#12560=EDGE_LOOP('',(#12557,#12558,#12559));
#12561=FACE_OUTER_BOUND('',#12560,.F.);
#12562=ADVANCED_FACE('',(#12561),#12555,.T.);
#12563=CARTESIAN_POINT('',(1.728243246080E1,-1.902466288608E1,
-3.921966901456E1));
#12564=DIRECTION('',(-7.933533402912E-1,0.E0,6.087614290087E-1));
#12565=DIRECTION('',(0.E0,1.E0,0.E0));
#12566=AXIS2_PLACEMENT_3D('',#12563,#12564,#12565);
#12567=PLANE('',#12566);
#12568=ORIENTED_EDGE('',*,*,#12556,.T.);
#12569=ORIENTED_EDGE('',*,*,#12334,.T.);
#12571=ORIENTED_EDGE('',*,*,#12570,.T.);
#12573=ORIENTED_EDGE('',*,*,#12572,.F.);
#12574=EDGE_LOOP('',(#12568,#12569,#12571,#12573));
#12575=FACE_OUTER_BOUND('',#12574,.F.);
#12576=ADVANCED_FACE('',(#12575),#12567,.F.);
#12577=CARTESIAN_POINT('',(1.728243246080E1,-1.982466288608E1,-3.4E1));
#12578=DIRECTION('',(0.E0,-1.E0,0.E0));
#12579=DIRECTION('',(-1.E0,0.E0,0.E0));
#12580=AXIS2_PLACEMENT_3D('',#12577,#12578,#12579);
#12581=PLANE('',#12580);
#12582=ORIENTED_EDGE('',*,*,#12570,.F.);
#12583=ORIENTED_EDGE('',*,*,#12332,.T.);
#12585=ORIENTED_EDGE('',*,*,#12584,.F.);
#12586=EDGE_LOOP('',(#12582,#12583,#12585));
#12587=FACE_OUTER_BOUND('',#12586,.F.);
#12588=ADVANCED_FACE('',(#12587),#12581,.F.);
#12589=CARTESIAN_POINT('',(1.688243246080E1,-1.942466288608E1,-3.4E1));
#12590=DIRECTION('',(-1.E0,0.E0,0.E0));
#12591=DIRECTION('',(0.E0,-1.E0,0.E0));
#12592=AXIS2_PLACEMENT_3D('',#12589,#12590,#12591);
#12593=PLANE('',#12592);
#12594=ORIENTED_EDGE('',*,*,#12406,.F.);
#12595=ORIENTED_EDGE('',*,*,#12584,.T.);
#12596=ORIENTED_EDGE('',*,*,#12330,.F.);
#12597=EDGE_LOOP('',(#12594,#12595,#12596));
#12598=FACE_OUTER_BOUND('',#12597,.F.);
#12599=ADVANCED_FACE('',(#12598),#12593,.F.);
#12600=CARTESIAN_POINT('',(1.688243246080E1,-1.942466288608E1,-3.4E1));
#12601=DIRECTION('',(-1.E0,0.E0,0.E0));
#12602=DIRECTION('',(0.E0,-1.E0,0.E0));
#12603=AXIS2_PLACEMENT_3D('',#12600,#12601,#12602);
#12604=PLANE('',#12603);
#12606=ORIENTED_EDGE('',*,*,#12605,.F.);
#12607=ORIENTED_EDGE('',*,*,#12572,.T.);
#12609=ORIENTED_EDGE('',*,*,#12608,.F.);
#12610=EDGE_LOOP('',(#12606,#12607,#12609));
#12611=FACE_OUTER_BOUND('',#12610,.F.);
#12612=ADVANCED_FACE('',(#12611),#12604,.F.);
#12613=CARTESIAN_POINT('',(1.768243246080E1,-1.942466288608E1,
-3.921966901456E1));
#12614=DIRECTION('',(0.E0,7.933533402913E-1,6.087614290087E-1));
#12615=DIRECTION('',(1.E0,0.E0,0.E0));
#12616=AXIS2_PLACEMENT_3D('',#12613,#12614,#12615);
#12617=PLANE('',#12616);
#12619=ORIENTED_EDGE('',*,*,#12618,.F.);
#12620=ORIENTED_EDGE('',*,*,#12507,.T.);
#12621=ORIENTED_EDGE('',*,*,#12605,.T.);
#12622=EDGE_LOOP('',(#12619,#12620,#12621));
#12623=FACE_OUTER_BOUND('',#12622,.F.);
#12624=ADVANCED_FACE('',(#12623),#12617,.F.);
#12625=CARTESIAN_POINT('',(1.768243246080E1,-2.037466288608E1,
-4.045773311876E1));
#12626=DIRECTION('',(0.E0,-7.933533402912E-1,6.087614290088E-1));
#12627=DIRECTION('',(-1.E0,0.E0,0.E0));
#12628=AXIS2_PLACEMENT_3D('',#12625,#12626,#12627);
#12629=PLANE('',#12628);
#12630=ORIENTED_EDGE('',*,*,#12608,.T.);
#12631=ORIENTED_EDGE('',*,*,#12432,.F.);
#12632=ORIENTED_EDGE('',*,*,#12618,.T.);
#12633=EDGE_LOOP('',(#12630,#12631,#12632));
#12634=FACE_OUTER_BOUND('',#12633,.F.);
#12635=ADVANCED_FACE('',(#12634),#12629,.F.);
#12636=CARTESIAN_POINT('',(1.768243246080E1,-1.942466288608E1,-3.4E1));
#12637=DIRECTION('',(-1.E0,0.E0,0.E0));
#12638=DIRECTION('',(0.E0,-1.E0,0.E0));
#12639=AXIS2_PLACEMENT_3D('',#12636,#12637,#12638);
#12640=PLANE('',#12639);
#12641=ORIENTED_EDGE('',*,*,#12533,.F.);
#12642=ORIENTED_EDGE('',*,*,#12355,.T.);
#12643=ORIENTED_EDGE('',*,*,#12342,.F.);
#12644=EDGE_LOOP('',(#12641,#12642,#12643));
#12645=FACE_OUTER_BOUND('',#12644,.F.);
#12646=ADVANCED_FACE('',(#12645),#12640,.T.);
#12647=CARTESIAN_POINT('',(-1.012717455560E1,-2.763379887799E1,-2.8E1));
#12648=DIRECTION('',(-9.983013860554E-1,5.826098694536E-2,0.E0));
#12649=DIRECTION('',(0.E0,0.E0,1.E0));
#12650=AXIS2_PLACEMENT_3D('',#12647,#12648,#12649);
#12651=PLANE('',#12650);
#12653=ORIENTED_EDGE('',*,*,#12652,.T.);
#12654=ORIENTED_EDGE('',*,*,#10094,.T.);
#12655=ORIENTED_EDGE('',*,*,#8840,.T.);
#12657=ORIENTED_EDGE('',*,*,#12656,.T.);
#12658=EDGE_LOOP('',(#12653,#12654,#12655,#12657));
#12659=FACE_OUTER_BOUND('',#12658,.F.);
#12660=ADVANCED_FACE('',(#12659),#12651,.F.);
#12661=CARTESIAN_POINT('',(0.E0,0.E0,-3.62E1));
#12662=DIRECTION('',(0.E0,0.E0,1.E0));
#12663=DIRECTION('',(7.471024186954E-1,6.647089408E-1,0.E0));
#12664=AXIS2_PLACEMENT_3D('',#12661,#12662,#12663);
#12665=PLANE('',#12664);
#12667=ORIENTED_EDGE('',*,*,#12666,.F.);
#12668=ORIENTED_EDGE('',*,*,#10096,.F.);
#12669=ORIENTED_EDGE('',*,*,#12652,.F.);
#12671=ORIENTED_EDGE('',*,*,#12670,.F.);
#12672=EDGE_LOOP('',(#12667,#12668,#12669,#12671));
#12673=FACE_OUTER_BOUND('',#12672,.F.);
#12674=ADVANCED_FACE('',(#12673),#12665,.T.);
#12675=CARTESIAN_POINT('',(-9.284799010614E0,-3.496205070942E1,-3.62E1));
#12676=DIRECTION('',(9.978064763075E-1,-6.619845797917E-2,0.E0));
#12677=DIRECTION('',(6.619845797917E-2,9.978064763075E-1,0.E0));
#12678=AXIS2_PLACEMENT_3D('',#12675,#12676,#12677);
#12679=PLANE('',#12678);
#12681=ORIENTED_EDGE('',*,*,#12680,.T.);
#12683=ORIENTED_EDGE('',*,*,#12682,.F.);
#12685=ORIENTED_EDGE('',*,*,#12684,.F.);
#12686=ORIENTED_EDGE('',*,*,#12666,.T.);
#12688=ORIENTED_EDGE('',*,*,#12687,.T.);
#12689=EDGE_LOOP('',(#12681,#12683,#12685,#12686,#12688));
#12690=FACE_OUTER_BOUND('',#12689,.F.);
#12692=ORIENTED_EDGE('',*,*,#12691,.T.);
#12694=ORIENTED_EDGE('',*,*,#12693,.F.);
#12696=ORIENTED_EDGE('',*,*,#12695,.F.);
#12698=ORIENTED_EDGE('',*,*,#12697,.F.);
#12699=EDGE_LOOP('',(#12692,#12694,#12696,#12698));
#12700=FACE_BOUND('',#12699,.F.);
#12701=ADVANCED_FACE('',(#12690,#12700),#12679,.F.);
#12702=CARTESIAN_POINT('',(4.584708494093E0,-3.588220910841E1,
-3.100000094330E1));
#12703=DIRECTION('',(0.E0,0.E0,-1.E0));
#12704=DIRECTION('',(-6.619845797917E-2,-9.978064763075E-1,0.E0));
#12705=AXIS2_PLACEMENT_3D('',#12702,#12703,#12704);
#12706=PLANE('',#12705);
#12708=ORIENTED_EDGE('',*,*,#12707,.F.);
#12710=ORIENTED_EDGE('',*,*,#12709,.F.);
#12712=ORIENTED_EDGE('',*,*,#12711,.T.);
#12714=ORIENTED_EDGE('',*,*,#12713,.F.);
#12715=ORIENTED_EDGE('',*,*,#12680,.F.);
#12717=ORIENTED_EDGE('',*,*,#12716,.F.);
#12718=EDGE_LOOP('',(#12708,#12710,#12712,#12714,#12715,#12717));
#12719=FACE_OUTER_BOUND('',#12718,.F.);
#12720=ADVANCED_FACE('',(#12719),#12706,.F.);
#12721=CARTESIAN_POINT('',(4.131178337472E0,-3.214398690362E1,-3.62E1));
#12722=DIRECTION('',(-9.978064763075E-1,6.619845797917E-2,0.E0));
#12723=DIRECTION('',(0.E0,0.E0,1.E0));
#12724=AXIS2_PLACEMENT_3D('',#12721,#12722,#12723);
#12725=PLANE('',#12724);
#12727=ORIENTED_EDGE('',*,*,#12726,.T.);
#12729=ORIENTED_EDGE('',*,*,#12728,.F.);
#12731=ORIENTED_EDGE('',*,*,#12730,.F.);
#12733=ORIENTED_EDGE('',*,*,#12732,.F.);
#12734=ORIENTED_EDGE('',*,*,#12707,.T.);
#12736=ORIENTED_EDGE('',*,*,#12735,.T.);
#12737=EDGE_LOOP('',(#12727,#12729,#12731,#12733,#12734,#12736));
#12738=FACE_OUTER_BOUND('',#12737,.F.);
#12739=ADVANCED_FACE('',(#12738),#12725,.F.);
#12740=CARTESIAN_POINT('',(0.E0,0.E0,-3.62E1));
#12741=DIRECTION('',(0.E0,0.E0,1.E0));
#12742=DIRECTION('',(7.471024186954E-1,6.647089408E-1,0.E0));
#12743=AXIS2_PLACEMENT_3D('',#12740,#12741,#12742);
#12744=PLANE('',#12743);
#12746=ORIENTED_EDGE('',*,*,#12745,.F.);
#12747=ORIENTED_EDGE('',*,*,#12726,.F.);
#12749=ORIENTED_EDGE('',*,*,#12748,.F.);
#12751=ORIENTED_EDGE('',*,*,#12750,.F.);
#12752=ORIENTED_EDGE('',*,*,#10100,.F.);
#12753=EDGE_LOOP('',(#12746,#12747,#12749,#12751,#12752));
#12754=FACE_OUTER_BOUND('',#12753,.F.);
#12755=ADVANCED_FACE('',(#12754),#12744,.T.);
#12756=CARTESIAN_POINT('',(4.783303832004E0,-3.288879022251E1,-3.62E1));
#12757=DIRECTION('',(-7.523651042500E-1,-6.587463471677E-1,0.E0));
#12758=DIRECTION('',(-6.587463471677E-1,7.523651042500E-1,0.E0));
#12759=AXIS2_PLACEMENT_3D('',#12756,#12757,#12758);
#12760=PLANE('',#12759);
#12762=ORIENTED_EDGE('',*,*,#12761,.F.);
#12764=ORIENTED_EDGE('',*,*,#12763,.T.);
#12765=ORIENTED_EDGE('',*,*,#12728,.T.);
#12766=ORIENTED_EDGE('',*,*,#12745,.T.);
#12768=ORIENTED_EDGE('',*,*,#12767,.T.);
#12769=EDGE_LOOP('',(#12762,#12764,#12765,#12766,#12768));
#12770=FACE_OUTER_BOUND('',#12769,.F.);
#12771=ADVANCED_FACE('',(#12770),#12760,.F.);
#12772=CARTESIAN_POINT('',(4.584708494093E0,-3.588220910841E1,-3.62E1));
#12773=DIRECTION('',(-9.978064763075E-1,6.619845797917E-2,0.E0));
#12774=DIRECTION('',(0.E0,0.E0,1.E0));
#12775=AXIS2_PLACEMENT_3D('',#12772,#12773,#12774);
#12776=PLANE('',#12775);
#12778=ORIENTED_EDGE('',*,*,#12777,.F.);
#12780=ORIENTED_EDGE('',*,*,#12779,.F.);
#12781=ORIENTED_EDGE('',*,*,#12761,.T.);
#12783=ORIENTED_EDGE('',*,*,#12782,.T.);
#12785=ORIENTED_EDGE('',*,*,#12784,.F.);
#12786=ORIENTED_EDGE('',*,*,#12711,.F.);
#12788=ORIENTED_EDGE('',*,*,#12787,.T.);
#12790=ORIENTED_EDGE('',*,*,#12789,.T.);
#12791=EDGE_LOOP('',(#12778,#12780,#12781,#12783,#12785,#12786,#12788,#12790));
#12792=FACE_OUTER_BOUND('',#12791,.F.);
#12793=ADVANCED_FACE('',(#12792),#12776,.F.);
#12794=CARTESIAN_POINT('',(-8.200934735551E0,-3.373110097151E1,
-3.390000041723E1));
#12795=DIRECTION('',(6.619845797917E-2,9.978064763075E-1,0.E0));
#12796=DIRECTION('',(9.978064763075E-1,-6.619845797917E-2,0.E0));
#12797=AXIS2_PLACEMENT_3D('',#12794,#12795,#12796);
#12798=PLANE('',#12797);
#12799=ORIENTED_EDGE('',*,*,#12777,.T.);
#12801=ORIENTED_EDGE('',*,*,#12800,.T.);
#12803=ORIENTED_EDGE('',*,*,#12802,.T.);
#12805=ORIENTED_EDGE('',*,*,#12804,.F.);
#12806=EDGE_LOOP('',(#12799,#12801,#12803,#12805));
#12807=FACE_OUTER_BOUND('',#12806,.F.);
#12808=ADVANCED_FACE('',(#12807),#12798,.F.);
#12809=CARTESIAN_POINT('',(-1.767498933720E0,-2.664143451026E1,
-3.330000052607E1));
#12810=DIRECTION('',(0.E0,0.E0,1.E0));
#12811=DIRECTION('',(9.978064763075E-1,-6.619845797917E-2,0.E0));
#12812=AXIS2_PLACEMENT_3D('',#12809,#12810,#12811);
#12813=PLANE('',#12812);
#12814=ORIENTED_EDGE('',*,*,#12800,.F.);
#12815=ORIENTED_EDGE('',*,*,#12789,.F.);
#12817=ORIENTED_EDGE('',*,*,#12816,.F.);
#12819=ORIENTED_EDGE('',*,*,#12818,.F.);
#12821=ORIENTED_EDGE('',*,*,#12820,.F.);
#12823=ORIENTED_EDGE('',*,*,#12822,.F.);
#12825=ORIENTED_EDGE('',*,*,#12824,.F.);
#12827=ORIENTED_EDGE('',*,*,#12826,.F.);
#12829=ORIENTED_EDGE('',*,*,#12828,.F.);
#12830=EDGE_LOOP('',(#12814,#12815,#12817,#12819,#12821,#12823,#12825,#12827,
#12829));
#12831=FACE_OUTER_BOUND('',#12830,.F.);
#12832=ADVANCED_FACE('',(#12831),#12813,.T.);
#12833=CARTESIAN_POINT('',(4.783303832004E0,-3.288879022251E1,-3.62E1));
#12834=DIRECTION('',(-7.523651042500E-1,-6.587463471677E-1,0.E0));
#12835=DIRECTION('',(-6.587463471677E-1,7.523651042500E-1,0.E0));
#12836=AXIS2_PLACEMENT_3D('',#12833,#12834,#12835);
#12837=PLANE('',#12836);
#12838=ORIENTED_EDGE('',*,*,#12816,.T.);
#12839=ORIENTED_EDGE('',*,*,#12787,.F.);
#12840=ORIENTED_EDGE('',*,*,#12709,.T.);
#12841=ORIENTED_EDGE('',*,*,#12732,.T.);
#12842=EDGE_LOOP('',(#12838,#12839,#12840,#12841));
#12843=FACE_OUTER_BOUND('',#12842,.F.);
#12844=ADVANCED_FACE('',(#12843),#12837,.F.);
#12845=CARTESIAN_POINT('',(5.627887780425E0,-3.224328457258E1,
-3.390000041723E1));
#12846=DIRECTION('',(-6.619845797917E-2,-9.978064763075E-1,0.E0));
#12847=DIRECTION('',(0.E0,0.E0,-1.E0));
#12848=AXIS2_PLACEMENT_3D('',#12845,#12846,#12847);
#12849=PLANE('',#12848);
#12850=ORIENTED_EDGE('',*,*,#12730,.T.);
#12852=ORIENTED_EDGE('',*,*,#12851,.F.);
#12854=ORIENTED_EDGE('',*,*,#12853,.F.);
#12855=ORIENTED_EDGE('',*,*,#12818,.T.);
#12856=EDGE_LOOP('',(#12850,#12852,#12854,#12855));
#12857=FACE_OUTER_BOUND('',#12856,.F.);
#12858=ADVANCED_FACE('',(#12857),#12849,.F.);
#12859=CARTESIAN_POINT('',(-1.767498933720E0,-2.664143451026E1,
-3.390000041723E1));
#12860=DIRECTION('',(0.E0,0.E0,1.E0));
#12861=DIRECTION('',(9.978064763075E-1,-6.619845797917E-2,0.E0));
#12862=AXIS2_PLACEMENT_3D('',#12859,#12860,#12861);
#12863=PLANE('',#12862);
#12864=ORIENTED_EDGE('',*,*,#12779,.T.);
#12865=ORIENTED_EDGE('',*,*,#12804,.T.);
#12867=ORIENTED_EDGE('',*,*,#12866,.T.);
#12869=ORIENTED_EDGE('',*,*,#12868,.T.);
#12871=ORIENTED_EDGE('',*,*,#12870,.T.);
#12873=ORIENTED_EDGE('',*,*,#12872,.T.);
#12875=ORIENTED_EDGE('',*,*,#12874,.T.);
#12876=ORIENTED_EDGE('',*,*,#12851,.T.);
#12877=ORIENTED_EDGE('',*,*,#12763,.F.);
#12878=EDGE_LOOP('',(#12864,#12865,#12867,#12869,#12871,#12873,#12875,#12876,
#12877));
#12879=FACE_OUTER_BOUND('',#12878,.F.);
#12880=ADVANCED_FACE('',(#12879),#12863,.F.);
#12881=CARTESIAN_POINT('',(5.469011510096E0,-3.463801968130E1,
-3.390000041723E1));
#12882=DIRECTION('',(-9.978064763075E-1,6.619845797917E-2,0.E0));
#12883=DIRECTION('',(0.E0,0.E0,1.E0));
#12884=AXIS2_PLACEMENT_3D('',#12881,#12882,#12883);
#12885=PLANE('',#12884);
#12886=ORIENTED_EDGE('',*,*,#12802,.F.);
#12887=ORIENTED_EDGE('',*,*,#12828,.T.);
#12889=ORIENTED_EDGE('',*,*,#12888,.T.);
#12890=ORIENTED_EDGE('',*,*,#12866,.F.);
#12891=EDGE_LOOP('',(#12886,#12887,#12889,#12890));
#12892=FACE_OUTER_BOUND('',#12891,.F.);
#12893=ADVANCED_FACE('',(#12892),#12885,.F.);
#12894=CARTESIAN_POINT('',(-9.944027310319E0,-3.281369873252E1,
-3.390000041723E1));
#12895=DIRECTION('',(-6.619845797917E-2,-9.978064763075E-1,0.E0));
#12896=DIRECTION('',(0.E0,0.E0,-1.E0));
#12897=AXIS2_PLACEMENT_3D('',#12894,#12895,#12896);
#12898=PLANE('',#12897);
#12899=ORIENTED_EDGE('',*,*,#12888,.F.);
#12900=ORIENTED_EDGE('',*,*,#12826,.T.);
#12902=ORIENTED_EDGE('',*,*,#12901,.T.);
#12903=ORIENTED_EDGE('',*,*,#12868,.F.);
#12904=EDGE_LOOP('',(#12899,#12900,#12902,#12903));
#12905=FACE_OUTER_BOUND('',#12904,.F.);
#12906=ADVANCED_FACE('',(#12905),#12898,.F.);
#12907=CARTESIAN_POINT('',(5.272518693047E0,-3.382322503357E1,
-3.390000041723E1));
#12908=DIRECTION('',(-9.978064763075E-1,6.619845797917E-2,0.E0));
#12909=DIRECTION('',(0.E0,0.E0,1.E0));
#12910=AXIS2_PLACEMENT_3D('',#12907,#12908,#12909);
#12911=PLANE('',#12910);
#12912=ORIENTED_EDGE('',*,*,#12901,.F.);
#12913=ORIENTED_EDGE('',*,*,#12824,.T.);
#12915=ORIENTED_EDGE('',*,*,#12914,.T.);
#12916=ORIENTED_EDGE('',*,*,#12870,.F.);
#12917=EDGE_LOOP('',(#12912,#12913,#12915,#12916));
#12918=FACE_OUTER_BOUND('',#12917,.F.);
#12919=ADVANCED_FACE('',(#12918),#12911,.F.);
#12920=CARTESIAN_POINT('',(-9.641616979717E0,-3.203200330777E1,
-3.390000041723E1));
#12921=DIRECTION('',(6.619845797917E-2,9.978064763075E-1,0.E0));
#12922=DIRECTION('',(9.978064763075E-1,-6.619845797917E-2,0.E0));
#12923=AXIS2_PLACEMENT_3D('',#12920,#12921,#12922);
#12924=PLANE('',#12923);
#12925=ORIENTED_EDGE('',*,*,#12914,.F.);
#12926=ORIENTED_EDGE('',*,*,#12822,.T.);
#12928=ORIENTED_EDGE('',*,*,#12927,.T.);
#12929=ORIENTED_EDGE('',*,*,#12872,.F.);
#12930=EDGE_LOOP('',(#12925,#12926,#12928,#12929));
#12931=FACE_OUTER_BOUND('',#12930,.F.);
#12932=ADVANCED_FACE('',(#12931),#12924,.F.);
#12933=CARTESIAN_POINT('',(5.469011510096E0,-3.463801968130E1,
-3.390000041723E1));
#12934=DIRECTION('',(-9.978064763075E-1,6.619845797917E-2,0.E0));
#12935=DIRECTION('',(0.E0,0.E0,1.E0));
#12936=AXIS2_PLACEMENT_3D('',#12933,#12934,#12935);
#12937=PLANE('',#12936);
#12938=ORIENTED_EDGE('',*,*,#12927,.F.);
#12939=ORIENTED_EDGE('',*,*,#12820,.T.);
#12940=ORIENTED_EDGE('',*,*,#12853,.T.);
#12941=ORIENTED_EDGE('',*,*,#12874,.F.);
#12942=EDGE_LOOP('',(#12938,#12939,#12940,#12941));
#12943=FACE_OUTER_BOUND('',#12942,.F.);
#12944=ADVANCED_FACE('',(#12943),#12937,.F.);
#12945=CARTESIAN_POINT('',(4.584708494093E0,-3.588220910841E1,-3.62E1));
#12946=DIRECTION('',(0.E0,0.E0,1.E0));
#12947=DIRECTION('',(9.978064763075E-1,-6.619845797917E-2,0.E0));
#12948=AXIS2_PLACEMENT_3D('',#12945,#12946,#12947);
#12949=PLANE('',#12948);
#12950=ORIENTED_EDGE('',*,*,#10098,.F.);
#12951=ORIENTED_EDGE('',*,*,#12684,.T.);
#12953=ORIENTED_EDGE('',*,*,#12952,.F.);
#12954=ORIENTED_EDGE('',*,*,#12782,.F.);
#12955=ORIENTED_EDGE('',*,*,#12767,.F.);
#12956=EDGE_LOOP('',(#12950,#12951,#12953,#12954,#12955));
#12957=FACE_OUTER_BOUND('',#12956,.F.);
#12958=ADVANCED_FACE('',(#12957),#12949,.F.);
#12959=CARTESIAN_POINT('',(-2.350045258261E0,-3.542212990892E1,
-3.360000047165E1));
#12960=DIRECTION('',(-6.619845797917E-2,-9.978064763075E-1,0.E0));
#12961=DIRECTION('',(0.E0,0.E0,-1.E0));
#12962=AXIS2_PLACEMENT_3D('',#12959,#12960,#12961);
#12963=PLANE('',#12962);
#12964=ORIENTED_EDGE('',*,*,#12952,.T.);
#12965=ORIENTED_EDGE('',*,*,#12682,.T.);
#12966=ORIENTED_EDGE('',*,*,#12713,.T.);
#12967=ORIENTED_EDGE('',*,*,#12784,.T.);
#12968=EDGE_LOOP('',(#12964,#12965,#12966,#12967));
#12969=FACE_OUTER_BOUND('',#12968,.F.);
#12971=ORIENTED_EDGE('',*,*,#12970,.T.);
#12973=ORIENTED_EDGE('',*,*,#12972,.T.);
#12975=ORIENTED_EDGE('',*,*,#12974,.T.);
#12977=ORIENTED_EDGE('',*,*,#12976,.F.);
#12979=ORIENTED_EDGE('',*,*,#12978,.T.);
#12981=ORIENTED_EDGE('',*,*,#12980,.F.);
#12983=ORIENTED_EDGE('',*,*,#12982,.T.);
#12985=ORIENTED_EDGE('',*,*,#12984,.T.);
#12987=ORIENTED_EDGE('',*,*,#12986,.T.);
#12989=ORIENTED_EDGE('',*,*,#12988,.T.);
#12990=EDGE_LOOP('',(#12971,#12973,#12975,#12977,#12979,#12981,#12983,#12985,
#12987,#12989));
#12991=FACE_BOUND('',#12990,.F.);
#12993=ORIENTED_EDGE('',*,*,#12992,.T.);
#12995=ORIENTED_EDGE('',*,*,#12994,.T.);
#12997=ORIENTED_EDGE('',*,*,#12996,.T.);
#12999=ORIENTED_EDGE('',*,*,#12998,.T.);
#13000=EDGE_LOOP('',(#12993,#12995,#12997,#12999));
#13001=FACE_BOUND('',#13000,.F.);
#13002=ADVANCED_FACE('',(#12969,#12991,#13001),#12963,.T.);
#13003=CARTESIAN_POINT('',(-2.350045258261E0,-3.542212990892E1,
-3.545000013606E1));
#13004=DIRECTION('',(-4.680937854117E-2,-7.055557257089E-1,7.071067811865E-1));
#13005=DIRECTION('',(-9.978064763075E-1,6.619845797917E-2,0.E0));
#13006=AXIS2_PLACEMENT_3D('',#13003,#13004,#13005);
#13007=PLANE('',#13006);
#13009=ORIENTED_EDGE('',*,*,#13008,.F.);
#13011=ORIENTED_EDGE('',*,*,#13010,.T.);
#13012=ORIENTED_EDGE('',*,*,#12970,.F.);
#13014=ORIENTED_EDGE('',*,*,#13013,.T.);
#13015=EDGE_LOOP('',(#13009,#13011,#13012,#13014));
#13016=FACE_OUTER_BOUND('',#13015,.F.);
#13017=ADVANCED_FACE('',(#13016),#13007,.T.);
#13018=CARTESIAN_POINT('',(-4.366137447426E0,-3.635372558047E1,
-3.525000017234E1));
#13019=DIRECTION('',(0.E0,0.E0,-1.E0));
#13020=DIRECTION('',(-6.619845797917E-2,-9.978064763075E-1,0.E0));
#13021=AXIS2_PLACEMENT_3D('',#13018,#13019,#13020);
#13022=PLANE('',#13021);
#13023=ORIENTED_EDGE('',*,*,#13008,.T.);
#13025=ORIENTED_EDGE('',*,*,#13024,.F.);
#13027=ORIENTED_EDGE('',*,*,#13026,.T.);
#13029=ORIENTED_EDGE('',*,*,#13028,.T.);
#13030=EDGE_LOOP('',(#13023,#13025,#13027,#13029));
#13031=FACE_OUTER_BOUND('',#13030,.F.);
#13032=ADVANCED_FACE('',(#13031),#13022,.F.);
#13033=CARTESIAN_POINT('',(-5.164382483668E0,-3.630076682369E1,
-3.595000004535E1));
#13034=DIRECTION('',(9.978064763075E-1,-6.619845797917E-2,0.E0));
#13035=DIRECTION('',(6.619845797917E-2,9.978064763075E-1,0.E0));
#13036=AXIS2_PLACEMENT_3D('',#13033,#13034,#13035);
#13037=PLANE('',#13036);
#13039=ORIENTED_EDGE('',*,*,#13038,.T.);
#13041=ORIENTED_EDGE('',*,*,#13040,.F.);
#13043=ORIENTED_EDGE('',*,*,#13042,.T.);
#13044=ORIENTED_EDGE('',*,*,#13024,.T.);
#13045=EDGE_LOOP('',(#13039,#13041,#13043,#13044));
#13046=FACE_OUTER_BOUND('',#13045,.F.);
#13047=ADVANCED_FACE('',(#13046),#13037,.F.);
#13048=CARTESIAN_POINT('',(-4.894451311282E0,-3.525332387169E1,
-3.360000047165E1));
#13049=DIRECTION('',(-7.523651042500E-1,-6.587463471677E-1,0.E0));
#13050=DIRECTION('',(-6.587463471677E-1,7.523651042500E-1,0.E0));
#13051=AXIS2_PLACEMENT_3D('',#13048,#13049,#13050);
#13052=PLANE('',#13051);
#13053=ORIENTED_EDGE('',*,*,#12988,.F.);
#13055=ORIENTED_EDGE('',*,*,#13054,.T.);
#13056=ORIENTED_EDGE('',*,*,#13038,.F.);
#13057=ORIENTED_EDGE('',*,*,#13013,.F.);
#13058=EDGE_LOOP('',(#13053,#13055,#13056,#13057));
#13059=FACE_OUTER_BOUND('',#13058,.F.);
#13060=ADVANCED_FACE('',(#13059),#13052,.T.);
#13061=CARTESIAN_POINT('',(-2.350045258261E0,-3.542212990892E1,
-3.580000007256E1));
#13062=DIRECTION('',(4.680937854117E-2,7.055557257089E-1,-7.071067811865E-1));
#13063=DIRECTION('',(-9.978064763075E-1,6.619845797917E-2,0.E0));
#13064=AXIS2_PLACEMENT_3D('',#13061,#13062,#13063);
#13065=PLANE('',#13064);
#13066=ORIENTED_EDGE('',*,*,#12986,.F.);
#13068=ORIENTED_EDGE('',*,*,#13067,.T.);
#13070=ORIENTED_EDGE('',*,*,#13069,.F.);
#13071=ORIENTED_EDGE('',*,*,#13054,.F.);
#13072=EDGE_LOOP('',(#13066,#13068,#13070,#13071));
#13073=FACE_OUTER_BOUND('',#13072,.F.);
#13074=ADVANCED_FACE('',(#13073),#13065,.F.);
#13075=CARTESIAN_POINT('',(-8.885676492493E0,-3.498853008781E1,
-3.360000047165E1));
#13076=DIRECTION('',(-6.587463471677E-1,7.523651042500E-1,0.E0));
#13077=DIRECTION('',(0.E0,0.E0,1.E0));
#13078=AXIS2_PLACEMENT_3D('',#13075,#13076,#13077);
#13079=PLANE('',#13078);
#13080=ORIENTED_EDGE('',*,*,#12984,.F.);
#13082=ORIENTED_EDGE('',*,*,#13081,.T.);
#13084=ORIENTED_EDGE('',*,*,#13083,.F.);
#13085=ORIENTED_EDGE('',*,*,#13067,.F.);
#13086=EDGE_LOOP('',(#13080,#13082,#13084,#13085));
#13087=FACE_OUTER_BOUND('',#13086,.F.);
#13088=ADVANCED_FACE('',(#13087),#13079,.F.);
#13089=CARTESIAN_POINT('',(3.073811134843E-1,-3.539799453168E1,
-3.160000083446E1));
#13090=DIRECTION('',(-4.680937854117E-2,-7.055557257089E-1,-7.071067811865E-1));
#13091=DIRECTION('',(-4.680937854117E-2,-7.055557257089E-1,7.071067811865E-1));
#13092=AXIS2_PLACEMENT_3D('',#13089,#13090,#13091);
#13093=PLANE('',#13092);
#13094=ORIENTED_EDGE('',*,*,#12982,.F.);
#13096=ORIENTED_EDGE('',*,*,#13095,.T.);
#13098=ORIENTED_EDGE('',*,*,#13097,.F.);
#13099=ORIENTED_EDGE('',*,*,#13081,.F.);
#13100=EDGE_LOOP('',(#13094,#13096,#13098,#13099));
#13101=FACE_OUTER_BOUND('',#13100,.F.);
#13102=ADVANCED_FACE('',(#13101),#13093,.T.);
#13103=CARTESIAN_POINT('',(-3.879376497895E-1,-3.555230394682E1,
-3.163357947213E1));
#13104=DIRECTION('',(5.457126166947E-1,6.724564967196E-1,4.999999999998E-1));
#13105=DIRECTION('',(7.055557257089E-1,-4.680937854117E-2,-7.071067811865E-1));
#13106=AXIS2_PLACEMENT_3D('',#13103,#13104,#13105);
#13107=PLANE('',#13106);
#13109=ORIENTED_EDGE('',*,*,#13108,.F.);
#13110=ORIENTED_EDGE('',*,*,#13095,.F.);
#13111=ORIENTED_EDGE('',*,*,#12980,.T.);
#13113=ORIENTED_EDGE('',*,*,#13112,.F.);
#13114=EDGE_LOOP('',(#13109,#13110,#13111,#13113));
#13115=FACE_OUTER_BOUND('',#13114,.F.);
#13116=ADVANCED_FACE('',(#13115),#13107,.F.);
#13117=CARTESIAN_POINT('',(3.455048858756E-1,-1.971726725679E1,
-3.160000083446E1));
#13118=DIRECTION('',(-7.055557257089E-1,4.680937854117E-2,-7.071067811865E-1));
#13119=DIRECTION('',(-7.055557257089E-1,4.680937854117E-2,7.071067811865E-1));
#13120=AXIS2_PLACEMENT_3D('',#13117,#13118,#13119);
#13121=PLANE('',#13120);
#13122=ORIENTED_EDGE('',*,*,#13108,.T.);
#13124=ORIENTED_EDGE('',*,*,#13123,.F.);
#13126=ORIENTED_EDGE('',*,*,#13125,.T.);
#13128=ORIENTED_EDGE('',*,*,#13127,.F.);
#13129=EDGE_LOOP('',(#13122,#13124,#13126,#13128));
#13130=FACE_OUTER_BOUND('',#13129,.F.);
#13131=ADVANCED_FACE('',(#13130),#13121,.T.);
#13132=CARTESIAN_POINT('',(1.343311181178E0,-1.978346570276E1,
-3.560000010885E1));
#13133=DIRECTION('',(9.978064763075E-1,-6.619845797917E-2,0.E0));
#13134=DIRECTION('',(6.619845797917E-2,9.978064763075E-1,0.E0));
#13135=AXIS2_PLACEMENT_3D('',#13132,#13133,#13134);
#13136=PLANE('',#13135);
#13138=ORIENTED_EDGE('',*,*,#13137,.T.);
#13140=ORIENTED_EDGE('',*,*,#13139,.T.);
#13142=ORIENTED_EDGE('',*,*,#13141,.T.);
#13143=ORIENTED_EDGE('',*,*,#13123,.T.);
#13144=EDGE_LOOP('',(#13138,#13140,#13142,#13143));
#13145=FACE_OUTER_BOUND('',#13144,.F.);
#13146=ADVANCED_FACE('',(#13145),#13136,.F.);
#13147=CARTESIAN_POINT('',(3.073811134843E-1,-3.539799453168E1,
-3.560000010885E1));
#13148=DIRECTION('',(-7.523651042500E-1,-6.587463471677E-1,0.E0));
#13149=DIRECTION('',(-6.587463471677E-1,7.523651042500E-1,0.E0));
#13150=AXIS2_PLACEMENT_3D('',#13147,#13148,#13149);
#13151=PLANE('',#13150);
#13152=ORIENTED_EDGE('',*,*,#13137,.F.);
#13153=ORIENTED_EDGE('',*,*,#13112,.T.);
#13154=ORIENTED_EDGE('',*,*,#12978,.F.);
#13156=ORIENTED_EDGE('',*,*,#13155,.F.);
#13157=EDGE_LOOP('',(#13152,#13153,#13154,#13156));
#13158=FACE_OUTER_BOUND('',#13157,.F.);
#13159=ADVANCED_FACE('',(#13158),#13151,.T.);
#13160=CARTESIAN_POINT('',(-3.879376497895E-1,-3.555230394682E1,
-3.556642147117E1));
#13161=DIRECTION('',(-5.457126166947E-1,-6.724564967196E-1,4.999999999998E-1));
#13162=DIRECTION('',(-7.764858787986E-1,6.301346522977E-1,0.E0));
#13163=AXIS2_PLACEMENT_3D('',#13160,#13161,#13162);
#13164=PLANE('',#13163);
#13166=ORIENTED_EDGE('',*,*,#13165,.F.);
#13167=ORIENTED_EDGE('',*,*,#13155,.T.);
#13168=ORIENTED_EDGE('',*,*,#12976,.T.);
#13170=ORIENTED_EDGE('',*,*,#13169,.F.);
#13171=EDGE_LOOP('',(#13166,#13167,#13168,#13170));
#13172=FACE_OUTER_BOUND('',#13171,.F.);
#13173=ADVANCED_FACE('',(#13172),#13164,.T.);
#13174=CARTESIAN_POINT('',(1.343311181178E0,-1.978346570276E1,
-3.460000029025E1));
#13175=DIRECTION('',(7.055557257089E-1,-4.680937854117E-2,-7.071067811865E-1));
#13176=DIRECTION('',(-6.619845797917E-2,-9.978064763075E-1,0.E0));
#13177=AXIS2_PLACEMENT_3D('',#13174,#13175,#13176);
#13178=PLANE('',#13177);
#13179=ORIENTED_EDGE('',*,*,#13165,.T.);
#13181=ORIENTED_EDGE('',*,*,#13180,.F.);
#13183=ORIENTED_EDGE('',*,*,#13182,.T.);
#13184=ORIENTED_EDGE('',*,*,#13139,.F.);
#13185=EDGE_LOOP('',(#13179,#13181,#13183,#13184));
#13186=FACE_OUTER_BOUND('',#13185,.F.);
#13187=ADVANCED_FACE('',(#13186),#13178,.F.);
#13188=CARTESIAN_POINT('',(1.343311181178E0,-1.978346570276E1,
-3.560000010885E1));
#13189=DIRECTION('',(0.E0,0.E0,1.E0));
#13190=DIRECTION('',(9.978064763075E-1,-6.619845797917E-2,0.E0));
#13191=AXIS2_PLACEMENT_3D('',#13188,#13189,#13190);
#13192=PLANE('',#13191);
#13194=ORIENTED_EDGE('',*,*,#13193,.T.);
#13196=ORIENTED_EDGE('',*,*,#13195,.T.);
#13198=ORIENTED_EDGE('',*,*,#13197,.F.);
#13199=ORIENTED_EDGE('',*,*,#13180,.T.);
#13200=EDGE_LOOP('',(#13194,#13196,#13198,#13199));
#13201=FACE_OUTER_BOUND('',#13200,.F.);
#13202=ADVANCED_FACE('',(#13201),#13192,.T.);
#13203=CARTESIAN_POINT('',(-2.350045258261E0,-3.542212990892E1,
-3.580000007256E1));
#13204=DIRECTION('',(4.680937854117E-2,7.055557257089E-1,-7.071067811865E-1));
#13205=DIRECTION('',(-9.978064763075E-1,6.619845797917E-2,0.E0));
#13206=AXIS2_PLACEMENT_3D('',#13203,#13204,#13205);
#13207=PLANE('',#13206);
#13208=ORIENTED_EDGE('',*,*,#13193,.F.);
#13209=ORIENTED_EDGE('',*,*,#13169,.T.);
#13210=ORIENTED_EDGE('',*,*,#12974,.F.);
#13212=ORIENTED_EDGE('',*,*,#13211,.F.);
#13213=EDGE_LOOP('',(#13208,#13209,#13210,#13212));
#13214=FACE_OUTER_BOUND('',#13213,.F.);
#13215=ADVANCED_FACE('',(#13214),#13207,.F.);
#13216=CARTESIAN_POINT('',(-4.495328793161E0,-3.527980325008E1,
-3.360000047165E1));
#13217=DIRECTION('',(6.587463471677E-1,-7.523651042500E-1,0.E0));
#13218=DIRECTION('',(0.E0,0.E0,-1.E0));
#13219=AXIS2_PLACEMENT_3D('',#13216,#13217,#13218);
#13220=PLANE('',#13219);
#13222=ORIENTED_EDGE('',*,*,#13221,.F.);
#13223=ORIENTED_EDGE('',*,*,#13211,.T.);
#13224=ORIENTED_EDGE('',*,*,#12972,.F.);
#13225=ORIENTED_EDGE('',*,*,#13010,.F.);
#13226=EDGE_LOOP('',(#13222,#13223,#13224,#13225));
#13227=FACE_OUTER_BOUND('',#13226,.F.);
#13228=ADVANCED_FACE('',(#13227),#13220,.T.);
#13229=CARTESIAN_POINT('',(-4.366137447426E0,-3.635372558047E1,
-3.595000004535E1));
#13230=DIRECTION('',(-9.978064763075E-1,6.619845797917E-2,0.E0));
#13231=DIRECTION('',(0.E0,0.E0,1.E0));
#13232=AXIS2_PLACEMENT_3D('',#13229,#13230,#13231);
#13233=PLANE('',#13232);
#13234=ORIENTED_EDGE('',*,*,#13221,.T.);
#13235=ORIENTED_EDGE('',*,*,#13028,.F.);
#13237=ORIENTED_EDGE('',*,*,#13236,.F.);
#13238=ORIENTED_EDGE('',*,*,#13195,.F.);
#13239=EDGE_LOOP('',(#13234,#13235,#13237,#13238));
#13240=FACE_OUTER_BOUND('',#13239,.F.);
#13241=ADVANCED_FACE('',(#13240),#13233,.F.);
#13242=CARTESIAN_POINT('',(-1.952854582438E0,-2.943529213711E1,
-3.360000047165E1));
#13243=DIRECTION('',(-6.619845797917E-2,-9.978064763075E-1,0.E0));
#13244=DIRECTION('',(0.E0,0.E0,-1.E0));
#13245=AXIS2_PLACEMENT_3D('',#13242,#13243,#13244);
#13246=PLANE('',#13245);
#13247=ORIENTED_EDGE('',*,*,#13042,.F.);
#13249=ORIENTED_EDGE('',*,*,#13248,.T.);
#13251=ORIENTED_EDGE('',*,*,#13250,.T.);
#13253=ORIENTED_EDGE('',*,*,#13252,.F.);
#13254=ORIENTED_EDGE('',*,*,#13125,.F.);
#13255=ORIENTED_EDGE('',*,*,#13141,.F.);
#13256=ORIENTED_EDGE('',*,*,#13182,.F.);
#13257=ORIENTED_EDGE('',*,*,#13197,.T.);
#13258=ORIENTED_EDGE('',*,*,#13236,.T.);
#13259=ORIENTED_EDGE('',*,*,#13026,.F.);
#13260=EDGE_LOOP('',(#13247,#13249,#13251,#13253,#13254,#13255,#13256,#13257,
#13258,#13259));
#13261=FACE_OUTER_BOUND('',#13260,.F.);
#13263=ORIENTED_EDGE('',*,*,#13262,.F.);
#13265=ORIENTED_EDGE('',*,*,#13264,.F.);
#13266=EDGE_LOOP('',(#13263,#13265));
#13267=FACE_BOUND('',#13266,.F.);
#13269=ORIENTED_EDGE('',*,*,#13268,.F.);
#13271=ORIENTED_EDGE('',*,*,#13270,.F.);
#13272=EDGE_LOOP('',(#13269,#13271));
#13273=FACE_BOUND('',#13272,.F.);
#13275=ORIENTED_EDGE('',*,*,#13274,.F.);
#13277=ORIENTED_EDGE('',*,*,#13276,.F.);
#13278=EDGE_LOOP('',(#13275,#13277));
#13279=FACE_BOUND('',#13278,.F.);
#13281=ORIENTED_EDGE('',*,*,#13280,.F.);
#13283=ORIENTED_EDGE('',*,*,#13282,.F.);
#13284=EDGE_LOOP('',(#13281,#13283));
#13285=FACE_BOUND('',#13284,.F.);
#13286=ADVANCED_FACE('',(#13261,#13267,#13273,#13279,#13285),#13246,.T.);
#13287=CARTESIAN_POINT('',(1.343311181178E0,-1.978346570276E1,
-3.560000010885E1));
#13288=DIRECTION('',(0.E0,0.E0,1.E0));
#13289=DIRECTION('',(9.978064763075E-1,-6.619845797917E-2,0.E0));
#13290=AXIS2_PLACEMENT_3D('',#13287,#13288,#13289);
#13291=PLANE('',#13290);
#13292=ORIENTED_EDGE('',*,*,#13069,.T.);
#13294=ORIENTED_EDGE('',*,*,#13293,.T.);
#13295=ORIENTED_EDGE('',*,*,#13248,.F.);
#13296=ORIENTED_EDGE('',*,*,#13040,.T.);
#13297=EDGE_LOOP('',(#13292,#13294,#13295,#13296));
#13298=FACE_OUTER_BOUND('',#13297,.F.);
#13299=ADVANCED_FACE('',(#13298),#13291,.T.);
#13300=CARTESIAN_POINT('',(-7.636945476546E0,-1.918767968902E1,
-3.560000010885E1));
#13301=DIRECTION('',(9.978064763075E-1,-6.619845797917E-2,0.E0));
#13302=DIRECTION('',(6.619845797917E-2,9.978064763075E-1,0.E0));
#13303=AXIS2_PLACEMENT_3D('',#13300,#13301,#13302);
#13304=PLANE('',#13303);
#13305=ORIENTED_EDGE('',*,*,#13083,.T.);
#13307=ORIENTED_EDGE('',*,*,#13306,.T.);
#13308=ORIENTED_EDGE('',*,*,#13250,.F.);
#13309=ORIENTED_EDGE('',*,*,#13293,.F.);
#13310=EDGE_LOOP('',(#13305,#13307,#13308,#13309));
#13311=FACE_OUTER_BOUND('',#13310,.F.);
#13312=ADVANCED_FACE('',(#13311),#13304,.T.);
#13313=CARTESIAN_POINT('',(1.343311181178E0,-1.978346570276E1,
-3.160000083446E1));
#13314=DIRECTION('',(0.E0,0.E0,1.E0));
#13315=DIRECTION('',(9.978064763075E-1,-6.619845797917E-2,0.E0));
#13316=AXIS2_PLACEMENT_3D('',#13313,#13314,#13315);
#13317=PLANE('',#13316);
#13318=ORIENTED_EDGE('',*,*,#13097,.T.);
#13319=ORIENTED_EDGE('',*,*,#13127,.T.);
#13320=ORIENTED_EDGE('',*,*,#13252,.T.);
#13321=ORIENTED_EDGE('',*,*,#13306,.F.);
#13322=EDGE_LOOP('',(#13318,#13319,#13320,#13321));
#13323=FACE_OUTER_BOUND('',#13322,.F.);
#13324=ADVANCED_FACE('',(#13323),#13317,.F.);
#13325=CARTESIAN_POINT('',(9.915768124763E-1,-2.130862020731E1,
-3.347500049433E1));
#13326=DIRECTION('',(0.E0,0.E0,1.E0));
#13327=DIRECTION('',(9.978064763075E-1,-6.619845797917E-2,0.E0));
#13328=AXIS2_PLACEMENT_3D('',#13325,#13326,#13327);
#13329=PLANE('',#13328);
#13331=ORIENTED_EDGE('',*,*,#13330,.T.);
#13333=ORIENTED_EDGE('',*,*,#13332,.F.);
#13335=ORIENTED_EDGE('',*,*,#13334,.T.);
#13337=ORIENTED_EDGE('',*,*,#13336,.T.);
#13339=ORIENTED_EDGE('',*,*,#13338,.T.);
#13341=ORIENTED_EDGE('',*,*,#13340,.T.);
#13342=ORIENTED_EDGE('',*,*,#13262,.T.);
#13344=ORIENTED_EDGE('',*,*,#13343,.T.);
#13346=ORIENTED_EDGE('',*,*,#13345,.T.);
#13347=EDGE_LOOP('',(#13331,#13333,#13335,#13337,#13339,#13341,#13342,#13344,
#13346));
#13348=FACE_OUTER_BOUND('',#13347,.F.);
#13349=ADVANCED_FACE('',(#13348),#13329,.F.);
#13350=CARTESIAN_POINT('',(-6.409400727740E0,-3.014182527014E1,
-3.485000024490E1));
#13351=DIRECTION('',(-9.978064763075E-1,6.619845797917E-2,0.E0));
#13352=DIRECTION('',(0.E0,0.E0,1.E0));
#13353=AXIS2_PLACEMENT_3D('',#13350,#13351,#13352);
#13354=PLANE('',#13353);
#13355=ORIENTED_EDGE('',*,*,#13330,.F.);
#13357=ORIENTED_EDGE('',*,*,#13356,.T.);
#13359=ORIENTED_EDGE('',*,*,#13358,.T.);
#13361=ORIENTED_EDGE('',*,*,#13360,.F.);
#13362=EDGE_LOOP('',(#13355,#13357,#13359,#13361));
#13363=FACE_OUTER_BOUND('',#13362,.F.);
#13364=ADVANCED_FACE('',(#13363),#13354,.F.);
#13365=CARTESIAN_POINT('',(-6.458325121357E0,-3.314517392294E1,
-3.360000047165E1));
#13366=DIRECTION('',(6.619845797923E-2,9.978064763075E-1,0.E0));
#13367=DIRECTION('',(9.865172905062E-1,-6.544948840483E-2,1.499999999994E-1));
#13368=AXIS2_PLACEMENT_3D('',#13365,#13366,#13367);
#13369=SPHERICAL_SURFACE('',#13368,9.999998185970E-1);
#13371=ORIENTED_EDGE('',*,*,#13370,.F.);
#13372=ORIENTED_EDGE('',*,*,#13356,.F.);
#13373=ORIENTED_EDGE('',*,*,#13345,.F.);
#13374=EDGE_LOOP('',(#13371,#13372,#13373));
#13375=FACE_OUTER_BOUND('',#13374,.F.);
#13376=ADVANCED_FACE('',(#13375),#13369,.T.);
#13377=CARTESIAN_POINT('',(-6.524523567327E0,-3.414298021825E1,
-3.360000047165E1));
#13378=DIRECTION('',(6.619845797917E-2,9.978064763075E-1,0.E0));
#13379=DIRECTION('',(9.978064763075E-1,-6.619845797917E-2,0.E0));
#13380=AXIS2_PLACEMENT_3D('',#13377,#13378,#13379);
#13381=CYLINDRICAL_SURFACE('',#13380,9.999998185970E-1);
#13382=ORIENTED_EDGE('',*,*,#13358,.F.);
#13383=ORIENTED_EDGE('',*,*,#13370,.T.);
#13384=ORIENTED_EDGE('',*,*,#13343,.F.);
#13385=ORIENTED_EDGE('',*,*,#13264,.T.);
#13386=ORIENTED_EDGE('',*,*,#13340,.F.);
#13388=ORIENTED_EDGE('',*,*,#13387,.T.);
#13390=ORIENTED_EDGE('',*,*,#13389,.T.);
#13392=ORIENTED_EDGE('',*,*,#13391,.F.);
#13394=ORIENTED_EDGE('',*,*,#13393,.T.);
#13395=EDGE_LOOP('',(#13382,#13383,#13384,#13385,#13386,#13388,#13390,#13392,
#13394));
#13396=FACE_OUTER_BOUND('',#13395,.F.);
#13397=ADVANCED_FACE('',(#13396),#13381,.T.);
#13398=CARTESIAN_POINT('',(-6.458325121357E0,-3.314517392294E1,
-3.360000047165E1));
#13399=DIRECTION('',(6.619845797923E-2,9.978064763075E-1,0.E0));
#13400=DIRECTION('',(9.865172905062E-1,-6.544948840483E-2,1.499999999994E-1));
#13401=AXIS2_PLACEMENT_3D('',#13398,#13399,#13400);
#13402=SPHERICAL_SURFACE('',#13401,9.999998185970E-1);
#13403=ORIENTED_EDGE('',*,*,#13336,.F.);
#13405=ORIENTED_EDGE('',*,*,#13404,.F.);
#13406=ORIENTED_EDGE('',*,*,#13389,.F.);
#13407=ORIENTED_EDGE('',*,*,#13387,.F.);
#13408=ORIENTED_EDGE('',*,*,#13338,.F.);
#13409=EDGE_LOOP('',(#13403,#13405,#13406,#13407,#13408));
#13410=FACE_OUTER_BOUND('',#13409,.F.);
#13411=ADVANCED_FACE('',(#13410),#13402,.T.);
#13412=CARTESIAN_POINT('',(-6.110058839149E0,-3.016168480393E1,
-3.485000024490E1));
#13413=DIRECTION('',(9.978064763075E-1,-6.619845797917E-2,0.E0));
#13414=DIRECTION('',(6.619845797917E-2,9.978064763075E-1,0.E0));
#13415=AXIS2_PLACEMENT_3D('',#13412,#13413,#13414);
#13416=PLANE('',#13415);
#13417=ORIENTED_EDGE('',*,*,#13334,.F.);
#13419=ORIENTED_EDGE('',*,*,#13418,.F.);
#13420=ORIENTED_EDGE('',*,*,#13391,.T.);
#13421=ORIENTED_EDGE('',*,*,#13404,.T.);
#13422=EDGE_LOOP('',(#13417,#13419,#13420,#13421));
#13423=FACE_OUTER_BOUND('',#13422,.F.);
#13424=ADVANCED_FACE('',(#13423),#13416,.F.);
#13425=CARTESIAN_POINT('',(-2.019053028408E0,-3.043309843241E1,
-3.360000047165E1));
#13426=DIRECTION('',(-6.619845797917E-2,-9.978064763075E-1,0.E0));
#13427=DIRECTION('',(0.E0,0.E0,-1.E0));
#13428=AXIS2_PLACEMENT_3D('',#13425,#13426,#13427);
#13429=PLANE('',#13428);
#13430=ORIENTED_EDGE('',*,*,#13360,.T.);
#13431=ORIENTED_EDGE('',*,*,#13393,.F.);
#13432=ORIENTED_EDGE('',*,*,#13418,.T.);
#13433=ORIENTED_EDGE('',*,*,#13332,.T.);
#13434=EDGE_LOOP('',(#13430,#13431,#13432,#13433));
#13435=FACE_OUTER_BOUND('',#13434,.F.);
#13436=ADVANCED_FACE('',(#13435),#13429,.T.);
#13437=CARTESIAN_POINT('',(9.915768124763E-1,-2.130862020731E1,
-3.372500044898E1));
#13438=DIRECTION('',(0.E0,0.E0,-1.E0));
#13439=DIRECTION('',(-6.619845797917E-2,-9.978064763075E-1,0.E0));
#13440=AXIS2_PLACEMENT_3D('',#13437,#13438,#13439);
#13441=PLANE('',#13440);
#13443=ORIENTED_EDGE('',*,*,#13442,.T.);
#13445=ORIENTED_EDGE('',*,*,#13444,.T.);
#13447=ORIENTED_EDGE('',*,*,#13446,.T.);
#13449=ORIENTED_EDGE('',*,*,#13448,.T.);
#13450=ORIENTED_EDGE('',*,*,#13268,.T.);
#13452=ORIENTED_EDGE('',*,*,#13451,.T.);
#13454=ORIENTED_EDGE('',*,*,#13453,.T.);
#13456=ORIENTED_EDGE('',*,*,#13455,.T.);
#13458=ORIENTED_EDGE('',*,*,#13457,.F.);
#13459=EDGE_LOOP('',(#13443,#13445,#13447,#13449,#13450,#13452,#13454,#13456,
#13458));
#13460=FACE_OUTER_BOUND('',#13459,.F.);
#13461=ADVANCED_FACE('',(#13460),#13441,.F.);
#13462=CARTESIAN_POINT('',(-6.409400727740E0,-3.014182527014E1,
-3.485000024490E1));
#13463=DIRECTION('',(-9.978064763075E-1,6.619845797917E-2,0.E0));
#13464=DIRECTION('',(0.E0,0.E0,1.E0));
#13465=AXIS2_PLACEMENT_3D('',#13462,#13463,#13464);
#13466=PLANE('',#13465);
#13467=ORIENTED_EDGE('',*,*,#13442,.F.);
#13469=ORIENTED_EDGE('',*,*,#13468,.F.);
#13471=ORIENTED_EDGE('',*,*,#13470,.T.);
#13473=ORIENTED_EDGE('',*,*,#13472,.T.);
#13474=EDGE_LOOP('',(#13467,#13469,#13471,#13473));
#13475=FACE_OUTER_BOUND('',#13474,.F.);
#13476=ADVANCED_FACE('',(#13475),#13466,.F.);
#13477=CARTESIAN_POINT('',(-2.019053028408E0,-3.043309843241E1,
-3.360000047165E1));
#13478=DIRECTION('',(-6.619845797917E-2,-9.978064763075E-1,0.E0));
#13479=DIRECTION('',(0.E0,0.E0,-1.E0));
#13480=AXIS2_PLACEMENT_3D('',#13477,#13478,#13479);
#13481=PLANE('',#13480);
#13483=ORIENTED_EDGE('',*,*,#13482,.T.);
#13485=ORIENTED_EDGE('',*,*,#13484,.F.);
#13486=ORIENTED_EDGE('',*,*,#13468,.T.);
#13487=ORIENTED_EDGE('',*,*,#13457,.T.);
#13488=EDGE_LOOP('',(#13483,#13485,#13486,#13487));
#13489=FACE_OUTER_BOUND('',#13488,.F.);
#13490=ADVANCED_FACE('',(#13489),#13481,.T.);
#13491=CARTESIAN_POINT('',(-6.110058839149E0,-3.016168480393E1,
-3.485000024490E1));
#13492=DIRECTION('',(9.978064763075E-1,-6.619845797917E-2,0.E0));
#13493=DIRECTION('',(6.619845797917E-2,9.978064763075E-1,0.E0));
#13494=AXIS2_PLACEMENT_3D('',#13491,#13492,#13493);
#13495=PLANE('',#13494);
#13496=ORIENTED_EDGE('',*,*,#13455,.F.);
#13498=ORIENTED_EDGE('',*,*,#13497,.T.);
#13500=ORIENTED_EDGE('',*,*,#13499,.T.);
#13501=ORIENTED_EDGE('',*,*,#13482,.F.);
#13502=EDGE_LOOP('',(#13496,#13498,#13500,#13501));
#13503=FACE_OUTER_BOUND('',#13502,.F.);
#13504=ADVANCED_FACE('',(#13503),#13495,.F.);
#13505=CARTESIAN_POINT('',(-6.458325121357E0,-3.314517392294E1,
-3.360000047165E1));
#13506=DIRECTION('',(6.619845797923E-2,9.978064763075E-1,0.E0));
#13507=DIRECTION('',(9.865172905062E-1,-6.544948840483E-2,1.499999999994E-1));
#13508=AXIS2_PLACEMENT_3D('',#13505,#13506,#13507);
#13509=SPHERICAL_SURFACE('',#13508,9.999998185970E-1);
#13511=ORIENTED_EDGE('',*,*,#13510,.F.);
#13512=ORIENTED_EDGE('',*,*,#13497,.F.);
#13513=ORIENTED_EDGE('',*,*,#13453,.F.);
#13514=EDGE_LOOP('',(#13511,#13512,#13513));
#13515=FACE_OUTER_BOUND('',#13514,.F.);
#13516=ADVANCED_FACE('',(#13515),#13509,.T.);
#13517=CARTESIAN_POINT('',(-6.524523567327E0,-3.414298021825E1,
-3.360000047165E1));
#13518=DIRECTION('',(6.619845797917E-2,9.978064763075E-1,0.E0));
#13519=DIRECTION('',(9.978064763075E-1,-6.619845797917E-2,0.E0));
#13520=AXIS2_PLACEMENT_3D('',#13517,#13518,#13519);
#13521=CYLINDRICAL_SURFACE('',#13520,9.999998185970E-1);
#13522=ORIENTED_EDGE('',*,*,#13470,.F.);
#13523=ORIENTED_EDGE('',*,*,#13484,.T.);
#13524=ORIENTED_EDGE('',*,*,#13499,.F.);
#13525=ORIENTED_EDGE('',*,*,#13510,.T.);
#13526=ORIENTED_EDGE('',*,*,#13451,.F.);
#13527=ORIENTED_EDGE('',*,*,#13270,.T.);
#13528=ORIENTED_EDGE('',*,*,#13448,.F.);
#13530=ORIENTED_EDGE('',*,*,#13529,.T.);
#13532=ORIENTED_EDGE('',*,*,#13531,.T.);
#13533=EDGE_LOOP('',(#13522,#13523,#13524,#13525,#13526,#13527,#13528,#13530,
#13532));
#13534=FACE_OUTER_BOUND('',#13533,.F.);
#13535=ADVANCED_FACE('',(#13534),#13521,.T.);
#13536=CARTESIAN_POINT('',(-6.458325121357E0,-3.314517392294E1,
-3.360000047165E1));
#13537=DIRECTION('',(6.619845797923E-2,9.978064763075E-1,0.E0));
#13538=DIRECTION('',(9.865172905062E-1,-6.544948840483E-2,1.499999999994E-1));
#13539=AXIS2_PLACEMENT_3D('',#13536,#13537,#13538);
#13540=SPHERICAL_SURFACE('',#13539,9.999998185970E-1);
#13541=ORIENTED_EDGE('',*,*,#13444,.F.);
#13542=ORIENTED_EDGE('',*,*,#13472,.F.);
#13543=ORIENTED_EDGE('',*,*,#13531,.F.);
#13544=ORIENTED_EDGE('',*,*,#13529,.F.);
#13545=ORIENTED_EDGE('',*,*,#13446,.F.);
#13546=EDGE_LOOP('',(#13541,#13542,#13543,#13544,#13545));
#13547=FACE_OUTER_BOUND('',#13546,.F.);
#13548=ADVANCED_FACE('',(#13547),#13540,.T.);
#13549=CARTESIAN_POINT('',(9.915768124763E-1,-2.130862020731E1,
-3.372500044898E1));
#13550=DIRECTION('',(0.E0,0.E0,-1.E0));
#13551=DIRECTION('',(-6.619845797917E-2,-9.978064763075E-1,0.E0));
#13552=AXIS2_PLACEMENT_3D('',#13549,#13550,#13551);
#13553=PLANE('',#13552);
#13555=ORIENTED_EDGE('',*,*,#13554,.T.);
#13557=ORIENTED_EDGE('',*,*,#13556,.T.);
#13559=ORIENTED_EDGE('',*,*,#13558,.T.);
#13561=ORIENTED_EDGE('',*,*,#13560,.T.);
#13562=ORIENTED_EDGE('',*,*,#13274,.T.);
#13564=ORIENTED_EDGE('',*,*,#13563,.T.);
#13566=ORIENTED_EDGE('',*,*,#13565,.T.);
#13568=ORIENTED_EDGE('',*,*,#13567,.T.);
#13570=ORIENTED_EDGE('',*,*,#13569,.F.);
#13571=EDGE_LOOP('',(#13555,#13557,#13559,#13561,#13562,#13564,#13566,#13568,
#13570));
#13572=FACE_OUTER_BOUND('',#13571,.F.);
#13573=ADVANCED_FACE('',(#13572),#13553,.F.);
#13574=CARTESIAN_POINT('',(-1.420369251227E0,-3.047281749999E1,
-3.485000024490E1));
#13575=DIRECTION('',(-9.978064763075E-1,6.619845797917E-2,0.E0));
#13576=DIRECTION('',(0.E0,0.E0,1.E0));
#13577=AXIS2_PLACEMENT_3D('',#13574,#13575,#13576);
#13578=PLANE('',#13577);
#13579=ORIENTED_EDGE('',*,*,#13554,.F.);
#13581=ORIENTED_EDGE('',*,*,#13580,.F.);
#13583=ORIENTED_EDGE('',*,*,#13582,.T.);
#13585=ORIENTED_EDGE('',*,*,#13584,.T.);
#13586=EDGE_LOOP('',(#13579,#13581,#13583,#13585));
#13587=FACE_OUTER_BOUND('',#13586,.F.);
#13588=ADVANCED_FACE('',(#13587),#13578,.F.);
#13589=CARTESIAN_POINT('',(-2.019053028408E0,-3.043309843241E1,
-3.360000047165E1));
#13590=DIRECTION('',(-6.619845797917E-2,-9.978064763075E-1,0.E0));
#13591=DIRECTION('',(0.E0,0.E0,-1.E0));
#13592=AXIS2_PLACEMENT_3D('',#13589,#13590,#13591);
#13593=PLANE('',#13592);
#13595=ORIENTED_EDGE('',*,*,#13594,.T.);
#13597=ORIENTED_EDGE('',*,*,#13596,.F.);
#13598=ORIENTED_EDGE('',*,*,#13580,.T.);
#13599=ORIENTED_EDGE('',*,*,#13569,.T.);
#13600=EDGE_LOOP('',(#13595,#13597,#13598,#13599));
#13601=FACE_OUTER_BOUND('',#13600,.F.);
#13602=ADVANCED_FACE('',(#13601),#13593,.T.);
#13603=CARTESIAN_POINT('',(-1.121027362636E0,-3.049267703378E1,
-3.485000024490E1));
#13604=DIRECTION('',(9.978064763075E-1,-6.619845797917E-2,0.E0));
#13605=DIRECTION('',(6.619845797917E-2,9.978064763075E-1,0.E0));
#13606=AXIS2_PLACEMENT_3D('',#13603,#13604,#13605);
#13607=PLANE('',#13606);
#13608=ORIENTED_EDGE('',*,*,#13567,.F.);
#13610=ORIENTED_EDGE('',*,*,#13609,.T.);
#13612=ORIENTED_EDGE('',*,*,#13611,.T.);
#13613=ORIENTED_EDGE('',*,*,#13594,.F.);
#13614=EDGE_LOOP('',(#13608,#13610,#13612,#13613));
#13615=FACE_OUTER_BOUND('',#13614,.F.);
#13616=ADVANCED_FACE('',(#13615),#13607,.F.);
#13617=CARTESIAN_POINT('',(-1.469293644843E0,-3.347616615280E1,
-3.360000047165E1));
#13618=DIRECTION('',(6.619845797923E-2,9.978064763075E-1,0.E0));
#13619=DIRECTION('',(9.865172905061E-1,-6.544948840482E-2,1.500000000004E-1));
#13620=AXIS2_PLACEMENT_3D('',#13617,#13618,#13619);
#13621=SPHERICAL_SURFACE('',#13620,9.999998185970E-1);
#13623=ORIENTED_EDGE('',*,*,#13622,.F.);
#13624=ORIENTED_EDGE('',*,*,#13609,.F.);
#13625=ORIENTED_EDGE('',*,*,#13565,.F.);
#13626=EDGE_LOOP('',(#13623,#13624,#13625));
#13627=FACE_OUTER_BOUND('',#13626,.F.);
#13628=ADVANCED_FACE('',(#13627),#13621,.T.);
#13629=CARTESIAN_POINT('',(-1.535492090813E0,-3.447397244810E1,
-3.360000047165E1));
#13630=DIRECTION('',(6.619845797917E-2,9.978064763075E-1,0.E0));
#13631=DIRECTION('',(9.978064763075E-1,-6.619845797917E-2,0.E0));
#13632=AXIS2_PLACEMENT_3D('',#13629,#13630,#13631);
#13633=CYLINDRICAL_SURFACE('',#13632,9.999998185970E-1);
#13634=ORIENTED_EDGE('',*,*,#13582,.F.);
#13635=ORIENTED_EDGE('',*,*,#13596,.T.);
#13636=ORIENTED_EDGE('',*,*,#13611,.F.);
#13637=ORIENTED_EDGE('',*,*,#13622,.T.);
#13638=ORIENTED_EDGE('',*,*,#13563,.F.);
#13639=ORIENTED_EDGE('',*,*,#13276,.T.);
#13640=ORIENTED_EDGE('',*,*,#13560,.F.);
#13642=ORIENTED_EDGE('',*,*,#13641,.T.);
#13644=ORIENTED_EDGE('',*,*,#13643,.T.);
#13645=EDGE_LOOP('',(#13634,#13635,#13636,#13637,#13638,#13639,#13640,#13642,
#13644));
#13646=FACE_OUTER_BOUND('',#13645,.F.);
#13647=ADVANCED_FACE('',(#13646),#13633,.T.);
#13648=CARTESIAN_POINT('',(-1.469293644843E0,-3.347616615280E1,
-3.360000047165E1));
#13649=DIRECTION('',(6.619845797923E-2,9.978064763075E-1,0.E0));
#13650=DIRECTION('',(9.865172905061E-1,-6.544948840482E-2,1.500000000004E-1));
#13651=AXIS2_PLACEMENT_3D('',#13648,#13649,#13650);
#13652=SPHERICAL_SURFACE('',#13651,9.999998185970E-1);
#13653=ORIENTED_EDGE('',*,*,#13556,.F.);
#13654=ORIENTED_EDGE('',*,*,#13584,.F.);
#13655=ORIENTED_EDGE('',*,*,#13643,.F.);
#13656=ORIENTED_EDGE('',*,*,#13641,.F.);
#13657=ORIENTED_EDGE('',*,*,#13558,.F.);
#13658=EDGE_LOOP('',(#13653,#13654,#13655,#13656,#13657));
#13659=FACE_OUTER_BOUND('',#13658,.F.);
#13660=ADVANCED_FACE('',(#13659),#13652,.T.);
#13661=CARTESIAN_POINT('',(9.915768124763E-1,-2.130862020731E1,
-3.347500049433E1));
#13662=DIRECTION('',(0.E0,0.E0,1.E0));
#13663=DIRECTION('',(9.978064763075E-1,-6.619845797917E-2,0.E0));
#13664=AXIS2_PLACEMENT_3D('',#13661,#13662,#13663);
#13665=PLANE('',#13664);
#13667=ORIENTED_EDGE('',*,*,#13666,.T.);
#13669=ORIENTED_EDGE('',*,*,#13668,.F.);
#13671=ORIENTED_EDGE('',*,*,#13670,.T.);
#13673=ORIENTED_EDGE('',*,*,#13672,.T.);
#13675=ORIENTED_EDGE('',*,*,#13674,.T.);
#13677=ORIENTED_EDGE('',*,*,#13676,.T.);
#13678=ORIENTED_EDGE('',*,*,#13280,.T.);
#13680=ORIENTED_EDGE('',*,*,#13679,.T.);
#13682=ORIENTED_EDGE('',*,*,#13681,.T.);
#13683=EDGE_LOOP('',(#13667,#13669,#13671,#13673,#13675,#13677,#13678,#13680,
#13682));
#13684=FACE_OUTER_BOUND('',#13683,.F.);
#13685=ADVANCED_FACE('',(#13684),#13665,.F.);
#13686=CARTESIAN_POINT('',(-1.420369251227E0,-3.047281749999E1,
-3.485000024490E1));
#13687=DIRECTION('',(-9.978064763075E-1,6.619845797917E-2,0.E0));
#13688=DIRECTION('',(0.E0,0.E0,1.E0));
#13689=AXIS2_PLACEMENT_3D('',#13686,#13687,#13688);
#13690=PLANE('',#13689);
#13691=ORIENTED_EDGE('',*,*,#13666,.F.);
#13693=ORIENTED_EDGE('',*,*,#13692,.T.);
#13695=ORIENTED_EDGE('',*,*,#13694,.T.);
#13697=ORIENTED_EDGE('',*,*,#13696,.F.);
#13698=EDGE_LOOP('',(#13691,#13693,#13695,#13697));
#13699=FACE_OUTER_BOUND('',#13698,.F.);
#13700=ADVANCED_FACE('',(#13699),#13690,.F.);
#13701=CARTESIAN_POINT('',(-1.469293644843E0,-3.347616615280E1,
-3.360000047165E1));
#13702=DIRECTION('',(6.619845797923E-2,9.978064763075E-1,0.E0));
#13703=DIRECTION('',(9.865172905061E-1,-6.544948840482E-2,1.500000000004E-1));
#13704=AXIS2_PLACEMENT_3D('',#13701,#13702,#13703);
#13705=SPHERICAL_SURFACE('',#13704,9.999998185970E-1);
#13707=ORIENTED_EDGE('',*,*,#13706,.F.);
#13708=ORIENTED_EDGE('',*,*,#13692,.F.);
#13709=ORIENTED_EDGE('',*,*,#13681,.F.);
#13710=EDGE_LOOP('',(#13707,#13708,#13709));
#13711=FACE_OUTER_BOUND('',#13710,.F.);
#13712=ADVANCED_FACE('',(#13711),#13705,.T.);
#13713=CARTESIAN_POINT('',(-1.535492090813E0,-3.447397244810E1,
-3.360000047165E1));
#13714=DIRECTION('',(6.619845797917E-2,9.978064763075E-1,0.E0));
#13715=DIRECTION('',(9.978064763075E-1,-6.619845797917E-2,0.E0));
#13716=AXIS2_PLACEMENT_3D('',#13713,#13714,#13715);
#13717=CYLINDRICAL_SURFACE('',#13716,9.999998185970E-1);
#13718=ORIENTED_EDGE('',*,*,#13694,.F.);
#13719=ORIENTED_EDGE('',*,*,#13706,.T.);
#13720=ORIENTED_EDGE('',*,*,#13679,.F.);
#13721=ORIENTED_EDGE('',*,*,#13282,.T.);
#13722=ORIENTED_EDGE('',*,*,#13676,.F.);
#13724=ORIENTED_EDGE('',*,*,#13723,.T.);
#13726=ORIENTED_EDGE('',*,*,#13725,.T.);
#13728=ORIENTED_EDGE('',*,*,#13727,.F.);
#13730=ORIENTED_EDGE('',*,*,#13729,.T.);
#13731=EDGE_LOOP('',(#13718,#13719,#13720,#13721,#13722,#13724,#13726,#13728,
#13730));
#13732=FACE_OUTER_BOUND('',#13731,.F.);
#13733=ADVANCED_FACE('',(#13732),#13717,.T.);
#13734=CARTESIAN_POINT('',(-1.469293644843E0,-3.347616615280E1,
-3.360000047165E1));
#13735=DIRECTION('',(6.619845797923E-2,9.978064763075E-1,0.E0));
#13736=DIRECTION('',(9.865172905061E-1,-6.544948840482E-2,1.500000000004E-1));
#13737=AXIS2_PLACEMENT_3D('',#13734,#13735,#13736);
#13738=SPHERICAL_SURFACE('',#13737,9.999998185970E-1);
#13739=ORIENTED_EDGE('',*,*,#13672,.F.);
#13741=ORIENTED_EDGE('',*,*,#13740,.F.);
#13742=ORIENTED_EDGE('',*,*,#13725,.F.);
#13743=ORIENTED_EDGE('',*,*,#13723,.F.);
#13744=ORIENTED_EDGE('',*,*,#13674,.F.);
#13745=EDGE_LOOP('',(#13739,#13741,#13742,#13743,#13744));
#13746=FACE_OUTER_BOUND('',#13745,.F.);
#13747=ADVANCED_FACE('',(#13746),#13738,.T.);
#13748=CARTESIAN_POINT('',(-1.121027362636E0,-3.049267703378E1,
-3.485000024490E1));
#13749=DIRECTION('',(9.978064763075E-1,-6.619845797917E-2,0.E0));
#13750=DIRECTION('',(6.619845797917E-2,9.978064763075E-1,0.E0));
#13751=AXIS2_PLACEMENT_3D('',#13748,#13749,#13750);
#13752=PLANE('',#13751);
#13753=ORIENTED_EDGE('',*,*,#13670,.F.);
#13755=ORIENTED_EDGE('',*,*,#13754,.F.);
#13756=ORIENTED_EDGE('',*,*,#13727,.T.);
#13757=ORIENTED_EDGE('',*,*,#13740,.T.);
#13758=EDGE_LOOP('',(#13753,#13755,#13756,#13757));
#13759=FACE_OUTER_BOUND('',#13758,.F.);
#13760=ADVANCED_FACE('',(#13759),#13752,.F.);
#13761=CARTESIAN_POINT('',(-2.019053028408E0,-3.043309843241E1,
-3.360000047165E1));
#13762=DIRECTION('',(-6.619845797917E-2,-9.978064763075E-1,0.E0));
#13763=DIRECTION('',(0.E0,0.E0,-1.E0));
#13764=AXIS2_PLACEMENT_3D('',#13761,#13762,#13763);
#13765=PLANE('',#13764);
#13766=ORIENTED_EDGE('',*,*,#13696,.T.);
#13767=ORIENTED_EDGE('',*,*,#13729,.F.);
#13768=ORIENTED_EDGE('',*,*,#13754,.T.);
#13769=ORIENTED_EDGE('',*,*,#13668,.T.);
#13770=EDGE_LOOP('',(#13766,#13767,#13768,#13769));
#13771=FACE_OUTER_BOUND('',#13770,.F.);
#13772=ADVANCED_FACE('',(#13771),#13765,.T.);
#13773=CARTESIAN_POINT('',(3.600141887983E0,-3.561644940339E1,
-3.150000085260E1));
#13774=DIRECTION('',(-4.680937854117E-2,-7.055557257089E-1,-7.071067811865E-1));
#13775=DIRECTION('',(-4.680937854117E-2,-7.055557257089E-1,7.071067811865E-1));
#13776=AXIS2_PLACEMENT_3D('',#13773,#13774,#13775);
#13777=PLANE('',#13776);
#13778=ORIENTED_EDGE('',*,*,#12992,.F.);
#13780=ORIENTED_EDGE('',*,*,#13779,.T.);
#13782=ORIENTED_EDGE('',*,*,#13781,.F.);
#13784=ORIENTED_EDGE('',*,*,#13783,.T.);
#13785=EDGE_LOOP('',(#13778,#13780,#13782,#13784));
#13786=FACE_OUTER_BOUND('',#13785,.F.);
#13787=ADVANCED_FACE('',(#13786),#13777,.T.);
#13788=CARTESIAN_POINT('',(3.600141887983E0,-3.561644940339E1,
-3.570000009071E1));
#13789=DIRECTION('',(-7.523651042500E-1,-6.587463471677E-1,0.E0));
#13790=DIRECTION('',(-6.587463471677E-1,7.523651042500E-1,0.E0));
#13791=AXIS2_PLACEMENT_3D('',#13788,#13789,#13790);
#13792=PLANE('',#13791);
#13793=ORIENTED_EDGE('',*,*,#12998,.F.);
#13795=ORIENTED_EDGE('',*,*,#13794,.T.);
#13797=ORIENTED_EDGE('',*,*,#13796,.F.);
#13798=ORIENTED_EDGE('',*,*,#13779,.F.);
#13799=EDGE_LOOP('',(#13793,#13795,#13797,#13798));
#13800=FACE_OUTER_BOUND('',#13799,.F.);
#13801=ADVANCED_FACE('',(#13800),#13792,.T.);
#13802=CARTESIAN_POINT('',(3.600141887983E0,-3.561644940339E1,
-3.570000009071E1));
#13803=DIRECTION('',(-4.680937854117E-2,-7.055557257089E-1,7.071067811865E-1));
#13804=DIRECTION('',(-9.978064763075E-1,6.619845797917E-2,0.E0));
#13805=AXIS2_PLACEMENT_3D('',#13802,#13803,#13804);
#13806=PLANE('',#13805);
#13807=ORIENTED_EDGE('',*,*,#12996,.F.);
#13809=ORIENTED_EDGE('',*,*,#13808,.F.);
#13811=ORIENTED_EDGE('',*,*,#13810,.F.);
#13812=ORIENTED_EDGE('',*,*,#13794,.F.);
#13813=EDGE_LOOP('',(#13807,#13809,#13811,#13812));
#13814=FACE_OUTER_BOUND('',#13813,.F.);
#13815=ADVANCED_FACE('',(#13814),#13806,.T.);
#13816=CARTESIAN_POINT('',(1.005845520197E0,-3.544433344386E1,
-3.570000009071E1));
#13817=DIRECTION('',(6.587463471677E-1,-7.523651042500E-1,0.E0));
#13818=DIRECTION('',(0.E0,0.E0,-1.E0));
#13819=AXIS2_PLACEMENT_3D('',#13816,#13817,#13818);
#13820=PLANE('',#13819);
#13822=ORIENTED_EDGE('',*,*,#13821,.F.);
#13823=ORIENTED_EDGE('',*,*,#13808,.T.);
#13824=ORIENTED_EDGE('',*,*,#12994,.F.);
#13825=ORIENTED_EDGE('',*,*,#13783,.F.);
#13826=EDGE_LOOP('',(#13822,#13823,#13824,#13825));
#13827=FACE_OUTER_BOUND('',#13826,.F.);
#13828=ADVANCED_FACE('',(#13827),#13820,.T.);
#13829=CARTESIAN_POINT('',(1.058804276974E0,-3.464608840762E1,
-3.570000009071E1));
#13830=DIRECTION('',(-9.978064763075E-1,6.619845797917E-2,0.E0));
#13831=DIRECTION('',(0.E0,0.E0,1.E0));
#13832=AXIS2_PLACEMENT_3D('',#13829,#13830,#13831);
#13833=PLANE('',#13832);
#13834=ORIENTED_EDGE('',*,*,#13821,.T.);
#13836=ORIENTED_EDGE('',*,*,#13835,.T.);
#13838=ORIENTED_EDGE('',*,*,#13837,.F.);
#13840=ORIENTED_EDGE('',*,*,#13839,.F.);
#13841=EDGE_LOOP('',(#13834,#13836,#13838,#13840));
#13842=FACE_OUTER_BOUND('',#13841,.F.);
#13843=ADVANCED_FACE('',(#13842),#13833,.F.);
#13844=CARTESIAN_POINT('',(3.653100644760E0,-3.481820436715E1,
-3.150000085260E1));
#13845=DIRECTION('',(0.E0,0.E0,1.E0));
#13846=DIRECTION('',(9.978064763075E-1,-6.619845797917E-2,0.E0));
#13847=AXIS2_PLACEMENT_3D('',#13844,#13845,#13846);
#13848=PLANE('',#13847);
#13849=ORIENTED_EDGE('',*,*,#13781,.T.);
#13851=ORIENTED_EDGE('',*,*,#13850,.T.);
#13853=ORIENTED_EDGE('',*,*,#13852,.F.);
#13854=ORIENTED_EDGE('',*,*,#13835,.F.);
#13855=EDGE_LOOP('',(#13849,#13851,#13853,#13854));
#13856=FACE_OUTER_BOUND('',#13855,.F.);
#13857=ADVANCED_FACE('',(#13856),#13848,.F.);
#13858=CARTESIAN_POINT('',(3.653100644760E0,-3.481820436715E1,
-3.570000009071E1));
#13859=DIRECTION('',(9.978064763075E-1,-6.619845797917E-2,0.E0));
#13860=DIRECTION('',(6.619845797917E-2,9.978064763075E-1,0.E0));
#13861=AXIS2_PLACEMENT_3D('',#13858,#13859,#13860);
#13862=PLANE('',#13861);
#13863=ORIENTED_EDGE('',*,*,#13796,.T.);
#13865=ORIENTED_EDGE('',*,*,#13864,.T.);
#13867=ORIENTED_EDGE('',*,*,#13866,.F.);
#13868=ORIENTED_EDGE('',*,*,#13850,.F.);
#13869=EDGE_LOOP('',(#13863,#13865,#13867,#13868));
#13870=FACE_OUTER_BOUND('',#13869,.F.);
#13871=ADVANCED_FACE('',(#13870),#13862,.F.);
#13872=CARTESIAN_POINT('',(3.653100644760E0,-3.481820436715E1,
-3.570000009071E1));
#13873=DIRECTION('',(0.E0,0.E0,-1.E0));
#13874=DIRECTION('',(-6.619845797917E-2,-9.978064763075E-1,0.E0));
#13875=AXIS2_PLACEMENT_3D('',#13872,#13873,#13874);
#13876=PLANE('',#13875);
#13877=ORIENTED_EDGE('',*,*,#13810,.T.);
#13878=ORIENTED_EDGE('',*,*,#13839,.T.);
#13880=ORIENTED_EDGE('',*,*,#13879,.F.);
#13881=ORIENTED_EDGE('',*,*,#13864,.F.);
#13882=EDGE_LOOP('',(#13877,#13878,#13880,#13881));
#13883=FACE_OUTER_BOUND('',#13882,.F.);
#13884=ADVANCED_FACE('',(#13883),#13876,.F.);
#13885=CARTESIAN_POINT('',(-2.283846812291E0,-3.442432361362E1,
-3.360000047165E1));
#13886=DIRECTION('',(-6.619845797917E-2,-9.978064763075E-1,0.E0));
#13887=DIRECTION('',(0.E0,0.E0,-1.E0));
#13888=AXIS2_PLACEMENT_3D('',#13885,#13886,#13887);
#13889=PLANE('',#13888);
#13890=ORIENTED_EDGE('',*,*,#13852,.T.);
#13891=ORIENTED_EDGE('',*,*,#13866,.T.);
#13892=ORIENTED_EDGE('',*,*,#13879,.T.);
#13893=ORIENTED_EDGE('',*,*,#13837,.T.);
#13894=EDGE_LOOP('',(#13890,#13891,#13892,#13893));
#13895=FACE_OUTER_BOUND('',#13894,.F.);
#13897=ORIENTED_EDGE('',*,*,#13896,.F.);
#13899=ORIENTED_EDGE('',*,*,#13898,.F.);
#13901=ORIENTED_EDGE('',*,*,#13900,.F.);
#13903=ORIENTED_EDGE('',*,*,#13902,.F.);
#13904=EDGE_LOOP('',(#13897,#13899,#13901,#13903));
#13905=FACE_BOUND('',#13904,.F.);
#13906=ADVANCED_FACE('',(#13895,#13905),#13889,.T.);
#13907=CARTESIAN_POINT('',(1.489577136356E0,-2.966367677571E1,
-3.160000083446E1));
#13908=DIRECTION('',(-9.978064763075E-1,6.619845797917E-2,0.E0));
#13909=DIRECTION('',(0.E0,0.E0,1.E0));
#13910=AXIS2_PLACEMENT_3D('',#13907,#13908,#13909);
#13911=PLANE('',#13910);
#13913=ORIENTED_EDGE('',*,*,#13912,.F.);
#13914=ORIENTED_EDGE('',*,*,#13896,.T.);
#13916=ORIENTED_EDGE('',*,*,#13915,.T.);
#13918=ORIENTED_EDGE('',*,*,#13917,.F.);
#13919=EDGE_LOOP('',(#13913,#13914,#13916,#13918));
#13920=FACE_OUTER_BOUND('',#13919,.F.);
#13921=ADVANCED_FACE('',(#13920),#13911,.F.);
#13922=CARTESIAN_POINT('',(1.343311181178E0,-1.978346570276E1,
-3.560000010885E1));
#13923=DIRECTION('',(0.E0,0.E0,1.E0));
#13924=DIRECTION('',(9.978064763075E-1,-6.619845797917E-2,0.E0));
#13925=AXIS2_PLACEMENT_3D('',#13922,#13923,#13924);
#13926=PLANE('',#13925);
#13928=ORIENTED_EDGE('',*,*,#13927,.F.);
#13929=ORIENTED_EDGE('',*,*,#13898,.T.);
#13930=ORIENTED_EDGE('',*,*,#13912,.T.);
#13932=ORIENTED_EDGE('',*,*,#13931,.F.);
#13933=EDGE_LOOP('',(#13928,#13929,#13930,#13932));
#13934=FACE_OUTER_BOUND('',#13933,.F.);
#13935=ADVANCED_FACE('',(#13934),#13926,.T.);
#13936=CARTESIAN_POINT('',(3.884312245083E0,-2.982255304604E1,
-3.560000010885E1));
#13937=DIRECTION('',(9.978064763075E-1,-6.619845797917E-2,0.E0));
#13938=DIRECTION('',(6.619845797917E-2,9.978064763075E-1,0.E0));
#13939=AXIS2_PLACEMENT_3D('',#13936,#13937,#13938);
#13940=PLANE('',#13939);
#13942=ORIENTED_EDGE('',*,*,#13941,.F.);
#13943=ORIENTED_EDGE('',*,*,#13900,.T.);
#13944=ORIENTED_EDGE('',*,*,#13927,.T.);
#13946=ORIENTED_EDGE('',*,*,#13945,.F.);
#13947=EDGE_LOOP('',(#13942,#13943,#13944,#13946));
#13948=FACE_OUTER_BOUND('',#13947,.F.);
#13949=ADVANCED_FACE('',(#13948),#13940,.F.);
#13950=CARTESIAN_POINT('',(1.343311181178E0,-1.978346570276E1,
-3.160000083446E1));
#13951=DIRECTION('',(0.E0,0.E0,1.E0));
#13952=DIRECTION('',(9.978064763075E-1,-6.619845797917E-2,0.E0));
#13953=AXIS2_PLACEMENT_3D('',#13950,#13951,#13952);
#13954=PLANE('',#13953);
#13955=ORIENTED_EDGE('',*,*,#13915,.F.);
#13956=ORIENTED_EDGE('',*,*,#13902,.T.);
#13957=ORIENTED_EDGE('',*,*,#13941,.T.);
#13959=ORIENTED_EDGE('',*,*,#13958,.F.);
#13960=EDGE_LOOP('',(#13955,#13956,#13957,#13959));
#13961=FACE_OUTER_BOUND('',#13960,.F.);
#13962=ADVANCED_FACE('',(#13961),#13954,.F.);
#13963=CARTESIAN_POINT('',(-1.952854582438E0,-2.943529213711E1,
-3.360000047165E1));
#13964=DIRECTION('',(-6.619845797917E-2,-9.978064763075E-1,0.E0));
#13965=DIRECTION('',(0.E0,0.E0,-1.E0));
#13966=AXIS2_PLACEMENT_3D('',#13963,#13964,#13965);
#13967=PLANE('',#13966);
#13968=ORIENTED_EDGE('',*,*,#13945,.T.);
#13969=ORIENTED_EDGE('',*,*,#13931,.T.);
#13970=ORIENTED_EDGE('',*,*,#13917,.T.);
#13971=ORIENTED_EDGE('',*,*,#13958,.T.);
#13972=EDGE_LOOP('',(#13968,#13969,#13970,#13971));
#13973=FACE_OUTER_BOUND('',#13972,.F.);
#13975=ORIENTED_EDGE('',*,*,#13974,.F.);
#13977=ORIENTED_EDGE('',*,*,#13976,.F.);
#13979=ORIENTED_EDGE('',*,*,#13978,.F.);
#13981=ORIENTED_EDGE('',*,*,#13980,.F.);
#13982=EDGE_LOOP('',(#13975,#13977,#13979,#13981));
#13983=FACE_BOUND('',#13982,.F.);
#13985=ORIENTED_EDGE('',*,*,#13984,.F.);
#13987=ORIENTED_EDGE('',*,*,#13986,.F.);
#13989=ORIENTED_EDGE('',*,*,#13988,.F.);
#13991=ORIENTED_EDGE('',*,*,#13990,.F.);
#13992=EDGE_LOOP('',(#13985,#13987,#13989,#13991));
#13993=FACE_BOUND('',#13992,.F.);
#13994=ADVANCED_FACE('',(#13973,#13983,#13993),#13967,.T.);
#13995=CARTESIAN_POINT('',(2.585061540327E0,-3.354470859992E1,
-3.240000068933E1));
#13996=DIRECTION('',(0.E0,0.E0,1.E0));
#13997=DIRECTION('',(9.978064763075E-1,-6.619845797917E-2,0.E0));
#13998=AXIS2_PLACEMENT_3D('',#13995,#13996,#13997);
#13999=PLANE('',#13998);
#14001=ORIENTED_EDGE('',*,*,#14000,.T.);
#14003=ORIENTED_EDGE('',*,*,#14002,.F.);
#14004=ORIENTED_EDGE('',*,*,#13974,.T.);
#14006=ORIENTED_EDGE('',*,*,#14005,.T.);
#14007=EDGE_LOOP('',(#14001,#14003,#14004,#14006));
#14008=FACE_OUTER_BOUND('',#14007,.F.);
#14009=ADVANCED_FACE('',(#14008),#13999,.T.);
#14010=CARTESIAN_POINT('',(2.618160763312E0,-3.304580545227E1,
-3.240000068933E1));
#14011=DIRECTION('',(-1.713342168146E-2,-2.582513193955E-1,9.659258262889E-1));
#14012=DIRECTION('',(-9.978064763075E-1,6.619845797917E-2,0.E0));
#14013=AXIS2_PLACEMENT_3D('',#14010,#14011,#14012);
#14014=PLANE('',#14013);
#14016=ORIENTED_EDGE('',*,*,#14015,.F.);
#14018=ORIENTED_EDGE('',*,*,#14017,.T.);
#14019=ORIENTED_EDGE('',*,*,#14000,.F.);
#14021=ORIENTED_EDGE('',*,*,#14020,.T.);
#14022=EDGE_LOOP('',(#14016,#14018,#14019,#14021));
#14023=FACE_OUTER_BOUND('',#14022,.F.);
#14024=ADVANCED_FACE('',(#14023),#14014,.T.);
#14025=CARTESIAN_POINT('',(-2.204408677126E0,-3.322695605926E1,
-3.360000047165E1));
#14026=DIRECTION('',(6.619845797917E-2,9.978064763075E-1,0.E0));
#14027=DIRECTION('',(9.978064763075E-1,-6.619845797917E-2,0.E0));
#14028=AXIS2_PLACEMENT_3D('',#14025,#14026,#14027);
#14029=PLANE('',#14028);
#14030=ORIENTED_EDGE('',*,*,#14015,.T.);
#14032=ORIENTED_EDGE('',*,*,#14031,.T.);
#14034=ORIENTED_EDGE('',*,*,#14033,.T.);
#14036=ORIENTED_EDGE('',*,*,#14035,.T.);
#14037=EDGE_LOOP('',(#14030,#14032,#14034,#14036));
#14038=FACE_OUTER_BOUND('',#14037,.F.);
#14039=ADVANCED_FACE('',(#14038),#14029,.F.);
#14040=CARTESIAN_POINT('',(2.618160763312E0,-3.304580545227E1,
-3.240000068933E1));
#14041=DIRECTION('',(9.466736234223E-1,-3.221941196181E-1,0.E0));
#14042=DIRECTION('',(0.E0,0.E0,-1.E0));
#14043=AXIS2_PLACEMENT_3D('',#14040,#14041,#14042);
#14044=PLANE('',#14043);
#14046=ORIENTED_EDGE('',*,*,#14045,.F.);
#14048=ORIENTED_EDGE('',*,*,#14047,.T.);
#14049=ORIENTED_EDGE('',*,*,#14031,.F.);
#14050=ORIENTED_EDGE('',*,*,#14020,.F.);
#14051=EDGE_LOOP('',(#14046,#14048,#14049,#14050));
#14052=FACE_OUTER_BOUND('',#14051,.F.);
#14053=ADVANCED_FACE('',(#14052),#14044,.T.);
#14054=CARTESIAN_POINT('',(3.114649108092E0,-2.556225823750E1,
-3.290000059863E1));
#14055=DIRECTION('',(9.978064763075E-1,-6.619845797917E-2,0.E0));
#14056=DIRECTION('',(6.619845797917E-2,9.978064763075E-1,0.E0));
#14057=AXIS2_PLACEMENT_3D('',#14054,#14055,#14056);
#14058=PLANE('',#14057);
#14059=ORIENTED_EDGE('',*,*,#14045,.T.);
#14060=ORIENTED_EDGE('',*,*,#14005,.F.);
#14061=ORIENTED_EDGE('',*,*,#13980,.T.);
#14063=ORIENTED_EDGE('',*,*,#14062,.T.);
#14064=EDGE_LOOP('',(#14059,#14060,#14061,#14063));
#14065=FACE_OUTER_BOUND('',#14064,.F.);
#14066=ADVANCED_FACE('',(#14065),#14058,.T.);
#14067=CARTESIAN_POINT('',(2.585061540327E0,-3.354470859992E1,
-3.280000061677E1));
#14068=DIRECTION('',(0.E0,0.E0,-1.E0));
#14069=DIRECTION('',(-6.619845797917E-2,-9.978064763075E-1,0.E0));
#14070=AXIS2_PLACEMENT_3D('',#14067,#14068,#14069);
#14071=PLANE('',#14070);
#14073=ORIENTED_EDGE('',*,*,#14072,.T.);
#14074=ORIENTED_EDGE('',*,*,#14062,.F.);
#14075=ORIENTED_EDGE('',*,*,#13978,.T.);
#14077=ORIENTED_EDGE('',*,*,#14076,.T.);
#14078=EDGE_LOOP('',(#14073,#14074,#14075,#14077));
#14079=FACE_OUTER_BOUND('',#14078,.F.);
#14080=ADVANCED_FACE('',(#14079),#14071,.T.);
#14081=CARTESIAN_POINT('',(2.618160763312E0,-3.304580545227E1,
-3.280000061677E1));
#14082=DIRECTION('',(-1.713342168146E-2,-2.582513193955E-1,-9.659258262889E-1));
#14083=DIRECTION('',(-6.394280022259E-2,-9.638070451038E-1,2.588190451030E-1));
#14084=AXIS2_PLACEMENT_3D('',#14081,#14082,#14083);
#14085=PLANE('',#14084);
#14086=ORIENTED_EDGE('',*,*,#14033,.F.);
#14087=ORIENTED_EDGE('',*,*,#14047,.F.);
#14088=ORIENTED_EDGE('',*,*,#14072,.F.);
#14090=ORIENTED_EDGE('',*,*,#14089,.F.);
#14091=EDGE_LOOP('',(#14086,#14087,#14088,#14090));
#14092=FACE_OUTER_BOUND('',#14091,.F.);
#14093=ADVANCED_FACE('',(#14092),#14085,.T.);
#14094=CARTESIAN_POINT('',(2.219038245191E0,-3.301932607388E1,
-3.240000068933E1));
#14095=DIRECTION('',(-9.809404667852E-1,-1.943085191729E-1,0.E0));
#14096=DIRECTION('',(-1.943085191729E-1,9.809404667852E-1,0.E0));
#14097=AXIS2_PLACEMENT_3D('',#14094,#14095,#14096);
#14098=PLANE('',#14097);
#14099=ORIENTED_EDGE('',*,*,#14035,.F.);
#14100=ORIENTED_EDGE('',*,*,#14089,.T.);
#14102=ORIENTED_EDGE('',*,*,#14101,.F.);
#14103=ORIENTED_EDGE('',*,*,#14017,.F.);
#14104=EDGE_LOOP('',(#14099,#14100,#14102,#14103));
#14105=FACE_OUTER_BOUND('',#14104,.F.);
#14106=ADVANCED_FACE('',(#14105),#14098,.T.);
#14107=CARTESIAN_POINT('',(2.715526589971E0,-2.553577885911E1,
-3.290000059863E1));
#14108=DIRECTION('',(9.978064763075E-1,-6.619845797917E-2,0.E0));
#14109=DIRECTION('',(6.619845797917E-2,9.978064763075E-1,0.E0));
#14110=AXIS2_PLACEMENT_3D('',#14107,#14108,#14109);
#14111=PLANE('',#14110);
#14112=ORIENTED_EDGE('',*,*,#14101,.T.);
#14113=ORIENTED_EDGE('',*,*,#14076,.F.);
#14114=ORIENTED_EDGE('',*,*,#13976,.T.);
#14115=ORIENTED_EDGE('',*,*,#14002,.T.);
#14116=EDGE_LOOP('',(#14112,#14113,#14114,#14115));
#14117=FACE_OUTER_BOUND('',#14116,.F.);
#14118=ADVANCED_FACE('',(#14117),#14111,.F.);
#14119=CARTESIAN_POINT('',(2.585061540327E0,-3.354470859992E1,
-3.480000025397E1));
#14120=DIRECTION('',(0.E0,0.E0,-1.E0));
#14121=DIRECTION('',(-6.619845797917E-2,-9.978064763075E-1,0.E0));
#14122=AXIS2_PLACEMENT_3D('',#14119,#14120,#14121);
#14123=PLANE('',#14122);
#14125=ORIENTED_EDGE('',*,*,#14124,.T.);
#14127=ORIENTED_EDGE('',*,*,#14126,.F.);
#14128=ORIENTED_EDGE('',*,*,#13984,.T.);
#14130=ORIENTED_EDGE('',*,*,#14129,.T.);
#14131=EDGE_LOOP('',(#14125,#14127,#14128,#14130));
#14132=FACE_OUTER_BOUND('',#14131,.F.);
#14133=ADVANCED_FACE('',(#14132),#14123,.T.);
#14134=CARTESIAN_POINT('',(2.618160763312E0,-3.304580545227E1,
-3.480000025397E1));
#14135=DIRECTION('',(1.713342168146E-2,2.582513193955E-1,9.659258262889E-1));
#14136=DIRECTION('',(9.978064763075E-1,-6.619845797917E-2,0.E0));
#14137=AXIS2_PLACEMENT_3D('',#14134,#14135,#14136);
#14138=PLANE('',#14137);
#14140=ORIENTED_EDGE('',*,*,#14139,.F.);
#14142=ORIENTED_EDGE('',*,*,#14141,.T.);
#14143=ORIENTED_EDGE('',*,*,#14124,.F.);
#14145=ORIENTED_EDGE('',*,*,#14144,.T.);
#14146=EDGE_LOOP('',(#14140,#14142,#14143,#14145));
#14147=FACE_OUTER_BOUND('',#14146,.F.);
#14148=ADVANCED_FACE('',(#14147),#14138,.F.);
#14149=CARTESIAN_POINT('',(-2.204408677126E0,-3.322695605926E1,
-3.360000047165E1));
#14150=DIRECTION('',(6.619845797917E-2,9.978064763075E-1,0.E0));
#14151=DIRECTION('',(9.978064763075E-1,-6.619845797917E-2,0.E0));
#14152=AXIS2_PLACEMENT_3D('',#14149,#14150,#14151);
#14153=PLANE('',#14152);
#14154=ORIENTED_EDGE('',*,*,#14139,.T.);
#14156=ORIENTED_EDGE('',*,*,#14155,.T.);
#14158=ORIENTED_EDGE('',*,*,#14157,.T.);
#14160=ORIENTED_EDGE('',*,*,#14159,.T.);
#14161=EDGE_LOOP('',(#14154,#14156,#14158,#14160));
#14162=FACE_OUTER_BOUND('',#14161,.F.);
#14163=ADVANCED_FACE('',(#14162),#14153,.F.);
#14164=CARTESIAN_POINT('',(2.219038245191E0,-3.301932607388E1,
-3.240000068933E1));
#14165=DIRECTION('',(-9.809404667852E-1,-1.943085191729E-1,0.E0));
#14166=DIRECTION('',(-1.943085191729E-1,9.809404667852E-1,0.E0));
#14167=AXIS2_PLACEMENT_3D('',#14164,#14165,#14166);
#14168=PLANE('',#14167);
#14170=ORIENTED_EDGE('',*,*,#14169,.F.);
#14172=ORIENTED_EDGE('',*,*,#14171,.T.);
#14173=ORIENTED_EDGE('',*,*,#14155,.F.);
#14174=ORIENTED_EDGE('',*,*,#14144,.F.);
#14175=EDGE_LOOP('',(#14170,#14172,#14173,#14174));
#14176=FACE_OUTER_BOUND('',#14175,.F.);
#14177=ADVANCED_FACE('',(#14176),#14168,.T.);
#14178=CARTESIAN_POINT('',(2.715526589971E0,-2.553577885911E1,
-3.290000059863E1));
#14179=DIRECTION('',(9.978064763075E-1,-6.619845797917E-2,0.E0));
#14180=DIRECTION('',(6.619845797917E-2,9.978064763075E-1,0.E0));
#14181=AXIS2_PLACEMENT_3D('',#14178,#14179,#14180);
#14182=PLANE('',#14181);
#14183=ORIENTED_EDGE('',*,*,#14169,.T.);
#14184=ORIENTED_EDGE('',*,*,#14129,.F.);
#14185=ORIENTED_EDGE('',*,*,#13990,.T.);
#14187=ORIENTED_EDGE('',*,*,#14186,.T.);
#14188=EDGE_LOOP('',(#14183,#14184,#14185,#14187));
#14189=FACE_OUTER_BOUND('',#14188,.F.);
#14190=ADVANCED_FACE('',(#14189),#14182,.F.);
#14191=CARTESIAN_POINT('',(2.585061540327E0,-3.354470859992E1,
-3.440000032653E1));
#14192=DIRECTION('',(0.E0,0.E0,1.E0));
#14193=DIRECTION('',(9.978064763075E-1,-6.619845797917E-2,0.E0));
#14194=AXIS2_PLACEMENT_3D('',#14191,#14192,#14193);
#14195=PLANE('',#14194);
#14197=ORIENTED_EDGE('',*,*,#14196,.T.);
#14198=ORIENTED_EDGE('',*,*,#14186,.F.);
#14199=ORIENTED_EDGE('',*,*,#13988,.T.);
#14201=ORIENTED_EDGE('',*,*,#14200,.T.);
#14202=EDGE_LOOP('',(#14197,#14198,#14199,#14201));
#14203=FACE_OUTER_BOUND('',#14202,.F.);
#14204=ADVANCED_FACE('',(#14203),#14195,.T.);
#14205=CARTESIAN_POINT('',(2.618160763312E0,-3.304580545227E1,
-3.440000032653E1));
#14206=DIRECTION('',(1.713342168146E-2,2.582513193955E-1,-9.659258262889E-1));
#14207=DIRECTION('',(-9.978064763075E-1,6.619845797917E-2,0.E0));
#14208=AXIS2_PLACEMENT_3D('',#14205,#14206,#14207);
#14209=PLANE('',#14208);
#14210=ORIENTED_EDGE('',*,*,#14157,.F.);
#14211=ORIENTED_EDGE('',*,*,#14171,.F.);
#14212=ORIENTED_EDGE('',*,*,#14196,.F.);
#14214=ORIENTED_EDGE('',*,*,#14213,.F.);
#14215=EDGE_LOOP('',(#14210,#14211,#14212,#14214));
#14216=FACE_OUTER_BOUND('',#14215,.F.);
#14217=ADVANCED_FACE('',(#14216),#14209,.F.);
#14218=CARTESIAN_POINT('',(2.618160763312E0,-3.304580545227E1,
-3.240000068933E1));
#14219=DIRECTION('',(9.466736234223E-1,-3.221941196181E-1,0.E0));
#14220=DIRECTION('',(0.E0,0.E0,-1.E0));
#14221=AXIS2_PLACEMENT_3D('',#14218,#14219,#14220);
#14222=PLANE('',#14221);
#14223=ORIENTED_EDGE('',*,*,#14159,.F.);
#14224=ORIENTED_EDGE('',*,*,#14213,.T.);
#14226=ORIENTED_EDGE('',*,*,#14225,.F.);
#14227=ORIENTED_EDGE('',*,*,#14141,.F.);
#14228=EDGE_LOOP('',(#14223,#14224,#14226,#14227));
#14229=FACE_OUTER_BOUND('',#14228,.F.);
#14230=ADVANCED_FACE('',(#14229),#14222,.T.);
#14231=CARTESIAN_POINT('',(3.114649108092E0,-2.556225823750E1,
-3.290000059863E1));
#14232=DIRECTION('',(9.978064763075E-1,-6.619845797917E-2,0.E0));
#14233=DIRECTION('',(6.619845797917E-2,9.978064763075E-1,0.E0));
#14234=AXIS2_PLACEMENT_3D('',#14231,#14232,#14233);
#14235=PLANE('',#14234);
#14236=ORIENTED_EDGE('',*,*,#14225,.T.);
#14237=ORIENTED_EDGE('',*,*,#14200,.F.);
#14238=ORIENTED_EDGE('',*,*,#13986,.T.);
#14239=ORIENTED_EDGE('',*,*,#14126,.T.);
#14240=EDGE_LOOP('',(#14236,#14237,#14238,#14239));
#14241=FACE_OUTER_BOUND('',#14240,.F.);
#14242=ADVANCED_FACE('',(#14241),#14235,.T.);
#14243=CARTESIAN_POINT('',(0.E0,0.E0,-2.8E1));
#14244=DIRECTION('',(0.E0,0.E0,-1.E0));
#14245=DIRECTION('',(-9.944118881299E-1,-1.055698666566E-1,0.E0));
#14246=AXIS2_PLACEMENT_3D('',#14243,#14244,#14245);
#14247=CYLINDRICAL_SURFACE('',#14246,3.2E1);
#14248=ORIENTED_EDGE('',*,*,#12716,.T.);
#14249=ORIENTED_EDGE('',*,*,#12687,.F.);
#14250=ORIENTED_EDGE('',*,*,#12670,.T.);
#14251=ORIENTED_EDGE('',*,*,#12656,.F.);
#14252=ORIENTED_EDGE('',*,*,#8838,.T.);
#14254=ORIENTED_EDGE('',*,*,#14253,.F.);
#14255=ORIENTED_EDGE('',*,*,#12748,.T.);
#14256=ORIENTED_EDGE('',*,*,#12735,.F.);
#14257=EDGE_LOOP('',(#14248,#14249,#14250,#14251,#14252,#14254,#14255,#14256));
#14258=FACE_OUTER_BOUND('',#14257,.F.);
#14259=ADVANCED_FACE('',(#14258),#14247,.T.);
#14260=CARTESIAN_POINT('',(5.854470724103E0,-3.699686315862E1,-2.8E1));
#14261=DIRECTION('',(9.983013860554E-1,-5.826098694536E-2,0.E0));
#14262=DIRECTION('',(0.E0,0.E0,-1.E0));
#14263=AXIS2_PLACEMENT_3D('',#14260,#14261,#14262);
#14264=PLANE('',#14263);
#14265=ORIENTED_EDGE('',*,*,#14253,.T.);
#14266=ORIENTED_EDGE('',*,*,#8836,.T.);
#14267=ORIENTED_EDGE('',*,*,#10102,.T.);
#14268=ORIENTED_EDGE('',*,*,#12750,.T.);
#14269=EDGE_LOOP('',(#14265,#14266,#14267,#14268));
#14270=FACE_OUTER_BOUND('',#14269,.F.);
#14271=ADVANCED_FACE('',(#14270),#14264,.F.);
#14272=CARTESIAN_POINT('',(-1.767498933720E0,-2.664143451026E1,
-3.390000041723E1));
#14273=DIRECTION('',(0.E0,0.E0,1.E0));
#14274=DIRECTION('',(9.978064763075E-1,-6.619845797917E-2,0.E0));
#14275=AXIS2_PLACEMENT_3D('',#14272,#14273,#14274);
#14276=PLANE('',#14275);
#14278=ORIENTED_EDGE('',*,*,#14277,.T.);
#14279=ORIENTED_EDGE('',*,*,#12691,.F.);
#14281=ORIENTED_EDGE('',*,*,#14280,.T.);
#14283=ORIENTED_EDGE('',*,*,#14282,.T.);
#14285=ORIENTED_EDGE('',*,*,#14284,.T.);
#14287=ORIENTED_EDGE('',*,*,#14286,.T.);
#14289=ORIENTED_EDGE('',*,*,#14288,.T.);
#14291=ORIENTED_EDGE('',*,*,#14290,.T.);
#14292=EDGE_LOOP('',(#14278,#14279,#14281,#14283,#14285,#14287,#14289,#14291));
#14293=FACE_OUTER_BOUND('',#14292,.F.);
#14294=ADVANCED_FACE('',(#14293),#14276,.F.);
#14295=CARTESIAN_POINT('',(-8.200934735551E0,-3.373110097151E1,
-3.390000041723E1));
#14296=DIRECTION('',(6.619845797917E-2,9.978064763075E-1,0.E0));
#14297=DIRECTION('',(9.978064763075E-1,-6.619845797917E-2,0.E0));
#14298=AXIS2_PLACEMENT_3D('',#14295,#14296,#14297);
#14299=PLANE('',#14298);
#14300=ORIENTED_EDGE('',*,*,#12693,.T.);
#14301=ORIENTED_EDGE('',*,*,#14277,.F.);
#14303=ORIENTED_EDGE('',*,*,#14302,.F.);
#14305=ORIENTED_EDGE('',*,*,#14304,.T.);
#14306=EDGE_LOOP('',(#14300,#14301,#14303,#14305));
#14307=FACE_OUTER_BOUND('',#14306,.F.);
#14308=ADVANCED_FACE('',(#14307),#14299,.F.);
#14309=CARTESIAN_POINT('',(-9.996986067095E0,-3.361194376876E1,
-3.390000041723E1));
#14310=DIRECTION('',(9.978064763075E-1,-6.619845797917E-2,0.E0));
#14311=DIRECTION('',(6.619845797917E-2,9.978064763075E-1,0.E0));
#14312=AXIS2_PLACEMENT_3D('',#14309,#14310,#14311);
#14313=PLANE('',#14312);
#14315=ORIENTED_EDGE('',*,*,#14314,.F.);
#14317=ORIENTED_EDGE('',*,*,#14316,.T.);
#14318=ORIENTED_EDGE('',*,*,#14302,.T.);
#14319=ORIENTED_EDGE('',*,*,#14290,.F.);
#14320=EDGE_LOOP('',(#14315,#14317,#14318,#14319));
#14321=FACE_OUTER_BOUND('',#14320,.F.);
#14322=ADVANCED_FACE('',(#14321),#14313,.F.);
#14323=CARTESIAN_POINT('',(-9.944027310319E0,-3.281369873252E1,
-3.390000041723E1));
#14324=DIRECTION('',(-6.619845797917E-2,-9.978064763075E-1,0.E0));
#14325=DIRECTION('',(0.E0,0.E0,-1.E0));
#14326=AXIS2_PLACEMENT_3D('',#14323,#14324,#14325);
#14327=PLANE('',#14326);
#14329=ORIENTED_EDGE('',*,*,#14328,.F.);
#14331=ORIENTED_EDGE('',*,*,#14330,.T.);
#14332=ORIENTED_EDGE('',*,*,#14314,.T.);
#14333=ORIENTED_EDGE('',*,*,#14288,.F.);
#14334=EDGE_LOOP('',(#14329,#14331,#14332,#14333));
#14335=FACE_OUTER_BOUND('',#14334,.F.);
#14336=ADVANCED_FACE('',(#14335),#14327,.F.);
#14337=CARTESIAN_POINT('',(-9.694575736493E0,-3.283024834401E1,
-3.390000041723E1));
#14338=DIRECTION('',(9.978064763075E-1,-6.619845797917E-2,0.E0));
#14339=DIRECTION('',(6.619845797917E-2,9.978064763075E-1,0.E0));
#14340=AXIS2_PLACEMENT_3D('',#14337,#14338,#14339);
#14341=PLANE('',#14340);
#14343=ORIENTED_EDGE('',*,*,#14342,.F.);
#14345=ORIENTED_EDGE('',*,*,#14344,.T.);
#14346=ORIENTED_EDGE('',*,*,#14328,.T.);
#14347=ORIENTED_EDGE('',*,*,#14286,.F.);
#14348=EDGE_LOOP('',(#14343,#14345,#14346,#14347));
#14349=FACE_OUTER_BOUND('',#14348,.F.);
#14350=ADVANCED_FACE('',(#14349),#14341,.F.);
#14351=CARTESIAN_POINT('',(-9.641616979717E0,-3.203200330777E1,
-3.390000041723E1));
#14352=DIRECTION('',(6.619845797917E-2,9.978064763075E-1,0.E0));
#14353=DIRECTION('',(9.978064763075E-1,-6.619845797917E-2,0.E0));
#14354=AXIS2_PLACEMENT_3D('',#14351,#14352,#14353);
#14355=PLANE('',#14354);
#14357=ORIENTED_EDGE('',*,*,#14356,.F.);
#14359=ORIENTED_EDGE('',*,*,#14358,.T.);
#14360=ORIENTED_EDGE('',*,*,#14342,.T.);
#14361=ORIENTED_EDGE('',*,*,#14284,.F.);
#14362=EDGE_LOOP('',(#14357,#14359,#14360,#14361));
#14363=FACE_OUTER_BOUND('',#14362,.F.);
#14364=ADVANCED_FACE('',(#14363),#14355,.F.);
#14365=CARTESIAN_POINT('',(-9.996986067095E0,-3.361194376876E1,
-3.390000041723E1));
#14366=DIRECTION('',(9.978064763075E-1,-6.619845797917E-2,0.E0));
#14367=DIRECTION('',(6.619845797917E-2,9.978064763075E-1,0.E0));
#14368=AXIS2_PLACEMENT_3D('',#14365,#14366,#14367);
#14369=PLANE('',#14368);
#14371=ORIENTED_EDGE('',*,*,#14370,.F.);
#14373=ORIENTED_EDGE('',*,*,#14372,.T.);
#14374=ORIENTED_EDGE('',*,*,#14356,.T.);
#14375=ORIENTED_EDGE('',*,*,#14282,.F.);
#14376=EDGE_LOOP('',(#14371,#14373,#14374,#14375));
#14377=FACE_OUTER_BOUND('',#14376,.F.);
#14378=ADVANCED_FACE('',(#14377),#14369,.F.);
#14379=CARTESIAN_POINT('',(5.627887780425E0,-3.224328457258E1,
-3.390000041723E1));
#14380=DIRECTION('',(-6.619845797917E-2,-9.978064763075E-1,0.E0));
#14381=DIRECTION('',(0.E0,0.E0,-1.E0));
#14382=AXIS2_PLACEMENT_3D('',#14379,#14380,#14381);
#14383=PLANE('',#14382);
#14384=ORIENTED_EDGE('',*,*,#12697,.T.);
#14386=ORIENTED_EDGE('',*,*,#14385,.T.);
#14387=ORIENTED_EDGE('',*,*,#14370,.T.);
#14388=ORIENTED_EDGE('',*,*,#14280,.F.);
#14389=EDGE_LOOP('',(#14384,#14386,#14387,#14388));
#14390=FACE_OUTER_BOUND('',#14389,.F.);
#14391=ADVANCED_FACE('',(#14390),#14383,.F.);
#14392=CARTESIAN_POINT('',(-1.767498933720E0,-2.664143451026E1,
-3.330000052607E1));
#14393=DIRECTION('',(0.E0,0.E0,1.E0));
#14394=DIRECTION('',(9.978064763075E-1,-6.619845797917E-2,0.E0));
#14395=AXIS2_PLACEMENT_3D('',#14392,#14393,#14394);
#14396=PLANE('',#14395);
#14397=ORIENTED_EDGE('',*,*,#12695,.T.);
#14398=ORIENTED_EDGE('',*,*,#14304,.F.);
#14399=ORIENTED_EDGE('',*,*,#14316,.F.);
#14400=ORIENTED_EDGE('',*,*,#14330,.F.);
#14401=ORIENTED_EDGE('',*,*,#14344,.F.);
#14402=ORIENTED_EDGE('',*,*,#14358,.F.);
#14403=ORIENTED_EDGE('',*,*,#14372,.F.);
#14404=ORIENTED_EDGE('',*,*,#14385,.F.);
#14405=EDGE_LOOP('',(#14397,#14398,#14399,#14400,#14401,#14402,#14403,#14404));
#14406=FACE_OUTER_BOUND('',#14405,.F.);
#14407=ADVANCED_FACE('',(#14406),#14396,.T.);
#14408=CARTESIAN_POINT('',(1.012717455560E1,2.763379887799E1,-2.8E1));
#14409=DIRECTION('',(9.983013860554E-1,-5.826098694536E-2,0.E0));
#14410=DIRECTION('',(0.E0,0.E0,-1.E0));
#14411=AXIS2_PLACEMENT_3D('',#14408,#14409,#14410);
#14412=PLANE('',#14411);
#14414=ORIENTED_EDGE('',*,*,#14413,.T.);
#14415=ORIENTED_EDGE('',*,*,#9829,.T.);
#14416=ORIENTED_EDGE('',*,*,#8850,.T.);
#14418=ORIENTED_EDGE('',*,*,#14417,.T.);
#14419=EDGE_LOOP('',(#14414,#14415,#14416,#14418));
#14420=FACE_OUTER_BOUND('',#14419,.F.);
#14421=ADVANCED_FACE('',(#14420),#14412,.F.);
#14422=CARTESIAN_POINT('',(0.E0,0.E0,-3.62E1));
#14423=DIRECTION('',(0.E0,0.E0,1.E0));
#14424=DIRECTION('',(7.471024186954E-1,6.647089408E-1,0.E0));
#14425=AXIS2_PLACEMENT_3D('',#14422,#14423,#14424);
#14426=PLANE('',#14425);
#14428=ORIENTED_EDGE('',*,*,#14427,.F.);
#14429=ORIENTED_EDGE('',*,*,#9831,.F.);
#14430=ORIENTED_EDGE('',*,*,#14413,.F.);
#14432=ORIENTED_EDGE('',*,*,#14431,.F.);
#14433=EDGE_LOOP('',(#14428,#14429,#14430,#14432));
#14434=FACE_OUTER_BOUND('',#14433,.F.);
#14435=ADVANCED_FACE('',(#14434),#14426,.T.);
#14436=CARTESIAN_POINT('',(9.284799010614E0,3.496205070942E1,-3.62E1));
#14437=DIRECTION('',(-9.978064763075E-1,6.619845797917E-2,0.E0));
#14438=DIRECTION('',(-6.619845797917E-2,-9.978064763075E-1,0.E0));
#14439=AXIS2_PLACEMENT_3D('',#14436,#14437,#14438);
#14440=PLANE('',#14439);
#14442=ORIENTED_EDGE('',*,*,#14441,.T.);
#14444=ORIENTED_EDGE('',*,*,#14443,.F.);
#14446=ORIENTED_EDGE('',*,*,#14445,.F.);
#14447=ORIENTED_EDGE('',*,*,#14427,.T.);
#14449=ORIENTED_EDGE('',*,*,#14448,.T.);
#14450=EDGE_LOOP('',(#14442,#14444,#14446,#14447,#14449));
#14451=FACE_OUTER_BOUND('',#14450,.F.);
#14453=ORIENTED_EDGE('',*,*,#14452,.T.);
#14455=ORIENTED_EDGE('',*,*,#14454,.F.);
#14457=ORIENTED_EDGE('',*,*,#14456,.F.);
#14459=ORIENTED_EDGE('',*,*,#14458,.F.);
#14460=EDGE_LOOP('',(#14453,#14455,#14457,#14459));
#14461=FACE_BOUND('',#14460,.F.);
#14462=ADVANCED_FACE('',(#14451,#14461),#14440,.F.);
#14463=CARTESIAN_POINT('',(-4.584708494093E0,3.588220910841E1,
-3.100000094330E1));
#14464=DIRECTION('',(0.E0,0.E0,-1.E0));
#14465=DIRECTION('',(6.619845797917E-2,9.978064763075E-1,0.E0));
#14466=AXIS2_PLACEMENT_3D('',#14463,#14464,#14465);
#14467=PLANE('',#14466);
#14469=ORIENTED_EDGE('',*,*,#14468,.F.);
#14471=ORIENTED_EDGE('',*,*,#14470,.F.);
#14473=ORIENTED_EDGE('',*,*,#14472,.T.);
#14475=ORIENTED_EDGE('',*,*,#14474,.F.);
#14476=ORIENTED_EDGE('',*,*,#14441,.F.);
#14478=ORIENTED_EDGE('',*,*,#14477,.F.);
#14479=EDGE_LOOP('',(#14469,#14471,#14473,#14475,#14476,#14478));
#14480=FACE_OUTER_BOUND('',#14479,.F.);
#14481=ADVANCED_FACE('',(#14480),#14467,.F.);
#14482=CARTESIAN_POINT('',(-4.131178337472E0,3.214398690362E1,-3.62E1));
#14483=DIRECTION('',(9.978064763075E-1,-6.619845797917E-2,0.E0));
#14484=DIRECTION('',(0.E0,0.E0,1.E0));
#14485=AXIS2_PLACEMENT_3D('',#14482,#14483,#14484);
#14486=PLANE('',#14485);
#14488=ORIENTED_EDGE('',*,*,#14487,.T.);
#14490=ORIENTED_EDGE('',*,*,#14489,.F.);
#14492=ORIENTED_EDGE('',*,*,#14491,.F.);
#14494=ORIENTED_EDGE('',*,*,#14493,.F.);
#14495=ORIENTED_EDGE('',*,*,#14468,.T.);
#14497=ORIENTED_EDGE('',*,*,#14496,.T.);
#14498=EDGE_LOOP('',(#14488,#14490,#14492,#14494,#14495,#14497));
#14499=FACE_OUTER_BOUND('',#14498,.F.);
#14500=ADVANCED_FACE('',(#14499),#14486,.F.);
#14501=CARTESIAN_POINT('',(0.E0,0.E0,-3.62E1));
#14502=DIRECTION('',(0.E0,0.E0,1.E0));
#14503=DIRECTION('',(7.471024186954E-1,6.647089408E-1,0.E0));
#14504=AXIS2_PLACEMENT_3D('',#14501,#14502,#14503);
#14505=PLANE('',#14504);
#14507=ORIENTED_EDGE('',*,*,#14506,.F.);
#14508=ORIENTED_EDGE('',*,*,#14487,.F.);
#14510=ORIENTED_EDGE('',*,*,#14509,.F.);
#14512=ORIENTED_EDGE('',*,*,#14511,.F.);
#14513=ORIENTED_EDGE('',*,*,#9835,.F.);
#14514=EDGE_LOOP('',(#14507,#14508,#14510,#14512,#14513));
#14515=FACE_OUTER_BOUND('',#14514,.F.);
#14516=ADVANCED_FACE('',(#14515),#14505,.T.);
#14517=CARTESIAN_POINT('',(-4.783303832004E0,3.288879022251E1,-3.62E1));
#14518=DIRECTION('',(7.523651042500E-1,6.587463471677E-1,0.E0));
#14519=DIRECTION('',(6.587463471677E-1,-7.523651042500E-1,0.E0));
#14520=AXIS2_PLACEMENT_3D('',#14517,#14518,#14519);
#14521=PLANE('',#14520);
#14523=ORIENTED_EDGE('',*,*,#14522,.F.);
#14525=ORIENTED_EDGE('',*,*,#14524,.T.);
#14526=ORIENTED_EDGE('',*,*,#14489,.T.);
#14527=ORIENTED_EDGE('',*,*,#14506,.T.);
#14529=ORIENTED_EDGE('',*,*,#14528,.T.);
#14530=EDGE_LOOP('',(#14523,#14525,#14526,#14527,#14529));
#14531=FACE_OUTER_BOUND('',#14530,.F.);
#14532=ADVANCED_FACE('',(#14531),#14521,.F.);
#14533=CARTESIAN_POINT('',(-4.584708494093E0,3.588220910841E1,-3.62E1));
#14534=DIRECTION('',(9.978064763075E-1,-6.619845797917E-2,0.E0));
#14535=DIRECTION('',(0.E0,0.E0,1.E0));
#14536=AXIS2_PLACEMENT_3D('',#14533,#14534,#14535);
#14537=PLANE('',#14536);
#14539=ORIENTED_EDGE('',*,*,#14538,.F.);
#14541=ORIENTED_EDGE('',*,*,#14540,.F.);
#14542=ORIENTED_EDGE('',*,*,#14522,.T.);
#14544=ORIENTED_EDGE('',*,*,#14543,.T.);
#14546=ORIENTED_EDGE('',*,*,#14545,.F.);
#14547=ORIENTED_EDGE('',*,*,#14472,.F.);
#14549=ORIENTED_EDGE('',*,*,#14548,.T.);
#14551=ORIENTED_EDGE('',*,*,#14550,.T.);
#14552=EDGE_LOOP('',(#14539,#14541,#14542,#14544,#14546,#14547,#14549,#14551));
#14553=FACE_OUTER_BOUND('',#14552,.F.);
#14554=ADVANCED_FACE('',(#14553),#14537,.F.);
#14555=CARTESIAN_POINT('',(8.200934735551E0,3.373110097151E1,
-3.390000041723E1));
#14556=DIRECTION('',(-6.619845797917E-2,-9.978064763075E-1,0.E0));
#14557=DIRECTION('',(-9.978064763075E-1,6.619845797917E-2,0.E0));
#14558=AXIS2_PLACEMENT_3D('',#14555,#14556,#14557);
#14559=PLANE('',#14558);
#14560=ORIENTED_EDGE('',*,*,#14538,.T.);
#14562=ORIENTED_EDGE('',*,*,#14561,.T.);
#14564=ORIENTED_EDGE('',*,*,#14563,.T.);
#14566=ORIENTED_EDGE('',*,*,#14565,.F.);
#14567=EDGE_LOOP('',(#14560,#14562,#14564,#14566));
#14568=FACE_OUTER_BOUND('',#14567,.F.);
#14569=ADVANCED_FACE('',(#14568),#14559,.F.);
#14570=CARTESIAN_POINT('',(1.767498933720E0,2.664143451026E1,
-3.330000052607E1));
#14571=DIRECTION('',(0.E0,0.E0,1.E0));
#14572=DIRECTION('',(-9.978064763075E-1,6.619845797917E-2,0.E0));
#14573=AXIS2_PLACEMENT_3D('',#14570,#14571,#14572);
#14574=PLANE('',#14573);
#14575=ORIENTED_EDGE('',*,*,#14561,.F.);
#14576=ORIENTED_EDGE('',*,*,#14550,.F.);
#14578=ORIENTED_EDGE('',*,*,#14577,.F.);
#14580=ORIENTED_EDGE('',*,*,#14579,.F.);
#14582=ORIENTED_EDGE('',*,*,#14581,.F.);
#14584=ORIENTED_EDGE('',*,*,#14583,.F.);
#14586=ORIENTED_EDGE('',*,*,#14585,.F.);
#14588=ORIENTED_EDGE('',*,*,#14587,.F.);
#14590=ORIENTED_EDGE('',*,*,#14589,.F.);
#14591=EDGE_LOOP('',(#14575,#14576,#14578,#14580,#14582,#14584,#14586,#14588,
#14590));
#14592=FACE_OUTER_BOUND('',#14591,.F.);
#14593=ADVANCED_FACE('',(#14592),#14574,.T.);
#14594=CARTESIAN_POINT('',(-4.783303832004E0,3.288879022251E1,-3.62E1));
#14595=DIRECTION('',(7.523651042500E-1,6.587463471677E-1,0.E0));
#14596=DIRECTION('',(6.587463471677E-1,-7.523651042500E-1,0.E0));
#14597=AXIS2_PLACEMENT_3D('',#14594,#14595,#14596);
#14598=PLANE('',#14597);
#14599=ORIENTED_EDGE('',*,*,#14577,.T.);
#14600=ORIENTED_EDGE('',*,*,#14548,.F.);
#14601=ORIENTED_EDGE('',*,*,#14470,.T.);
#14602=ORIENTED_EDGE('',*,*,#14493,.T.);
#14603=EDGE_LOOP('',(#14599,#14600,#14601,#14602));
#14604=FACE_OUTER_BOUND('',#14603,.F.);
#14605=ADVANCED_FACE('',(#14604),#14598,.F.);
#14606=CARTESIAN_POINT('',(-5.627887780425E0,3.224328457258E1,
-3.390000041723E1));
#14607=DIRECTION('',(6.619845797917E-2,9.978064763075E-1,0.E0));
#14608=DIRECTION('',(0.E0,0.E0,-1.E0));
#14609=AXIS2_PLACEMENT_3D('',#14606,#14607,#14608);
#14610=PLANE('',#14609);
#14611=ORIENTED_EDGE('',*,*,#14491,.T.);
#14613=ORIENTED_EDGE('',*,*,#14612,.F.);
#14615=ORIENTED_EDGE('',*,*,#14614,.F.);
#14616=ORIENTED_EDGE('',*,*,#14579,.T.);
#14617=EDGE_LOOP('',(#14611,#14613,#14615,#14616));
#14618=FACE_OUTER_BOUND('',#14617,.F.);
#14619=ADVANCED_FACE('',(#14618),#14610,.F.);
#14620=CARTESIAN_POINT('',(1.767498933720E0,2.664143451026E1,
-3.390000041723E1));
#14621=DIRECTION('',(0.E0,0.E0,1.E0));
#14622=DIRECTION('',(-9.978064763075E-1,6.619845797917E-2,0.E0));
#14623=AXIS2_PLACEMENT_3D('',#14620,#14621,#14622);
#14624=PLANE('',#14623);
#14625=ORIENTED_EDGE('',*,*,#14540,.T.);
#14626=ORIENTED_EDGE('',*,*,#14565,.T.);
#14628=ORIENTED_EDGE('',*,*,#14627,.T.);
#14630=ORIENTED_EDGE('',*,*,#14629,.T.);
#14632=ORIENTED_EDGE('',*,*,#14631,.T.);
#14634=ORIENTED_EDGE('',*,*,#14633,.T.);
#14636=ORIENTED_EDGE('',*,*,#14635,.T.);
#14637=ORIENTED_EDGE('',*,*,#14612,.T.);
#14638=ORIENTED_EDGE('',*,*,#14524,.F.);
#14639=EDGE_LOOP('',(#14625,#14626,#14628,#14630,#14632,#14634,#14636,#14637,
#14638));
#14640=FACE_OUTER_BOUND('',#14639,.F.);
#14641=ADVANCED_FACE('',(#14640),#14624,.F.);
#14642=CARTESIAN_POINT('',(-5.469011510096E0,3.463801968130E1,
-3.390000041723E1));
#14643=DIRECTION('',(9.978064763075E-1,-6.619845797917E-2,0.E0));
#14644=DIRECTION('',(0.E0,0.E0,1.E0));
#14645=AXIS2_PLACEMENT_3D('',#14642,#14643,#14644);
#14646=PLANE('',#14645);
#14647=ORIENTED_EDGE('',*,*,#14563,.F.);
#14648=ORIENTED_EDGE('',*,*,#14589,.T.);
#14650=ORIENTED_EDGE('',*,*,#14649,.T.);
#14651=ORIENTED_EDGE('',*,*,#14627,.F.);
#14652=EDGE_LOOP('',(#14647,#14648,#14650,#14651));
#14653=FACE_OUTER_BOUND('',#14652,.F.);
#14654=ADVANCED_FACE('',(#14653),#14646,.F.);
#14655=CARTESIAN_POINT('',(9.944027310319E0,3.281369873252E1,
-3.390000041723E1));
#14656=DIRECTION('',(6.619845797917E-2,9.978064763075E-1,0.E0));
#14657=DIRECTION('',(0.E0,0.E0,-1.E0));
#14658=AXIS2_PLACEMENT_3D('',#14655,#14656,#14657);
#14659=PLANE('',#14658);
#14660=ORIENTED_EDGE('',*,*,#14649,.F.);
#14661=ORIENTED_EDGE('',*,*,#14587,.T.);
#14663=ORIENTED_EDGE('',*,*,#14662,.T.);
#14664=ORIENTED_EDGE('',*,*,#14629,.F.);
#14665=EDGE_LOOP('',(#14660,#14661,#14663,#14664));
#14666=FACE_OUTER_BOUND('',#14665,.F.);
#14667=ADVANCED_FACE('',(#14666),#14659,.F.);
#14668=CARTESIAN_POINT('',(-5.272518693047E0,3.382322503357E1,
-3.390000041723E1));
#14669=DIRECTION('',(9.978064763075E-1,-6.619845797917E-2,0.E0));
#14670=DIRECTION('',(0.E0,0.E0,1.E0));
#14671=AXIS2_PLACEMENT_3D('',#14668,#14669,#14670);
#14672=PLANE('',#14671);
#14673=ORIENTED_EDGE('',*,*,#14662,.F.);
#14674=ORIENTED_EDGE('',*,*,#14585,.T.);
#14676=ORIENTED_EDGE('',*,*,#14675,.T.);
#14677=ORIENTED_EDGE('',*,*,#14631,.F.);
#14678=EDGE_LOOP('',(#14673,#14674,#14676,#14677));
#14679=FACE_OUTER_BOUND('',#14678,.F.);
#14680=ADVANCED_FACE('',(#14679),#14672,.F.);
#14681=CARTESIAN_POINT('',(9.641616979717E0,3.203200330777E1,
-3.390000041723E1));
#14682=DIRECTION('',(-6.619845797917E-2,-9.978064763075E-1,0.E0));
#14683=DIRECTION('',(-9.978064763075E-1,6.619845797917E-2,0.E0));
#14684=AXIS2_PLACEMENT_3D('',#14681,#14682,#14683);
#14685=PLANE('',#14684);
#14686=ORIENTED_EDGE('',*,*,#14675,.F.);
#14687=ORIENTED_EDGE('',*,*,#14583,.T.);
#14689=ORIENTED_EDGE('',*,*,#14688,.T.);
#14690=ORIENTED_EDGE('',*,*,#14633,.F.);
#14691=EDGE_LOOP('',(#14686,#14687,#14689,#14690));
#14692=FACE_OUTER_BOUND('',#14691,.F.);
#14693=ADVANCED_FACE('',(#14692),#14685,.F.);
#14694=CARTESIAN_POINT('',(-5.469011510096E0,3.463801968130E1,
-3.390000041723E1));
#14695=DIRECTION('',(9.978064763075E-1,-6.619845797917E-2,0.E0));
#14696=DIRECTION('',(0.E0,0.E0,1.E0));
#14697=AXIS2_PLACEMENT_3D('',#14694,#14695,#14696);
#14698=PLANE('',#14697);
#14699=ORIENTED_EDGE('',*,*,#14688,.F.);
#14700=ORIENTED_EDGE('',*,*,#14581,.T.);
#14701=ORIENTED_EDGE('',*,*,#14614,.T.);
#14702=ORIENTED_EDGE('',*,*,#14635,.F.);
#14703=EDGE_LOOP('',(#14699,#14700,#14701,#14702));
#14704=FACE_OUTER_BOUND('',#14703,.F.);
#14705=ADVANCED_FACE('',(#14704),#14698,.F.);
#14706=CARTESIAN_POINT('',(-4.584708494093E0,3.588220910841E1,-3.62E1));
#14707=DIRECTION('',(0.E0,0.E0,1.E0));
#14708=DIRECTION('',(-9.978064763075E-1,6.619845797917E-2,0.E0));
#14709=AXIS2_PLACEMENT_3D('',#14706,#14707,#14708);
#14710=PLANE('',#14709);
#14711=ORIENTED_EDGE('',*,*,#9833,.F.);
#14712=ORIENTED_EDGE('',*,*,#14445,.T.);
#14714=ORIENTED_EDGE('',*,*,#14713,.F.);
#14715=ORIENTED_EDGE('',*,*,#14543,.F.);
#14716=ORIENTED_EDGE('',*,*,#14528,.F.);
#14717=EDGE_LOOP('',(#14711,#14712,#14714,#14715,#14716));
#14718=FACE_OUTER_BOUND('',#14717,.F.);
#14719=ADVANCED_FACE('',(#14718),#14710,.F.);
#14720=CARTESIAN_POINT('',(2.350045258261E0,3.542212990892E1,
-3.360000047165E1));
#14721=DIRECTION('',(6.619845797917E-2,9.978064763075E-1,0.E0));
#14722=DIRECTION('',(0.E0,0.E0,-1.E0));
#14723=AXIS2_PLACEMENT_3D('',#14720,#14721,#14722);
#14724=PLANE('',#14723);
#14725=ORIENTED_EDGE('',*,*,#14713,.T.);
#14726=ORIENTED_EDGE('',*,*,#14443,.T.);
#14727=ORIENTED_EDGE('',*,*,#14474,.T.);
#14728=ORIENTED_EDGE('',*,*,#14545,.T.);
#14729=EDGE_LOOP('',(#14725,#14726,#14727,#14728));
#14730=FACE_OUTER_BOUND('',#14729,.F.);
#14732=ORIENTED_EDGE('',*,*,#14731,.T.);
#14734=ORIENTED_EDGE('',*,*,#14733,.T.);
#14736=ORIENTED_EDGE('',*,*,#14735,.T.);
#14738=ORIENTED_EDGE('',*,*,#14737,.F.);
#14740=ORIENTED_EDGE('',*,*,#14739,.T.);
#14742=ORIENTED_EDGE('',*,*,#14741,.F.);
#14744=ORIENTED_EDGE('',*,*,#14743,.T.);
#14746=ORIENTED_EDGE('',*,*,#14745,.T.);
#14748=ORIENTED_EDGE('',*,*,#14747,.T.);
#14750=ORIENTED_EDGE('',*,*,#14749,.T.);
#14751=EDGE_LOOP('',(#14732,#14734,#14736,#14738,#14740,#14742,#14744,#14746,
#14748,#14750));
#14752=FACE_BOUND('',#14751,.F.);
#14754=ORIENTED_EDGE('',*,*,#14753,.T.);
#14756=ORIENTED_EDGE('',*,*,#14755,.T.);
#14758=ORIENTED_EDGE('',*,*,#14757,.T.);
#14760=ORIENTED_EDGE('',*,*,#14759,.T.);
#14761=EDGE_LOOP('',(#14754,#14756,#14758,#14760));
#14762=FACE_BOUND('',#14761,.F.);
#14763=ADVANCED_FACE('',(#14730,#14752,#14762),#14724,.T.);
#14764=CARTESIAN_POINT('',(2.350045258261E0,3.542212990892E1,
-3.545000013606E1));
#14765=DIRECTION('',(4.680937854117E-2,7.055557257089E-1,7.071067811865E-1));
#14766=DIRECTION('',(9.978064763075E-1,-6.619845797917E-2,0.E0));
#14767=AXIS2_PLACEMENT_3D('',#14764,#14765,#14766);
#14768=PLANE('',#14767);
#14770=ORIENTED_EDGE('',*,*,#14769,.F.);
#14772=ORIENTED_EDGE('',*,*,#14771,.T.);
#14773=ORIENTED_EDGE('',*,*,#14731,.F.);
#14775=ORIENTED_EDGE('',*,*,#14774,.T.);
#14776=EDGE_LOOP('',(#14770,#14772,#14773,#14775));
#14777=FACE_OUTER_BOUND('',#14776,.F.);
#14778=ADVANCED_FACE('',(#14777),#14768,.T.);
#14779=CARTESIAN_POINT('',(4.366137447426E0,3.635372558047E1,
-3.525000017234E1));
#14780=DIRECTION('',(0.E0,0.E0,-1.E0));
#14781=DIRECTION('',(6.619845797917E-2,9.978064763075E-1,0.E0));
#14782=AXIS2_PLACEMENT_3D('',#14779,#14780,#14781);
#14783=PLANE('',#14782);
#14784=ORIENTED_EDGE('',*,*,#14769,.T.);
#14786=ORIENTED_EDGE('',*,*,#14785,.F.);
#14788=ORIENTED_EDGE('',*,*,#14787,.T.);
#14790=ORIENTED_EDGE('',*,*,#14789,.T.);
#14791=EDGE_LOOP('',(#14784,#14786,#14788,#14790));
#14792=FACE_OUTER_BOUND('',#14791,.F.);
#14793=ADVANCED_FACE('',(#14792),#14783,.F.);
#14794=CARTESIAN_POINT('',(5.164382483668E0,3.630076682369E1,
-3.595000004535E1));
#14795=DIRECTION('',(-9.978064763075E-1,6.619845797917E-2,0.E0));
#14796=DIRECTION('',(-6.619845797917E-2,-9.978064763075E-1,0.E0));
#14797=AXIS2_PLACEMENT_3D('',#14794,#14795,#14796);
#14798=PLANE('',#14797);
#14800=ORIENTED_EDGE('',*,*,#14799,.T.);
#14802=ORIENTED_EDGE('',*,*,#14801,.F.);
#14804=ORIENTED_EDGE('',*,*,#14803,.T.);
#14805=ORIENTED_EDGE('',*,*,#14785,.T.);
#14806=EDGE_LOOP('',(#14800,#14802,#14804,#14805));
#14807=FACE_OUTER_BOUND('',#14806,.F.);
#14808=ADVANCED_FACE('',(#14807),#14798,.F.);
#14809=CARTESIAN_POINT('',(4.894451311282E0,3.525332387169E1,
-3.360000047165E1));
#14810=DIRECTION('',(7.523651042500E-1,6.587463471677E-1,0.E0));
#14811=DIRECTION('',(6.587463471677E-1,-7.523651042500E-1,0.E0));
#14812=AXIS2_PLACEMENT_3D('',#14809,#14810,#14811);
#14813=PLANE('',#14812);
#14814=ORIENTED_EDGE('',*,*,#14749,.F.);
#14816=ORIENTED_EDGE('',*,*,#14815,.T.);
#14817=ORIENTED_EDGE('',*,*,#14799,.F.);
#14818=ORIENTED_EDGE('',*,*,#14774,.F.);
#14819=EDGE_LOOP('',(#14814,#14816,#14817,#14818));
#14820=FACE_OUTER_BOUND('',#14819,.F.);
#14821=ADVANCED_FACE('',(#14820),#14813,.T.);
#14822=CARTESIAN_POINT('',(2.350045258261E0,3.542212990892E1,
-3.580000007256E1));
#14823=DIRECTION('',(-4.680937854117E-2,-7.055557257089E-1,-7.071067811865E-1));
#14824=DIRECTION('',(9.978064763075E-1,-6.619845797917E-2,0.E0));
#14825=AXIS2_PLACEMENT_3D('',#14822,#14823,#14824);
#14826=PLANE('',#14825);
#14827=ORIENTED_EDGE('',*,*,#14747,.F.);
#14829=ORIENTED_EDGE('',*,*,#14828,.T.);
#14831=ORIENTED_EDGE('',*,*,#14830,.F.);
#14832=ORIENTED_EDGE('',*,*,#14815,.F.);
#14833=EDGE_LOOP('',(#14827,#14829,#14831,#14832));
#14834=FACE_OUTER_BOUND('',#14833,.F.);
#14835=ADVANCED_FACE('',(#14834),#14826,.F.);
#14836=CARTESIAN_POINT('',(8.885676492493E0,3.498853008781E1,
-3.360000047165E1));
#14837=DIRECTION('',(6.587463471677E-1,-7.523651042500E-1,0.E0));
#14838=DIRECTION('',(0.E0,0.E0,1.E0));
#14839=AXIS2_PLACEMENT_3D('',#14836,#14837,#14838);
#14840=PLANE('',#14839);
#14841=ORIENTED_EDGE('',*,*,#14745,.F.);
#14843=ORIENTED_EDGE('',*,*,#14842,.T.);
#14845=ORIENTED_EDGE('',*,*,#14844,.F.);
#14846=ORIENTED_EDGE('',*,*,#14828,.F.);
#14847=EDGE_LOOP('',(#14841,#14843,#14845,#14846));
#14848=FACE_OUTER_BOUND('',#14847,.F.);
#14849=ADVANCED_FACE('',(#14848),#14840,.F.);
#14850=CARTESIAN_POINT('',(-3.073811134843E-1,3.539799453168E1,
-3.160000083446E1));
#14851=DIRECTION('',(4.680937854117E-2,7.055557257089E-1,-7.071067811865E-1));
#14852=DIRECTION('',(4.680937854117E-2,7.055557257089E-1,7.071067811865E-1));
#14853=AXIS2_PLACEMENT_3D('',#14850,#14851,#14852);
#14854=PLANE('',#14853);
#14855=ORIENTED_EDGE('',*,*,#14743,.F.);
#14857=ORIENTED_EDGE('',*,*,#14856,.T.);
#14859=ORIENTED_EDGE('',*,*,#14858,.F.);
#14860=ORIENTED_EDGE('',*,*,#14842,.F.);
#14861=EDGE_LOOP('',(#14855,#14857,#14859,#14860));
#14862=FACE_OUTER_BOUND('',#14861,.F.);
#14863=ADVANCED_FACE('',(#14862),#14854,.T.);
#14864=CARTESIAN_POINT('',(3.879376497895E-1,3.555230394682E1,
-3.163357947213E1));
#14865=DIRECTION('',(-5.457126166947E-1,-6.724564967196E-1,4.999999999998E-1));
#14866=DIRECTION('',(-7.055557257089E-1,4.680937854117E-2,-7.071067811865E-1));
#14867=AXIS2_PLACEMENT_3D('',#14864,#14865,#14866);
#14868=PLANE('',#14867);
#14870=ORIENTED_EDGE('',*,*,#14869,.F.);
#14871=ORIENTED_EDGE('',*,*,#14856,.F.);
#14872=ORIENTED_EDGE('',*,*,#14741,.T.);
#14874=ORIENTED_EDGE('',*,*,#14873,.F.);
#14875=EDGE_LOOP('',(#14870,#14871,#14872,#14874));
#14876=FACE_OUTER_BOUND('',#14875,.F.);
#14877=ADVANCED_FACE('',(#14876),#14868,.F.);
#14878=CARTESIAN_POINT('',(-3.455048858756E-1,1.971726725679E1,
-3.160000083446E1));
#14879=DIRECTION('',(7.055557257089E-1,-4.680937854117E-2,-7.071067811865E-1));
#14880=DIRECTION('',(7.055557257089E-1,-4.680937854117E-2,7.071067811865E-1));
#14881=AXIS2_PLACEMENT_3D('',#14878,#14879,#14880);
#14882=PLANE('',#14881);
#14883=ORIENTED_EDGE('',*,*,#14869,.T.);
#14885=ORIENTED_EDGE('',*,*,#14884,.F.);
#14887=ORIENTED_EDGE('',*,*,#14886,.T.);
#14889=ORIENTED_EDGE('',*,*,#14888,.F.);
#14890=EDGE_LOOP('',(#14883,#14885,#14887,#14889));
#14891=FACE_OUTER_BOUND('',#14890,.F.);
#14892=ADVANCED_FACE('',(#14891),#14882,.T.);
#14893=CARTESIAN_POINT('',(-1.343311181178E0,1.978346570276E1,
-3.560000010885E1));
#14894=DIRECTION('',(-9.978064763075E-1,6.619845797917E-2,0.E0));
#14895=DIRECTION('',(-6.619845797917E-2,-9.978064763075E-1,0.E0));
#14896=AXIS2_PLACEMENT_3D('',#14893,#14894,#14895);
#14897=PLANE('',#14896);
#14899=ORIENTED_EDGE('',*,*,#14898,.T.);
#14901=ORIENTED_EDGE('',*,*,#14900,.T.);
#14903=ORIENTED_EDGE('',*,*,#14902,.T.);
#14904=ORIENTED_EDGE('',*,*,#14884,.T.);
#14905=EDGE_LOOP('',(#14899,#14901,#14903,#14904));
#14906=FACE_OUTER_BOUND('',#14905,.F.);
#14907=ADVANCED_FACE('',(#14906),#14897,.F.);
#14908=CARTESIAN_POINT('',(-3.073811134843E-1,3.539799453168E1,
-3.560000010885E1));
#14909=DIRECTION('',(7.523651042500E-1,6.587463471677E-1,0.E0));
#14910=DIRECTION('',(6.587463471677E-1,-7.523651042500E-1,0.E0));
#14911=AXIS2_PLACEMENT_3D('',#14908,#14909,#14910);
#14912=PLANE('',#14911);
#14913=ORIENTED_EDGE('',*,*,#14898,.F.);
#14914=ORIENTED_EDGE('',*,*,#14873,.T.);
#14915=ORIENTED_EDGE('',*,*,#14739,.F.);
#14917=ORIENTED_EDGE('',*,*,#14916,.F.);
#14918=EDGE_LOOP('',(#14913,#14914,#14915,#14917));
#14919=FACE_OUTER_BOUND('',#14918,.F.);
#14920=ADVANCED_FACE('',(#14919),#14912,.T.);
#14921=CARTESIAN_POINT('',(3.879376497895E-1,3.555230394682E1,
-3.556642147117E1));
#14922=DIRECTION('',(5.457126166947E-1,6.724564967196E-1,4.999999999998E-1));
#14923=DIRECTION('',(7.764858787986E-1,-6.301346522977E-1,0.E0));
#14924=AXIS2_PLACEMENT_3D('',#14921,#14922,#14923);
#14925=PLANE('',#14924);
#14927=ORIENTED_EDGE('',*,*,#14926,.F.);
#14928=ORIENTED_EDGE('',*,*,#14916,.T.);
#14929=ORIENTED_EDGE('',*,*,#14737,.T.);
#14931=ORIENTED_EDGE('',*,*,#14930,.F.);
#14932=EDGE_LOOP('',(#14927,#14928,#14929,#14931));
#14933=FACE_OUTER_BOUND('',#14932,.F.);
#14934=ADVANCED_FACE('',(#14933),#14925,.T.);
#14935=CARTESIAN_POINT('',(-1.343311181178E0,1.978346570276E1,
-3.460000029025E1));
#14936=DIRECTION('',(-7.055557257089E-1,4.680937854117E-2,-7.071067811865E-1));
#14937=DIRECTION('',(6.619845797917E-2,9.978064763075E-1,0.E0));
#14938=AXIS2_PLACEMENT_3D('',#14935,#14936,#14937);
#14939=PLANE('',#14938);
#14940=ORIENTED_EDGE('',*,*,#14926,.T.);
#14942=ORIENTED_EDGE('',*,*,#14941,.F.);
#14944=ORIENTED_EDGE('',*,*,#14943,.T.);
#14945=ORIENTED_EDGE('',*,*,#14900,.F.);
#14946=EDGE_LOOP('',(#14940,#14942,#14944,#14945));
#14947=FACE_OUTER_BOUND('',#14946,.F.);
#14948=ADVANCED_FACE('',(#14947),#14939,.F.);
#14949=CARTESIAN_POINT('',(-1.343311181178E0,1.978346570276E1,
-3.560000010885E1));
#14950=DIRECTION('',(0.E0,0.E0,1.E0));
#14951=DIRECTION('',(-9.978064763075E-1,6.619845797917E-2,0.E0));
#14952=AXIS2_PLACEMENT_3D('',#14949,#14950,#14951);
#14953=PLANE('',#14952);
#14955=ORIENTED_EDGE('',*,*,#14954,.T.);
#14957=ORIENTED_EDGE('',*,*,#14956,.T.);
#14959=ORIENTED_EDGE('',*,*,#14958,.F.);
#14960=ORIENTED_EDGE('',*,*,#14941,.T.);
#14961=EDGE_LOOP('',(#14955,#14957,#14959,#14960));
#14962=FACE_OUTER_BOUND('',#14961,.F.);
#14963=ADVANCED_FACE('',(#14962),#14953,.T.);
#14964=CARTESIAN_POINT('',(2.350045258261E0,3.542212990892E1,
-3.580000007256E1));
#14965=DIRECTION('',(-4.680937854117E-2,-7.055557257089E-1,-7.071067811865E-1));
#14966=DIRECTION('',(9.978064763075E-1,-6.619845797917E-2,0.E0));
#14967=AXIS2_PLACEMENT_3D('',#14964,#14965,#14966);
#14968=PLANE('',#14967);
#14969=ORIENTED_EDGE('',*,*,#14954,.F.);
#14970=ORIENTED_EDGE('',*,*,#14930,.T.);
#14971=ORIENTED_EDGE('',*,*,#14735,.F.);
#14973=ORIENTED_EDGE('',*,*,#14972,.F.);
#14974=EDGE_LOOP('',(#14969,#14970,#14971,#14973));
#14975=FACE_OUTER_BOUND('',#14974,.F.);
#14976=ADVANCED_FACE('',(#14975),#14968,.F.);
#14977=CARTESIAN_POINT('',(4.495328793161E0,3.527980325008E1,
-3.360000047165E1));
#14978=DIRECTION('',(-6.587463471677E-1,7.523651042500E-1,0.E0));
#14979=DIRECTION('',(0.E0,0.E0,-1.E0));
#14980=AXIS2_PLACEMENT_3D('',#14977,#14978,#14979);
#14981=PLANE('',#14980);
#14983=ORIENTED_EDGE('',*,*,#14982,.F.);
#14984=ORIENTED_EDGE('',*,*,#14972,.T.);
#14985=ORIENTED_EDGE('',*,*,#14733,.F.);
#14986=ORIENTED_EDGE('',*,*,#14771,.F.);
#14987=EDGE_LOOP('',(#14983,#14984,#14985,#14986));
#14988=FACE_OUTER_BOUND('',#14987,.F.);
#14989=ADVANCED_FACE('',(#14988),#14981,.T.);
#14990=CARTESIAN_POINT('',(4.366137447426E0,3.635372558047E1,
-3.595000004535E1));
#14991=DIRECTION('',(9.978064763075E-1,-6.619845797917E-2,0.E0));
#14992=DIRECTION('',(0.E0,0.E0,1.E0));
#14993=AXIS2_PLACEMENT_3D('',#14990,#14991,#14992);
#14994=PLANE('',#14993);
#14995=ORIENTED_EDGE('',*,*,#14982,.T.);
#14996=ORIENTED_EDGE('',*,*,#14789,.F.);
#14998=ORIENTED_EDGE('',*,*,#14997,.F.);
#14999=ORIENTED_EDGE('',*,*,#14956,.F.);
#15000=EDGE_LOOP('',(#14995,#14996,#14998,#14999));
#15001=FACE_OUTER_BOUND('',#15000,.F.);
#15002=ADVANCED_FACE('',(#15001),#14994,.F.);
#15003=CARTESIAN_POINT('',(1.952854582438E0,2.943529213711E1,
-3.360000047165E1));
#15004=DIRECTION('',(6.619845797917E-2,9.978064763075E-1,0.E0));
#15005=DIRECTION('',(0.E0,0.E0,-1.E0));
#15006=AXIS2_PLACEMENT_3D('',#15003,#15004,#15005);
#15007=PLANE('',#15006);
#15008=ORIENTED_EDGE('',*,*,#14803,.F.);
#15010=ORIENTED_EDGE('',*,*,#15009,.T.);
#15012=ORIENTED_EDGE('',*,*,#15011,.T.);
#15014=ORIENTED_EDGE('',*,*,#15013,.F.);
#15015=ORIENTED_EDGE('',*,*,#14886,.F.);
#15016=ORIENTED_EDGE('',*,*,#14902,.F.);
#15017=ORIENTED_EDGE('',*,*,#14943,.F.);
#15018=ORIENTED_EDGE('',*,*,#14958,.T.);
#15019=ORIENTED_EDGE('',*,*,#14997,.T.);
#15020=ORIENTED_EDGE('',*,*,#14787,.F.);
#15021=EDGE_LOOP('',(#15008,#15010,#15012,#15014,#15015,#15016,#15017,#15018,
#15019,#15020));
#15022=FACE_OUTER_BOUND('',#15021,.F.);
#15024=ORIENTED_EDGE('',*,*,#15023,.F.);
#15026=ORIENTED_EDGE('',*,*,#15025,.F.);
#15027=EDGE_LOOP('',(#15024,#15026));
#15028=FACE_BOUND('',#15027,.F.);
#15030=ORIENTED_EDGE('',*,*,#15029,.F.);
#15032=ORIENTED_EDGE('',*,*,#15031,.F.);
#15033=EDGE_LOOP('',(#15030,#15032));
#15034=FACE_BOUND('',#15033,.F.);
#15036=ORIENTED_EDGE('',*,*,#15035,.F.);
#15038=ORIENTED_EDGE('',*,*,#15037,.F.);
#15039=EDGE_LOOP('',(#15036,#15038));
#15040=FACE_BOUND('',#15039,.F.);
#15042=ORIENTED_EDGE('',*,*,#15041,.F.);
#15044=ORIENTED_EDGE('',*,*,#15043,.F.);
#15045=EDGE_LOOP('',(#15042,#15044));
#15046=FACE_BOUND('',#15045,.F.);
#15047=ADVANCED_FACE('',(#15022,#15028,#15034,#15040,#15046),#15007,.T.);
#15048=CARTESIAN_POINT('',(-1.343311181178E0,1.978346570276E1,
-3.560000010885E1));
#15049=DIRECTION('',(0.E0,0.E0,1.E0));
#15050=DIRECTION('',(-9.978064763075E-1,6.619845797917E-2,0.E0));
#15051=AXIS2_PLACEMENT_3D('',#15048,#15049,#15050);
#15052=PLANE('',#15051);
#15053=ORIENTED_EDGE('',*,*,#14830,.T.);
#15055=ORIENTED_EDGE('',*,*,#15054,.T.);
#15056=ORIENTED_EDGE('',*,*,#15009,.F.);
#15057=ORIENTED_EDGE('',*,*,#14801,.T.);
#15058=EDGE_LOOP('',(#15053,#15055,#15056,#15057));
#15059=FACE_OUTER_BOUND('',#15058,.F.);
#15060=ADVANCED_FACE('',(#15059),#15052,.T.);
#15061=CARTESIAN_POINT('',(7.636945476546E0,1.918767968902E1,
-3.560000010885E1));
#15062=DIRECTION('',(-9.978064763075E-1,6.619845797917E-2,0.E0));
#15063=DIRECTION('',(-6.619845797917E-2,-9.978064763075E-1,0.E0));
#15064=AXIS2_PLACEMENT_3D('',#15061,#15062,#15063);
#15065=PLANE('',#15064);
#15066=ORIENTED_EDGE('',*,*,#14844,.T.);
#15068=ORIENTED_EDGE('',*,*,#15067,.T.);
#15069=ORIENTED_EDGE('',*,*,#15011,.F.);
#15070=ORIENTED_EDGE('',*,*,#15054,.F.);
#15071=EDGE_LOOP('',(#15066,#15068,#15069,#15070));
#15072=FACE_OUTER_BOUND('',#15071,.F.);
#15073=ADVANCED_FACE('',(#15072),#15065,.T.);
#15074=CARTESIAN_POINT('',(-1.343311181178E0,1.978346570276E1,
-3.160000083446E1));
#15075=DIRECTION('',(0.E0,0.E0,1.E0));
#15076=DIRECTION('',(-9.978064763075E-1,6.619845797917E-2,0.E0));
#15077=AXIS2_PLACEMENT_3D('',#15074,#15075,#15076);
#15078=PLANE('',#15077);
#15079=ORIENTED_EDGE('',*,*,#14858,.T.);
#15080=ORIENTED_EDGE('',*,*,#14888,.T.);
#15081=ORIENTED_EDGE('',*,*,#15013,.T.);
#15082=ORIENTED_EDGE('',*,*,#15067,.F.);
#15083=EDGE_LOOP('',(#15079,#15080,#15081,#15082));
#15084=FACE_OUTER_BOUND('',#15083,.F.);
#15085=ADVANCED_FACE('',(#15084),#15078,.F.);
#15086=CARTESIAN_POINT('',(-9.915768124763E-1,2.130862020731E1,
-3.347500049433E1));
#15087=DIRECTION('',(0.E0,0.E0,1.E0));
#15088=DIRECTION('',(-9.978064763075E-1,6.619845797917E-2,0.E0));
#15089=AXIS2_PLACEMENT_3D('',#15086,#15087,#15088);
#15090=PLANE('',#15089);
#15092=ORIENTED_EDGE('',*,*,#15091,.T.);
#15094=ORIENTED_EDGE('',*,*,#15093,.F.);
#15096=ORIENTED_EDGE('',*,*,#15095,.T.);
#15098=ORIENTED_EDGE('',*,*,#15097,.T.);
#15100=ORIENTED_EDGE('',*,*,#15099,.T.);
#15102=ORIENTED_EDGE('',*,*,#15101,.T.);
#15103=ORIENTED_EDGE('',*,*,#15023,.T.);
#15105=ORIENTED_EDGE('',*,*,#15104,.T.);
#15107=ORIENTED_EDGE('',*,*,#15106,.T.);
#15108=EDGE_LOOP('',(#15092,#15094,#15096,#15098,#15100,#15102,#15103,#15105,
#15107));
#15109=FACE_OUTER_BOUND('',#15108,.F.);
#15110=ADVANCED_FACE('',(#15109),#15090,.F.);
#15111=CARTESIAN_POINT('',(6.409400727740E0,3.014182527014E1,
-3.485000024490E1));
#15112=DIRECTION('',(9.978064763075E-1,-6.619845797917E-2,0.E0));
#15113=DIRECTION('',(0.E0,0.E0,1.E0));
#15114=AXIS2_PLACEMENT_3D('',#15111,#15112,#15113);
#15115=PLANE('',#15114);
#15116=ORIENTED_EDGE('',*,*,#15091,.F.);
#15118=ORIENTED_EDGE('',*,*,#15117,.T.);
#15120=ORIENTED_EDGE('',*,*,#15119,.T.);
#15122=ORIENTED_EDGE('',*,*,#15121,.F.);
#15123=EDGE_LOOP('',(#15116,#15118,#15120,#15122));
#15124=FACE_OUTER_BOUND('',#15123,.F.);
#15125=ADVANCED_FACE('',(#15124),#15115,.F.);
#15126=CARTESIAN_POINT('',(6.458325121357E0,3.314517392294E1,
-3.360000047165E1));
#15127=DIRECTION('',(-6.619845797923E-2,-9.978064763075E-1,0.E0));
#15128=DIRECTION('',(-9.865172905062E-1,6.544948840483E-2,1.499999999994E-1));
#15129=AXIS2_PLACEMENT_3D('',#15126,#15127,#15128);
#15130=SPHERICAL_SURFACE('',#15129,9.999998185970E-1);
#15132=ORIENTED_EDGE('',*,*,#15131,.F.);
#15133=ORIENTED_EDGE('',*,*,#15117,.F.);
#15134=ORIENTED_EDGE('',*,*,#15106,.F.);
#15135=EDGE_LOOP('',(#15132,#15133,#15134));
#15136=FACE_OUTER_BOUND('',#15135,.F.);
#15137=ADVANCED_FACE('',(#15136),#15130,.T.);
#15138=CARTESIAN_POINT('',(6.524523567327E0,3.414298021825E1,
-3.360000047165E1));
#15139=DIRECTION('',(-6.619845797917E-2,-9.978064763075E-1,0.E0));
#15140=DIRECTION('',(-9.978064763075E-1,6.619845797917E-2,0.E0));
#15141=AXIS2_PLACEMENT_3D('',#15138,#15139,#15140);
#15142=CYLINDRICAL_SURFACE('',#15141,9.999998185970E-1);
#15143=ORIENTED_EDGE('',*,*,#15119,.F.);
#15144=ORIENTED_EDGE('',*,*,#15131,.T.);
#15145=ORIENTED_EDGE('',*,*,#15104,.F.);
#15146=ORIENTED_EDGE('',*,*,#15025,.T.);
#15147=ORIENTED_EDGE('',*,*,#15101,.F.);
#15149=ORIENTED_EDGE('',*,*,#15148,.T.);
#15151=ORIENTED_EDGE('',*,*,#15150,.T.);
#15153=ORIENTED_EDGE('',*,*,#15152,.F.);
#15155=ORIENTED_EDGE('',*,*,#15154,.T.);
#15156=EDGE_LOOP('',(#15143,#15144,#15145,#15146,#15147,#15149,#15151,#15153,
#15155));
#15157=FACE_OUTER_BOUND('',#15156,.F.);
#15158=ADVANCED_FACE('',(#15157),#15142,.T.);
#15159=CARTESIAN_POINT('',(6.458325121357E0,3.314517392294E1,
-3.360000047165E1));
#15160=DIRECTION('',(-6.619845797923E-2,-9.978064763075E-1,0.E0));
#15161=DIRECTION('',(-9.865172905062E-1,6.544948840483E-2,1.499999999994E-1));
#15162=AXIS2_PLACEMENT_3D('',#15159,#15160,#15161);
#15163=SPHERICAL_SURFACE('',#15162,9.999998185970E-1);
#15164=ORIENTED_EDGE('',*,*,#15097,.F.);
#15166=ORIENTED_EDGE('',*,*,#15165,.F.);
#15167=ORIENTED_EDGE('',*,*,#15150,.F.);
#15168=ORIENTED_EDGE('',*,*,#15148,.F.);
#15169=ORIENTED_EDGE('',*,*,#15099,.F.);
#15170=EDGE_LOOP('',(#15164,#15166,#15167,#15168,#15169));
#15171=FACE_OUTER_BOUND('',#15170,.F.);
#15172=ADVANCED_FACE('',(#15171),#15163,.T.);
#15173=CARTESIAN_POINT('',(6.110058839149E0,3.016168480393E1,
-3.485000024490E1));
#15174=DIRECTION('',(-9.978064763075E-1,6.619845797917E-2,0.E0));
#15175=DIRECTION('',(-6.619845797917E-2,-9.978064763075E-1,0.E0));
#15176=AXIS2_PLACEMENT_3D('',#15173,#15174,#15175);
#15177=PLANE('',#15176);
#15178=ORIENTED_EDGE('',*,*,#15095,.F.);
#15180=ORIENTED_EDGE('',*,*,#15179,.F.);
#15181=ORIENTED_EDGE('',*,*,#15152,.T.);
#15182=ORIENTED_EDGE('',*,*,#15165,.T.);
#15183=EDGE_LOOP('',(#15178,#15180,#15181,#15182));
#15184=FACE_OUTER_BOUND('',#15183,.F.);
#15185=ADVANCED_FACE('',(#15184),#15177,.F.);
#15186=CARTESIAN_POINT('',(2.019053028408E0,3.043309843241E1,
-3.360000047165E1));
#15187=DIRECTION('',(6.619845797917E-2,9.978064763075E-1,0.E0));
#15188=DIRECTION('',(0.E0,0.E0,-1.E0));
#15189=AXIS2_PLACEMENT_3D('',#15186,#15187,#15188);
#15190=PLANE('',#15189);
#15191=ORIENTED_EDGE('',*,*,#15121,.T.);
#15192=ORIENTED_EDGE('',*,*,#15154,.F.);
#15193=ORIENTED_EDGE('',*,*,#15179,.T.);
#15194=ORIENTED_EDGE('',*,*,#15093,.T.);
#15195=EDGE_LOOP('',(#15191,#15192,#15193,#15194));
#15196=FACE_OUTER_BOUND('',#15195,.F.);
#15197=ADVANCED_FACE('',(#15196),#15190,.T.);
#15198=CARTESIAN_POINT('',(-9.915768124763E-1,2.130862020731E1,
-3.372500044898E1));
#15199=DIRECTION('',(0.E0,0.E0,-1.E0));
#15200=DIRECTION('',(6.619845797917E-2,9.978064763075E-1,0.E0));
#15201=AXIS2_PLACEMENT_3D('',#15198,#15199,#15200);
#15202=PLANE('',#15201);
#15204=ORIENTED_EDGE('',*,*,#15203,.T.);
#15206=ORIENTED_EDGE('',*,*,#15205,.T.);
#15208=ORIENTED_EDGE('',*,*,#15207,.T.);
#15210=ORIENTED_EDGE('',*,*,#15209,.T.);
#15211=ORIENTED_EDGE('',*,*,#15029,.T.);
#15213=ORIENTED_EDGE('',*,*,#15212,.T.);
#15215=ORIENTED_EDGE('',*,*,#15214,.T.);
#15217=ORIENTED_EDGE('',*,*,#15216,.T.);
#15219=ORIENTED_EDGE('',*,*,#15218,.F.);
#15220=EDGE_LOOP('',(#15204,#15206,#15208,#15210,#15211,#15213,#15215,#15217,
#15219));
#15221=FACE_OUTER_BOUND('',#15220,.F.);
#15222=ADVANCED_FACE('',(#15221),#15202,.F.);
#15223=CARTESIAN_POINT('',(6.409400727740E0,3.014182527014E1,
-3.485000024490E1));
#15224=DIRECTION('',(9.978064763075E-1,-6.619845797917E-2,0.E0));
#15225=DIRECTION('',(0.E0,0.E0,1.E0));
#15226=AXIS2_PLACEMENT_3D('',#15223,#15224,#15225);
#15227=PLANE('',#15226);
#15228=ORIENTED_EDGE('',*,*,#15203,.F.);
#15230=ORIENTED_EDGE('',*,*,#15229,.F.);
#15232=ORIENTED_EDGE('',*,*,#15231,.T.);
#15234=ORIENTED_EDGE('',*,*,#15233,.T.);
#15235=EDGE_LOOP('',(#15228,#15230,#15232,#15234));
#15236=FACE_OUTER_BOUND('',#15235,.F.);
#15237=ADVANCED_FACE('',(#15236),#15227,.F.);
#15238=CARTESIAN_POINT('',(2.019053028408E0,3.043309843241E1,
-3.360000047165E1));
#15239=DIRECTION('',(6.619845797917E-2,9.978064763075E-1,0.E0));
#15240=DIRECTION('',(0.E0,0.E0,-1.E0));
#15241=AXIS2_PLACEMENT_3D('',#15238,#15239,#15240);
#15242=PLANE('',#15241);
#15244=ORIENTED_EDGE('',*,*,#15243,.T.);
#15246=ORIENTED_EDGE('',*,*,#15245,.F.);
#15247=ORIENTED_EDGE('',*,*,#15229,.T.);
#15248=ORIENTED_EDGE('',*,*,#15218,.T.);
#15249=EDGE_LOOP('',(#15244,#15246,#15247,#15248));
#15250=FACE_OUTER_BOUND('',#15249,.F.);
#15251=ADVANCED_FACE('',(#15250),#15242,.T.);
#15252=CARTESIAN_POINT('',(6.110058839149E0,3.016168480393E1,
-3.485000024490E1));
#15253=DIRECTION('',(-9.978064763075E-1,6.619845797917E-2,0.E0));
#15254=DIRECTION('',(-6.619845797917E-2,-9.978064763075E-1,0.E0));
#15255=AXIS2_PLACEMENT_3D('',#15252,#15253,#15254);
#15256=PLANE('',#15255);
#15257=ORIENTED_EDGE('',*,*,#15216,.F.);
#15259=ORIENTED_EDGE('',*,*,#15258,.T.);
#15261=ORIENTED_EDGE('',*,*,#15260,.T.);
#15262=ORIENTED_EDGE('',*,*,#15243,.F.);
#15263=EDGE_LOOP('',(#15257,#15259,#15261,#15262));
#15264=FACE_OUTER_BOUND('',#15263,.F.);
#15265=ADVANCED_FACE('',(#15264),#15256,.F.);
#15266=CARTESIAN_POINT('',(6.458325121357E0,3.314517392294E1,
-3.360000047165E1));
#15267=DIRECTION('',(-6.619845797923E-2,-9.978064763075E-1,0.E0));
#15268=DIRECTION('',(-9.865172905062E-1,6.544948840483E-2,1.499999999994E-1));
#15269=AXIS2_PLACEMENT_3D('',#15266,#15267,#15268);
#15270=SPHERICAL_SURFACE('',#15269,9.999998185970E-1);
#15272=ORIENTED_EDGE('',*,*,#15271,.F.);
#15273=ORIENTED_EDGE('',*,*,#15258,.F.);
#15274=ORIENTED_EDGE('',*,*,#15214,.F.);
#15275=EDGE_LOOP('',(#15272,#15273,#15274));
#15276=FACE_OUTER_BOUND('',#15275,.F.);
#15277=ADVANCED_FACE('',(#15276),#15270,.T.);
#15278=CARTESIAN_POINT('',(6.524523567327E0,3.414298021825E1,
-3.360000047165E1));
#15279=DIRECTION('',(-6.619845797917E-2,-9.978064763075E-1,0.E0));
#15280=DIRECTION('',(-9.978064763075E-1,6.619845797917E-2,0.E0));
#15281=AXIS2_PLACEMENT_3D('',#15278,#15279,#15280);
#15282=CYLINDRICAL_SURFACE('',#15281,9.999998185970E-1);
#15283=ORIENTED_EDGE('',*,*,#15231,.F.);
#15284=ORIENTED_EDGE('',*,*,#15245,.T.);
#15285=ORIENTED_EDGE('',*,*,#15260,.F.);
#15286=ORIENTED_EDGE('',*,*,#15271,.T.);
#15287=ORIENTED_EDGE('',*,*,#15212,.F.);
#15288=ORIENTED_EDGE('',*,*,#15031,.T.);
#15289=ORIENTED_EDGE('',*,*,#15209,.F.);
#15291=ORIENTED_EDGE('',*,*,#15290,.T.);
#15293=ORIENTED_EDGE('',*,*,#15292,.T.);
#15294=EDGE_LOOP('',(#15283,#15284,#15285,#15286,#15287,#15288,#15289,#15291,
#15293));
#15295=FACE_OUTER_BOUND('',#15294,.F.);
#15296=ADVANCED_FACE('',(#15295),#15282,.T.);
#15297=CARTESIAN_POINT('',(6.458325121357E0,3.314517392294E1,
-3.360000047165E1));
#15298=DIRECTION('',(-6.619845797923E-2,-9.978064763075E-1,0.E0));
#15299=DIRECTION('',(-9.865172905062E-1,6.544948840483E-2,1.499999999994E-1));
#15300=AXIS2_PLACEMENT_3D('',#15297,#15298,#15299);
#15301=SPHERICAL_SURFACE('',#15300,9.999998185970E-1);
#15302=ORIENTED_EDGE('',*,*,#15205,.F.);
#15303=ORIENTED_EDGE('',*,*,#15233,.F.);
#15304=ORIENTED_EDGE('',*,*,#15292,.F.);
#15305=ORIENTED_EDGE('',*,*,#15290,.F.);
#15306=ORIENTED_EDGE('',*,*,#15207,.F.);
#15307=EDGE_LOOP('',(#15302,#15303,#15304,#15305,#15306));
#15308=FACE_OUTER_BOUND('',#15307,.F.);
#15309=ADVANCED_FACE('',(#15308),#15301,.T.);
#15310=CARTESIAN_POINT('',(-9.915768124763E-1,2.130862020731E1,
-3.372500044898E1));
#15311=DIRECTION('',(0.E0,0.E0,-1.E0));
#15312=DIRECTION('',(6.619845797917E-2,9.978064763075E-1,0.E0));
#15313=AXIS2_PLACEMENT_3D('',#15310,#15311,#15312);
#15314=PLANE('',#15313);
#15316=ORIENTED_EDGE('',*,*,#15315,.T.);
#15318=ORIENTED_EDGE('',*,*,#15317,.T.);
#15320=ORIENTED_EDGE('',*,*,#15319,.T.);
#15322=ORIENTED_EDGE('',*,*,#15321,.T.);
#15323=ORIENTED_EDGE('',*,*,#15035,.T.);
#15325=ORIENTED_EDGE('',*,*,#15324,.T.);
#15327=ORIENTED_EDGE('',*,*,#15326,.T.);
#15329=ORIENTED_EDGE('',*,*,#15328,.T.);
#15331=ORIENTED_EDGE('',*,*,#15330,.F.);
#15332=EDGE_LOOP('',(#15316,#15318,#15320,#15322,#15323,#15325,#15327,#15329,
#15331));
#15333=FACE_OUTER_BOUND('',#15332,.F.);
#15334=ADVANCED_FACE('',(#15333),#15314,.F.);
#15335=CARTESIAN_POINT('',(1.420369251227E0,3.047281749999E1,
-3.485000024490E1));
#15336=DIRECTION('',(9.978064763075E-1,-6.619845797917E-2,0.E0));
#15337=DIRECTION('',(0.E0,0.E0,1.E0));
#15338=AXIS2_PLACEMENT_3D('',#15335,#15336,#15337);
#15339=PLANE('',#15338);
#15340=ORIENTED_EDGE('',*,*,#15315,.F.);
#15342=ORIENTED_EDGE('',*,*,#15341,.F.);
#15344=ORIENTED_EDGE('',*,*,#15343,.T.);
#15346=ORIENTED_EDGE('',*,*,#15345,.T.);
#15347=EDGE_LOOP('',(#15340,#15342,#15344,#15346));
#15348=FACE_OUTER_BOUND('',#15347,.F.);
#15349=ADVANCED_FACE('',(#15348),#15339,.F.);
#15350=CARTESIAN_POINT('',(2.019053028408E0,3.043309843241E1,
-3.360000047165E1));
#15351=DIRECTION('',(6.619845797917E-2,9.978064763075E-1,0.E0));
#15352=DIRECTION('',(0.E0,0.E0,-1.E0));
#15353=AXIS2_PLACEMENT_3D('',#15350,#15351,#15352);
#15354=PLANE('',#15353);
#15356=ORIENTED_EDGE('',*,*,#15355,.T.);
#15358=ORIENTED_EDGE('',*,*,#15357,.F.);
#15359=ORIENTED_EDGE('',*,*,#15341,.T.);
#15360=ORIENTED_EDGE('',*,*,#15330,.T.);
#15361=EDGE_LOOP('',(#15356,#15358,#15359,#15360));
#15362=FACE_OUTER_BOUND('',#15361,.F.);
#15363=ADVANCED_FACE('',(#15362),#15354,.T.);
#15364=CARTESIAN_POINT('',(1.121027362636E0,3.049267703378E1,
-3.485000024490E1));
#15365=DIRECTION('',(-9.978064763075E-1,6.619845797917E-2,0.E0));
#15366=DIRECTION('',(-6.619845797917E-2,-9.978064763075E-1,0.E0));
#15367=AXIS2_PLACEMENT_3D('',#15364,#15365,#15366);
#15368=PLANE('',#15367);
#15369=ORIENTED_EDGE('',*,*,#15328,.F.);
#15371=ORIENTED_EDGE('',*,*,#15370,.T.);
#15373=ORIENTED_EDGE('',*,*,#15372,.T.);
#15374=ORIENTED_EDGE('',*,*,#15355,.F.);
#15375=EDGE_LOOP('',(#15369,#15371,#15373,#15374));
#15376=FACE_OUTER_BOUND('',#15375,.F.);
#15377=ADVANCED_FACE('',(#15376),#15368,.F.);
#15378=CARTESIAN_POINT('',(1.469293644843E0,3.347616615280E1,
-3.360000047165E1));
#15379=DIRECTION('',(-6.619845797923E-2,-9.978064763075E-1,0.E0));
#15380=DIRECTION('',(-9.865172905061E-1,6.544948840482E-2,1.500000000004E-1));
#15381=AXIS2_PLACEMENT_3D('',#15378,#15379,#15380);
#15382=SPHERICAL_SURFACE('',#15381,9.999998185970E-1);
#15384=ORIENTED_EDGE('',*,*,#15383,.F.);
#15385=ORIENTED_EDGE('',*,*,#15370,.F.);
#15386=ORIENTED_EDGE('',*,*,#15326,.F.);
#15387=EDGE_LOOP('',(#15384,#15385,#15386));
#15388=FACE_OUTER_BOUND('',#15387,.F.);
#15389=ADVANCED_FACE('',(#15388),#15382,.T.);
#15390=CARTESIAN_POINT('',(1.535492090813E0,3.447397244810E1,
-3.360000047165E1));
#15391=DIRECTION('',(-6.619845797917E-2,-9.978064763075E-1,0.E0));
#15392=DIRECTION('',(-9.978064763075E-1,6.619845797917E-2,0.E0));
#15393=AXIS2_PLACEMENT_3D('',#15390,#15391,#15392);
#15394=CYLINDRICAL_SURFACE('',#15393,9.999998185970E-1);
#15395=ORIENTED_EDGE('',*,*,#15343,.F.);
#15396=ORIENTED_EDGE('',*,*,#15357,.T.);
#15397=ORIENTED_EDGE('',*,*,#15372,.F.);
#15398=ORIENTED_EDGE('',*,*,#15383,.T.);
#15399=ORIENTED_EDGE('',*,*,#15324,.F.);
#15400=ORIENTED_EDGE('',*,*,#15037,.T.);
#15401=ORIENTED_EDGE('',*,*,#15321,.F.);
#15403=ORIENTED_EDGE('',*,*,#15402,.T.);
#15405=ORIENTED_EDGE('',*,*,#15404,.T.);
#15406=EDGE_LOOP('',(#15395,#15396,#15397,#15398,#15399,#15400,#15401,#15403,
#15405));
#15407=FACE_OUTER_BOUND('',#15406,.F.);
#15408=ADVANCED_FACE('',(#15407),#15394,.T.);
#15409=CARTESIAN_POINT('',(1.469293644843E0,3.347616615280E1,
-3.360000047165E1));
#15410=DIRECTION('',(-6.619845797923E-2,-9.978064763075E-1,0.E0));
#15411=DIRECTION('',(-9.865172905061E-1,6.544948840482E-2,1.500000000004E-1));
#15412=AXIS2_PLACEMENT_3D('',#15409,#15410,#15411);
#15413=SPHERICAL_SURFACE('',#15412,9.999998185970E-1);
#15414=ORIENTED_EDGE('',*,*,#15317,.F.);
#15415=ORIENTED_EDGE('',*,*,#15345,.F.);
#15416=ORIENTED_EDGE('',*,*,#15404,.F.);
#15417=ORIENTED_EDGE('',*,*,#15402,.F.);
#15418=ORIENTED_EDGE('',*,*,#15319,.F.);
#15419=EDGE_LOOP('',(#15414,#15415,#15416,#15417,#15418));
#15420=FACE_OUTER_BOUND('',#15419,.F.);
#15421=ADVANCED_FACE('',(#15420),#15413,.T.);
#15422=CARTESIAN_POINT('',(-9.915768124763E-1,2.130862020731E1,
-3.347500049433E1));
#15423=DIRECTION('',(0.E0,0.E0,1.E0));
#15424=DIRECTION('',(-9.978064763075E-1,6.619845797917E-2,0.E0));
#15425=AXIS2_PLACEMENT_3D('',#15422,#15423,#15424);
#15426=PLANE('',#15425);
#15428=ORIENTED_EDGE('',*,*,#15427,.T.);
#15430=ORIENTED_EDGE('',*,*,#15429,.F.);
#15432=ORIENTED_EDGE('',*,*,#15431,.T.);
#15434=ORIENTED_EDGE('',*,*,#15433,.T.);
#15436=ORIENTED_EDGE('',*,*,#15435,.T.);
#15438=ORIENTED_EDGE('',*,*,#15437,.T.);
#15439=ORIENTED_EDGE('',*,*,#15041,.T.);
#15441=ORIENTED_EDGE('',*,*,#15440,.T.);
#15443=ORIENTED_EDGE('',*,*,#15442,.T.);
#15444=EDGE_LOOP('',(#15428,#15430,#15432,#15434,#15436,#15438,#15439,#15441,
#15443));
#15445=FACE_OUTER_BOUND('',#15444,.F.);
#15446=ADVANCED_FACE('',(#15445),#15426,.F.);
#15447=CARTESIAN_POINT('',(1.420369251227E0,3.047281749999E1,
-3.485000024490E1));
#15448=DIRECTION('',(9.978064763075E-1,-6.619845797917E-2,0.E0));
#15449=DIRECTION('',(0.E0,0.E0,1.E0));
#15450=AXIS2_PLACEMENT_3D('',#15447,#15448,#15449);
#15451=PLANE('',#15450);
#15452=ORIENTED_EDGE('',*,*,#15427,.F.);
#15454=ORIENTED_EDGE('',*,*,#15453,.T.);
#15456=ORIENTED_EDGE('',*,*,#15455,.T.);
#15458=ORIENTED_EDGE('',*,*,#15457,.F.);
#15459=EDGE_LOOP('',(#15452,#15454,#15456,#15458));
#15460=FACE_OUTER_BOUND('',#15459,.F.);
#15461=ADVANCED_FACE('',(#15460),#15451,.F.);
#15462=CARTESIAN_POINT('',(1.469293644843E0,3.347616615280E1,
-3.360000047165E1));
#15463=DIRECTION('',(-6.619845797923E-2,-9.978064763075E-1,0.E0));
#15464=DIRECTION('',(-9.865172905061E-1,6.544948840482E-2,1.500000000004E-1));
#15465=AXIS2_PLACEMENT_3D('',#15462,#15463,#15464);
#15466=SPHERICAL_SURFACE('',#15465,9.999998185970E-1);
#15468=ORIENTED_EDGE('',*,*,#15467,.F.);
#15469=ORIENTED_EDGE('',*,*,#15453,.F.);
#15470=ORIENTED_EDGE('',*,*,#15442,.F.);
#15471=EDGE_LOOP('',(#15468,#15469,#15470));
#15472=FACE_OUTER_BOUND('',#15471,.F.);
#15473=ADVANCED_FACE('',(#15472),#15466,.T.);
#15474=CARTESIAN_POINT('',(1.535492090813E0,3.447397244810E1,
-3.360000047165E1));
#15475=DIRECTION('',(-6.619845797917E-2,-9.978064763075E-1,0.E0));
#15476=DIRECTION('',(-9.978064763075E-1,6.619845797917E-2,0.E0));
#15477=AXIS2_PLACEMENT_3D('',#15474,#15475,#15476);
#15478=CYLINDRICAL_SURFACE('',#15477,9.999998185970E-1);
#15479=ORIENTED_EDGE('',*,*,#15455,.F.);
#15480=ORIENTED_EDGE('',*,*,#15467,.T.);
#15481=ORIENTED_EDGE('',*,*,#15440,.F.);
#15482=ORIENTED_EDGE('',*,*,#15043,.T.);
#15483=ORIENTED_EDGE('',*,*,#15437,.F.);
#15485=ORIENTED_EDGE('',*,*,#15484,.T.);
#15487=ORIENTED_EDGE('',*,*,#15486,.T.);
#15489=ORIENTED_EDGE('',*,*,#15488,.F.);
#15491=ORIENTED_EDGE('',*,*,#15490,.T.);
#15492=EDGE_LOOP('',(#15479,#15480,#15481,#15482,#15483,#15485,#15487,#15489,
#15491));
#15493=FACE_OUTER_BOUND('',#15492,.F.);
#15494=ADVANCED_FACE('',(#15493),#15478,.T.);
#15495=CARTESIAN_POINT('',(1.469293644843E0,3.347616615280E1,
-3.360000047165E1));
#15496=DIRECTION('',(-6.619845797923E-2,-9.978064763075E-1,0.E0));
#15497=DIRECTION('',(-9.865172905061E-1,6.544948840482E-2,1.500000000004E-1));
#15498=AXIS2_PLACEMENT_3D('',#15495,#15496,#15497);
#15499=SPHERICAL_SURFACE('',#15498,9.999998185970E-1);
#15500=ORIENTED_EDGE('',*,*,#15433,.F.);
#15502=ORIENTED_EDGE('',*,*,#15501,.F.);
#15503=ORIENTED_EDGE('',*,*,#15486,.F.);
#15504=ORIENTED_EDGE('',*,*,#15484,.F.);
#15505=ORIENTED_EDGE('',*,*,#15435,.F.);
#15506=EDGE_LOOP('',(#15500,#15502,#15503,#15504,#15505));
#15507=FACE_OUTER_BOUND('',#15506,.F.);
#15508=ADVANCED_FACE('',(#15507),#15499,.T.);
#15509=CARTESIAN_POINT('',(1.121027362636E0,3.049267703378E1,
-3.485000024490E1));
#15510=DIRECTION('',(-9.978064763075E-1,6.619845797917E-2,0.E0));
#15511=DIRECTION('',(-6.619845797917E-2,-9.978064763075E-1,0.E0));
#15512=AXIS2_PLACEMENT_3D('',#15509,#15510,#15511);
#15513=PLANE('',#15512);
#15514=ORIENTED_EDGE('',*,*,#15431,.F.);
#15516=ORIENTED_EDGE('',*,*,#15515,.F.);
#15517=ORIENTED_EDGE('',*,*,#15488,.T.);
#15518=ORIENTED_EDGE('',*,*,#15501,.T.);
#15519=EDGE_LOOP('',(#15514,#15516,#15517,#15518));
#15520=FACE_OUTER_BOUND('',#15519,.F.);
#15521=ADVANCED_FACE('',(#15520),#15513,.F.);
#15522=CARTESIAN_POINT('',(2.019053028408E0,3.043309843241E1,
-3.360000047165E1));
#15523=DIRECTION('',(6.619845797917E-2,9.978064763075E-1,0.E0));
#15524=DIRECTION('',(0.E0,0.E0,-1.E0));
#15525=AXIS2_PLACEMENT_3D('',#15522,#15523,#15524);
#15526=PLANE('',#15525);
#15527=ORIENTED_EDGE('',*,*,#15457,.T.);
#15528=ORIENTED_EDGE('',*,*,#15490,.F.);
#15529=ORIENTED_EDGE('',*,*,#15515,.T.);
#15530=ORIENTED_EDGE('',*,*,#15429,.T.);
#15531=EDGE_LOOP('',(#15527,#15528,#15529,#15530));
#15532=FACE_OUTER_BOUND('',#15531,.F.);
#15533=ADVANCED_FACE('',(#15532),#15526,.T.);
#15534=CARTESIAN_POINT('',(-3.600141887983E0,3.561644940339E1,
-3.150000085260E1));
#15535=DIRECTION('',(4.680937854117E-2,7.055557257089E-1,-7.071067811865E-1));
#15536=DIRECTION('',(4.680937854117E-2,7.055557257089E-1,7.071067811865E-1));
#15537=AXIS2_PLACEMENT_3D('',#15534,#15535,#15536);
#15538=PLANE('',#15537);
#15539=ORIENTED_EDGE('',*,*,#14753,.F.);
#15541=ORIENTED_EDGE('',*,*,#15540,.T.);
#15543=ORIENTED_EDGE('',*,*,#15542,.F.);
#15545=ORIENTED_EDGE('',*,*,#15544,.T.);
#15546=EDGE_LOOP('',(#15539,#15541,#15543,#15545));
#15547=FACE_OUTER_BOUND('',#15546,.F.);
#15548=ADVANCED_FACE('',(#15547),#15538,.T.);
#15549=CARTESIAN_POINT('',(-3.600141887983E0,3.561644940339E1,
-3.570000009071E1));
#15550=DIRECTION('',(7.523651042500E-1,6.587463471677E-1,0.E0));
#15551=DIRECTION('',(6.587463471677E-1,-7.523651042500E-1,0.E0));
#15552=AXIS2_PLACEMENT_3D('',#15549,#15550,#15551);
#15553=PLANE('',#15552);
#15554=ORIENTED_EDGE('',*,*,#14759,.F.);
#15556=ORIENTED_EDGE('',*,*,#15555,.T.);
#15558=ORIENTED_EDGE('',*,*,#15557,.F.);
#15559=ORIENTED_EDGE('',*,*,#15540,.F.);
#15560=EDGE_LOOP('',(#15554,#15556,#15558,#15559));
#15561=FACE_OUTER_BOUND('',#15560,.F.);
#15562=ADVANCED_FACE('',(#15561),#15553,.T.);
#15563=CARTESIAN_POINT('',(-3.600141887983E0,3.561644940339E1,
-3.570000009071E1));
#15564=DIRECTION('',(4.680937854117E-2,7.055557257089E-1,7.071067811865E-1));
#15565=DIRECTION('',(9.978064763075E-1,-6.619845797917E-2,0.E0));
#15566=AXIS2_PLACEMENT_3D('',#15563,#15564,#15565);
#15567=PLANE('',#15566);
#15568=ORIENTED_EDGE('',*,*,#14757,.F.);
#15570=ORIENTED_EDGE('',*,*,#15569,.F.);
#15572=ORIENTED_EDGE('',*,*,#15571,.F.);
#15573=ORIENTED_EDGE('',*,*,#15555,.F.);
#15574=EDGE_LOOP('',(#15568,#15570,#15572,#15573));
#15575=FACE_OUTER_BOUND('',#15574,.F.);
#15576=ADVANCED_FACE('',(#15575),#15567,.T.);
#15577=CARTESIAN_POINT('',(-1.005845520197E0,3.544433344386E1,
-3.570000009071E1));
#15578=DIRECTION('',(-6.587463471677E-1,7.523651042500E-1,0.E0));
#15579=DIRECTION('',(0.E0,0.E0,-1.E0));
#15580=AXIS2_PLACEMENT_3D('',#15577,#15578,#15579);
#15581=PLANE('',#15580);
#15583=ORIENTED_EDGE('',*,*,#15582,.F.);
#15584=ORIENTED_EDGE('',*,*,#15569,.T.);
#15585=ORIENTED_EDGE('',*,*,#14755,.F.);
#15586=ORIENTED_EDGE('',*,*,#15544,.F.);
#15587=EDGE_LOOP('',(#15583,#15584,#15585,#15586));
#15588=FACE_OUTER_BOUND('',#15587,.F.);
#15589=ADVANCED_FACE('',(#15588),#15581,.T.);
#15590=CARTESIAN_POINT('',(-1.058804276974E0,3.464608840762E1,
-3.570000009071E1));
#15591=DIRECTION('',(9.978064763075E-1,-6.619845797917E-2,0.E0));
#15592=DIRECTION('',(0.E0,0.E0,1.E0));
#15593=AXIS2_PLACEMENT_3D('',#15590,#15591,#15592);
#15594=PLANE('',#15593);
#15595=ORIENTED_EDGE('',*,*,#15582,.T.);
#15597=ORIENTED_EDGE('',*,*,#15596,.T.);
#15599=ORIENTED_EDGE('',*,*,#15598,.F.);
#15601=ORIENTED_EDGE('',*,*,#15600,.F.);
#15602=EDGE_LOOP('',(#15595,#15597,#15599,#15601));
#15603=FACE_OUTER_BOUND('',#15602,.F.);
#15604=ADVANCED_FACE('',(#15603),#15594,.F.);
#15605=CARTESIAN_POINT('',(-3.653100644760E0,3.481820436715E1,
-3.150000085260E1));
#15606=DIRECTION('',(0.E0,0.E0,1.E0));
#15607=DIRECTION('',(-9.978064763075E-1,6.619845797917E-2,0.E0));
#15608=AXIS2_PLACEMENT_3D('',#15605,#15606,#15607);
#15609=PLANE('',#15608);
#15610=ORIENTED_EDGE('',*,*,#15542,.T.);
#15612=ORIENTED_EDGE('',*,*,#15611,.T.);
#15614=ORIENTED_EDGE('',*,*,#15613,.F.);
#15615=ORIENTED_EDGE('',*,*,#15596,.F.);
#15616=EDGE_LOOP('',(#15610,#15612,#15614,#15615));
#15617=FACE_OUTER_BOUND('',#15616,.F.);
#15618=ADVANCED_FACE('',(#15617),#15609,.F.);
#15619=CARTESIAN_POINT('',(-3.653100644760E0,3.481820436715E1,
-3.570000009071E1));
#15620=DIRECTION('',(-9.978064763075E-1,6.619845797917E-2,0.E0));
#15621=DIRECTION('',(-6.619845797917E-2,-9.978064763075E-1,0.E0));
#15622=AXIS2_PLACEMENT_3D('',#15619,#15620,#15621);
#15623=PLANE('',#15622);
#15624=ORIENTED_EDGE('',*,*,#15557,.T.);
#15626=ORIENTED_EDGE('',*,*,#15625,.T.);
#15628=ORIENTED_EDGE('',*,*,#15627,.F.);
#15629=ORIENTED_EDGE('',*,*,#15611,.F.);
#15630=EDGE_LOOP('',(#15624,#15626,#15628,#15629));
#15631=FACE_OUTER_BOUND('',#15630,.F.);
#15632=ADVANCED_FACE('',(#15631),#15623,.F.);
#15633=CARTESIAN_POINT('',(-3.653100644760E0,3.481820436715E1,
-3.570000009071E1));
#15634=DIRECTION('',(0.E0,0.E0,-1.E0));
#15635=DIRECTION('',(6.619845797917E-2,9.978064763075E-1,0.E0));
#15636=AXIS2_PLACEMENT_3D('',#15633,#15634,#15635);
#15637=PLANE('',#15636);
#15638=ORIENTED_EDGE('',*,*,#15571,.T.);
#15639=ORIENTED_EDGE('',*,*,#15600,.T.);
#15641=ORIENTED_EDGE('',*,*,#15640,.F.);
#15642=ORIENTED_EDGE('',*,*,#15625,.F.);
#15643=EDGE_LOOP('',(#15638,#15639,#15641,#15642));
#15644=FACE_OUTER_BOUND('',#15643,.F.);
#15645=ADVANCED_FACE('',(#15644),#15637,.F.);
#15646=CARTESIAN_POINT('',(2.283846812291E0,3.442432361362E1,
-3.360000047165E1));
#15647=DIRECTION('',(6.619845797917E-2,9.978064763075E-1,0.E0));
#15648=DIRECTION('',(0.E0,0.E0,-1.E0));
#15649=AXIS2_PLACEMENT_3D('',#15646,#15647,#15648);
#15650=PLANE('',#15649);
#15651=ORIENTED_EDGE('',*,*,#15613,.T.);
#15652=ORIENTED_EDGE('',*,*,#15627,.T.);
#15653=ORIENTED_EDGE('',*,*,#15640,.T.);
#15654=ORIENTED_EDGE('',*,*,#15598,.T.);
#15655=EDGE_LOOP('',(#15651,#15652,#15653,#15654));
#15656=FACE_OUTER_BOUND('',#15655,.F.);
#15658=ORIENTED_EDGE('',*,*,#15657,.F.);
#15660=ORIENTED_EDGE('',*,*,#15659,.F.);
#15662=ORIENTED_EDGE('',*,*,#15661,.F.);
#15664=ORIENTED_EDGE('',*,*,#15663,.F.);
#15665=EDGE_LOOP('',(#15658,#15660,#15662,#15664));
#15666=FACE_BOUND('',#15665,.F.);
#15667=ADVANCED_FACE('',(#15656,#15666),#15650,.T.);
#15668=CARTESIAN_POINT('',(-1.489577136356E0,2.966367677571E1,
-3.160000083446E1));
#15669=DIRECTION('',(9.978064763075E-1,-6.619845797917E-2,0.E0));
#15670=DIRECTION('',(0.E0,0.E0,1.E0));
#15671=AXIS2_PLACEMENT_3D('',#15668,#15669,#15670);
#15672=PLANE('',#15671);
#15674=ORIENTED_EDGE('',*,*,#15673,.F.);
#15675=ORIENTED_EDGE('',*,*,#15657,.T.);
#15677=ORIENTED_EDGE('',*,*,#15676,.T.);
#15679=ORIENTED_EDGE('',*,*,#15678,.F.);
#15680=EDGE_LOOP('',(#15674,#15675,#15677,#15679));
#15681=FACE_OUTER_BOUND('',#15680,.F.);
#15682=ADVANCED_FACE('',(#15681),#15672,.F.);
#15683=CARTESIAN_POINT('',(-1.343311181178E0,1.978346570276E1,
-3.560000010885E1));
#15684=DIRECTION('',(0.E0,0.E0,1.E0));
#15685=DIRECTION('',(-9.978064763075E-1,6.619845797917E-2,0.E0));
#15686=AXIS2_PLACEMENT_3D('',#15683,#15684,#15685);
#15687=PLANE('',#15686);
#15689=ORIENTED_EDGE('',*,*,#15688,.F.);
#15690=ORIENTED_EDGE('',*,*,#15659,.T.);
#15691=ORIENTED_EDGE('',*,*,#15673,.T.);
#15693=ORIENTED_EDGE('',*,*,#15692,.F.);
#15694=EDGE_LOOP('',(#15689,#15690,#15691,#15693));
#15695=FACE_OUTER_BOUND('',#15694,.F.);
#15696=ADVANCED_FACE('',(#15695),#15687,.T.);
#15697=CARTESIAN_POINT('',(-3.884312245083E0,2.982255304604E1,
-3.560000010885E1));
#15698=DIRECTION('',(-9.978064763075E-1,6.619845797917E-2,0.E0));
#15699=DIRECTION('',(-6.619845797917E-2,-9.978064763075E-1,0.E0));
#15700=AXIS2_PLACEMENT_3D('',#15697,#15698,#15699);
#15701=PLANE('',#15700);
#15703=ORIENTED_EDGE('',*,*,#15702,.F.);
#15704=ORIENTED_EDGE('',*,*,#15661,.T.);
#15705=ORIENTED_EDGE('',*,*,#15688,.T.);
#15707=ORIENTED_EDGE('',*,*,#15706,.F.);
#15708=EDGE_LOOP('',(#15703,#15704,#15705,#15707));
#15709=FACE_OUTER_BOUND('',#15708,.F.);
#15710=ADVANCED_FACE('',(#15709),#15701,.F.);
#15711=CARTESIAN_POINT('',(-1.343311181178E0,1.978346570276E1,
-3.160000083446E1));
#15712=DIRECTION('',(0.E0,0.E0,1.E0));
#15713=DIRECTION('',(-9.978064763075E-1,6.619845797917E-2,0.E0));
#15714=AXIS2_PLACEMENT_3D('',#15711,#15712,#15713);
#15715=PLANE('',#15714);
#15716=ORIENTED_EDGE('',*,*,#15676,.F.);
#15717=ORIENTED_EDGE('',*,*,#15663,.T.);
#15718=ORIENTED_EDGE('',*,*,#15702,.T.);
#15720=ORIENTED_EDGE('',*,*,#15719,.F.);
#15721=EDGE_LOOP('',(#15716,#15717,#15718,#15720));
#15722=FACE_OUTER_BOUND('',#15721,.F.);
#15723=ADVANCED_FACE('',(#15722),#15715,.F.);
#15724=CARTESIAN_POINT('',(1.952854582438E0,2.943529213711E1,
-3.360000047165E1));
#15725=DIRECTION('',(6.619845797917E-2,9.978064763075E-1,0.E0));
#15726=DIRECTION('',(0.E0,0.E0,-1.E0));
#15727=AXIS2_PLACEMENT_3D('',#15724,#15725,#15726);
#15728=PLANE('',#15727);
#15729=ORIENTED_EDGE('',*,*,#15706,.T.);
#15730=ORIENTED_EDGE('',*,*,#15692,.T.);
#15731=ORIENTED_EDGE('',*,*,#15678,.T.);
#15732=ORIENTED_EDGE('',*,*,#15719,.T.);
#15733=EDGE_LOOP('',(#15729,#15730,#15731,#15732));
#15734=FACE_OUTER_BOUND('',#15733,.F.);
#15736=ORIENTED_EDGE('',*,*,#15735,.F.);
#15738=ORIENTED_EDGE('',*,*,#15737,.F.);
#15740=ORIENTED_EDGE('',*,*,#15739,.F.);
#15742=ORIENTED_EDGE('',*,*,#15741,.F.);
#15743=EDGE_LOOP('',(#15736,#15738,#15740,#15742));
#15744=FACE_BOUND('',#15743,.F.);
#15746=ORIENTED_EDGE('',*,*,#15745,.F.);
#15748=ORIENTED_EDGE('',*,*,#15747,.F.);
#15750=ORIENTED_EDGE('',*,*,#15749,.F.);
#15752=ORIENTED_EDGE('',*,*,#15751,.F.);
#15753=EDGE_LOOP('',(#15746,#15748,#15750,#15752));
#15754=FACE_BOUND('',#15753,.F.);
#15755=ADVANCED_FACE('',(#15734,#15744,#15754),#15728,.T.);
#15756=CARTESIAN_POINT('',(-2.585061540327E0,3.354470859992E1,
-3.240000068933E1));
#15757=DIRECTION('',(0.E0,0.E0,1.E0));
#15758=DIRECTION('',(-9.978064763075E-1,6.619845797917E-2,0.E0));
#15759=AXIS2_PLACEMENT_3D('',#15756,#15757,#15758);
#15760=PLANE('',#15759);
#15762=ORIENTED_EDGE('',*,*,#15761,.T.);
#15764=ORIENTED_EDGE('',*,*,#15763,.F.);
#15765=ORIENTED_EDGE('',*,*,#15735,.T.);
#15767=ORIENTED_EDGE('',*,*,#15766,.T.);
#15768=EDGE_LOOP('',(#15762,#15764,#15765,#15767));
#15769=FACE_OUTER_BOUND('',#15768,.F.);
#15770=ADVANCED_FACE('',(#15769),#15760,.T.);
#15771=CARTESIAN_POINT('',(-2.618160763312E0,3.304580545227E1,
-3.240000068933E1));
#15772=DIRECTION('',(1.713342168146E-2,2.582513193955E-1,9.659258262889E-1));
#15773=DIRECTION('',(9.978064763075E-1,-6.619845797917E-2,0.E0));
#15774=AXIS2_PLACEMENT_3D('',#15771,#15772,#15773);
#15775=PLANE('',#15774);
#15777=ORIENTED_EDGE('',*,*,#15776,.F.);
#15779=ORIENTED_EDGE('',*,*,#15778,.T.);
#15780=ORIENTED_EDGE('',*,*,#15761,.F.);
#15782=ORIENTED_EDGE('',*,*,#15781,.T.);
#15783=EDGE_LOOP('',(#15777,#15779,#15780,#15782));
#15784=FACE_OUTER_BOUND('',#15783,.F.);
#15785=ADVANCED_FACE('',(#15784),#15775,.T.);
#15786=CARTESIAN_POINT('',(2.204408677126E0,3.322695605926E1,
-3.360000047165E1));
#15787=DIRECTION('',(-6.619845797917E-2,-9.978064763075E-1,0.E0));
#15788=DIRECTION('',(-9.978064763075E-1,6.619845797917E-2,0.E0));
#15789=AXIS2_PLACEMENT_3D('',#15786,#15787,#15788);
#15790=PLANE('',#15789);
#15791=ORIENTED_EDGE('',*,*,#15776,.T.);
#15793=ORIENTED_EDGE('',*,*,#15792,.T.);
#15795=ORIENTED_EDGE('',*,*,#15794,.T.);
#15797=ORIENTED_EDGE('',*,*,#15796,.T.);
#15798=EDGE_LOOP('',(#15791,#15793,#15795,#15797));
#15799=FACE_OUTER_BOUND('',#15798,.F.);
#15800=ADVANCED_FACE('',(#15799),#15790,.F.);
#15801=CARTESIAN_POINT('',(-2.618160763312E0,3.304580545227E1,
-3.240000068933E1));
#15802=DIRECTION('',(-9.466736234223E-1,3.221941196181E-1,0.E0));
#15803=DIRECTION('',(0.E0,0.E0,-1.E0));
#15804=AXIS2_PLACEMENT_3D('',#15801,#15802,#15803);
#15805=PLANE('',#15804);
#15807=ORIENTED_EDGE('',*,*,#15806,.F.);
#15809=ORIENTED_EDGE('',*,*,#15808,.T.);
#15810=ORIENTED_EDGE('',*,*,#15792,.F.);
#15811=ORIENTED_EDGE('',*,*,#15781,.F.);
#15812=EDGE_LOOP('',(#15807,#15809,#15810,#15811));
#15813=FACE_OUTER_BOUND('',#15812,.F.);
#15814=ADVANCED_FACE('',(#15813),#15805,.T.);
#15815=CARTESIAN_POINT('',(-3.114649108092E0,2.556225823750E1,
-3.290000059863E1));
#15816=DIRECTION('',(-9.978064763075E-1,6.619845797917E-2,0.E0));
#15817=DIRECTION('',(-6.619845797917E-2,-9.978064763075E-1,0.E0));
#15818=AXIS2_PLACEMENT_3D('',#15815,#15816,#15817);
#15819=PLANE('',#15818);
#15820=ORIENTED_EDGE('',*,*,#15806,.T.);
#15821=ORIENTED_EDGE('',*,*,#15766,.F.);
#15822=ORIENTED_EDGE('',*,*,#15741,.T.);
#15824=ORIENTED_EDGE('',*,*,#15823,.T.);
#15825=EDGE_LOOP('',(#15820,#15821,#15822,#15824));
#15826=FACE_OUTER_BOUND('',#15825,.F.);
#15827=ADVANCED_FACE('',(#15826),#15819,.T.);
#15828=CARTESIAN_POINT('',(-2.585061540327E0,3.354470859992E1,
-3.280000061677E1));
#15829=DIRECTION('',(0.E0,0.E0,-1.E0));
#15830=DIRECTION('',(6.619845797917E-2,9.978064763075E-1,0.E0));
#15831=AXIS2_PLACEMENT_3D('',#15828,#15829,#15830);
#15832=PLANE('',#15831);
#15834=ORIENTED_EDGE('',*,*,#15833,.T.);
#15835=ORIENTED_EDGE('',*,*,#15823,.F.);
#15836=ORIENTED_EDGE('',*,*,#15739,.T.);
#15838=ORIENTED_EDGE('',*,*,#15837,.T.);
#15839=EDGE_LOOP('',(#15834,#15835,#15836,#15838));
#15840=FACE_OUTER_BOUND('',#15839,.F.);
#15841=ADVANCED_FACE('',(#15840),#15832,.T.);
#15842=CARTESIAN_POINT('',(-2.618160763312E0,3.304580545227E1,
-3.280000061677E1));
#15843=DIRECTION('',(1.713342168146E-2,2.582513193955E-1,-9.659258262889E-1));
#15844=DIRECTION('',(6.394280022259E-2,9.638070451038E-1,2.588190451030E-1));
#15845=AXIS2_PLACEMENT_3D('',#15842,#15843,#15844);
#15846=PLANE('',#15845);
#15847=ORIENTED_EDGE('',*,*,#15794,.F.);
#15848=ORIENTED_EDGE('',*,*,#15808,.F.);
#15849=ORIENTED_EDGE('',*,*,#15833,.F.);
#15851=ORIENTED_EDGE('',*,*,#15850,.F.);
#15852=EDGE_LOOP('',(#15847,#15848,#15849,#15851));
#15853=FACE_OUTER_BOUND('',#15852,.F.);
#15854=ADVANCED_FACE('',(#15853),#15846,.T.);
#15855=CARTESIAN_POINT('',(-2.219038245191E0,3.301932607388E1,
-3.240000068933E1));
#15856=DIRECTION('',(9.809404667852E-1,1.943085191729E-1,0.E0));
#15857=DIRECTION('',(1.943085191729E-1,-9.809404667852E-1,0.E0));
#15858=AXIS2_PLACEMENT_3D('',#15855,#15856,#15857);
#15859=PLANE('',#15858);
#15860=ORIENTED_EDGE('',*,*,#15796,.F.);
#15861=ORIENTED_EDGE('',*,*,#15850,.T.);
#15863=ORIENTED_EDGE('',*,*,#15862,.F.);
#15864=ORIENTED_EDGE('',*,*,#15778,.F.);
#15865=EDGE_LOOP('',(#15860,#15861,#15863,#15864));
#15866=FACE_OUTER_BOUND('',#15865,.F.);
#15867=ADVANCED_FACE('',(#15866),#15859,.T.);
#15868=CARTESIAN_POINT('',(-2.715526589971E0,2.553577885911E1,
-3.290000059863E1));
#15869=DIRECTION('',(-9.978064763075E-1,6.619845797917E-2,0.E0));
#15870=DIRECTION('',(-6.619845797917E-2,-9.978064763075E-1,0.E0));
#15871=AXIS2_PLACEMENT_3D('',#15868,#15869,#15870);
#15872=PLANE('',#15871);
#15873=ORIENTED_EDGE('',*,*,#15862,.T.);
#15874=ORIENTED_EDGE('',*,*,#15837,.F.);
#15875=ORIENTED_EDGE('',*,*,#15737,.T.);
#15876=ORIENTED_EDGE('',*,*,#15763,.T.);
#15877=EDGE_LOOP('',(#15873,#15874,#15875,#15876));
#15878=FACE_OUTER_BOUND('',#15877,.F.);
#15879=ADVANCED_FACE('',(#15878),#15872,.F.);
#15880=CARTESIAN_POINT('',(-2.585061540327E0,3.354470859992E1,
-3.480000025397E1));
#15881=DIRECTION('',(0.E0,0.E0,-1.E0));
#15882=DIRECTION('',(6.619845797917E-2,9.978064763075E-1,0.E0));
#15883=AXIS2_PLACEMENT_3D('',#15880,#15881,#15882);
#15884=PLANE('',#15883);
#15886=ORIENTED_EDGE('',*,*,#15885,.T.);
#15888=ORIENTED_EDGE('',*,*,#15887,.F.);
#15889=ORIENTED_EDGE('',*,*,#15745,.T.);
#15891=ORIENTED_EDGE('',*,*,#15890,.T.);
#15892=EDGE_LOOP('',(#15886,#15888,#15889,#15891));
#15893=FACE_OUTER_BOUND('',#15892,.F.);
#15894=ADVANCED_FACE('',(#15893),#15884,.T.);
#15895=CARTESIAN_POINT('',(-2.618160763312E0,3.304580545227E1,
-3.480000025397E1));
#15896=DIRECTION('',(-1.713342168146E-2,-2.582513193955E-1,9.659258262889E-1));
#15897=DIRECTION('',(-9.978064763075E-1,6.619845797917E-2,0.E0));
#15898=AXIS2_PLACEMENT_3D('',#15895,#15896,#15897);
#15899=PLANE('',#15898);
#15901=ORIENTED_EDGE('',*,*,#15900,.F.);
#15903=ORIENTED_EDGE('',*,*,#15902,.T.);
#15904=ORIENTED_EDGE('',*,*,#15885,.F.);
#15906=ORIENTED_EDGE('',*,*,#15905,.T.);
#15907=EDGE_LOOP('',(#15901,#15903,#15904,#15906));
#15908=FACE_OUTER_BOUND('',#15907,.F.);
#15909=ADVANCED_FACE('',(#15908),#15899,.F.);
#15910=CARTESIAN_POINT('',(2.204408677126E0,3.322695605926E1,
-3.360000047165E1));
#15911=DIRECTION('',(-6.619845797917E-2,-9.978064763075E-1,0.E0));
#15912=DIRECTION('',(-9.978064763075E-1,6.619845797917E-2,0.E0));
#15913=AXIS2_PLACEMENT_3D('',#15910,#15911,#15912);
#15914=PLANE('',#15913);
#15915=ORIENTED_EDGE('',*,*,#15900,.T.);
#15917=ORIENTED_EDGE('',*,*,#15916,.T.);
#15919=ORIENTED_EDGE('',*,*,#15918,.T.);
#15921=ORIENTED_EDGE('',*,*,#15920,.T.);
#15922=EDGE_LOOP('',(#15915,#15917,#15919,#15921));
#15923=FACE_OUTER_BOUND('',#15922,.F.);
#15924=ADVANCED_FACE('',(#15923),#15914,.F.);
#15925=CARTESIAN_POINT('',(-2.219038245191E0,3.301932607388E1,
-3.240000068933E1));
#15926=DIRECTION('',(9.809404667852E-1,1.943085191729E-1,0.E0));
#15927=DIRECTION('',(1.943085191729E-1,-9.809404667852E-1,0.E0));
#15928=AXIS2_PLACEMENT_3D('',#15925,#15926,#15927);
#15929=PLANE('',#15928);
#15931=ORIENTED_EDGE('',*,*,#15930,.F.);
#15933=ORIENTED_EDGE('',*,*,#15932,.T.);
#15934=ORIENTED_EDGE('',*,*,#15916,.F.);
#15935=ORIENTED_EDGE('',*,*,#15905,.F.);
#15936=EDGE_LOOP('',(#15931,#15933,#15934,#15935));
#15937=FACE_OUTER_BOUND('',#15936,.F.);
#15938=ADVANCED_FACE('',(#15937),#15929,.T.);
#15939=CARTESIAN_POINT('',(-2.715526589971E0,2.553577885911E1,
-3.290000059863E1));
#15940=DIRECTION('',(-9.978064763075E-1,6.619845797917E-2,0.E0));
#15941=DIRECTION('',(-6.619845797917E-2,-9.978064763075E-1,0.E0));
#15942=AXIS2_PLACEMENT_3D('',#15939,#15940,#15941);
#15943=PLANE('',#15942);
#15944=ORIENTED_EDGE('',*,*,#15930,.T.);
#15945=ORIENTED_EDGE('',*,*,#15890,.F.);
#15946=ORIENTED_EDGE('',*,*,#15751,.T.);
#15948=ORIENTED_EDGE('',*,*,#15947,.T.);
#15949=EDGE_LOOP('',(#15944,#15945,#15946,#15948));
#15950=FACE_OUTER_BOUND('',#15949,.F.);
#15951=ADVANCED_FACE('',(#15950),#15943,.F.);
#15952=CARTESIAN_POINT('',(-2.585061540327E0,3.354470859992E1,
-3.440000032653E1));
#15953=DIRECTION('',(0.E0,0.E0,1.E0));
#15954=DIRECTION('',(-9.978064763075E-1,6.619845797917E-2,0.E0));
#15955=AXIS2_PLACEMENT_3D('',#15952,#15953,#15954);
#15956=PLANE('',#15955);
#15958=ORIENTED_EDGE('',*,*,#15957,.T.);
#15959=ORIENTED_EDGE('',*,*,#15947,.F.);
#15960=ORIENTED_EDGE('',*,*,#15749,.T.);
#15962=ORIENTED_EDGE('',*,*,#15961,.T.);
#15963=EDGE_LOOP('',(#15958,#15959,#15960,#15962));
#15964=FACE_OUTER_BOUND('',#15963,.F.);
#15965=ADVANCED_FACE('',(#15964),#15956,.T.);
#15966=CARTESIAN_POINT('',(-2.618160763312E0,3.304580545227E1,
-3.440000032653E1));
#15967=DIRECTION('',(-1.713342168146E-2,-2.582513193955E-1,-9.659258262889E-1));
#15968=DIRECTION('',(9.978064763075E-1,-6.619845797917E-2,0.E0));
#15969=AXIS2_PLACEMENT_3D('',#15966,#15967,#15968);
#15970=PLANE('',#15969);
#15971=ORIENTED_EDGE('',*,*,#15918,.F.);
#15972=ORIENTED_EDGE('',*,*,#15932,.F.);
#15973=ORIENTED_EDGE('',*,*,#15957,.F.);
#15975=ORIENTED_EDGE('',*,*,#15974,.F.);
#15976=EDGE_LOOP('',(#15971,#15972,#15973,#15975));
#15977=FACE_OUTER_BOUND('',#15976,.F.);
#15978=ADVANCED_FACE('',(#15977),#15970,.F.);
#15979=CARTESIAN_POINT('',(-2.618160763312E0,3.304580545227E1,
-3.240000068933E1));
#15980=DIRECTION('',(-9.466736234223E-1,3.221941196181E-1,0.E0));
#15981=DIRECTION('',(0.E0,0.E0,-1.E0));
#15982=AXIS2_PLACEMENT_3D('',#15979,#15980,#15981);
#15983=PLANE('',#15982);
#15984=ORIENTED_EDGE('',*,*,#15920,.F.);
#15985=ORIENTED_EDGE('',*,*,#15974,.T.);
#15987=ORIENTED_EDGE('',*,*,#15986,.F.);
#15988=ORIENTED_EDGE('',*,*,#15902,.F.);
#15989=EDGE_LOOP('',(#15984,#15985,#15987,#15988));
#15990=FACE_OUTER_BOUND('',#15989,.F.);
#15991=ADVANCED_FACE('',(#15990),#15983,.T.);
#15992=CARTESIAN_POINT('',(-3.114649108092E0,2.556225823750E1,
-3.290000059863E1));
#15993=DIRECTION('',(-9.978064763075E-1,6.619845797917E-2,0.E0));
#15994=DIRECTION('',(-6.619845797917E-2,-9.978064763075E-1,0.E0));
#15995=AXIS2_PLACEMENT_3D('',#15992,#15993,#15994);
#15996=PLANE('',#15995);
#15997=ORIENTED_EDGE('',*,*,#15986,.T.);
#15998=ORIENTED_EDGE('',*,*,#15961,.F.);
#15999=ORIENTED_EDGE('',*,*,#15747,.T.);
#16000=ORIENTED_EDGE('',*,*,#15887,.T.);
#16001=EDGE_LOOP('',(#15997,#15998,#15999,#16000));
#16002=FACE_OUTER_BOUND('',#16001,.F.);
#16003=ADVANCED_FACE('',(#16002),#15996,.T.);
#16004=CARTESIAN_POINT('',(0.E0,0.E0,-2.8E1));
#16005=DIRECTION('',(0.E0,0.E0,-1.E0));
#16006=DIRECTION('',(-9.944118881299E-1,-1.055698666566E-1,0.E0));
#16007=AXIS2_PLACEMENT_3D('',#16004,#16005,#16006);
#16008=CYLINDRICAL_SURFACE('',#16007,3.2E1);
#16009=ORIENTED_EDGE('',*,*,#14477,.T.);
#16010=ORIENTED_EDGE('',*,*,#14448,.F.);
#16011=ORIENTED_EDGE('',*,*,#14431,.T.);
#16012=ORIENTED_EDGE('',*,*,#14417,.F.);
#16013=ORIENTED_EDGE('',*,*,#8848,.T.);
#16015=ORIENTED_EDGE('',*,*,#16014,.F.);
#16016=ORIENTED_EDGE('',*,*,#14509,.T.);
#16017=ORIENTED_EDGE('',*,*,#14496,.F.);
#16018=EDGE_LOOP('',(#16009,#16010,#16011,#16012,#16013,#16015,#16016,#16017));
#16019=FACE_OUTER_BOUND('',#16018,.F.);
#16020=ADVANCED_FACE('',(#16019),#16008,.T.);
#16021=CARTESIAN_POINT('',(-5.854470724103E0,3.699686315862E1,-2.8E1));
#16022=DIRECTION('',(-9.983013860554E-1,5.826098694536E-2,0.E0));
#16023=DIRECTION('',(0.E0,0.E0,1.E0));
#16024=AXIS2_PLACEMENT_3D('',#16021,#16022,#16023);
#16025=PLANE('',#16024);
#16026=ORIENTED_EDGE('',*,*,#16014,.T.);
#16027=ORIENTED_EDGE('',*,*,#8846,.T.);
#16028=ORIENTED_EDGE('',*,*,#9837,.T.);
#16029=ORIENTED_EDGE('',*,*,#14511,.T.);
#16030=EDGE_LOOP('',(#16026,#16027,#16028,#16029));
#16031=FACE_OUTER_BOUND('',#16030,.F.);
#16032=ADVANCED_FACE('',(#16031),#16025,.F.);
#16033=CARTESIAN_POINT('',(1.767498933720E0,2.664143451026E1,
-3.390000041723E1));
#16034=DIRECTION('',(0.E0,0.E0,1.E0));
#16035=DIRECTION('',(-9.978064763075E-1,6.619845797917E-2,0.E0));
#16036=AXIS2_PLACEMENT_3D('',#16033,#16034,#16035);
#16037=PLANE('',#16036);
#16039=ORIENTED_EDGE('',*,*,#16038,.T.);
#16040=ORIENTED_EDGE('',*,*,#14452,.F.);
#16042=ORIENTED_EDGE('',*,*,#16041,.T.);
#16044=ORIENTED_EDGE('',*,*,#16043,.T.);
#16046=ORIENTED_EDGE('',*,*,#16045,.T.);
#16048=ORIENTED_EDGE('',*,*,#16047,.T.);
#16050=ORIENTED_EDGE('',*,*,#16049,.T.);
#16052=ORIENTED_EDGE('',*,*,#16051,.T.);
#16053=EDGE_LOOP('',(#16039,#16040,#16042,#16044,#16046,#16048,#16050,#16052));
#16054=FACE_OUTER_BOUND('',#16053,.F.);
#16055=ADVANCED_FACE('',(#16054),#16037,.F.);
#16056=CARTESIAN_POINT('',(8.200934735551E0,3.373110097151E1,
-3.390000041723E1));
#16057=DIRECTION('',(-6.619845797917E-2,-9.978064763075E-1,0.E0));
#16058=DIRECTION('',(-9.978064763075E-1,6.619845797917E-2,0.E0));
#16059=AXIS2_PLACEMENT_3D('',#16056,#16057,#16058);
#16060=PLANE('',#16059);
#16061=ORIENTED_EDGE('',*,*,#14454,.T.);
#16062=ORIENTED_EDGE('',*,*,#16038,.F.);
#16064=ORIENTED_EDGE('',*,*,#16063,.F.);
#16066=ORIENTED_EDGE('',*,*,#16065,.T.);
#16067=EDGE_LOOP('',(#16061,#16062,#16064,#16066));
#16068=FACE_OUTER_BOUND('',#16067,.F.);
#16069=ADVANCED_FACE('',(#16068),#16060,.F.);
#16070=CARTESIAN_POINT('',(9.996986067095E0,3.361194376876E1,
-3.390000041723E1));
#16071=DIRECTION('',(-9.978064763075E-1,6.619845797917E-2,0.E0));
#16072=DIRECTION('',(-6.619845797917E-2,-9.978064763075E-1,0.E0));
#16073=AXIS2_PLACEMENT_3D('',#16070,#16071,#16072);
#16074=PLANE('',#16073);
#16076=ORIENTED_EDGE('',*,*,#16075,.F.);
#16078=ORIENTED_EDGE('',*,*,#16077,.T.);
#16079=ORIENTED_EDGE('',*,*,#16063,.T.);
#16080=ORIENTED_EDGE('',*,*,#16051,.F.);
#16081=EDGE_LOOP('',(#16076,#16078,#16079,#16080));
#16082=FACE_OUTER_BOUND('',#16081,.F.);
#16083=ADVANCED_FACE('',(#16082),#16074,.F.);
#16084=CARTESIAN_POINT('',(9.944027310319E0,3.281369873252E1,
-3.390000041723E1));
#16085=DIRECTION('',(6.619845797917E-2,9.978064763075E-1,0.E0));
#16086=DIRECTION('',(0.E0,0.E0,-1.E0));
#16087=AXIS2_PLACEMENT_3D('',#16084,#16085,#16086);
#16088=PLANE('',#16087);
#16090=ORIENTED_EDGE('',*,*,#16089,.F.);
#16092=ORIENTED_EDGE('',*,*,#16091,.T.);
#16093=ORIENTED_EDGE('',*,*,#16075,.T.);
#16094=ORIENTED_EDGE('',*,*,#16049,.F.);
#16095=EDGE_LOOP('',(#16090,#16092,#16093,#16094));
#16096=FACE_OUTER_BOUND('',#16095,.F.);
#16097=ADVANCED_FACE('',(#16096),#16088,.F.);
#16098=CARTESIAN_POINT('',(9.694575736493E0,3.283024834401E1,
-3.390000041723E1));
#16099=DIRECTION('',(-9.978064763075E-1,6.619845797917E-2,0.E0));
#16100=DIRECTION('',(-6.619845797917E-2,-9.978064763075E-1,0.E0));
#16101=AXIS2_PLACEMENT_3D('',#16098,#16099,#16100);
#16102=PLANE('',#16101);
#16104=ORIENTED_EDGE('',*,*,#16103,.F.);
#16106=ORIENTED_EDGE('',*,*,#16105,.T.);
#16107=ORIENTED_EDGE('',*,*,#16089,.T.);
#16108=ORIENTED_EDGE('',*,*,#16047,.F.);
#16109=EDGE_LOOP('',(#16104,#16106,#16107,#16108));
#16110=FACE_OUTER_BOUND('',#16109,.F.);
#16111=ADVANCED_FACE('',(#16110),#16102,.F.);
#16112=CARTESIAN_POINT('',(9.641616979717E0,3.203200330777E1,
-3.390000041723E1));
#16113=DIRECTION('',(-6.619845797917E-2,-9.978064763075E-1,0.E0));
#16114=DIRECTION('',(-9.978064763075E-1,6.619845797917E-2,0.E0));
#16115=AXIS2_PLACEMENT_3D('',#16112,#16113,#16114);
#16116=PLANE('',#16115);
#16118=ORIENTED_EDGE('',*,*,#16117,.F.);
#16120=ORIENTED_EDGE('',*,*,#16119,.T.);
#16121=ORIENTED_EDGE('',*,*,#16103,.T.);
#16122=ORIENTED_EDGE('',*,*,#16045,.F.);
#16123=EDGE_LOOP('',(#16118,#16120,#16121,#16122));
#16124=FACE_OUTER_BOUND('',#16123,.F.);
#16125=ADVANCED_FACE('',(#16124),#16116,.F.);
#16126=CARTESIAN_POINT('',(9.996986067095E0,3.361194376876E1,
-3.390000041723E1));
#16127=DIRECTION('',(-9.978064763075E-1,6.619845797917E-2,0.E0));
#16128=DIRECTION('',(-6.619845797917E-2,-9.978064763075E-1,0.E0));
#16129=AXIS2_PLACEMENT_3D('',#16126,#16127,#16128);
#16130=PLANE('',#16129);
#16132=ORIENTED_EDGE('',*,*,#16131,.F.);
#16134=ORIENTED_EDGE('',*,*,#16133,.T.);
#16135=ORIENTED_EDGE('',*,*,#16117,.T.);
#16136=ORIENTED_EDGE('',*,*,#16043,.F.);
#16137=EDGE_LOOP('',(#16132,#16134,#16135,#16136));
#16138=FACE_OUTER_BOUND('',#16137,.F.);
#16139=ADVANCED_FACE('',(#16138),#16130,.F.);
#16140=CARTESIAN_POINT('',(-5.627887780425E0,3.224328457258E1,
-3.390000041723E1));
#16141=DIRECTION('',(6.619845797917E-2,9.978064763075E-1,0.E0));
#16142=DIRECTION('',(0.E0,0.E0,-1.E0));
#16143=AXIS2_PLACEMENT_3D('',#16140,#16141,#16142);
#16144=PLANE('',#16143);
#16145=ORIENTED_EDGE('',*,*,#14458,.T.);
#16147=ORIENTED_EDGE('',*,*,#16146,.T.);
#16148=ORIENTED_EDGE('',*,*,#16131,.T.);
#16149=ORIENTED_EDGE('',*,*,#16041,.F.);
#16150=EDGE_LOOP('',(#16145,#16147,#16148,#16149));
#16151=FACE_OUTER_BOUND('',#16150,.F.);
#16152=ADVANCED_FACE('',(#16151),#16144,.F.);
#16153=CARTESIAN_POINT('',(1.767498933720E0,2.664143451026E1,
-3.330000052607E1));
#16154=DIRECTION('',(0.E0,0.E0,1.E0));
#16155=DIRECTION('',(-9.978064763075E-1,6.619845797917E-2,0.E0));
#16156=AXIS2_PLACEMENT_3D('',#16153,#16154,#16155);
#16157=PLANE('',#16156);
#16158=ORIENTED_EDGE('',*,*,#14456,.T.);
#16159=ORIENTED_EDGE('',*,*,#16065,.F.);
#16160=ORIENTED_EDGE('',*,*,#16077,.F.);
#16161=ORIENTED_EDGE('',*,*,#16091,.F.);
#16162=ORIENTED_EDGE('',*,*,#16105,.F.);
#16163=ORIENTED_EDGE('',*,*,#16119,.F.);
#16164=ORIENTED_EDGE('',*,*,#16133,.F.);
#16165=ORIENTED_EDGE('',*,*,#16146,.F.);
#16166=EDGE_LOOP('',(#16158,#16159,#16160,#16161,#16162,#16163,#16164,#16165));
#16167=FACE_OUTER_BOUND('',#16166,.F.);
#16168=ADVANCED_FACE('',(#16167),#16157,.T.);
#16169=CARTESIAN_POINT('',(3.629603391674E1,3.853300132966E0,-2.65E1));
#16170=DIRECTION('',(0.E0,0.E0,-1.E0));
#16171=DIRECTION('',(-9.944118881299E-1,-1.055698666566E-1,0.E0));
#16172=AXIS2_PLACEMENT_3D('',#16169,#16170,#16171);
#16173=CYLINDRICAL_SURFACE('',#16172,1.6E0);
#16175=ORIENTED_EDGE('',*,*,#16174,.T.);
#16177=ORIENTED_EDGE('',*,*,#16176,.T.);
#16178=ORIENTED_EDGE('',*,*,#8854,.T.);
#16180=ORIENTED_EDGE('',*,*,#16179,.F.);
#16181=EDGE_LOOP('',(#16175,#16177,#16178,#16180));
#16182=FACE_OUTER_BOUND('',#16181,.F.);
#16183=ADVANCED_FACE('',(#16182),#16173,.F.);
#16184=CARTESIAN_POINT('',(-5.408371308403E1,4.016359935279E1,-2.65E1));
#16185=DIRECTION('',(0.E0,0.E0,-1.E0));
#16186=DIRECTION('',(1.E0,0.E0,0.E0));
#16187=AXIS2_PLACEMENT_3D('',#16184,#16185,#16186);
#16188=PLANE('',#16187);
#16189=ORIENTED_EDGE('',*,*,#16174,.F.);
#16191=ORIENTED_EDGE('',*,*,#16190,.F.);
#16192=EDGE_LOOP('',(#16189,#16191));
#16193=FACE_OUTER_BOUND('',#16192,.F.);
#16195=ORIENTED_EDGE('',*,*,#16194,.F.);
#16197=ORIENTED_EDGE('',*,*,#16196,.F.);
#16198=EDGE_LOOP('',(#16195,#16197));
#16199=FACE_BOUND('',#16198,.F.);
#16200=ADVANCED_FACE('',(#16193,#16199),#16188,.T.);
#16201=CARTESIAN_POINT('',(3.629603391674E1,3.853300132970E0,-2.65E1));
#16202=DIRECTION('',(0.E0,0.E0,1.E0));
#16203=DIRECTION('',(9.396926207859E-1,-3.420201433257E-1,0.E0));
#16204=AXIS2_PLACEMENT_3D('',#16201,#16202,#16203);
#16205=CYLINDRICAL_SURFACE('',#16204,1.25E0);
#16206=ORIENTED_EDGE('',*,*,#16194,.T.);
#16208=ORIENTED_EDGE('',*,*,#16207,.T.);
#16209=ORIENTED_EDGE('',*,*,#8675,.T.);
#16211=ORIENTED_EDGE('',*,*,#16210,.F.);
#16212=EDGE_LOOP('',(#16206,#16208,#16209,#16211));
#16213=FACE_OUTER_BOUND('',#16212,.F.);
#16214=ADVANCED_FACE('',(#16213),#16205,.F.);
#16215=CARTESIAN_POINT('',(3.629603391674E1,3.853300132970E0,-2.65E1));
#16216=DIRECTION('',(0.E0,0.E0,1.E0));
#16217=DIRECTION('',(9.396926207859E-1,-3.420201433257E-1,0.E0));
#16218=AXIS2_PLACEMENT_3D('',#16215,#16216,#16217);
#16219=CYLINDRICAL_SURFACE('',#16218,1.25E0);
#16220=ORIENTED_EDGE('',*,*,#16196,.T.);
#16221=ORIENTED_EDGE('',*,*,#16210,.T.);
#16222=ORIENTED_EDGE('',*,*,#8677,.T.);
#16223=ORIENTED_EDGE('',*,*,#16207,.F.);
#16224=EDGE_LOOP('',(#16220,#16221,#16222,#16223));
#16225=FACE_OUTER_BOUND('',#16224,.F.);
#16226=ADVANCED_FACE('',(#16225),#16219,.F.);
#16227=CARTESIAN_POINT('',(3.629603391674E1,3.853300132966E0,-2.65E1));
#16228=DIRECTION('',(0.E0,0.E0,-1.E0));
#16229=DIRECTION('',(-9.944118881299E-1,-1.055698666566E-1,0.E0));
#16230=AXIS2_PLACEMENT_3D('',#16227,#16228,#16229);
#16231=CYLINDRICAL_SURFACE('',#16230,1.6E0);
#16232=ORIENTED_EDGE('',*,*,#16190,.T.);
#16233=ORIENTED_EDGE('',*,*,#16179,.T.);
#16234=ORIENTED_EDGE('',*,*,#8856,.T.);
#16235=ORIENTED_EDGE('',*,*,#16176,.F.);
#16236=EDGE_LOOP('',(#16232,#16233,#16234,#16235));
#16237=FACE_OUTER_BOUND('',#16236,.F.);
#16238=ADVANCED_FACE('',(#16237),#16231,.F.);
#16239=CARTESIAN_POINT('',(3.028122867105E1,-2.037884172792E1,-2.65E1));
#16240=DIRECTION('',(0.E0,0.E0,-1.E0));
#16241=DIRECTION('',(-8.296227033165E-1,5.583244309018E-1,0.E0));
#16242=AXIS2_PLACEMENT_3D('',#16239,#16240,#16241);
#16243=CYLINDRICAL_SURFACE('',#16242,1.6E0);
#16245=ORIENTED_EDGE('',*,*,#16244,.T.);
#16247=ORIENTED_EDGE('',*,*,#16246,.T.);
#16248=ORIENTED_EDGE('',*,*,#8860,.T.);
#16250=ORIENTED_EDGE('',*,*,#16249,.F.);
#16251=EDGE_LOOP('',(#16245,#16247,#16248,#16250));
#16252=FACE_OUTER_BOUND('',#16251,.F.);
#16253=ADVANCED_FACE('',(#16252),#16243,.F.);
#16254=CARTESIAN_POINT('',(-5.408371308403E1,4.016359935279E1,-2.65E1));
#16255=DIRECTION('',(0.E0,0.E0,-1.E0));
#16256=DIRECTION('',(1.E0,0.E0,0.E0));
#16257=AXIS2_PLACEMENT_3D('',#16254,#16255,#16256);
#16258=PLANE('',#16257);
#16259=ORIENTED_EDGE('',*,*,#16244,.F.);
#16261=ORIENTED_EDGE('',*,*,#16260,.F.);
#16262=EDGE_LOOP('',(#16259,#16261));
#16263=FACE_OUTER_BOUND('',#16262,.F.);
#16265=ORIENTED_EDGE('',*,*,#16264,.F.);
#16267=ORIENTED_EDGE('',*,*,#16266,.F.);
#16268=EDGE_LOOP('',(#16265,#16267));
#16269=FACE_BOUND('',#16268,.F.);
#16270=ADVANCED_FACE('',(#16263,#16269),#16258,.T.);
#16271=CARTESIAN_POINT('',(3.028122867106E1,-2.037884172791E1,-2.65E1));
#16272=DIRECTION('',(0.E0,0.E0,1.E0));
#16273=DIRECTION('',(5.E-1,-8.660254037844E-1,0.E0));
#16274=AXIS2_PLACEMENT_3D('',#16271,#16272,#16273);
#16275=CYLINDRICAL_SURFACE('',#16274,1.25E0);
#16276=ORIENTED_EDGE('',*,*,#16264,.T.);
#16278=ORIENTED_EDGE('',*,*,#16277,.T.);
#16279=ORIENTED_EDGE('',*,*,#8681,.T.);
#16281=ORIENTED_EDGE('',*,*,#16280,.F.);
#16282=EDGE_LOOP('',(#16276,#16278,#16279,#16281));
#16283=FACE_OUTER_BOUND('',#16282,.F.);
#16284=ADVANCED_FACE('',(#16283),#16275,.F.);
#16285=CARTESIAN_POINT('',(3.028122867106E1,-2.037884172791E1,-2.65E1));
#16286=DIRECTION('',(0.E0,0.E0,1.E0));
#16287=DIRECTION('',(5.E-1,-8.660254037844E-1,0.E0));
#16288=AXIS2_PLACEMENT_3D('',#16285,#16286,#16287);
#16289=CYLINDRICAL_SURFACE('',#16288,1.25E0);
#16290=ORIENTED_EDGE('',*,*,#16266,.T.);
#16291=ORIENTED_EDGE('',*,*,#16280,.T.);
#16292=ORIENTED_EDGE('',*,*,#8683,.T.);
#16293=ORIENTED_EDGE('',*,*,#16277,.F.);
#16294=EDGE_LOOP('',(#16290,#16291,#16292,#16293));
#16295=FACE_OUTER_BOUND('',#16294,.F.);
#16296=ADVANCED_FACE('',(#16295),#16289,.F.);
#16297=CARTESIAN_POINT('',(3.028122867105E1,-2.037884172792E1,-2.65E1));
#16298=DIRECTION('',(0.E0,0.E0,-1.E0));
#16299=DIRECTION('',(-8.296227033165E-1,5.583244309018E-1,0.E0));
#16300=AXIS2_PLACEMENT_3D('',#16297,#16298,#16299);
#16301=CYLINDRICAL_SURFACE('',#16300,1.6E0);
#16302=ORIENTED_EDGE('',*,*,#16260,.T.);
#16303=ORIENTED_EDGE('',*,*,#16249,.T.);
#16304=ORIENTED_EDGE('',*,*,#8862,.T.);
#16305=ORIENTED_EDGE('',*,*,#16246,.F.);
#16306=EDGE_LOOP('',(#16302,#16303,#16304,#16305));
#16307=FACE_OUTER_BOUND('',#16306,.F.);
#16308=ADVANCED_FACE('',(#16307),#16301,.F.);
#16309=CARTESIAN_POINT('',(-3.542502149912E1,8.793057021738E0,-2.65E1));
#16310=DIRECTION('',(0.E0,0.E0,-1.E0));
#16311=DIRECTION('',(9.705485342222E-1,-2.409056718284E-1,0.E0));
#16312=AXIS2_PLACEMENT_3D('',#16309,#16310,#16311);
#16313=CYLINDRICAL_SURFACE('',#16312,1.6E0);
#16315=ORIENTED_EDGE('',*,*,#16314,.T.);
#16317=ORIENTED_EDGE('',*,*,#16316,.T.);
#16318=ORIENTED_EDGE('',*,*,#8870,.T.);
#16320=ORIENTED_EDGE('',*,*,#16319,.F.);
#16321=EDGE_LOOP('',(#16315,#16317,#16318,#16320));
#16322=FACE_OUTER_BOUND('',#16321,.F.);
#16323=ADVANCED_FACE('',(#16322),#16313,.F.);
#16324=CARTESIAN_POINT('',(-5.408371308403E1,4.016359935279E1,-2.65E1));
#16325=DIRECTION('',(0.E0,0.E0,-1.E0));
#16326=DIRECTION('',(1.E0,0.E0,0.E0));
#16327=AXIS2_PLACEMENT_3D('',#16324,#16325,#16326);
#16328=PLANE('',#16327);
#16329=ORIENTED_EDGE('',*,*,#16314,.F.);
#16331=ORIENTED_EDGE('',*,*,#16330,.F.);
#16332=EDGE_LOOP('',(#16329,#16331));
#16333=FACE_OUTER_BOUND('',#16332,.F.);
#16335=ORIENTED_EDGE('',*,*,#16334,.F.);
#16337=ORIENTED_EDGE('',*,*,#16336,.F.);
#16338=EDGE_LOOP('',(#16335,#16337));
#16339=FACE_BOUND('',#16338,.F.);
#16340=ADVANCED_FACE('',(#16333,#16339),#16328,.T.);
#16341=CARTESIAN_POINT('',(-3.542502149911E1,8.793057021730E0,-2.65E1));
#16342=DIRECTION('',(0.E0,0.E0,1.E0));
#16343=DIRECTION('',(-7.660444431190E-1,6.427876096865E-1,0.E0));
#16344=AXIS2_PLACEMENT_3D('',#16341,#16342,#16343);
#16345=CYLINDRICAL_SURFACE('',#16344,1.25E0);
#16346=ORIENTED_EDGE('',*,*,#16334,.T.);
#16348=ORIENTED_EDGE('',*,*,#16347,.T.);
#16349=ORIENTED_EDGE('',*,*,#8651,.T.);
#16351=ORIENTED_EDGE('',*,*,#16350,.F.);
#16352=EDGE_LOOP('',(#16346,#16348,#16349,#16351));
#16353=FACE_OUTER_BOUND('',#16352,.F.);
#16354=ADVANCED_FACE('',(#16353),#16345,.F.);
#16355=CARTESIAN_POINT('',(-3.542502149911E1,8.793057021730E0,-2.65E1));
#16356=DIRECTION('',(0.E0,0.E0,1.E0));
#16357=DIRECTION('',(-7.660444431190E-1,6.427876096865E-1,0.E0));
#16358=AXIS2_PLACEMENT_3D('',#16355,#16356,#16357);
#16359=CYLINDRICAL_SURFACE('',#16358,1.25E0);
#16360=ORIENTED_EDGE('',*,*,#16336,.T.);
#16361=ORIENTED_EDGE('',*,*,#16350,.T.);
#16362=ORIENTED_EDGE('',*,*,#8653,.T.);
#16363=ORIENTED_EDGE('',*,*,#16347,.F.);
#16364=EDGE_LOOP('',(#16360,#16361,#16362,#16363));
#16365=FACE_OUTER_BOUND('',#16364,.F.);
#16366=ADVANCED_FACE('',(#16365),#16359,.F.);
#16367=CARTESIAN_POINT('',(-3.542502149912E1,8.793057021738E0,-2.65E1));
#16368=DIRECTION('',(0.E0,0.E0,-1.E0));
#16369=DIRECTION('',(9.705485342222E-1,-2.409056718284E-1,0.E0));
#16370=AXIS2_PLACEMENT_3D('',#16367,#16368,#16369);
#16371=CYLINDRICAL_SURFACE('',#16370,1.6E0);
#16372=ORIENTED_EDGE('',*,*,#16330,.T.);
#16373=ORIENTED_EDGE('',*,*,#16319,.T.);
#16374=ORIENTED_EDGE('',*,*,#8872,.T.);
#16375=ORIENTED_EDGE('',*,*,#16316,.F.);
#16376=EDGE_LOOP('',(#16372,#16373,#16374,#16375));
#16377=FACE_OUTER_BOUND('',#16376,.F.);
#16378=ADVANCED_FACE('',(#16377),#16371,.F.);
#16379=CARTESIAN_POINT('',(-2.148507276193E1,2.950663736204E1,-2.65E1));
#16380=DIRECTION('',(0.E0,0.E0,-1.E0));
#16381=DIRECTION('',(5.886321304637E-1,-8.084010236174E-1,0.E0));
#16382=AXIS2_PLACEMENT_3D('',#16379,#16380,#16381);
#16383=CYLINDRICAL_SURFACE('',#16382,1.6E0);
#16385=ORIENTED_EDGE('',*,*,#16384,.T.);
#16387=ORIENTED_EDGE('',*,*,#16386,.T.);
#16388=ORIENTED_EDGE('',*,*,#8876,.T.);
#16390=ORIENTED_EDGE('',*,*,#16389,.F.);
#16391=EDGE_LOOP('',(#16385,#16387,#16388,#16390));
#16392=FACE_OUTER_BOUND('',#16391,.F.);
#16393=ADVANCED_FACE('',(#16392),#16383,.F.);
#16394=CARTESIAN_POINT('',(-5.408371308403E1,4.016359935279E1,-2.65E1));
#16395=DIRECTION('',(0.E0,0.E0,-1.E0));
#16396=DIRECTION('',(1.E0,0.E0,0.E0));
#16397=AXIS2_PLACEMENT_3D('',#16394,#16395,#16396);
#16398=PLANE('',#16397);
#16399=ORIENTED_EDGE('',*,*,#16384,.F.);
#16401=ORIENTED_EDGE('',*,*,#16400,.F.);
#16402=EDGE_LOOP('',(#16399,#16401));
#16403=FACE_OUTER_BOUND('',#16402,.F.);
#16405=ORIENTED_EDGE('',*,*,#16404,.F.);
#16407=ORIENTED_EDGE('',*,*,#16406,.F.);
#16408=EDGE_LOOP('',(#16405,#16407));
#16409=FACE_BOUND('',#16408,.F.);
#16410=ADVANCED_FACE('',(#16403,#16409),#16398,.T.);
#16411=CARTESIAN_POINT('',(-2.148507276193E1,2.950663736203E1,-2.65E1));
#16412=DIRECTION('',(0.E0,0.E0,1.E0));
#16413=DIRECTION('',(-1.736481776669E-1,9.848077530122E-1,0.E0));
#16414=AXIS2_PLACEMENT_3D('',#16411,#16412,#16413);
#16415=CYLINDRICAL_SURFACE('',#16414,1.25E0);
#16416=ORIENTED_EDGE('',*,*,#16404,.T.);
#16418=ORIENTED_EDGE('',*,*,#16417,.T.);
#16419=ORIENTED_EDGE('',*,*,#8657,.T.);
#16421=ORIENTED_EDGE('',*,*,#16420,.F.);
#16422=EDGE_LOOP('',(#16416,#16418,#16419,#16421));
#16423=FACE_OUTER_BOUND('',#16422,.F.);
#16424=ADVANCED_FACE('',(#16423),#16415,.F.);
#16425=CARTESIAN_POINT('',(-2.148507276193E1,2.950663736203E1,-2.65E1));
#16426=DIRECTION('',(0.E0,0.E0,1.E0));
#16427=DIRECTION('',(-1.736481776669E-1,9.848077530122E-1,0.E0));
#16428=AXIS2_PLACEMENT_3D('',#16425,#16426,#16427);
#16429=CYLINDRICAL_SURFACE('',#16428,1.25E0);
#16430=ORIENTED_EDGE('',*,*,#16406,.T.);
#16431=ORIENTED_EDGE('',*,*,#16420,.T.);
#16432=ORIENTED_EDGE('',*,*,#8659,.T.);
#16433=ORIENTED_EDGE('',*,*,#16417,.F.);
#16434=EDGE_LOOP('',(#16430,#16431,#16432,#16433));
#16435=FACE_OUTER_BOUND('',#16434,.F.);
#16436=ADVANCED_FACE('',(#16435),#16429,.F.);
#16437=CARTESIAN_POINT('',(-2.148507276193E1,2.950663736204E1,-2.65E1));
#16438=DIRECTION('',(0.E0,0.E0,-1.E0));
#16439=DIRECTION('',(5.886321304637E-1,-8.084010236174E-1,0.E0));
#16440=AXIS2_PLACEMENT_3D('',#16437,#16438,#16439);
#16441=CYLINDRICAL_SURFACE('',#16440,1.6E0);
#16442=ORIENTED_EDGE('',*,*,#16400,.T.);
#16443=ORIENTED_EDGE('',*,*,#16389,.T.);
#16444=ORIENTED_EDGE('',*,*,#8878,.T.);
#16445=ORIENTED_EDGE('',*,*,#16386,.F.);
#16446=EDGE_LOOP('',(#16442,#16443,#16444,#16445));
#16447=FACE_OUTER_BOUND('',#16446,.F.);
#16448=ADVANCED_FACE('',(#16447),#16441,.F.);
#16449=CARTESIAN_POINT('',(2.532752150730E1,2.628244003697E1,-2.65E1));
#16450=DIRECTION('',(0.E0,0.E0,-1.E0));
#16451=DIRECTION('',(-6.939046988303E-1,-7.200668503280E-1,0.E0));
#16452=AXIS2_PLACEMENT_3D('',#16449,#16450,#16451);
#16453=CYLINDRICAL_SURFACE('',#16452,1.6E0);
#16455=ORIENTED_EDGE('',*,*,#16454,.T.);
#16457=ORIENTED_EDGE('',*,*,#16456,.T.);
#16458=ORIENTED_EDGE('',*,*,#8882,.T.);
#16460=ORIENTED_EDGE('',*,*,#16459,.F.);
#16461=EDGE_LOOP('',(#16455,#16457,#16458,#16460));
#16462=FACE_OUTER_BOUND('',#16461,.F.);
#16463=ADVANCED_FACE('',(#16462),#16453,.F.);
#16464=CARTESIAN_POINT('',(-5.408371308403E1,4.016359935279E1,-2.65E1));
#16465=DIRECTION('',(0.E0,0.E0,-1.E0));
#16466=DIRECTION('',(1.E0,0.E0,0.E0));
#16467=AXIS2_PLACEMENT_3D('',#16464,#16465,#16466);
#16468=PLANE('',#16467);
#16469=ORIENTED_EDGE('',*,*,#16454,.F.);
#16471=ORIENTED_EDGE('',*,*,#16470,.F.);
#16472=EDGE_LOOP('',(#16469,#16471));
#16473=FACE_OUTER_BOUND('',#16472,.F.);
#16475=ORIENTED_EDGE('',*,*,#16474,.F.);
#16477=ORIENTED_EDGE('',*,*,#16476,.F.);
#16478=EDGE_LOOP('',(#16475,#16477));
#16479=FACE_BOUND('',#16478,.F.);
#16480=ADVANCED_FACE('',(#16473,#16479),#16468,.T.);
#16481=CARTESIAN_POINT('',(2.532752150730E1,2.628244003698E1,-2.65E1));
#16482=DIRECTION('',(0.E0,0.E0,1.E0));
#16483=DIRECTION('',(9.396926207859E-1,3.420201433257E-1,0.E0));
#16484=AXIS2_PLACEMENT_3D('',#16481,#16482,#16483);
#16485=CYLINDRICAL_SURFACE('',#16484,1.25E0);
#16486=ORIENTED_EDGE('',*,*,#16474,.T.);
#16488=ORIENTED_EDGE('',*,*,#16487,.T.);
#16489=ORIENTED_EDGE('',*,*,#8669,.T.);
#16491=ORIENTED_EDGE('',*,*,#16490,.F.);
#16492=EDGE_LOOP('',(#16486,#16488,#16489,#16491));
#16493=FACE_OUTER_BOUND('',#16492,.F.);
#16494=ADVANCED_FACE('',(#16493),#16485,.F.);
#16495=CARTESIAN_POINT('',(2.532752150730E1,2.628244003698E1,-2.65E1));
#16496=DIRECTION('',(0.E0,0.E0,1.E0));
#16497=DIRECTION('',(9.396926207859E-1,3.420201433257E-1,0.E0));
#16498=AXIS2_PLACEMENT_3D('',#16495,#16496,#16497);
#16499=CYLINDRICAL_SURFACE('',#16498,1.25E0);
#16500=ORIENTED_EDGE('',*,*,#16476,.T.);
#16501=ORIENTED_EDGE('',*,*,#16490,.T.);
#16502=ORIENTED_EDGE('',*,*,#8671,.T.);
#16503=ORIENTED_EDGE('',*,*,#16487,.F.);
#16504=EDGE_LOOP('',(#16500,#16501,#16502,#16503));
#16505=FACE_OUTER_BOUND('',#16504,.F.);
#16506=ADVANCED_FACE('',(#16505),#16499,.F.);
#16507=CARTESIAN_POINT('',(2.532752150730E1,2.628244003697E1,-2.65E1));
#16508=DIRECTION('',(0.E0,0.E0,-1.E0));
#16509=DIRECTION('',(-6.939046988303E-1,-7.200668503280E-1,0.E0));
#16510=AXIS2_PLACEMENT_3D('',#16507,#16508,#16509);
#16511=CYLINDRICAL_SURFACE('',#16510,1.6E0);
#16512=ORIENTED_EDGE('',*,*,#16470,.T.);
#16513=ORIENTED_EDGE('',*,*,#16459,.T.);
#16514=ORIENTED_EDGE('',*,*,#8884,.T.);
#16515=ORIENTED_EDGE('',*,*,#16456,.F.);
#16516=EDGE_LOOP('',(#16512,#16513,#16514,#16515));
#16517=FACE_OUTER_BOUND('',#16516,.F.);
#16518=ADVANCED_FACE('',(#16517),#16511,.F.);
#16519=CARTESIAN_POINT('',(2.507980300550E0,3.641373415090E1,-2.65E1));
#16520=DIRECTION('',(0.E0,0.E0,1.E0));
#16521=DIRECTION('',(5.E-1,8.660254037844E-1,0.E0));
#16522=AXIS2_PLACEMENT_3D('',#16519,#16520,#16521);
#16523=CYLINDRICAL_SURFACE('',#16522,1.25E0);
#16525=ORIENTED_EDGE('',*,*,#16524,.T.);
#16527=ORIENTED_EDGE('',*,*,#16526,.T.);
#16528=ORIENTED_EDGE('',*,*,#8663,.T.);
#16530=ORIENTED_EDGE('',*,*,#16529,.F.);
#16532=ORIENTED_EDGE('',*,*,#16531,.T.);
#16533=EDGE_LOOP('',(#16525,#16527,#16528,#16530,#16532));
#16534=FACE_OUTER_BOUND('',#16533,.F.);
#16535=ADVANCED_FACE('',(#16534),#16523,.F.);
#16536=CARTESIAN_POINT('',(2.507980300550E0,3.641373415090E1,-2.E1));
#16537=DIRECTION('',(0.E0,0.E0,1.E0));
#16538=DIRECTION('',(0.E0,-1.E0,0.E0));
#16539=AXIS2_PLACEMENT_3D('',#16536,#16537,#16538);
#16540=PLANE('',#16539);
#16542=ORIENTED_EDGE('',*,*,#16541,.F.);
#16544=ORIENTED_EDGE('',*,*,#16543,.F.);
#16545=ORIENTED_EDGE('',*,*,#16524,.F.);
#16546=ORIENTED_EDGE('',*,*,#16531,.F.);
#16547=EDGE_LOOP('',(#16542,#16544,#16545,#16546));
#16548=FACE_OUTER_BOUND('',#16547,.F.);
#16549=ADVANCED_FACE('',(#16548),#16540,.T.);
#16550=CARTESIAN_POINT('',(2.507980300550E0,3.641373415090E1,-2.65E1));
#16551=DIRECTION('',(0.E0,0.E0,1.E0));
#16552=DIRECTION('',(5.E-1,8.660254037844E-1,0.E0));
#16553=AXIS2_PLACEMENT_3D('',#16550,#16551,#16552);
#16554=CYLINDRICAL_SURFACE('',#16553,1.25E0);
#16555=ORIENTED_EDGE('',*,*,#16543,.T.);
#16556=ORIENTED_EDGE('',*,*,#16541,.T.);
#16557=ORIENTED_EDGE('',*,*,#16529,.T.);
#16558=ORIENTED_EDGE('',*,*,#8665,.T.);
#16559=ORIENTED_EDGE('',*,*,#16526,.F.);
#16560=EDGE_LOOP('',(#16555,#16556,#16557,#16558,#16559));
#16561=FACE_OUTER_BOUND('',#16560,.F.);
#16562=ADVANCED_FACE('',(#16561),#16554,.F.);
#16563=CARTESIAN_POINT('',(1.009749999181E1,-3.507549705871E1,-2.65E1));
#16564=DIRECTION('',(0.E0,0.E0,1.E0));
#16565=DIRECTION('',(-1.736481776669E-1,-9.848077530122E-1,0.E0));
#16566=AXIS2_PLACEMENT_3D('',#16563,#16564,#16565);
#16567=CYLINDRICAL_SURFACE('',#16566,1.25E0);
#16569=ORIENTED_EDGE('',*,*,#16568,.T.);
#16571=ORIENTED_EDGE('',*,*,#16570,.T.);
#16573=ORIENTED_EDGE('',*,*,#16572,.T.);
#16574=ORIENTED_EDGE('',*,*,#8687,.T.);
#16576=ORIENTED_EDGE('',*,*,#16575,.F.);
#16577=EDGE_LOOP('',(#16569,#16571,#16573,#16574,#16576));
#16578=FACE_OUTER_BOUND('',#16577,.F.);
#16579=ADVANCED_FACE('',(#16578),#16567,.F.);
#16580=CARTESIAN_POINT('',(1.009749999181E1,-3.507549705871E1,-2.E1));
#16581=DIRECTION('',(0.E0,0.E0,1.E0));
#16582=DIRECTION('',(0.E0,-1.E0,0.E0));
#16583=AXIS2_PLACEMENT_3D('',#16580,#16581,#16582);
#16584=PLANE('',#16583);
#16585=ORIENTED_EDGE('',*,*,#16570,.F.);
#16586=ORIENTED_EDGE('',*,*,#16568,.F.);
#16588=ORIENTED_EDGE('',*,*,#16587,.F.);
#16590=ORIENTED_EDGE('',*,*,#16589,.F.);
#16591=EDGE_LOOP('',(#16585,#16586,#16588,#16590));
#16592=FACE_OUTER_BOUND('',#16591,.F.);
#16593=ADVANCED_FACE('',(#16592),#16584,.T.);
#16594=CARTESIAN_POINT('',(1.009749999181E1,-3.507549705871E1,-2.65E1));
#16595=DIRECTION('',(0.E0,0.E0,1.E0));
#16596=DIRECTION('',(-1.736481776669E-1,-9.848077530122E-1,0.E0));
#16597=AXIS2_PLACEMENT_3D('',#16594,#16595,#16596);
#16598=CYLINDRICAL_SURFACE('',#16597,1.25E0);
#16599=ORIENTED_EDGE('',*,*,#16587,.T.);
#16600=ORIENTED_EDGE('',*,*,#16575,.T.);
#16601=ORIENTED_EDGE('',*,*,#8689,.T.);
#16602=ORIENTED_EDGE('',*,*,#16572,.F.);
#16603=ORIENTED_EDGE('',*,*,#16589,.T.);
#16604=EDGE_LOOP('',(#16599,#16600,#16601,#16602,#16603));
#16605=FACE_OUTER_BOUND('',#16604,.F.);
#16606=ADVANCED_FACE('',(#16605),#16598,.F.);
#16607=CARTESIAN_POINT('',(-1.481096115481E1,-3.335993749501E1,-2.65E1));
#16608=DIRECTION('',(0.E0,0.E0,1.E0));
#16609=DIRECTION('',(-7.660444431190E-1,-6.427876096865E-1,0.E0));
#16610=AXIS2_PLACEMENT_3D('',#16607,#16608,#16609);
#16611=CYLINDRICAL_SURFACE('',#16610,1.25E0);
#16613=ORIENTED_EDGE('',*,*,#16612,.T.);
#16615=ORIENTED_EDGE('',*,*,#16614,.T.);
#16617=ORIENTED_EDGE('',*,*,#16616,.T.);
#16618=ORIENTED_EDGE('',*,*,#8693,.T.);
#16620=ORIENTED_EDGE('',*,*,#16619,.F.);
#16621=EDGE_LOOP('',(#16613,#16615,#16617,#16618,#16620));
#16622=FACE_OUTER_BOUND('',#16621,.F.);
#16623=ADVANCED_FACE('',(#16622),#16611,.F.);
#16624=CARTESIAN_POINT('',(-1.481096115482E1,-3.335993749500E1,-2.E1));
#16625=DIRECTION('',(0.E0,0.E0,1.E0));
#16626=DIRECTION('',(0.E0,-1.E0,0.E0));
#16627=AXIS2_PLACEMENT_3D('',#16624,#16625,#16626);
#16628=PLANE('',#16627);
#16629=ORIENTED_EDGE('',*,*,#16614,.F.);
#16630=ORIENTED_EDGE('',*,*,#16612,.F.);
#16632=ORIENTED_EDGE('',*,*,#16631,.F.);
#16634=ORIENTED_EDGE('',*,*,#16633,.F.);
#16635=EDGE_LOOP('',(#16629,#16630,#16632,#16634));
#16636=FACE_OUTER_BOUND('',#16635,.F.);
#16637=ADVANCED_FACE('',(#16636),#16628,.T.);
#16638=CARTESIAN_POINT('',(-1.481096115481E1,-3.335993749501E1,-2.65E1));
#16639=DIRECTION('',(0.E0,0.E0,1.E0));
#16640=DIRECTION('',(-7.660444431190E-1,-6.427876096865E-1,0.E0));
#16641=AXIS2_PLACEMENT_3D('',#16638,#16639,#16640);
#16642=CYLINDRICAL_SURFACE('',#16641,1.25E0);
#16643=ORIENTED_EDGE('',*,*,#16631,.T.);
#16644=ORIENTED_EDGE('',*,*,#16619,.T.);
#16645=ORIENTED_EDGE('',*,*,#8695,.T.);
#16646=ORIENTED_EDGE('',*,*,#16616,.F.);
#16647=ORIENTED_EDGE('',*,*,#16633,.T.);
#16648=EDGE_LOOP('',(#16643,#16644,#16645,#16646,#16647));
#16649=FACE_OUTER_BOUND('',#16648,.F.);
#16650=ADVANCED_FACE('',(#16649),#16642,.F.);
#16651=CARTESIAN_POINT('',(0.E0,0.E0,1.5E0));
#16652=DIRECTION('',(0.E0,0.E0,-1.E0));
#16653=DIRECTION('',(-1.E0,0.E0,0.E0));
#16654=AXIS2_PLACEMENT_3D('',#16651,#16652,#16653);
#16655=TOROIDAL_SURFACE('',#16654,2.3E1,1.5E0);
#16656=ORIENTED_EDGE('',*,*,#8699,.T.);
#16658=ORIENTED_EDGE('',*,*,#16657,.T.);
#16660=ORIENTED_EDGE('',*,*,#16659,.F.);
#16662=ORIENTED_EDGE('',*,*,#16661,.F.);
#16663=EDGE_LOOP('',(#16656,#16658,#16660,#16662));
#16664=FACE_OUTER_BOUND('',#16663,.F.);
#16665=ADVANCED_FACE('',(#16664),#16655,.F.);
#16666=CARTESIAN_POINT('',(0.E0,0.E0,1.5E0));
#16667=DIRECTION('',(0.E0,0.E0,-1.E0));
#16668=DIRECTION('',(-1.E0,0.E0,0.E0));
#16669=AXIS2_PLACEMENT_3D('',#16666,#16667,#16668);
#16670=TOROIDAL_SURFACE('',#16669,2.3E1,1.5E0);
#16671=ORIENTED_EDGE('',*,*,#8701,.T.);
#16672=ORIENTED_EDGE('',*,*,#16661,.T.);
#16674=ORIENTED_EDGE('',*,*,#16673,.F.);
#16675=ORIENTED_EDGE('',*,*,#16657,.F.);
#16676=EDGE_LOOP('',(#16671,#16672,#16674,#16675));
#16677=FACE_OUTER_BOUND('',#16676,.F.);
#16678=ADVANCED_FACE('',(#16677),#16670,.F.);
#16679=CARTESIAN_POINT('',(0.E0,0.E0,1.5E0));
#16680=DIRECTION('',(0.E0,0.E0,-1.E0));
#16681=DIRECTION('',(-1.E0,0.E0,0.E0));
#16682=AXIS2_PLACEMENT_3D('',#16679,#16680,#16681);
#16683=TOROIDAL_SURFACE('',#16682,2.3E1,1.5E0);
#16685=ORIENTED_EDGE('',*,*,#16684,.F.);
#16687=ORIENTED_EDGE('',*,*,#16686,.F.);
#16688=ORIENTED_EDGE('',*,*,#16673,.T.);
#16690=ORIENTED_EDGE('',*,*,#16689,.T.);
#16691=EDGE_LOOP('',(#16685,#16687,#16688,#16690));
#16692=FACE_OUTER_BOUND('',#16691,.F.);
#16693=ADVANCED_FACE('',(#16692),#16683,.F.);
#16694=CARTESIAN_POINT('',(0.E0,0.E0,2.158951999600E0));
#16695=DIRECTION('',(0.E0,0.E0,-1.E0));
#16696=DIRECTION('',(1.E0,0.E0,0.E0));
#16697=AXIS2_PLACEMENT_3D('',#16694,#16695,#16696);
#16698=CYLINDRICAL_SURFACE('',#16697,2.15E1);
#16700=ORIENTED_EDGE('',*,*,#16699,.T.);
#16702=ORIENTED_EDGE('',*,*,#16701,.T.);
#16703=ORIENTED_EDGE('',*,*,#16684,.T.);
#16705=ORIENTED_EDGE('',*,*,#16704,.F.);
#16706=EDGE_LOOP('',(#16700,#16702,#16703,#16705));
#16707=FACE_OUTER_BOUND('',#16706,.F.);
#16708=ADVANCED_FACE('',(#16707),#16698,.T.);
#16709=CARTESIAN_POINT('',(-5.408371308403E1,4.016359935279E1,3.5E0));
#16710=DIRECTION('',(0.E0,0.E0,1.E0));
#16711=DIRECTION('',(0.E0,1.E0,0.E0));
#16712=AXIS2_PLACEMENT_3D('',#16709,#16710,#16711);
#16713=PLANE('',#16712);
#16715=ORIENTED_EDGE('',*,*,#16714,.F.);
#16716=ORIENTED_EDGE('',*,*,#16699,.F.);
#16717=EDGE_LOOP('',(#16715,#16716));
#16718=FACE_OUTER_BOUND('',#16717,.F.);
#16720=ORIENTED_EDGE('',*,*,#16719,.F.);
#16722=ORIENTED_EDGE('',*,*,#16721,.F.);
#16723=EDGE_LOOP('',(#16720,#16722));
#16724=FACE_BOUND('',#16723,.F.);
#16725=ADVANCED_FACE('',(#16718,#16724),#16713,.T.);
#16726=CARTESIAN_POINT('',(0.E0,0.E0,2.158951999600E0));
#16727=DIRECTION('',(0.E0,0.E0,-1.E0));
#16728=DIRECTION('',(1.E0,0.E0,0.E0));
#16729=AXIS2_PLACEMENT_3D('',#16726,#16727,#16728);
#16730=CYLINDRICAL_SURFACE('',#16729,2.15E1);
#16731=ORIENTED_EDGE('',*,*,#16714,.T.);
#16732=ORIENTED_EDGE('',*,*,#16704,.T.);
#16734=ORIENTED_EDGE('',*,*,#16733,.T.);
#16735=ORIENTED_EDGE('',*,*,#16701,.F.);
#16736=EDGE_LOOP('',(#16731,#16732,#16734,#16735));
#16737=FACE_OUTER_BOUND('',#16736,.F.);
#16738=ADVANCED_FACE('',(#16737),#16730,.T.);
#16739=CARTESIAN_POINT('',(0.E0,0.E0,1.5E0));
#16740=DIRECTION('',(0.E0,0.E0,-1.E0));
#16741=DIRECTION('',(-1.E0,0.E0,0.E0));
#16742=AXIS2_PLACEMENT_3D('',#16739,#16740,#16741);
#16743=TOROIDAL_SURFACE('',#16742,2.3E1,1.5E0);
#16744=ORIENTED_EDGE('',*,*,#16733,.F.);
#16745=ORIENTED_EDGE('',*,*,#16689,.F.);
#16746=ORIENTED_EDGE('',*,*,#16659,.T.);
#16747=ORIENTED_EDGE('',*,*,#16686,.T.);
#16748=EDGE_LOOP('',(#16744,#16745,#16746,#16747));
#16749=FACE_OUTER_BOUND('',#16748,.F.);
#16750=ADVANCED_FACE('',(#16749),#16743,.F.);
#16751=CARTESIAN_POINT('',(0.E0,0.E0,3.249999999998E0));
#16752=DIRECTION('',(0.E0,0.E0,1.E0));
#16753=DIRECTION('',(0.E0,1.E0,0.E0));
#16754=AXIS2_PLACEMENT_3D('',#16751,#16752,#16753);
#16755=CONICAL_SURFACE('',#16754,1.864433756730E1,2.999999999999E1);
#16756=ORIENTED_EDGE('',*,*,#16719,.T.);
#16758=ORIENTED_EDGE('',*,*,#16757,.F.);
#16760=ORIENTED_EDGE('',*,*,#16759,.F.);
#16762=ORIENTED_EDGE('',*,*,#16761,.F.);
#16764=ORIENTED_EDGE('',*,*,#16763,.T.);
#16765=EDGE_LOOP('',(#16756,#16758,#16760,#16762,#16764));
#16766=FACE_OUTER_BOUND('',#16765,.F.);
#16767=ADVANCED_FACE('',(#16766),#16755,.F.);
#16768=CARTESIAN_POINT('',(0.E0,0.E0,3.249999999998E0));
#16769=DIRECTION('',(0.E0,0.E0,1.E0));
#16770=DIRECTION('',(0.E0,1.E0,0.E0));
#16771=AXIS2_PLACEMENT_3D('',#16768,#16769,#16770);
#16772=CONICAL_SURFACE('',#16771,1.864433756730E1,2.999999999999E1);
#16773=ORIENTED_EDGE('',*,*,#16721,.T.);
#16774=ORIENTED_EDGE('',*,*,#16763,.F.);
#16776=ORIENTED_EDGE('',*,*,#16775,.F.);
#16778=ORIENTED_EDGE('',*,*,#16777,.F.);
#16779=ORIENTED_EDGE('',*,*,#16757,.T.);
#16780=EDGE_LOOP('',(#16773,#16774,#16776,#16778,#16779));
#16781=FACE_OUTER_BOUND('',#16780,.F.);
#16782=ADVANCED_FACE('',(#16781),#16772,.F.);
#16783=CARTESIAN_POINT('',(0.E0,0.E0,-1.68E1));
#16784=DIRECTION('',(0.E0,0.E0,1.E0));
#16785=DIRECTION('',(-1.E0,0.E0,0.E0));
#16786=AXIS2_PLACEMENT_3D('',#16783,#16784,#16785);
#16787=CYLINDRICAL_SURFACE('',#16786,1.85E1);
#16788=ORIENTED_EDGE('',*,*,#16775,.T.);
#16789=ORIENTED_EDGE('',*,*,#16761,.T.);
#16791=ORIENTED_EDGE('',*,*,#16790,.F.);
#16793=ORIENTED_EDGE('',*,*,#16792,.T.);
#16795=ORIENTED_EDGE('',*,*,#16794,.T.);
#16796=EDGE_LOOP('',(#16788,#16789,#16791,#16793,#16795));
#16797=FACE_OUTER_BOUND('',#16796,.F.);
#16798=ADVANCED_FACE('',(#16797),#16787,.F.);
#16799=CARTESIAN_POINT('',(0.E0,0.E0,-1.68E1));
#16800=DIRECTION('',(0.E0,0.E0,1.E0));
#16801=DIRECTION('',(-1.E0,0.E0,0.E0));
#16802=AXIS2_PLACEMENT_3D('',#16799,#16800,#16801);
#16803=CYLINDRICAL_SURFACE('',#16802,1.85E1);
#16804=ORIENTED_EDGE('',*,*,#16777,.T.);
#16805=ORIENTED_EDGE('',*,*,#16794,.F.);
#16807=ORIENTED_EDGE('',*,*,#16806,.T.);
#16808=ORIENTED_EDGE('',*,*,#16790,.T.);
#16809=ORIENTED_EDGE('',*,*,#16759,.T.);
#16810=EDGE_LOOP('',(#16804,#16805,#16807,#16808,#16809));
#16811=FACE_OUTER_BOUND('',#16810,.F.);
#16812=ADVANCED_FACE('',(#16811),#16803,.F.);
#16813=CARTESIAN_POINT('',(-5.408371308403E1,4.016359935279E1,2.29E0));
#16814=DIRECTION('',(0.E0,0.E0,1.E0));
#16815=DIRECTION('',(0.E0,1.E0,0.E0));
#16816=AXIS2_PLACEMENT_3D('',#16813,#16814,#16815);
#16817=PLANE('',#16816);
#16819=ORIENTED_EDGE('',*,*,#16818,.F.);
#16821=ORIENTED_EDGE('',*,*,#16820,.F.);
#16822=EDGE_LOOP('',(#16819,#16821));
#16823=FACE_OUTER_BOUND('',#16822,.F.);
#16824=ORIENTED_EDGE('',*,*,#16792,.F.);
#16825=ORIENTED_EDGE('',*,*,#16806,.F.);
#16826=EDGE_LOOP('',(#16824,#16825));
#16827=FACE_BOUND('',#16826,.F.);
#16828=ADVANCED_FACE('',(#16823,#16827),#16817,.F.);
#16829=CARTESIAN_POINT('',(0.E0,0.E0,2.29E0));
#16830=DIRECTION('',(0.E0,0.E0,1.E0));
#16831=DIRECTION('',(1.E0,0.E0,0.E0));
#16832=AXIS2_PLACEMENT_3D('',#16829,#16830,#16831);
#16833=CYLINDRICAL_SURFACE('',#16832,1.906E1);
#16834=ORIENTED_EDGE('',*,*,#16818,.T.);
#16836=ORIENTED_EDGE('',*,*,#16835,.F.);
#16838=ORIENTED_EDGE('',*,*,#16837,.T.);
#16840=ORIENTED_EDGE('',*,*,#16839,.F.);
#16842=ORIENTED_EDGE('',*,*,#16841,.T.);
#16844=ORIENTED_EDGE('',*,*,#16843,.F.);
#16846=ORIENTED_EDGE('',*,*,#16845,.T.);
#16848=ORIENTED_EDGE('',*,*,#16847,.T.);
#16849=EDGE_LOOP('',(#16834,#16836,#16838,#16840,#16842,#16844,#16846,#16848));
#16850=FACE_OUTER_BOUND('',#16849,.F.);
#16851=ADVANCED_FACE('',(#16850),#16833,.F.);
#16852=CARTESIAN_POINT('',(0.E0,0.E0,2.29E0));
#16853=DIRECTION('',(0.E0,0.E0,1.E0));
#16854=DIRECTION('',(1.E0,0.E0,0.E0));
#16855=AXIS2_PLACEMENT_3D('',#16852,#16853,#16854);
#16856=CYLINDRICAL_SURFACE('',#16855,1.906E1);
#16857=ORIENTED_EDGE('',*,*,#16820,.T.);
#16858=ORIENTED_EDGE('',*,*,#16847,.F.);
#16860=ORIENTED_EDGE('',*,*,#16859,.T.);
#16861=ORIENTED_EDGE('',*,*,#16835,.T.);
#16862=EDGE_LOOP('',(#16857,#16858,#16860,#16861));
#16863=FACE_OUTER_BOUND('',#16862,.F.);
#16864=ADVANCED_FACE('',(#16863),#16856,.F.);
#16865=CARTESIAN_POINT('',(0.E0,0.E0,2.14E0));
#16866=DIRECTION('',(0.E0,0.E0,-1.E0));
#16867=DIRECTION('',(1.E0,0.E0,0.E0));
#16868=AXIS2_PLACEMENT_3D('',#16865,#16866,#16867);
#16869=PLANE('',#16868);
#16870=ORIENTED_EDGE('',*,*,#16859,.F.);
#16871=ORIENTED_EDGE('',*,*,#16845,.F.);
#16873=ORIENTED_EDGE('',*,*,#16872,.F.);
#16875=ORIENTED_EDGE('',*,*,#16874,.F.);
#16877=ORIENTED_EDGE('',*,*,#16876,.F.);
#16879=ORIENTED_EDGE('',*,*,#16878,.F.);
#16881=ORIENTED_EDGE('',*,*,#16880,.F.);
#16882=ORIENTED_EDGE('',*,*,#16837,.F.);
#16883=EDGE_LOOP('',(#16870,#16871,#16873,#16875,#16877,#16879,#16881,#16882));
#16884=FACE_OUTER_BOUND('',#16883,.F.);
#16885=ADVANCED_FACE('',(#16884),#16869,.F.);
#16886=CARTESIAN_POINT('',(-4.472482463989E0,2.536470848658E1,1.5E0));
#16887=DIRECTION('',(0.E0,0.E0,-1.E0));
#16888=DIRECTION('',(0.E0,1.E0,0.E0));
#16889=AXIS2_PLACEMENT_3D('',#16886,#16887,#16888);
#16890=CYLINDRICAL_SURFACE('',#16889,8.E0);
#16892=ORIENTED_EDGE('',*,*,#16891,.T.);
#16894=ORIENTED_EDGE('',*,*,#16893,.T.);
#16896=ORIENTED_EDGE('',*,*,#16895,.T.);
#16898=ORIENTED_EDGE('',*,*,#16897,.T.);
#16900=ORIENTED_EDGE('',*,*,#16899,.F.);
#16901=ORIENTED_EDGE('',*,*,#16872,.T.);
#16902=ORIENTED_EDGE('',*,*,#16843,.T.);
#16903=EDGE_LOOP('',(#16892,#16894,#16896,#16898,#16900,#16901,#16902));
#16904=FACE_OUTER_BOUND('',#16903,.F.);
#16905=ADVANCED_FACE('',(#16904),#16890,.F.);
#16906=CARTESIAN_POINT('',(-5.408371308403E1,4.016359935279E1,1.5E0));
#16907=DIRECTION('',(0.E0,0.E0,1.E0));
#16908=DIRECTION('',(0.E0,1.E0,0.E0));
#16909=AXIS2_PLACEMENT_3D('',#16906,#16907,#16908);
#16910=PLANE('',#16909);
#16912=ORIENTED_EDGE('',*,*,#16911,.F.);
#16914=ORIENTED_EDGE('',*,*,#16913,.F.);
#16915=ORIENTED_EDGE('',*,*,#16891,.F.);
#16916=ORIENTED_EDGE('',*,*,#16841,.F.);
#16917=EDGE_LOOP('',(#16912,#16914,#16915,#16916));
#16918=FACE_OUTER_BOUND('',#16917,.F.);
#16919=ADVANCED_FACE('',(#16918),#16910,.T.);
#16920=CARTESIAN_POINT('',(2.953755502114E0,1.675157987874E1,2.14E0));
#16921=DIRECTION('',(-9.848077530122E-1,1.736481776669E-1,0.E0));
#16922=DIRECTION('',(-1.736481776669E-1,-9.848077530122E-1,0.E0));
#16923=AXIS2_PLACEMENT_3D('',#16920,#16921,#16922);
#16924=PLANE('',#16923);
#16925=ORIENTED_EDGE('',*,*,#16839,.T.);
#16926=ORIENTED_EDGE('',*,*,#16880,.T.);
#16928=ORIENTED_EDGE('',*,*,#16927,.T.);
#16930=ORIENTED_EDGE('',*,*,#16929,.T.);
#16932=ORIENTED_EDGE('',*,*,#16931,.T.);
#16934=ORIENTED_EDGE('',*,*,#16933,.T.);
#16935=ORIENTED_EDGE('',*,*,#16911,.T.);
#16936=EDGE_LOOP('',(#16925,#16926,#16928,#16930,#16932,#16934,#16935));
#16937=FACE_OUTER_BOUND('',#16936,.F.);
#16938=ADVANCED_FACE('',(#16937),#16924,.T.);
#16939=CARTESIAN_POINT('',(0.E0,0.E0,2.14E0));
#16940=DIRECTION('',(0.E0,0.E0,-1.E0));
#16941=DIRECTION('',(0.E0,1.E0,0.E0));
#16942=AXIS2_PLACEMENT_3D('',#16939,#16940,#16941);
#16943=CYLINDRICAL_SURFACE('',#16942,1.701E1);
#16944=ORIENTED_EDGE('',*,*,#16927,.F.);
#16945=ORIENTED_EDGE('',*,*,#16878,.T.);
#16946=ORIENTED_EDGE('',*,*,#16876,.T.);
#16948=ORIENTED_EDGE('',*,*,#16947,.F.);
#16950=ORIENTED_EDGE('',*,*,#16949,.T.);
#16952=ORIENTED_EDGE('',*,*,#16951,.T.);
#16953=EDGE_LOOP('',(#16944,#16945,#16946,#16948,#16950,#16952));
#16954=FACE_OUTER_BOUND('',#16953,.F.);
#16955=ADVANCED_FACE('',(#16954),#16943,.F.);
#16956=CARTESIAN_POINT('',(-3.341859179200E0,1.895262520672E1,2.14E0));
#16957=DIRECTION('',(9.848077530122E-1,1.736481776669E-1,0.E0));
#16958=DIRECTION('',(0.E0,0.E0,1.E0));
#16959=AXIS2_PLACEMENT_3D('',#16956,#16957,#16958);
#16960=PLANE('',#16959);
#16961=ORIENTED_EDGE('',*,*,#16874,.T.);
#16962=ORIENTED_EDGE('',*,*,#16899,.T.);
#16964=ORIENTED_EDGE('',*,*,#16963,.T.);
#16965=ORIENTED_EDGE('',*,*,#16947,.T.);
#16966=EDGE_LOOP('',(#16961,#16962,#16964,#16965));
#16967=FACE_OUTER_BOUND('',#16966,.F.);
#16968=ADVANCED_FACE('',(#16967),#16960,.T.);
#16969=CARTESIAN_POINT('',(0.E0,0.E0,1.5E0));
#16970=DIRECTION('',(0.E0,0.E0,-1.E0));
#16971=DIRECTION('',(1.E0,0.E0,0.E0));
#16972=AXIS2_PLACEMENT_3D('',#16969,#16970,#16971);
#16973=PLANE('',#16972);
#16975=ORIENTED_EDGE('',*,*,#16974,.F.);
#16977=ORIENTED_EDGE('',*,*,#16976,.F.);
#16978=ORIENTED_EDGE('',*,*,#16929,.F.);
#16979=ORIENTED_EDGE('',*,*,#16951,.F.);
#16980=ORIENTED_EDGE('',*,*,#16949,.F.);
#16981=ORIENTED_EDGE('',*,*,#16963,.F.);
#16983=ORIENTED_EDGE('',*,*,#16982,.F.);
#16984=EDGE_LOOP('',(#16975,#16977,#16978,#16979,#16980,#16981,#16983));
#16985=FACE_OUTER_BOUND('',#16984,.F.);
#16986=ADVANCED_FACE('',(#16985),#16973,.T.);
#16987=CARTESIAN_POINT('',(0.E0,0.E0,1.E0));
#16988=DIRECTION('',(0.E0,0.E0,1.E0));
#16989=DIRECTION('',(-1.E0,0.E0,0.E0));
#16990=AXIS2_PLACEMENT_3D('',#16987,#16988,#16989);
#16991=CYLINDRICAL_SURFACE('',#16990,1.775E1);
#16993=ORIENTED_EDGE('',*,*,#16992,.T.);
#16995=ORIENTED_EDGE('',*,*,#16994,.T.);
#16996=ORIENTED_EDGE('',*,*,#16974,.T.);
#16998=ORIENTED_EDGE('',*,*,#16997,.F.);
#16999=EDGE_LOOP('',(#16993,#16995,#16996,#16998));
#17000=FACE_OUTER_BOUND('',#16999,.F.);
#17001=ADVANCED_FACE('',(#17000),#16991,.F.);
#17002=CARTESIAN_POINT('',(0.E0,0.E0,1.E0));
#17003=DIRECTION('',(0.E0,0.E0,1.E0));
#17004=DIRECTION('',(0.E0,1.E0,0.E0));
#17005=AXIS2_PLACEMENT_3D('',#17002,#17003,#17004);
#17006=PLANE('',#17005);
#17007=ORIENTED_EDGE('',*,*,#16992,.F.);
#17009=ORIENTED_EDGE('',*,*,#17008,.F.);
#17010=EDGE_LOOP('',(#17007,#17009));
#17011=FACE_OUTER_BOUND('',#17010,.F.);
#17013=ORIENTED_EDGE('',*,*,#17012,.F.);
#17015=ORIENTED_EDGE('',*,*,#17014,.F.);
#17016=EDGE_LOOP('',(#17013,#17015));
#17017=FACE_BOUND('',#17016,.F.);
#17018=ADVANCED_FACE('',(#17011,#17017),#17006,.T.);
#17019=CARTESIAN_POINT('',(0.E0,0.E0,1.E0));
#17020=DIRECTION('',(0.E0,0.E0,1.E0));
#17021=DIRECTION('',(-1.E0,0.E0,0.E0));
#17022=AXIS2_PLACEMENT_3D('',#17019,#17020,#17021);
#17023=CYLINDRICAL_SURFACE('',#17022,1.775E1);
#17024=ORIENTED_EDGE('',*,*,#17008,.T.);
#17025=ORIENTED_EDGE('',*,*,#16997,.T.);
#17026=ORIENTED_EDGE('',*,*,#16982,.T.);
#17028=ORIENTED_EDGE('',*,*,#17027,.T.);
#17029=ORIENTED_EDGE('',*,*,#16976,.T.);
#17030=ORIENTED_EDGE('',*,*,#16994,.F.);
#17031=EDGE_LOOP('',(#17024,#17025,#17026,#17028,#17029,#17030));
#17032=FACE_OUTER_BOUND('',#17031,.F.);
#17033=ADVANCED_FACE('',(#17032),#17023,.F.);
#17034=CARTESIAN_POINT('',(0.E0,0.E0,1.5E0));
#17035=DIRECTION('',(0.E0,0.E0,-1.E0));
#17036=DIRECTION('',(1.E0,0.E0,0.E0));
#17037=AXIS2_PLACEMENT_3D('',#17034,#17035,#17036);
#17038=PLANE('',#17037);
#17039=ORIENTED_EDGE('',*,*,#16931,.F.);
#17040=ORIENTED_EDGE('',*,*,#17027,.F.);
#17041=ORIENTED_EDGE('',*,*,#16897,.F.);
#17042=ORIENTED_EDGE('',*,*,#16895,.F.);
#17044=ORIENTED_EDGE('',*,*,#17043,.F.);
#17045=EDGE_LOOP('',(#17039,#17040,#17041,#17042,#17044));
#17046=FACE_OUTER_BOUND('',#17045,.F.);
#17047=ADVANCED_FACE('',(#17046),#17038,.F.);
#17048=CARTESIAN_POINT('',(0.E0,0.E0,1.2E0));
#17049=DIRECTION('',(0.E0,0.E0,-1.E0));
#17050=DIRECTION('',(1.E0,0.E0,0.E0));
#17051=AXIS2_PLACEMENT_3D('',#17048,#17049,#17050);
#17052=TOROIDAL_SURFACE('',#17051,1.82E1,3.E-1);
#17053=ORIENTED_EDGE('',*,*,#17043,.T.);
#17055=ORIENTED_EDGE('',*,*,#17054,.T.);
#17057=ORIENTED_EDGE('',*,*,#17056,.T.);
#17059=ORIENTED_EDGE('',*,*,#17058,.T.);
#17061=ORIENTED_EDGE('',*,*,#17060,.F.);
#17063=ORIENTED_EDGE('',*,*,#17062,.T.);
#17064=EDGE_LOOP('',(#17053,#17055,#17057,#17059,#17061,#17063));
#17065=FACE_OUTER_BOUND('',#17064,.F.);
#17066=ADVANCED_FACE('',(#17065),#17052,.T.);
#17067=CARTESIAN_POINT('',(0.E0,0.E0,1.5E0));
#17068=DIRECTION('',(0.E0,0.E0,-1.E0));
#17069=DIRECTION('',(1.E0,0.E0,0.E0));
#17070=AXIS2_PLACEMENT_3D('',#17067,#17068,#17069);
#17071=PLANE('',#17070);
#17072=ORIENTED_EDGE('',*,*,#17062,.F.);
#17074=ORIENTED_EDGE('',*,*,#17073,.F.);
#17075=ORIENTED_EDGE('',*,*,#17054,.F.);
#17076=ORIENTED_EDGE('',*,*,#16893,.F.);
#17078=ORIENTED_EDGE('',*,*,#17077,.F.);
#17080=ORIENTED_EDGE('',*,*,#17079,.F.);
#17082=ORIENTED_EDGE('',*,*,#17081,.F.);
#17083=ORIENTED_EDGE('',*,*,#16933,.F.);
#17084=EDGE_LOOP('',(#17072,#17074,#17075,#17076,#17078,#17080,#17082,#17083));
#17085=FACE_OUTER_BOUND('',#17084,.F.);
#17086=ADVANCED_FACE('',(#17085),#17071,.T.);
#17087=CARTESIAN_POINT('',(0.E0,0.E0,1.2E0));
#17088=DIRECTION('',(0.E0,0.E0,-1.E0));
#17089=DIRECTION('',(1.E0,0.E0,0.E0));
#17090=AXIS2_PLACEMENT_3D('',#17087,#17088,#17089);
#17091=TOROIDAL_SURFACE('',#17090,1.82E1,3.E-1);
#17092=ORIENTED_EDGE('',*,*,#17073,.T.);
#17093=ORIENTED_EDGE('',*,*,#17060,.T.);
#17095=ORIENTED_EDGE('',*,*,#17094,.T.);
#17096=ORIENTED_EDGE('',*,*,#17056,.F.);
#17097=EDGE_LOOP('',(#17092,#17093,#17095,#17096));
#17098=FACE_OUTER_BOUND('',#17097,.F.);
#17099=ADVANCED_FACE('',(#17098),#17091,.T.);
#17100=CARTESIAN_POINT('',(0.E0,0.E0,1.2E0));
#17101=DIRECTION('',(0.E0,0.E0,-1.E0));
#17102=DIRECTION('',(1.E0,0.E0,0.E0));
#17103=AXIS2_PLACEMENT_3D('',#17100,#17101,#17102);
#17104=TOROIDAL_SURFACE('',#17103,1.82E1,3.E-1);
#17106=ORIENTED_EDGE('',*,*,#17105,.F.);
#17108=ORIENTED_EDGE('',*,*,#17107,.F.);
#17109=ORIENTED_EDGE('',*,*,#17094,.F.);
#17111=ORIENTED_EDGE('',*,*,#17110,.T.);
#17112=EDGE_LOOP('',(#17106,#17108,#17109,#17111));
#17113=FACE_OUTER_BOUND('',#17112,.F.);
#17114=ADVANCED_FACE('',(#17113),#17104,.T.);
#17115=CARTESIAN_POINT('',(0.E0,0.E0,-1.68E1));
#17116=DIRECTION('',(0.E0,0.E0,1.E0));
#17117=DIRECTION('',(-1.E0,0.E0,0.E0));
#17118=AXIS2_PLACEMENT_3D('',#17115,#17116,#17117);
#17119=CYLINDRICAL_SURFACE('',#17118,1.85E1);
#17120=ORIENTED_EDGE('',*,*,#17079,.T.);
#17122=ORIENTED_EDGE('',*,*,#17121,.F.);
#17123=ORIENTED_EDGE('',*,*,#17105,.T.);
#17125=ORIENTED_EDGE('',*,*,#17124,.T.);
#17126=EDGE_LOOP('',(#17120,#17122,#17123,#17125));
#17127=FACE_OUTER_BOUND('',#17126,.F.);
#17128=ADVANCED_FACE('',(#17127),#17119,.F.);
#17129=CARTESIAN_POINT('',(0.E0,0.E0,-1.68E1));
#17130=DIRECTION('',(0.E0,0.E0,1.E0));
#17131=DIRECTION('',(-1.E0,0.E0,0.E0));
#17132=AXIS2_PLACEMENT_3D('',#17129,#17130,#17131);
#17133=CYLINDRICAL_SURFACE('',#17132,1.85E1);
#17134=ORIENTED_EDGE('',*,*,#16913,.T.);
#17135=ORIENTED_EDGE('',*,*,#17081,.T.);
#17136=ORIENTED_EDGE('',*,*,#17124,.F.);
#17138=ORIENTED_EDGE('',*,*,#17137,.T.);
#17139=ORIENTED_EDGE('',*,*,#17121,.T.);
#17140=ORIENTED_EDGE('',*,*,#17077,.T.);
#17141=EDGE_LOOP('',(#17134,#17135,#17136,#17138,#17139,#17140));
#17142=FACE_OUTER_BOUND('',#17141,.F.);
#17143=ADVANCED_FACE('',(#17142),#17133,.F.);
#17144=CARTESIAN_POINT('',(0.E0,0.E0,1.2E0));
#17145=DIRECTION('',(0.E0,0.E0,-1.E0));
#17146=DIRECTION('',(1.E0,0.E0,0.E0));
#17147=AXIS2_PLACEMENT_3D('',#17144,#17145,#17146);
#17148=TOROIDAL_SURFACE('',#17147,1.82E1,3.E-1);
#17149=ORIENTED_EDGE('',*,*,#17137,.F.);
#17150=ORIENTED_EDGE('',*,*,#17110,.F.);
#17151=ORIENTED_EDGE('',*,*,#17058,.F.);
#17152=ORIENTED_EDGE('',*,*,#17107,.T.);
#17153=EDGE_LOOP('',(#17149,#17150,#17151,#17152));
#17154=FACE_OUTER_BOUND('',#17153,.F.);
#17155=ADVANCED_FACE('',(#17154),#17148,.T.);
#17156=CARTESIAN_POINT('',(0.E0,0.E0,1.E0));
#17157=DIRECTION('',(0.E0,0.E0,1.E0));
#17158=DIRECTION('',(-1.E0,0.E0,0.E0));
#17159=AXIS2_PLACEMENT_3D('',#17156,#17157,#17158);
#17160=CYLINDRICAL_SURFACE('',#17159,1.575E1);
#17161=ORIENTED_EDGE('',*,*,#17012,.T.);
#17163=ORIENTED_EDGE('',*,*,#17162,.T.);
#17165=ORIENTED_EDGE('',*,*,#17164,.T.);
#17167=ORIENTED_EDGE('',*,*,#17166,.F.);
#17168=EDGE_LOOP('',(#17161,#17163,#17165,#17167));
#17169=FACE_OUTER_BOUND('',#17168,.F.);
#17170=ADVANCED_FACE('',(#17169),#17160,.T.);
#17171=CARTESIAN_POINT('',(0.E0,0.E0,1.E0));
#17172=DIRECTION('',(0.E0,0.E0,1.E0));
#17173=DIRECTION('',(-1.E0,0.E0,0.E0));
#17174=AXIS2_PLACEMENT_3D('',#17171,#17172,#17173);
#17175=CYLINDRICAL_SURFACE('',#17174,1.575E1);
#17176=ORIENTED_EDGE('',*,*,#17014,.T.);
#17177=ORIENTED_EDGE('',*,*,#17166,.T.);
#17179=ORIENTED_EDGE('',*,*,#17178,.T.);
#17180=ORIENTED_EDGE('',*,*,#17162,.F.);
#17181=EDGE_LOOP('',(#17176,#17177,#17179,#17180));
#17182=FACE_OUTER_BOUND('',#17181,.F.);
#17183=ADVANCED_FACE('',(#17182),#17175,.T.);
#17184=CARTESIAN_POINT('',(0.E0,0.E0,1.5E0));
#17185=DIRECTION('',(0.E0,0.E0,-1.E0));
#17186=DIRECTION('',(1.E0,0.E0,0.E0));
#17187=AXIS2_PLACEMENT_3D('',#17184,#17185,#17186);
#17188=PLANE('',#17187);
#17189=ORIENTED_EDGE('',*,*,#17164,.F.);
#17190=ORIENTED_EDGE('',*,*,#17178,.F.);
#17191=EDGE_LOOP('',(#17189,#17190));
#17192=FACE_OUTER_BOUND('',#17191,.F.);
#17194=ORIENTED_EDGE('',*,*,#17193,.F.);
#17196=ORIENTED_EDGE('',*,*,#17195,.F.);
#17197=EDGE_LOOP('',(#17194,#17196));
#17198=FACE_BOUND('',#17197,.F.);
#17199=ADVANCED_FACE('',(#17192,#17198),#17188,.F.);
#17200=CARTESIAN_POINT('',(0.E0,0.E0,1.2E0));
#17201=DIRECTION('',(0.E0,0.E0,-1.E0));
#17202=DIRECTION('',(1.E0,0.E0,0.E0));
#17203=AXIS2_PLACEMENT_3D('',#17200,#17201,#17202);
#17204=TOROIDAL_SURFACE('',#17203,1.53E1,3.E-1);
#17205=ORIENTED_EDGE('',*,*,#17193,.T.);
#17207=ORIENTED_EDGE('',*,*,#17206,.F.);
#17209=ORIENTED_EDGE('',*,*,#17208,.F.);
#17211=ORIENTED_EDGE('',*,*,#17210,.T.);
#17212=EDGE_LOOP('',(#17205,#17207,#17209,#17211));
#17213=FACE_OUTER_BOUND('',#17212,.F.);
#17214=ADVANCED_FACE('',(#17213),#17204,.T.);
#17215=CARTESIAN_POINT('',(0.E0,0.E0,1.2E0));
#17216=DIRECTION('',(0.E0,0.E0,-1.E0));
#17217=DIRECTION('',(1.E0,0.E0,0.E0));
#17218=AXIS2_PLACEMENT_3D('',#17215,#17216,#17217);
#17219=TOROIDAL_SURFACE('',#17218,1.53E1,3.E-1);
#17220=ORIENTED_EDGE('',*,*,#17195,.T.);
#17221=ORIENTED_EDGE('',*,*,#17210,.F.);
#17223=ORIENTED_EDGE('',*,*,#17222,.F.);
#17224=ORIENTED_EDGE('',*,*,#17206,.T.);
#17225=EDGE_LOOP('',(#17220,#17221,#17223,#17224));
#17226=FACE_OUTER_BOUND('',#17225,.F.);
#17227=ADVANCED_FACE('',(#17226),#17219,.T.);
#17228=CARTESIAN_POINT('',(0.E0,0.E0,1.2E0));
#17229=DIRECTION('',(0.E0,0.E0,-1.E0));
#17230=DIRECTION('',(1.E0,0.E0,0.E0));
#17231=AXIS2_PLACEMENT_3D('',#17228,#17229,#17230);
#17232=TOROIDAL_SURFACE('',#17231,1.53E1,3.E-1);
#17234=ORIENTED_EDGE('',*,*,#17233,.F.);
#17236=ORIENTED_EDGE('',*,*,#17235,.T.);
#17237=ORIENTED_EDGE('',*,*,#17222,.T.);
#17239=ORIENTED_EDGE('',*,*,#17238,.F.);
#17240=EDGE_LOOP('',(#17234,#17236,#17237,#17239));
#17241=FACE_OUTER_BOUND('',#17240,.F.);
#17242=ADVANCED_FACE('',(#17241),#17232,.T.);
#17243=CARTESIAN_POINT('',(1.333048349484E-14,2.994075620717E-14,4.E0));
#17244=DIRECTION('',(0.E0,0.E0,1.E0));
#17245=DIRECTION('',(1.E0,0.E0,0.E0));
#17246=AXIS2_PLACEMENT_3D('',#17243,#17244,#17245);
#17247=CYLINDRICAL_SURFACE('',#17246,1.5E1);
#17249=ORIENTED_EDGE('',*,*,#17248,.T.);
#17251=ORIENTED_EDGE('',*,*,#17250,.T.);
#17253=ORIENTED_EDGE('',*,*,#17252,.F.);
#17254=ORIENTED_EDGE('',*,*,#17233,.T.);
#17256=ORIENTED_EDGE('',*,*,#17255,.T.);
#17257=EDGE_LOOP('',(#17249,#17251,#17253,#17254,#17256));
#17258=FACE_OUTER_BOUND('',#17257,.F.);
#17259=ADVANCED_FACE('',(#17258),#17247,.T.);
#17260=CARTESIAN_POINT('',(1.333048349484E-14,2.994075620717E-14,
3.750000000003E0));
#17261=DIRECTION('',(0.E0,0.E0,-1.E0));
#17262=DIRECTION('',(0.E0,1.E0,0.E0));
#17263=AXIS2_PLACEMENT_3D('',#17260,#17261,#17262);
#17264=CONICAL_SURFACE('',#17263,1.493301270190E1,1.5E1);
#17266=ORIENTED_EDGE('',*,*,#17265,.T.);
#17268=ORIENTED_EDGE('',*,*,#17267,.T.);
#17269=ORIENTED_EDGE('',*,*,#17248,.F.);
#17271=ORIENTED_EDGE('',*,*,#17270,.F.);
#17273=ORIENTED_EDGE('',*,*,#17272,.F.);
#17274=EDGE_LOOP('',(#17266,#17268,#17269,#17271,#17273));
#17275=FACE_OUTER_BOUND('',#17274,.F.);
#17276=ADVANCED_FACE('',(#17275),#17264,.T.);
#17277=CARTESIAN_POINT('',(1.333048349484E-14,2.994075620717E-14,4.E0));
#17278=DIRECTION('',(0.E0,0.E0,1.E0));
#17279=DIRECTION('',(0.E0,1.E0,0.E0));
#17280=AXIS2_PLACEMENT_3D('',#17277,#17278,#17279);
#17281=PLANE('',#17280);
#17283=ORIENTED_EDGE('',*,*,#17282,.F.);
#17284=ORIENTED_EDGE('',*,*,#17265,.F.);
#17285=EDGE_LOOP('',(#17283,#17284));
#17286=FACE_OUTER_BOUND('',#17285,.F.);
#17288=ORIENTED_EDGE('',*,*,#17287,.F.);
#17290=ORIENTED_EDGE('',*,*,#17289,.F.);
#17291=EDGE_LOOP('',(#17288,#17290));
#17292=FACE_BOUND('',#17291,.F.);
#17294=ORIENTED_EDGE('',*,*,#17293,.F.);
#17296=ORIENTED_EDGE('',*,*,#17295,.F.);
#17297=EDGE_LOOP('',(#17294,#17296));
#17298=FACE_BOUND('',#17297,.F.);
#17300=ORIENTED_EDGE('',*,*,#17299,.F.);
#17302=ORIENTED_EDGE('',*,*,#17301,.F.);
#17303=EDGE_LOOP('',(#17300,#17302));
#17304=FACE_BOUND('',#17303,.F.);
#17306=ORIENTED_EDGE('',*,*,#17305,.F.);
#17308=ORIENTED_EDGE('',*,*,#17307,.F.);
#17309=EDGE_LOOP('',(#17306,#17308));
#17310=FACE_BOUND('',#17309,.F.);
#17312=ORIENTED_EDGE('',*,*,#17311,.F.);
#17314=ORIENTED_EDGE('',*,*,#17313,.F.);
#17315=EDGE_LOOP('',(#17312,#17314));
#17316=FACE_BOUND('',#17315,.F.);
#17318=ORIENTED_EDGE('',*,*,#17317,.F.);
#17320=ORIENTED_EDGE('',*,*,#17319,.F.);
#17321=EDGE_LOOP('',(#17318,#17320));
#17322=FACE_BOUND('',#17321,.F.);
#17324=ORIENTED_EDGE('',*,*,#17323,.F.);
#17326=ORIENTED_EDGE('',*,*,#17325,.F.);
#17327=EDGE_LOOP('',(#17324,#17326));
#17328=FACE_BOUND('',#17327,.F.);
#17330=ORIENTED_EDGE('',*,*,#17329,.F.);
#17332=ORIENTED_EDGE('',*,*,#17331,.F.);
#17333=EDGE_LOOP('',(#17330,#17332));
#17334=FACE_BOUND('',#17333,.F.);
#17336=ORIENTED_EDGE('',*,*,#17335,.F.);
#17338=ORIENTED_EDGE('',*,*,#17337,.F.);
#17339=EDGE_LOOP('',(#17336,#17338));
#17340=FACE_BOUND('',#17339,.F.);
#17342=ORIENTED_EDGE('',*,*,#17341,.F.);
#17344=ORIENTED_EDGE('',*,*,#17343,.F.);
#17345=EDGE_LOOP('',(#17342,#17344));
#17346=FACE_BOUND('',#17345,.F.);
#17347=ADVANCED_FACE('',(#17286,#17292,#17298,#17304,#17310,#17316,#17322,
#17328,#17334,#17340,#17346),#17281,.T.);
#17348=CARTESIAN_POINT('',(1.333048349484E-14,2.994075620717E-14,
3.750000000003E0));
#17349=DIRECTION('',(0.E0,0.E0,-1.E0));
#17350=DIRECTION('',(0.E0,1.E0,0.E0));
#17351=AXIS2_PLACEMENT_3D('',#17348,#17349,#17350);
#17352=CONICAL_SURFACE('',#17351,1.493301270190E1,1.5E1);
#17353=ORIENTED_EDGE('',*,*,#17282,.T.);
#17354=ORIENTED_EDGE('',*,*,#17272,.T.);
#17356=ORIENTED_EDGE('',*,*,#17355,.F.);
#17357=ORIENTED_EDGE('',*,*,#17250,.F.);
#17358=ORIENTED_EDGE('',*,*,#17267,.F.);
#17359=EDGE_LOOP('',(#17353,#17354,#17356,#17357,#17358));
#17360=FACE_OUTER_BOUND('',#17359,.F.);
#17361=ADVANCED_FACE('',(#17360),#17352,.T.);
#17362=CARTESIAN_POINT('',(1.333048349484E-14,2.994075620717E-14,4.E0));
#17363=DIRECTION('',(0.E0,0.E0,1.E0));
#17364=DIRECTION('',(1.E0,0.E0,0.E0));
#17365=AXIS2_PLACEMENT_3D('',#17362,#17363,#17364);
#17366=CYLINDRICAL_SURFACE('',#17365,1.5E1);
#17367=ORIENTED_EDGE('',*,*,#17270,.T.);
#17368=ORIENTED_EDGE('',*,*,#17255,.F.);
#17370=ORIENTED_EDGE('',*,*,#17369,.T.);
#17371=ORIENTED_EDGE('',*,*,#17252,.T.);
#17372=ORIENTED_EDGE('',*,*,#17355,.T.);
#17373=EDGE_LOOP('',(#17367,#17368,#17370,#17371,#17372));
#17374=FACE_OUTER_BOUND('',#17373,.F.);
#17375=ADVANCED_FACE('',(#17374),#17366,.T.);
#17376=CARTESIAN_POINT('',(0.E0,0.E0,1.2E0));
#17377=DIRECTION('',(0.E0,0.E0,-1.E0));
#17378=DIRECTION('',(1.E0,0.E0,0.E0));
#17379=AXIS2_PLACEMENT_3D('',#17376,#17377,#17378);
#17380=TOROIDAL_SURFACE('',#17379,1.53E1,3.E-1);
#17381=ORIENTED_EDGE('',*,*,#17369,.F.);
#17382=ORIENTED_EDGE('',*,*,#17238,.T.);
#17383=ORIENTED_EDGE('',*,*,#17208,.T.);
#17384=ORIENTED_EDGE('',*,*,#17235,.F.);
#17385=EDGE_LOOP('',(#17381,#17382,#17383,#17384));
#17386=FACE_OUTER_BOUND('',#17385,.F.);
#17387=ADVANCED_FACE('',(#17386),#17380,.T.);
#17388=CARTESIAN_POINT('',(-6.E0,1.039230484541E1,-6.E-1));
#17389=DIRECTION('',(0.E0,0.E0,1.E0));
#17390=DIRECTION('',(5.E-1,8.660254037844E-1,0.E0));
#17391=AXIS2_PLACEMENT_3D('',#17388,#17389,#17390);
#17392=CYLINDRICAL_SURFACE('',#17391,1.65E0);
#17393=ORIENTED_EDGE('',*,*,#17287,.T.);
#17395=ORIENTED_EDGE('',*,*,#17394,.F.);
#17397=ORIENTED_EDGE('',*,*,#17396,.T.);
#17399=ORIENTED_EDGE('',*,*,#17398,.T.);
#17401=ORIENTED_EDGE('',*,*,#17400,.T.);
#17402=EDGE_LOOP('',(#17393,#17395,#17397,#17399,#17401));
#17403=FACE_OUTER_BOUND('',#17402,.F.);
#17404=ADVANCED_FACE('',(#17403),#17392,.F.);
#17405=CARTESIAN_POINT('',(-6.E0,1.039230484541E1,-6.E-1));
#17406=DIRECTION('',(0.E0,0.E0,1.E0));
#17407=DIRECTION('',(5.E-1,8.660254037844E-1,0.E0));
#17408=AXIS2_PLACEMENT_3D('',#17405,#17406,#17407);
#17409=CYLINDRICAL_SURFACE('',#17408,1.65E0);
#17410=ORIENTED_EDGE('',*,*,#17289,.T.);
#17411=ORIENTED_EDGE('',*,*,#17400,.F.);
#17413=ORIENTED_EDGE('',*,*,#17412,.T.);
#17415=ORIENTED_EDGE('',*,*,#17414,.T.);
#17416=ORIENTED_EDGE('',*,*,#17394,.T.);
#17417=EDGE_LOOP('',(#17410,#17411,#17413,#17415,#17416));
#17418=FACE_OUTER_BOUND('',#17417,.F.);
#17419=ADVANCED_FACE('',(#17418),#17409,.F.);
#17420=CARTESIAN_POINT('',(4.493939807500E-1,6.882763899800E-1,0.E0));
#17421=DIRECTION('',(0.E0,0.E0,-1.E0));
#17422=DIRECTION('',(1.E0,0.E0,0.E0));
#17423=AXIS2_PLACEMENT_3D('',#17420,#17421,#17422);
#17424=PLANE('',#17423);
#17425=ORIENTED_EDGE('',*,*,#17398,.F.);
#17426=ORIENTED_EDGE('',*,*,#17396,.F.);
#17427=ORIENTED_EDGE('',*,*,#17414,.F.);
#17428=ORIENTED_EDGE('',*,*,#17412,.F.);
#17429=EDGE_LOOP('',(#17425,#17426,#17427,#17428));
#17430=FACE_OUTER_BOUND('',#17429,.F.);
#17431=ADVANCED_FACE('',(#17430),#17424,.F.);
#17432=CARTESIAN_POINT('',(6.E0,1.039230484541E1,-6.E-1));
#17433=DIRECTION('',(0.E0,0.E0,1.E0));
#17434=DIRECTION('',(1.E0,0.E0,0.E0));
#17435=AXIS2_PLACEMENT_3D('',#17432,#17433,#17434);
#17436=CYLINDRICAL_SURFACE('',#17435,1.65E0);
#17437=ORIENTED_EDGE('',*,*,#17293,.T.);
#17439=ORIENTED_EDGE('',*,*,#17438,.F.);
#17441=ORIENTED_EDGE('',*,*,#17440,.T.);
#17443=ORIENTED_EDGE('',*,*,#17442,.T.);
#17444=EDGE_LOOP('',(#17437,#17439,#17441,#17443));
#17445=FACE_OUTER_BOUND('',#17444,.F.);
#17446=ADVANCED_FACE('',(#17445),#17436,.F.);
#17447=CARTESIAN_POINT('',(6.E0,1.039230484541E1,-6.E-1));
#17448=DIRECTION('',(0.E0,0.E0,1.E0));
#17449=DIRECTION('',(1.E0,0.E0,0.E0));
#17450=AXIS2_PLACEMENT_3D('',#17447,#17448,#17449);
#17451=CYLINDRICAL_SURFACE('',#17450,1.65E0);
#17452=ORIENTED_EDGE('',*,*,#17295,.T.);
#17453=ORIENTED_EDGE('',*,*,#17442,.F.);
#17455=ORIENTED_EDGE('',*,*,#17454,.T.);
#17456=ORIENTED_EDGE('',*,*,#17438,.T.);
#17457=EDGE_LOOP('',(#17452,#17453,#17455,#17456));
#17458=FACE_OUTER_BOUND('',#17457,.F.);
#17459=ADVANCED_FACE('',(#17458),#17451,.F.);
#17460=CARTESIAN_POINT('',(4.493939807500E-1,6.882763899800E-1,0.E0));
#17461=DIRECTION('',(0.E0,0.E0,-1.E0));
#17462=DIRECTION('',(1.E0,0.E0,0.E0));
#17463=AXIS2_PLACEMENT_3D('',#17460,#17461,#17462);
#17464=PLANE('',#17463);
#17465=ORIENTED_EDGE('',*,*,#17440,.F.);
#17466=ORIENTED_EDGE('',*,*,#17454,.F.);
#17467=EDGE_LOOP('',(#17465,#17466));
#17468=FACE_OUTER_BOUND('',#17467,.F.);
#17469=ADVANCED_FACE('',(#17468),#17464,.F.);
#17470=CARTESIAN_POINT('',(1.2E1,2.994075620717E-14,-6.E-1));
#17471=DIRECTION('',(0.E0,0.E0,1.E0));
#17472=DIRECTION('',(5.E-1,-8.660254037844E-1,0.E0));
#17473=AXIS2_PLACEMENT_3D('',#17470,#17471,#17472);
#17474=CYLINDRICAL_SURFACE('',#17473,1.65E0);
#17475=ORIENTED_EDGE('',*,*,#17299,.T.);
#17477=ORIENTED_EDGE('',*,*,#17476,.F.);
#17479=ORIENTED_EDGE('',*,*,#17478,.T.);
#17481=ORIENTED_EDGE('',*,*,#17480,.T.);
#17483=ORIENTED_EDGE('',*,*,#17482,.T.);
#17484=EDGE_LOOP('',(#17475,#17477,#17479,#17481,#17483));
#17485=FACE_OUTER_BOUND('',#17484,.F.);
#17486=ADVANCED_FACE('',(#17485),#17474,.F.);
#17487=CARTESIAN_POINT('',(1.2E1,2.994075620717E-14,-6.E-1));
#17488=DIRECTION('',(0.E0,0.E0,1.E0));
#17489=DIRECTION('',(5.E-1,-8.660254037844E-1,0.E0));
#17490=AXIS2_PLACEMENT_3D('',#17487,#17488,#17489);
#17491=CYLINDRICAL_SURFACE('',#17490,1.65E0);
#17492=ORIENTED_EDGE('',*,*,#17301,.T.);
#17493=ORIENTED_EDGE('',*,*,#17482,.F.);
#17495=ORIENTED_EDGE('',*,*,#17494,.T.);
#17497=ORIENTED_EDGE('',*,*,#17496,.T.);
#17498=ORIENTED_EDGE('',*,*,#17476,.T.);
#17499=EDGE_LOOP('',(#17492,#17493,#17495,#17497,#17498));
#17500=FACE_OUTER_BOUND('',#17499,.F.);
#17501=ADVANCED_FACE('',(#17500),#17491,.F.);
#17502=CARTESIAN_POINT('',(4.493939807500E-1,6.882763899800E-1,0.E0));
#17503=DIRECTION('',(0.E0,0.E0,-1.E0));
#17504=DIRECTION('',(1.E0,0.E0,0.E0));
#17505=AXIS2_PLACEMENT_3D('',#17502,#17503,#17504);
#17506=PLANE('',#17505);
#17507=ORIENTED_EDGE('',*,*,#17480,.F.);
#17508=ORIENTED_EDGE('',*,*,#17478,.F.);
#17509=ORIENTED_EDGE('',*,*,#17496,.F.);
#17510=ORIENTED_EDGE('',*,*,#17494,.F.);
#17511=EDGE_LOOP('',(#17507,#17508,#17509,#17510));
#17512=FACE_OUTER_BOUND('',#17511,.F.);
#17513=ADVANCED_FACE('',(#17512),#17506,.F.);
#17514=CARTESIAN_POINT('',(6.E0,-1.039230484541E1,-6.E-1));
#17515=DIRECTION('',(0.E0,0.E0,1.E0));
#17516=DIRECTION('',(-5.E-1,-8.660254037844E-1,0.E0));
#17517=AXIS2_PLACEMENT_3D('',#17514,#17515,#17516);
#17518=CYLINDRICAL_SURFACE('',#17517,1.65E0);
#17519=ORIENTED_EDGE('',*,*,#17305,.T.);
#17521=ORIENTED_EDGE('',*,*,#17520,.F.);
#17523=ORIENTED_EDGE('',*,*,#17522,.T.);
#17525=ORIENTED_EDGE('',*,*,#17524,.T.);
#17527=ORIENTED_EDGE('',*,*,#17526,.T.);
#17528=EDGE_LOOP('',(#17519,#17521,#17523,#17525,#17527));
#17529=FACE_OUTER_BOUND('',#17528,.F.);
#17530=ADVANCED_FACE('',(#17529),#17518,.F.);
#17531=CARTESIAN_POINT('',(6.E0,-1.039230484541E1,-6.E-1));
#17532=DIRECTION('',(0.E0,0.E0,1.E0));
#17533=DIRECTION('',(-5.E-1,-8.660254037844E-1,0.E0));
#17534=AXIS2_PLACEMENT_3D('',#17531,#17532,#17533);
#17535=CYLINDRICAL_SURFACE('',#17534,1.65E0);
#17536=ORIENTED_EDGE('',*,*,#17307,.T.);
#17537=ORIENTED_EDGE('',*,*,#17526,.F.);
#17539=ORIENTED_EDGE('',*,*,#17538,.T.);
#17541=ORIENTED_EDGE('',*,*,#17540,.T.);
#17542=ORIENTED_EDGE('',*,*,#17520,.T.);
#17543=EDGE_LOOP('',(#17536,#17537,#17539,#17541,#17542));
#17544=FACE_OUTER_BOUND('',#17543,.F.);
#17545=ADVANCED_FACE('',(#17544),#17535,.F.);
#17546=CARTESIAN_POINT('',(4.493939807500E-1,6.882763899800E-1,0.E0));
#17547=DIRECTION('',(0.E0,0.E0,-1.E0));
#17548=DIRECTION('',(1.E0,0.E0,0.E0));
#17549=AXIS2_PLACEMENT_3D('',#17546,#17547,#17548);
#17550=PLANE('',#17549);
#17551=ORIENTED_EDGE('',*,*,#17524,.F.);
#17552=ORIENTED_EDGE('',*,*,#17522,.F.);
#17553=ORIENTED_EDGE('',*,*,#17540,.F.);
#17554=ORIENTED_EDGE('',*,*,#17538,.F.);
#17555=EDGE_LOOP('',(#17551,#17552,#17553,#17554));
#17556=FACE_OUTER_BOUND('',#17555,.F.);
#17557=ADVANCED_FACE('',(#17556),#17550,.F.);
#17558=CARTESIAN_POINT('',(-6.E0,-1.039230484541E1,-6.E-1));
#17559=DIRECTION('',(0.E0,0.E0,1.E0));
#17560=DIRECTION('',(-1.E0,0.E0,0.E0));
#17561=AXIS2_PLACEMENT_3D('',#17558,#17559,#17560);
#17562=CYLINDRICAL_SURFACE('',#17561,1.65E0);
#17563=ORIENTED_EDGE('',*,*,#17311,.T.);
#17565=ORIENTED_EDGE('',*,*,#17564,.F.);
#17567=ORIENTED_EDGE('',*,*,#17566,.T.);
#17569=ORIENTED_EDGE('',*,*,#17568,.T.);
#17570=EDGE_LOOP('',(#17563,#17565,#17567,#17569));
#17571=FACE_OUTER_BOUND('',#17570,.F.);
#17572=ADVANCED_FACE('',(#17571),#17562,.F.);
#17573=CARTESIAN_POINT('',(-6.E0,-1.039230484541E1,-6.E-1));
#17574=DIRECTION('',(0.E0,0.E0,1.E0));
#17575=DIRECTION('',(-1.E0,0.E0,0.E0));
#17576=AXIS2_PLACEMENT_3D('',#17573,#17574,#17575);
#17577=CYLINDRICAL_SURFACE('',#17576,1.65E0);
#17578=ORIENTED_EDGE('',*,*,#17313,.T.);
#17579=ORIENTED_EDGE('',*,*,#17568,.F.);
#17581=ORIENTED_EDGE('',*,*,#17580,.T.);
#17582=ORIENTED_EDGE('',*,*,#17564,.T.);
#17583=EDGE_LOOP('',(#17578,#17579,#17581,#17582));
#17584=FACE_OUTER_BOUND('',#17583,.F.);
#17585=ADVANCED_FACE('',(#17584),#17577,.F.);
#17586=CARTESIAN_POINT('',(4.493939807500E-1,6.882763899800E-1,0.E0));
#17587=DIRECTION('',(0.E0,0.E0,-1.E0));
#17588=DIRECTION('',(1.E0,0.E0,0.E0));
#17589=AXIS2_PLACEMENT_3D('',#17586,#17587,#17588);
#17590=PLANE('',#17589);
#17591=ORIENTED_EDGE('',*,*,#17566,.F.);
#17592=ORIENTED_EDGE('',*,*,#17580,.F.);
#17593=EDGE_LOOP('',(#17591,#17592));
#17594=FACE_OUTER_BOUND('',#17593,.F.);
#17595=ADVANCED_FACE('',(#17594),#17590,.F.);
#17596=CARTESIAN_POINT('',(1.333048349484E-14,1.2E1,3.75E0));
#17597=DIRECTION('',(0.E0,0.E0,1.E0));
#17598=DIRECTION('',(0.E0,1.E0,0.E0));
#17599=AXIS2_PLACEMENT_3D('',#17596,#17597,#17598);
#17600=CONICAL_SURFACE('',#17599,2.25E0,4.499999999999E1);
#17601=ORIENTED_EDGE('',*,*,#17317,.T.);
#17603=ORIENTED_EDGE('',*,*,#17602,.F.);
#17605=ORIENTED_EDGE('',*,*,#17604,.F.);
#17607=ORIENTED_EDGE('',*,*,#17606,.F.);
#17609=ORIENTED_EDGE('',*,*,#17608,.T.);
#17610=EDGE_LOOP('',(#17601,#17603,#17605,#17607,#17609));
#17611=FACE_OUTER_BOUND('',#17610,.F.);
#17612=ADVANCED_FACE('',(#17611),#17600,.F.);
#17613=CARTESIAN_POINT('',(1.333048349484E-14,1.2E1,3.75E0));
#17614=DIRECTION('',(0.E0,0.E0,1.E0));
#17615=DIRECTION('',(0.E0,1.E0,0.E0));
#17616=AXIS2_PLACEMENT_3D('',#17613,#17614,#17615);
#17617=CONICAL_SURFACE('',#17616,2.25E0,4.499999999999E1);
#17618=ORIENTED_EDGE('',*,*,#17319,.T.);
#17619=ORIENTED_EDGE('',*,*,#17608,.F.);
#17621=ORIENTED_EDGE('',*,*,#17620,.F.);
#17623=ORIENTED_EDGE('',*,*,#17622,.F.);
#17624=ORIENTED_EDGE('',*,*,#17602,.T.);
#17625=EDGE_LOOP('',(#17618,#17619,#17621,#17623,#17624));
#17626=FACE_OUTER_BOUND('',#17625,.F.);
#17627=ADVANCED_FACE('',(#17626),#17617,.F.);
#17628=CARTESIAN_POINT('',(1.333048349484E-14,1.2E1,1.E0));
#17629=DIRECTION('',(0.E0,0.E0,1.E0));
#17630=DIRECTION('',(-1.E0,0.E0,0.E0));
#17631=AXIS2_PLACEMENT_3D('',#17628,#17629,#17630);
#17632=CYLINDRICAL_SURFACE('',#17631,2.E0);
#17633=ORIENTED_EDGE('',*,*,#17620,.T.);
#17634=ORIENTED_EDGE('',*,*,#17606,.T.);
#17636=ORIENTED_EDGE('',*,*,#17635,.F.);
#17638=ORIENTED_EDGE('',*,*,#17637,.T.);
#17640=ORIENTED_EDGE('',*,*,#17639,.T.);
#17641=EDGE_LOOP('',(#17633,#17634,#17636,#17638,#17640));
#17642=FACE_OUTER_BOUND('',#17641,.F.);
#17643=ADVANCED_FACE('',(#17642),#17632,.F.);
#17644=CARTESIAN_POINT('',(1.333048349484E-14,1.2E1,1.E0));
#17645=DIRECTION('',(0.E0,0.E0,1.E0));
#17646=DIRECTION('',(-1.E0,0.E0,0.E0));
#17647=AXIS2_PLACEMENT_3D('',#17644,#17645,#17646);
#17648=CYLINDRICAL_SURFACE('',#17647,2.E0);
#17649=ORIENTED_EDGE('',*,*,#17622,.T.);
#17650=ORIENTED_EDGE('',*,*,#17639,.F.);
#17652=ORIENTED_EDGE('',*,*,#17651,.T.);
#17653=ORIENTED_EDGE('',*,*,#17635,.T.);
#17654=ORIENTED_EDGE('',*,*,#17604,.T.);
#17655=EDGE_LOOP('',(#17649,#17650,#17652,#17653,#17654));
#17656=FACE_OUTER_BOUND('',#17655,.F.);
#17657=ADVANCED_FACE('',(#17656),#17648,.F.);
#17658=CARTESIAN_POINT('',(4.493939807500E-1,6.882763899800E-1,0.E0));
#17659=DIRECTION('',(0.E0,0.E0,-1.E0));
#17660=DIRECTION('',(1.E0,0.E0,0.E0));
#17661=AXIS2_PLACEMENT_3D('',#17658,#17659,#17660);
#17662=PLANE('',#17661);
#17663=ORIENTED_EDGE('',*,*,#17651,.F.);
#17664=ORIENTED_EDGE('',*,*,#17637,.F.);
#17665=EDGE_LOOP('',(#17663,#17664));
#17666=FACE_OUTER_BOUND('',#17665,.F.);
#17667=ADVANCED_FACE('',(#17666),#17662,.F.);
#17668=CARTESIAN_POINT('',(-1.039230484541E1,-6.E0,3.75E0));
#17669=DIRECTION('',(0.E0,0.E0,1.E0));
#17670=DIRECTION('',(0.E0,1.E0,0.E0));
#17671=AXIS2_PLACEMENT_3D('',#17668,#17669,#17670);
#17672=CONICAL_SURFACE('',#17671,2.25E0,4.499999999999E1);
#17673=ORIENTED_EDGE('',*,*,#17323,.T.);
#17675=ORIENTED_EDGE('',*,*,#17674,.F.);
#17677=ORIENTED_EDGE('',*,*,#17676,.F.);
#17679=ORIENTED_EDGE('',*,*,#17678,.F.);
#17681=ORIENTED_EDGE('',*,*,#17680,.T.);
#17682=EDGE_LOOP('',(#17673,#17675,#17677,#17679,#17681));
#17683=FACE_OUTER_BOUND('',#17682,.F.);
#17684=ADVANCED_FACE('',(#17683),#17672,.F.);
#17685=CARTESIAN_POINT('',(-1.039230484541E1,-6.E0,3.75E0));
#17686=DIRECTION('',(0.E0,0.E0,1.E0));
#17687=DIRECTION('',(0.E0,1.E0,0.E0));
#17688=AXIS2_PLACEMENT_3D('',#17685,#17686,#17687);
#17689=CONICAL_SURFACE('',#17688,2.25E0,4.499999999999E1);
#17690=ORIENTED_EDGE('',*,*,#17325,.T.);
#17691=ORIENTED_EDGE('',*,*,#17680,.F.);
#17693=ORIENTED_EDGE('',*,*,#17692,.F.);
#17695=ORIENTED_EDGE('',*,*,#17694,.F.);
#17696=ORIENTED_EDGE('',*,*,#17674,.T.);
#17697=EDGE_LOOP('',(#17690,#17691,#17693,#17695,#17696));
#17698=FACE_OUTER_BOUND('',#17697,.F.);
#17699=ADVANCED_FACE('',(#17698),#17689,.F.);
#17700=CARTESIAN_POINT('',(-1.039230484541E1,-6.E0,1.E0));
#17701=DIRECTION('',(0.E0,0.E0,1.E0));
#17702=DIRECTION('',(-1.E0,0.E0,0.E0));
#17703=AXIS2_PLACEMENT_3D('',#17700,#17701,#17702);
#17704=CYLINDRICAL_SURFACE('',#17703,2.E0);
#17705=ORIENTED_EDGE('',*,*,#17692,.T.);
#17706=ORIENTED_EDGE('',*,*,#17678,.T.);
#17708=ORIENTED_EDGE('',*,*,#17707,.F.);
#17710=ORIENTED_EDGE('',*,*,#17709,.T.);
#17712=ORIENTED_EDGE('',*,*,#17711,.T.);
#17713=EDGE_LOOP('',(#17705,#17706,#17708,#17710,#17712));
#17714=FACE_OUTER_BOUND('',#17713,.F.);
#17715=ADVANCED_FACE('',(#17714),#17704,.F.);
#17716=CARTESIAN_POINT('',(-1.039230484541E1,-6.E0,1.E0));
#17717=DIRECTION('',(0.E0,0.E0,1.E0));
#17718=DIRECTION('',(-1.E0,0.E0,0.E0));
#17719=AXIS2_PLACEMENT_3D('',#17716,#17717,#17718);
#17720=CYLINDRICAL_SURFACE('',#17719,2.E0);
#17721=ORIENTED_EDGE('',*,*,#17694,.T.);
#17722=ORIENTED_EDGE('',*,*,#17711,.F.);
#17724=ORIENTED_EDGE('',*,*,#17723,.T.);
#17725=ORIENTED_EDGE('',*,*,#17707,.T.);
#17726=ORIENTED_EDGE('',*,*,#17676,.T.);
#17727=EDGE_LOOP('',(#17721,#17722,#17724,#17725,#17726));
#17728=FACE_OUTER_BOUND('',#17727,.F.);
#17729=ADVANCED_FACE('',(#17728),#17720,.F.);
#17730=CARTESIAN_POINT('',(4.493939807500E-1,6.882763899800E-1,0.E0));
#17731=DIRECTION('',(0.E0,0.E0,-1.E0));
#17732=DIRECTION('',(1.E0,0.E0,0.E0));
#17733=AXIS2_PLACEMENT_3D('',#17730,#17731,#17732);
#17734=PLANE('',#17733);
#17735=ORIENTED_EDGE('',*,*,#17709,.F.);
#17736=ORIENTED_EDGE('',*,*,#17723,.F.);
#17737=EDGE_LOOP('',(#17735,#17736));
#17738=FACE_OUTER_BOUND('',#17737,.F.);
#17739=ADVANCED_FACE('',(#17738),#17734,.F.);
#17740=CARTESIAN_POINT('',(1.333048349484E-14,2.994075620717E-14,3.75E0));
#17741=DIRECTION('',(0.E0,0.E0,1.E0));
#17742=DIRECTION('',(0.E0,1.E0,0.E0));
#17743=AXIS2_PLACEMENT_3D('',#17740,#17741,#17742);
#17744=CONICAL_SURFACE('',#17743,6.5E0,4.499999999999E1);
#17745=ORIENTED_EDGE('',*,*,#17329,.T.);
#17747=ORIENTED_EDGE('',*,*,#17746,.F.);
#17749=ORIENTED_EDGE('',*,*,#17748,.F.);
#17751=ORIENTED_EDGE('',*,*,#17750,.F.);
#17753=ORIENTED_EDGE('',*,*,#17752,.T.);
#17754=EDGE_LOOP('',(#17745,#17747,#17749,#17751,#17753));
#17755=FACE_OUTER_BOUND('',#17754,.F.);
#17756=ADVANCED_FACE('',(#17755),#17744,.F.);
#17757=CARTESIAN_POINT('',(1.333048349484E-14,2.994075620717E-14,3.75E0));
#17758=DIRECTION('',(0.E0,0.E0,1.E0));
#17759=DIRECTION('',(0.E0,1.E0,0.E0));
#17760=AXIS2_PLACEMENT_3D('',#17757,#17758,#17759);
#17761=CONICAL_SURFACE('',#17760,6.5E0,4.499999999999E1);
#17762=ORIENTED_EDGE('',*,*,#17331,.T.);
#17763=ORIENTED_EDGE('',*,*,#17752,.F.);
#17765=ORIENTED_EDGE('',*,*,#17764,.F.);
#17767=ORIENTED_EDGE('',*,*,#17766,.F.);
#17768=ORIENTED_EDGE('',*,*,#17746,.T.);
#17769=EDGE_LOOP('',(#17762,#17763,#17765,#17767,#17768));
#17770=FACE_OUTER_BOUND('',#17769,.F.);
#17771=ADVANCED_FACE('',(#17770),#17761,.F.);
#17772=CARTESIAN_POINT('',(1.333048349484E-14,2.994075620717E-14,-6.E-1));
#17773=DIRECTION('',(0.E0,0.E0,1.E0));
#17774=DIRECTION('',(1.E0,0.E0,0.E0));
#17775=AXIS2_PLACEMENT_3D('',#17772,#17773,#17774);
#17776=CYLINDRICAL_SURFACE('',#17775,6.25E0);
#17777=ORIENTED_EDGE('',*,*,#17764,.T.);
#17778=ORIENTED_EDGE('',*,*,#17750,.T.);
#17780=ORIENTED_EDGE('',*,*,#17779,.F.);
#17782=ORIENTED_EDGE('',*,*,#17781,.T.);
#17784=ORIENTED_EDGE('',*,*,#17783,.T.);
#17785=EDGE_LOOP('',(#17777,#17778,#17780,#17782,#17784));
#17786=FACE_OUTER_BOUND('',#17785,.F.);
#17787=ADVANCED_FACE('',(#17786),#17776,.F.);
#17788=CARTESIAN_POINT('',(1.333048349484E-14,2.994075620717E-14,-6.E-1));
#17789=DIRECTION('',(0.E0,0.E0,1.E0));
#17790=DIRECTION('',(1.E0,0.E0,0.E0));
#17791=AXIS2_PLACEMENT_3D('',#17788,#17789,#17790);
#17792=CYLINDRICAL_SURFACE('',#17791,6.25E0);
#17793=ORIENTED_EDGE('',*,*,#17766,.T.);
#17794=ORIENTED_EDGE('',*,*,#17783,.F.);
#17796=ORIENTED_EDGE('',*,*,#17795,.T.);
#17797=ORIENTED_EDGE('',*,*,#17779,.T.);
#17798=ORIENTED_EDGE('',*,*,#17748,.T.);
#17799=EDGE_LOOP('',(#17793,#17794,#17796,#17797,#17798));
#17800=FACE_OUTER_BOUND('',#17799,.F.);
#17801=ADVANCED_FACE('',(#17800),#17792,.F.);
#17802=CARTESIAN_POINT('',(4.493939807500E-1,6.882763899800E-1,0.E0));
#17803=DIRECTION('',(0.E0,0.E0,-1.E0));
#17804=DIRECTION('',(1.E0,0.E0,0.E0));
#17805=AXIS2_PLACEMENT_3D('',#17802,#17803,#17804);
#17806=PLANE('',#17805);
#17807=ORIENTED_EDGE('',*,*,#17781,.F.);
#17808=ORIENTED_EDGE('',*,*,#17795,.F.);
#17809=EDGE_LOOP('',(#17807,#17808));
#17810=FACE_OUTER_BOUND('',#17809,.F.);
#17811=ADVANCED_FACE('',(#17810),#17806,.F.);
#17812=CARTESIAN_POINT('',(1.039230484541E1,-6.E0,3.75E0));
#17813=DIRECTION('',(0.E0,0.E0,1.E0));
#17814=DIRECTION('',(0.E0,1.E0,0.E0));
#17815=AXIS2_PLACEMENT_3D('',#17812,#17813,#17814);
#17816=CONICAL_SURFACE('',#17815,2.25E0,4.499999999999E1);
#17817=ORIENTED_EDGE('',*,*,#17335,.T.);
#17819=ORIENTED_EDGE('',*,*,#17818,.F.);
#17821=ORIENTED_EDGE('',*,*,#17820,.F.);
#17823=ORIENTED_EDGE('',*,*,#17822,.F.);
#17825=ORIENTED_EDGE('',*,*,#17824,.T.);
#17826=EDGE_LOOP('',(#17817,#17819,#17821,#17823,#17825));
#17827=FACE_OUTER_BOUND('',#17826,.F.);
#17828=ADVANCED_FACE('',(#17827),#17816,.F.);
#17829=CARTESIAN_POINT('',(1.039230484541E1,-6.E0,3.75E0));
#17830=DIRECTION('',(0.E0,0.E0,1.E0));
#17831=DIRECTION('',(0.E0,1.E0,0.E0));
#17832=AXIS2_PLACEMENT_3D('',#17829,#17830,#17831);
#17833=CONICAL_SURFACE('',#17832,2.25E0,4.499999999999E1);
#17834=ORIENTED_EDGE('',*,*,#17337,.T.);
#17835=ORIENTED_EDGE('',*,*,#17824,.F.);
#17837=ORIENTED_EDGE('',*,*,#17836,.F.);
#17839=ORIENTED_EDGE('',*,*,#17838,.F.);
#17840=ORIENTED_EDGE('',*,*,#17818,.T.);
#17841=EDGE_LOOP('',(#17834,#17835,#17837,#17839,#17840));
#17842=FACE_OUTER_BOUND('',#17841,.F.);
#17843=ADVANCED_FACE('',(#17842),#17833,.F.);
#17844=CARTESIAN_POINT('',(1.039230484541E1,-6.E0,1.E0));
#17845=DIRECTION('',(0.E0,0.E0,1.E0));
#17846=DIRECTION('',(-1.E0,0.E0,0.E0));
#17847=AXIS2_PLACEMENT_3D('',#17844,#17845,#17846);
#17848=CYLINDRICAL_SURFACE('',#17847,2.E0);
#17849=ORIENTED_EDGE('',*,*,#17822,.T.);
#17851=ORIENTED_EDGE('',*,*,#17850,.F.);
#17853=ORIENTED_EDGE('',*,*,#17852,.T.);
#17855=ORIENTED_EDGE('',*,*,#17854,.T.);
#17856=ORIENTED_EDGE('',*,*,#17836,.T.);
#17857=EDGE_LOOP('',(#17849,#17851,#17853,#17855,#17856));
#17858=FACE_OUTER_BOUND('',#17857,.F.);
#17859=ADVANCED_FACE('',(#17858),#17848,.F.);
#17860=CARTESIAN_POINT('',(1.039230484541E1,-6.E0,1.E0));
#17861=DIRECTION('',(0.E0,0.E0,1.E0));
#17862=DIRECTION('',(-1.E0,0.E0,0.E0));
#17863=AXIS2_PLACEMENT_3D('',#17860,#17861,#17862);
#17864=CYLINDRICAL_SURFACE('',#17863,2.E0);
#17865=ORIENTED_EDGE('',*,*,#17838,.T.);
#17866=ORIENTED_EDGE('',*,*,#17854,.F.);
#17868=ORIENTED_EDGE('',*,*,#17867,.T.);
#17869=ORIENTED_EDGE('',*,*,#17850,.T.);
#17870=ORIENTED_EDGE('',*,*,#17820,.T.);
#17871=EDGE_LOOP('',(#17865,#17866,#17868,#17869,#17870));
#17872=FACE_OUTER_BOUND('',#17871,.F.);
#17873=ADVANCED_FACE('',(#17872),#17864,.F.);
#17874=CARTESIAN_POINT('',(4.493939807500E-1,6.882763899800E-1,0.E0));
#17875=DIRECTION('',(0.E0,0.E0,-1.E0));
#17876=DIRECTION('',(1.E0,0.E0,0.E0));
#17877=AXIS2_PLACEMENT_3D('',#17874,#17875,#17876);
#17878=PLANE('',#17877);
#17879=ORIENTED_EDGE('',*,*,#17852,.F.);
#17880=ORIENTED_EDGE('',*,*,#17867,.F.);
#17881=EDGE_LOOP('',(#17879,#17880));
#17882=FACE_OUTER_BOUND('',#17881,.F.);
#17883=ADVANCED_FACE('',(#17882),#17878,.F.);
#17884=CARTESIAN_POINT('',(-1.2E1,2.994075620717E-14,-6.E-1));
#17885=DIRECTION('',(0.E0,0.E0,1.E0));
#17886=DIRECTION('',(-5.E-1,8.660254037844E-1,0.E0));
#17887=AXIS2_PLACEMENT_3D('',#17884,#17885,#17886);
#17888=CYLINDRICAL_SURFACE('',#17887,1.65E0);
#17889=ORIENTED_EDGE('',*,*,#17341,.T.);
#17891=ORIENTED_EDGE('',*,*,#17890,.F.);
#17893=ORIENTED_EDGE('',*,*,#17892,.T.);
#17895=ORIENTED_EDGE('',*,*,#17894,.T.);
#17897=ORIENTED_EDGE('',*,*,#17896,.T.);
#17898=EDGE_LOOP('',(#17889,#17891,#17893,#17895,#17897));
#17899=FACE_OUTER_BOUND('',#17898,.F.);
#17900=ADVANCED_FACE('',(#17899),#17888,.F.);
#17901=CARTESIAN_POINT('',(-1.2E1,2.994075620717E-14,-6.E-1));
#17902=DIRECTION('',(0.E0,0.E0,1.E0));
#17903=DIRECTION('',(-5.E-1,8.660254037844E-1,0.E0));
#17904=AXIS2_PLACEMENT_3D('',#17901,#17902,#17903);
#17905=CYLINDRICAL_SURFACE('',#17904,1.65E0);
#17906=ORIENTED_EDGE('',*,*,#17343,.T.);
#17907=ORIENTED_EDGE('',*,*,#17896,.F.);
#17909=ORIENTED_EDGE('',*,*,#17908,.T.);
#17911=ORIENTED_EDGE('',*,*,#17910,.T.);
#17912=ORIENTED_EDGE('',*,*,#17890,.T.);
#17913=EDGE_LOOP('',(#17906,#17907,#17909,#17911,#17912));
#17914=FACE_OUTER_BOUND('',#17913,.F.);
#17915=ADVANCED_FACE('',(#17914),#17905,.F.);
#17916=CARTESIAN_POINT('',(4.493939807500E-1,6.882763899800E-1,0.E0));
#17917=DIRECTION('',(0.E0,0.E0,-1.E0));
#17918=DIRECTION('',(1.E0,0.E0,0.E0));
#17919=AXIS2_PLACEMENT_3D('',#17916,#17917,#17918);
#17920=PLANE('',#17919);
#17921=ORIENTED_EDGE('',*,*,#17894,.F.);
#17922=ORIENTED_EDGE('',*,*,#17892,.F.);
#17923=ORIENTED_EDGE('',*,*,#17910,.F.);
#17924=ORIENTED_EDGE('',*,*,#17908,.F.);
#17925=EDGE_LOOP('',(#17921,#17922,#17923,#17924));
#17926=FACE_OUTER_BOUND('',#17925,.F.);
#17927=ADVANCED_FACE('',(#17926),#17920,.F.);
#17928=CARTESIAN_POINT('',(1.481096115482E1,3.335993749501E1,0.E0));
#17929=DIRECTION('',(0.E0,0.E0,1.E0));
#17930=DIRECTION('',(1.E0,0.E0,0.E0));
#17931=AXIS2_PLACEMENT_3D('',#17928,#17929,#17930);
#17932=CYLINDRICAL_SURFACE('',#17931,1.5E0);
#17933=ORIENTED_EDGE('',*,*,#8711,.F.);
#17935=ORIENTED_EDGE('',*,*,#17934,.T.);
#17937=ORIENTED_EDGE('',*,*,#17936,.T.);
#17939=ORIENTED_EDGE('',*,*,#17938,.F.);
#17940=EDGE_LOOP('',(#17933,#17935,#17937,#17939));
#17941=FACE_OUTER_BOUND('',#17940,.F.);
#17942=ADVANCED_FACE('',(#17941),#17932,.F.);
#17943=CARTESIAN_POINT('',(1.481096115482E1,3.335993749501E1,0.E0));
#17944=DIRECTION('',(0.E0,0.E0,1.E0));
#17945=DIRECTION('',(1.E0,0.E0,0.E0));
#17946=AXIS2_PLACEMENT_3D('',#17943,#17944,#17945);
#17947=CYLINDRICAL_SURFACE('',#17946,1.5E0);
#17948=ORIENTED_EDGE('',*,*,#8713,.F.);
#17949=ORIENTED_EDGE('',*,*,#17938,.T.);
#17951=ORIENTED_EDGE('',*,*,#17950,.T.);
#17952=ORIENTED_EDGE('',*,*,#17934,.F.);
#17953=EDGE_LOOP('',(#17948,#17949,#17951,#17952));
#17954=FACE_OUTER_BOUND('',#17953,.F.);
#17955=ADVANCED_FACE('',(#17954),#17947,.F.);
#17956=CARTESIAN_POINT('',(0.E0,0.E0,-5.E0));
#17957=DIRECTION('',(0.E0,0.E0,1.E0));
#17958=DIRECTION('',(1.E0,0.E0,0.E0));
#17959=AXIS2_PLACEMENT_3D('',#17956,#17957,#17958);
#17960=PLANE('',#17959);
#17961=ORIENTED_EDGE('',*,*,#17936,.F.);
#17962=ORIENTED_EDGE('',*,*,#17950,.F.);
#17963=EDGE_LOOP('',(#17961,#17962));
#17964=FACE_OUTER_BOUND('',#17963,.F.);
#17965=ADVANCED_FACE('',(#17964),#17960,.T.);
#17966=CARTESIAN_POINT('',(0.E0,0.E0,-5.E0));
#17967=DIRECTION('',(0.E0,0.E0,1.E0));
#17968=DIRECTION('',(1.E0,0.E0,0.E0));
#17969=AXIS2_PLACEMENT_3D('',#17966,#17967,#17968);
#17970=PLANE('',#17969);
#17972=ORIENTED_EDGE('',*,*,#17971,.F.);
#17974=ORIENTED_EDGE('',*,*,#17973,.F.);
#17975=EDGE_LOOP('',(#17972,#17974));
#17976=FACE_OUTER_BOUND('',#17975,.F.);
#17977=ADVANCED_FACE('',(#17976),#17970,.T.);
#17978=CARTESIAN_POINT('',(0.E0,0.E0,-5.E0));
#17979=DIRECTION('',(0.E0,0.E0,1.E0));
#17980=DIRECTION('',(1.E0,0.E0,0.E0));
#17981=AXIS2_PLACEMENT_3D('',#17978,#17979,#17980);
#17982=PLANE('',#17981);
#17984=ORIENTED_EDGE('',*,*,#17983,.F.);
#17986=ORIENTED_EDGE('',*,*,#17985,.F.);
#17987=EDGE_LOOP('',(#17984,#17986));
#17988=FACE_OUTER_BOUND('',#17987,.F.);
#17989=ADVANCED_FACE('',(#17988),#17982,.T.);
#17990=CARTESIAN_POINT('',(-3.629603391674E1,-3.853300132968E0,0.E0));
#17991=DIRECTION('',(0.E0,0.E0,1.E0));
#17992=DIRECTION('',(1.E0,0.E0,0.E0));
#17993=AXIS2_PLACEMENT_3D('',#17990,#17991,#17992);
#17994=CYLINDRICAL_SURFACE('',#17993,1.5E0);
#17995=ORIENTED_EDGE('',*,*,#8717,.F.);
#17997=ORIENTED_EDGE('',*,*,#17996,.T.);
#17998=ORIENTED_EDGE('',*,*,#17971,.T.);
#18000=ORIENTED_EDGE('',*,*,#17999,.F.);
#18001=EDGE_LOOP('',(#17995,#17997,#17998,#18000));
#18002=FACE_OUTER_BOUND('',#18001,.F.);
#18003=ADVANCED_FACE('',(#18002),#17994,.F.);
#18004=CARTESIAN_POINT('',(-3.629603391674E1,-3.853300132968E0,0.E0));
#18005=DIRECTION('',(0.E0,0.E0,1.E0));
#18006=DIRECTION('',(1.E0,0.E0,0.E0));
#18007=AXIS2_PLACEMENT_3D('',#18004,#18005,#18006);
#18008=CYLINDRICAL_SURFACE('',#18007,1.5E0);
#18009=ORIENTED_EDGE('',*,*,#8719,.F.);
#18010=ORIENTED_EDGE('',*,*,#17999,.T.);
#18011=ORIENTED_EDGE('',*,*,#17973,.T.);
#18012=ORIENTED_EDGE('',*,*,#17996,.F.);
#18013=EDGE_LOOP('',(#18009,#18010,#18011,#18012));
#18014=FACE_OUTER_BOUND('',#18013,.F.);
#18015=ADVANCED_FACE('',(#18014),#18008,.F.);
#18016=CARTESIAN_POINT('',(2.148507276193E1,-2.950663736204E1,0.E0));
#18017=DIRECTION('',(0.E0,0.E0,1.E0));
#18018=DIRECTION('',(1.E0,0.E0,0.E0));
#18019=AXIS2_PLACEMENT_3D('',#18016,#18017,#18018);
#18020=CYLINDRICAL_SURFACE('',#18019,1.25E0);
#18021=ORIENTED_EDGE('',*,*,#8723,.F.);
#18023=ORIENTED_EDGE('',*,*,#18022,.T.);
#18024=ORIENTED_EDGE('',*,*,#17983,.T.);
#18026=ORIENTED_EDGE('',*,*,#18025,.F.);
#18027=EDGE_LOOP('',(#18021,#18023,#18024,#18026));
#18028=FACE_OUTER_BOUND('',#18027,.F.);
#18029=ADVANCED_FACE('',(#18028),#18020,.F.);
#18030=CARTESIAN_POINT('',(2.148507276193E1,-2.950663736204E1,0.E0));
#18031=DIRECTION('',(0.E0,0.E0,1.E0));
#18032=DIRECTION('',(1.E0,0.E0,0.E0));
#18033=AXIS2_PLACEMENT_3D('',#18030,#18031,#18032);
#18034=CYLINDRICAL_SURFACE('',#18033,1.25E0);
#18035=ORIENTED_EDGE('',*,*,#8725,.F.);
#18036=ORIENTED_EDGE('',*,*,#18025,.T.);
#18037=ORIENTED_EDGE('',*,*,#17985,.T.);
#18038=ORIENTED_EDGE('',*,*,#18022,.F.);
#18039=EDGE_LOOP('',(#18035,#18036,#18037,#18038));
#18040=FACE_OUTER_BOUND('',#18039,.F.);
#18041=ADVANCED_FACE('',(#18040),#18034,.F.);
#18042=CARTESIAN_POINT('',(-1.511096115482E1,-3.305993749500E1,-3.04E1));
#18043=DIRECTION('',(-1.E0,0.E0,0.E0));
#18044=DIRECTION('',(0.E0,1.E0,0.E0));
#18045=AXIS2_PLACEMENT_3D('',#18042,#18043,#18044);
#18046=PLANE('',#18045);
#18048=ORIENTED_EDGE('',*,*,#18047,.T.);
#18049=ORIENTED_EDGE('',*,*,#8539,.T.);
#18051=ORIENTED_EDGE('',*,*,#18050,.F.);
#18052=EDGE_LOOP('',(#18048,#18049,#18051));
#18053=FACE_OUTER_BOUND('',#18052,.F.);
#18054=ADVANCED_FACE('',(#18053),#18046,.F.);
#18055=CARTESIAN_POINT('',(-1.541096115482E1,-3.395993749500E1,
-6.719737729714E0));
#18056=DIRECTION('',(0.E0,0.E0,-1.E0));
#18057=DIRECTION('',(0.E0,1.E0,0.E0));
#18058=AXIS2_PLACEMENT_3D('',#18055,#18056,#18057);
#18059=CYLINDRICAL_SURFACE('',#18058,3.E-1);
#18061=ORIENTED_EDGE('',*,*,#18060,.F.);
#18062=ORIENTED_EDGE('',*,*,#8541,.T.);
#18063=ORIENTED_EDGE('',*,*,#18047,.F.);
#18065=ORIENTED_EDGE('',*,*,#18064,.F.);
#18067=ORIENTED_EDGE('',*,*,#18066,.T.);
#18069=ORIENTED_EDGE('',*,*,#18068,.T.);
#18071=ORIENTED_EDGE('',*,*,#18070,.T.);
#18073=ORIENTED_EDGE('',*,*,#18072,.F.);
#18074=EDGE_LOOP('',(#18061,#18062,#18063,#18065,#18067,#18069,#18071,#18073));
#18075=FACE_OUTER_BOUND('',#18074,.F.);
#18076=ADVANCED_FACE('',(#18075),#18059,.T.);
#18077=CARTESIAN_POINT('',(-1.511096115482E1,-3.365993749500E1,-3.04E1));
#18078=DIRECTION('',(0.E0,-1.E0,0.E0));
#18079=DIRECTION('',(0.E0,0.E0,1.E0));
#18080=AXIS2_PLACEMENT_3D('',#18077,#18078,#18079);
#18081=PLANE('',#18080);
#18083=ORIENTED_EDGE('',*,*,#18082,.F.);
#18084=ORIENTED_EDGE('',*,*,#8543,.F.);
#18085=ORIENTED_EDGE('',*,*,#18060,.T.);
#18086=EDGE_LOOP('',(#18083,#18084,#18085));
#18087=FACE_OUTER_BOUND('',#18086,.F.);
#18088=ADVANCED_FACE('',(#18087),#18081,.F.);
#18089=CARTESIAN_POINT('',(-1.631096115482E1,-3.477994229519E1,-3.04E1));
#18090=DIRECTION('',(-8.660254037844E-1,0.E0,5.E-1));
#18091=DIRECTION('',(-5.E-1,0.E0,-8.660254037844E-1));
#18092=AXIS2_PLACEMENT_3D('',#18089,#18090,#18091);
#18093=PLANE('',#18092);
#18095=ORIENTED_EDGE('',*,*,#18094,.T.);
#18096=ORIENTED_EDGE('',*,*,#8545,.F.);
#18097=ORIENTED_EDGE('',*,*,#18082,.T.);
#18099=ORIENTED_EDGE('',*,*,#18098,.T.);
#18101=ORIENTED_EDGE('',*,*,#18100,.F.);
#18103=ORIENTED_EDGE('',*,*,#18102,.T.);
#18104=EDGE_LOOP('',(#18095,#18096,#18097,#18099,#18101,#18103));
#18105=FACE_OUTER_BOUND('',#18104,.F.);
#18106=ADVANCED_FACE('',(#18105),#18093,.F.);
#18107=CARTESIAN_POINT('',(-1.631096115482E1,-3.305993749500E1,-3.04E1));
#18108=DIRECTION('',(0.E0,1.E0,0.E0));
#18109=DIRECTION('',(1.E0,0.E0,0.E0));
#18110=AXIS2_PLACEMENT_3D('',#18107,#18108,#18109);
#18111=PLANE('',#18110);
#18112=ORIENTED_EDGE('',*,*,#8413,.T.);
#18113=ORIENTED_EDGE('',*,*,#8547,.F.);
#18114=ORIENTED_EDGE('',*,*,#18094,.F.);
#18115=EDGE_LOOP('',(#18112,#18113,#18114));
#18116=FACE_OUTER_BOUND('',#18115,.F.);
#18117=ADVANCED_FACE('',(#18116),#18111,.F.);
#18118=CARTESIAN_POINT('',(-1.511096115482E1,-3.365993749500E1,-3.04E1));
#18119=DIRECTION('',(0.E0,-1.E0,0.E0));
#18120=DIRECTION('',(0.E0,0.E0,1.E0));
#18121=AXIS2_PLACEMENT_3D('',#18118,#18119,#18120);
#18122=PLANE('',#18121);
#18123=ORIENTED_EDGE('',*,*,#18098,.F.);
#18124=ORIENTED_EDGE('',*,*,#18072,.T.);
#18125=ORIENTED_EDGE('',*,*,#18070,.F.);
#18126=EDGE_LOOP('',(#18123,#18124,#18125));
#18127=FACE_OUTER_BOUND('',#18126,.F.);
#18128=ADVANCED_FACE('',(#18127),#18122,.T.);
#18129=CARTESIAN_POINT('',(-1.481096115482E1,-3.335993749500E1,-2.872E1));
#18130=DIRECTION('',(0.E0,0.E0,-1.E0));
#18131=DIRECTION('',(1.E0,0.E0,0.E0));
#18132=AXIS2_PLACEMENT_3D('',#18129,#18130,#18131);
#18133=PLANE('',#18132);
#18134=ORIENTED_EDGE('',*,*,#18100,.T.);
#18135=ORIENTED_EDGE('',*,*,#18068,.F.);
#18137=ORIENTED_EDGE('',*,*,#18136,.T.);
#18139=ORIENTED_EDGE('',*,*,#18138,.F.);
#18140=ORIENTED_EDGE('',*,*,#8519,.T.);
#18141=ORIENTED_EDGE('',*,*,#8487,.F.);
#18142=ORIENTED_EDGE('',*,*,#8453,.T.);
#18143=ORIENTED_EDGE('',*,*,#8419,.F.);
#18144=EDGE_LOOP('',(#18134,#18135,#18137,#18139,#18140,#18141,#18142,#18143));
#18145=FACE_OUTER_BOUND('',#18144,.F.);
#18146=ADVANCED_FACE('',(#18145),#18133,.T.);
#18147=CARTESIAN_POINT('',(-1.339095635462E1,-3.485993749500E1,-3.04E1));
#18148=DIRECTION('',(0.E0,-8.660254037844E-1,5.E-1));
#18149=DIRECTION('',(0.E0,5.E-1,8.660254037844E-1));
#18150=AXIS2_PLACEMENT_3D('',#18147,#18148,#18149);
#18151=PLANE('',#18150);
#18152=ORIENTED_EDGE('',*,*,#18050,.T.);
#18153=ORIENTED_EDGE('',*,*,#8562,.T.);
#18155=ORIENTED_EDGE('',*,*,#18154,.T.);
#18157=ORIENTED_EDGE('',*,*,#18156,.T.);
#18158=ORIENTED_EDGE('',*,*,#18136,.F.);
#18160=ORIENTED_EDGE('',*,*,#18159,.T.);
#18161=EDGE_LOOP('',(#18152,#18153,#18155,#18157,#18158,#18160));
#18162=FACE_OUTER_BOUND('',#18161,.F.);
#18163=ADVANCED_FACE('',(#18162),#18151,.F.);
#18164=CARTESIAN_POINT('',(-1.451096115482E1,-3.185993749500E1,-3.04E1));
#18165=DIRECTION('',(1.E0,0.E0,0.E0));
#18166=DIRECTION('',(0.E0,0.E0,-1.E0));
#18167=AXIS2_PLACEMENT_3D('',#18164,#18165,#18166);
#18168=PLANE('',#18167);
#18169=ORIENTED_EDGE('',*,*,#18154,.F.);
#18170=ORIENTED_EDGE('',*,*,#8560,.T.);
#18172=ORIENTED_EDGE('',*,*,#18171,.T.);
#18173=EDGE_LOOP('',(#18169,#18170,#18172));
#18174=FACE_OUTER_BOUND('',#18173,.F.);
#18175=ADVANCED_FACE('',(#18174),#18168,.F.);
#18176=CARTESIAN_POINT('',(-1.421096115482E1,-3.395993749500E1,
-6.466067189384E0));
#18177=DIRECTION('',(0.E0,0.E0,-1.E0));
#18178=DIRECTION('',(-1.E0,0.E0,0.E0));
#18179=AXIS2_PLACEMENT_3D('',#18176,#18177,#18178);
#18180=CYLINDRICAL_SURFACE('',#18179,3.E-1);
#18181=ORIENTED_EDGE('',*,*,#18171,.F.);
#18182=ORIENTED_EDGE('',*,*,#8558,.T.);
#18184=ORIENTED_EDGE('',*,*,#18183,.F.);
#18186=ORIENTED_EDGE('',*,*,#18185,.F.);
#18188=ORIENTED_EDGE('',*,*,#18187,.T.);
#18189=ORIENTED_EDGE('',*,*,#18138,.T.);
#18191=ORIENTED_EDGE('',*,*,#18190,.T.);
#18193=ORIENTED_EDGE('',*,*,#18192,.F.);
#18194=EDGE_LOOP('',(#18181,#18182,#18184,#18186,#18188,#18189,#18191,#18193));
#18195=FACE_OUTER_BOUND('',#18194,.F.);
#18196=ADVANCED_FACE('',(#18195),#18180,.T.);
#18197=CARTESIAN_POINT('',(-1.511096115482E1,-3.365993749500E1,-3.04E1));
#18198=DIRECTION('',(0.E0,-1.E0,0.E0));
#18199=DIRECTION('',(0.E0,0.E0,1.E0));
#18200=AXIS2_PLACEMENT_3D('',#18197,#18198,#18199);
#18201=PLANE('',#18200);
#18202=ORIENTED_EDGE('',*,*,#18183,.T.);
#18203=ORIENTED_EDGE('',*,*,#8556,.F.);
#18204=ORIENTED_EDGE('',*,*,#8523,.F.);
#18205=EDGE_LOOP('',(#18202,#18203,#18204));
#18206=FACE_OUTER_BOUND('',#18205,.F.);
#18207=ADVANCED_FACE('',(#18206),#18201,.F.);
#18208=CARTESIAN_POINT('',(-1.511096115482E1,-3.365993749500E1,-3.04E1));
#18209=DIRECTION('',(0.E0,-1.E0,0.E0));
#18210=DIRECTION('',(0.E0,0.E0,1.E0));
#18211=AXIS2_PLACEMENT_3D('',#18208,#18209,#18210);
#18212=PLANE('',#18211);
#18213=ORIENTED_EDGE('',*,*,#18187,.F.);
#18214=ORIENTED_EDGE('',*,*,#18185,.T.);
#18215=ORIENTED_EDGE('',*,*,#8521,.F.);
#18216=EDGE_LOOP('',(#18213,#18214,#18215));
#18217=FACE_OUTER_BOUND('',#18216,.F.);
#18218=ADVANCED_FACE('',(#18217),#18212,.T.);
#18219=CARTESIAN_POINT('',(-1.451096115482E1,-3.185993749500E1,-3.04E1));
#18220=DIRECTION('',(1.E0,0.E0,0.E0));
#18221=DIRECTION('',(0.E0,0.E0,-1.E0));
#18222=AXIS2_PLACEMENT_3D('',#18219,#18220,#18221);
#18223=PLANE('',#18222);
#18224=ORIENTED_EDGE('',*,*,#18156,.F.);
#18225=ORIENTED_EDGE('',*,*,#18192,.T.);
#18226=ORIENTED_EDGE('',*,*,#18190,.F.);
#18227=EDGE_LOOP('',(#18224,#18225,#18226));
#18228=FACE_OUTER_BOUND('',#18227,.F.);
#18229=ADVANCED_FACE('',(#18228),#18223,.T.);
#18230=CARTESIAN_POINT('',(-1.511096115482E1,-3.305993749500E1,-3.04E1));
#18231=DIRECTION('',(-1.E0,0.E0,0.E0));
#18232=DIRECTION('',(0.E0,1.E0,0.E0));
#18233=AXIS2_PLACEMENT_3D('',#18230,#18231,#18232);
#18234=PLANE('',#18233);
#18235=ORIENTED_EDGE('',*,*,#18066,.F.);
#18236=ORIENTED_EDGE('',*,*,#18064,.T.);
#18237=ORIENTED_EDGE('',*,*,#18159,.F.);
#18238=EDGE_LOOP('',(#18235,#18236,#18237));
#18239=FACE_OUTER_BOUND('',#18238,.F.);
#18240=ADVANCED_FACE('',(#18239),#18234,.T.);
#18241=CARTESIAN_POINT('',(-1.631096115482E1,-3.305993749500E1,-3.04E1));
#18242=DIRECTION('',(0.E0,1.E0,0.E0));
#18243=DIRECTION('',(1.E0,0.E0,0.E0));
#18244=AXIS2_PLACEMENT_3D('',#18241,#18242,#18243);
#18245=PLANE('',#18244);
#18246=ORIENTED_EDGE('',*,*,#8417,.F.);
#18247=ORIENTED_EDGE('',*,*,#8415,.T.);
#18248=ORIENTED_EDGE('',*,*,#18102,.F.);
#18249=EDGE_LOOP('',(#18246,#18247,#18248));
#18250=FACE_OUTER_BOUND('',#18249,.F.);
#18251=ADVANCED_FACE('',(#18250),#18245,.T.);
#18252=CARTESIAN_POINT('',(-1.631096115482E1,-3.305993749500E1,-3.04E1));
#18253=DIRECTION('',(0.E0,1.E0,0.E0));
#18254=DIRECTION('',(1.E0,0.E0,0.E0));
#18255=AXIS2_PLACEMENT_3D('',#18252,#18253,#18254);
#18256=PLANE('',#18255);
#18257=ORIENTED_EDGE('',*,*,#8517,.F.);
#18258=ORIENTED_EDGE('',*,*,#8491,.T.);
#18259=ORIENTED_EDGE('',*,*,#8489,.F.);
#18260=EDGE_LOOP('',(#18257,#18258,#18259));
#18261=FACE_OUTER_BOUND('',#18260,.F.);
#18262=ADVANCED_FACE('',(#18261),#18256,.T.);
#18263=CARTESIAN_POINT('',(-1.451096115482E1,-3.185993749500E1,-3.04E1));
#18264=DIRECTION('',(1.E0,0.E0,0.E0));
#18265=DIRECTION('',(0.E0,0.E0,-1.E0));
#18266=AXIS2_PLACEMENT_3D('',#18263,#18264,#18265);
#18267=PLANE('',#18266);
#18268=ORIENTED_EDGE('',*,*,#8485,.F.);
#18269=ORIENTED_EDGE('',*,*,#8483,.T.);
#18270=ORIENTED_EDGE('',*,*,#8455,.F.);
#18271=EDGE_LOOP('',(#18268,#18269,#18270));
#18272=FACE_OUTER_BOUND('',#18271,.F.);
#18273=ADVANCED_FACE('',(#18272),#18267,.T.);
#18274=CARTESIAN_POINT('',(-1.511096115482E1,-3.305993749500E1,-3.04E1));
#18275=DIRECTION('',(-1.E0,0.E0,0.E0));
#18276=DIRECTION('',(0.E0,1.E0,0.E0));
#18277=AXIS2_PLACEMENT_3D('',#18274,#18275,#18276);
#18278=PLANE('',#18277);
#18279=ORIENTED_EDGE('',*,*,#8451,.F.);
#18280=ORIENTED_EDGE('',*,*,#8423,.T.);
#18281=ORIENTED_EDGE('',*,*,#8421,.F.);
#18282=EDGE_LOOP('',(#18279,#18280,#18281));
#18283=FACE_OUTER_BOUND('',#18282,.F.);
#18284=ADVANCED_FACE('',(#18283),#18278,.T.);
#18288=DIMENSIONAL_EXPONENTS(0.E0,0.E0,0.E0,0.E0,0.E0,0.E0,0.E0);
#18290=PLANE_ANGLE_MEASURE_WITH_UNIT(PLANE_ANGLE_MEASURE(1.745329251994E-2),
#18289);
#18291=(CONVERSION_BASED_UNIT('DEGREE',#18290)NAMED_UNIT(*)PLANE_ANGLE_UNIT());
#18293=UNCERTAINTY_MEASURE_WITH_UNIT(LENGTH_MEASURE(1.334038842727E-2),#18287,
'closure',
'Maximum model space distance between geometric entities at asserted connectivities');
#18294=(GEOMETRIC_REPRESENTATION_CONTEXT(3)GLOBAL_UNCERTAINTY_ASSIGNED_CONTEXT((
#18293))GLOBAL_UNIT_ASSIGNED_CONTEXT((#18287,#18291,#18292))REPRESENTATION_CONTEXT('ID1','3'));
#18296=APPLICATION_CONTEXT(
'CONFIGURATION CONTROLLED 3D DESIGNS OF MECHANICAL PARTS AND ASSEMBLIES');
#18297=APPLICATION_PROTOCOL_DEFINITION('international standard',
'config_control_design',1994,#18296);
#18298=DESIGN_CONTEXT('',#18296,'design');
#18299=MECHANICAL_CONTEXT('',#18296,'mechanical');
#18300=PRODUCT('RS02','RS02','NOT SPECIFIED',(#18299));
#18301=PRODUCT_DEFINITION_FORMATION_WITH_SPECIFIED_SOURCE('3','LAST_VERSION',
#18300,.MADE.);
#18305=PRODUCT_CATEGORY('part','');
#18306=PRODUCT_RELATED_PRODUCT_CATEGORY('detail','',(#18300));
#18307=PRODUCT_CATEGORY_RELATIONSHIP('','',#18305,#18306);
#18308=SECURITY_CLASSIFICATION_LEVEL('unclassified');
#18309=SECURITY_CLASSIFICATION('','',#18308);
#18310=CC_DESIGN_SECURITY_CLASSIFICATION(#18309,(#18301));
#18311=APPROVAL_STATUS('approved');
#18312=APPROVAL(#18311,'');
#18313=CC_DESIGN_APPROVAL(#18312,(#18309,#18301,#18302));
#18314=CALENDAR_DATE(126,25,6);
#18315=COORDINATED_UNIVERSAL_TIME_OFFSET(8,0,.AHEAD.);
#18316=LOCAL_TIME(14,8,1.4E1,#18315);
#18317=DATE_AND_TIME(#18314,#18316);
#18318=APPROVAL_DATE_TIME(#18317,#18312);
#18319=DATE_TIME_ROLE('creation_date');
#18320=CC_DESIGN_DATE_AND_TIME_ASSIGNMENT(#18317,#18319,(#18302));
#18321=DATE_TIME_ROLE('classification_date');
#18322=CC_DESIGN_DATE_AND_TIME_ASSIGNMENT(#18317,#18321,(#18309));
#18323=PERSON('UNSPECIFIED','UNSPECIFIED',$,$,$,$);
#18324=ORGANIZATION('UNSPECIFIED','UNSPECIFIED','UNSPECIFIED');
#18325=PERSON_AND_ORGANIZATION(#18323,#18324);
#18326=APPROVAL_ROLE('approver');
#18327=APPROVAL_PERSON_ORGANIZATION(#18325,#18312,#18326);
#18328=PERSON_AND_ORGANIZATION_ROLE('creator');
#18329=CC_DESIGN_PERSON_AND_ORGANIZATION_ASSIGNMENT(#18325,#18328,(#18301,
#18302));
#18330=PERSON_AND_ORGANIZATION_ROLE('design_supplier');
#18331=CC_DESIGN_PERSON_AND_ORGANIZATION_ASSIGNMENT(#18325,#18330,(#18301));
#18332=PERSON_AND_ORGANIZATION_ROLE('classification_officer');
#18333=CC_DESIGN_PERSON_AND_ORGANIZATION_ASSIGNMENT(#18325,#18332,(#18309));
#18334=PERSON_AND_ORGANIZATION_ROLE('design_owner');
#18335=CC_DESIGN_PERSON_AND_ORGANIZATION_ASSIGNMENT(#18325,#18334,(#18300));
#54=CIRCLE('',#53,4.990991885387E0);
#63=CIRCLE('',#62,2.8E0);
#68=CIRCLE('',#67,2.8E0);
#73=CIRCLE('',#72,4.990991885387E0);
#81=B_SPLINE_CURVE_WITH_KNOTS('',3,(#74,#75,#76,#77,#78,#79,#80),.UNSPECIFIED.,
.F.,.F.,(4,1,1,1,4),(0.E0,2.5E-1,5.E-1,7.5E-1,1.E0),.UNSPECIFIED.);
#89=B_SPLINE_CURVE_WITH_KNOTS('',3,(#82,#83,#84,#85,#86,#87,#88),.UNSPECIFIED.,
.F.,.F.,(4,1,1,1,4),(0.E0,2.5E-1,5.E-1,7.5E-1,1.E0),.UNSPECIFIED.);
#94=CIRCLE('',#93,4.990991885387E0);
#99=CIRCLE('',#98,4.853626533674E0);
#104=CIRCLE('',#103,4.990991885387E0);
#112=B_SPLINE_CURVE_WITH_KNOTS('',3,(#105,#106,#107,#108,#109,#110,#111),
.UNSPECIFIED.,.F.,.F.,(4,1,1,1,4),(0.E0,2.5E-1,5.E-1,7.5E-1,1.E0),
.UNSPECIFIED.);
#117=CIRCLE('',#116,4.853626533674E0);
#125=B_SPLINE_CURVE_WITH_KNOTS('',3,(#118,#119,#120,#121,#122,#123,#124),
.UNSPECIFIED.,.F.,.F.,(4,1,1,1,4),(0.E0,2.5E-1,5.E-1,7.5E-1,1.E0),
.UNSPECIFIED.);
#130=CIRCLE('',#129,4.990991885387E0);
#135=CIRCLE('',#134,4.853626533674E0);
#140=CIRCLE('',#139,3.925E1);
#145=CIRCLE('',#144,2.8E0);
#150=CIRCLE('',#149,3.925E1);
#155=CIRCLE('',#154,3.925E1);
#160=CIRCLE('',#159,1.25E0);
#165=CIRCLE('',#164,1.25E0);
#170=CIRCLE('',#169,1.25E0);
#175=CIRCLE('',#174,1.25E0);
#180=CIRCLE('',#179,1.25E0);
#185=CIRCLE('',#184,1.25E0);
#190=CIRCLE('',#189,1.25E0);
#195=CIRCLE('',#194,1.25E0);
#200=CIRCLE('',#199,1.25E0);
#205=CIRCLE('',#204,1.25E0);
#210=CIRCLE('',#209,1.25E0);
#215=CIRCLE('',#214,1.25E0);
#220=CIRCLE('',#219,1.25E0);
#225=CIRCLE('',#224,1.25E0);
#230=CIRCLE('',#229,1.25E0);
#235=CIRCLE('',#234,1.25E0);
#240=CIRCLE('',#239,1.25E0);
#245=CIRCLE('',#244,1.25E0);
#250=CIRCLE('',#249,2.3E1);
#255=CIRCLE('',#254,2.3E1);
#260=CIRCLE('',#259,3.925E1);
#265=CIRCLE('',#264,3.925E1);
#270=CIRCLE('',#269,3.925E1);
#275=CIRCLE('',#274,1.5E0);
#280=CIRCLE('',#279,1.5E0);
#285=CIRCLE('',#284,1.5E0);
#290=CIRCLE('',#289,1.5E0);
#295=CIRCLE('',#294,1.25E0);
#300=CIRCLE('',#299,1.25E0);
#305=CIRCLE('',#304,1.25E0);
#310=CIRCLE('',#309,1.25E0);
#315=CIRCLE('',#314,1.6E0);
#320=CIRCLE('',#319,1.6E0);
#341=CIRCLE('',#340,2.8E0);
#346=CIRCLE('',#345,2.8E0);
#351=CIRCLE('',#350,3.925E1);
#356=CIRCLE('',#355,3.925E1);
#361=CIRCLE('',#360,2.8E0);
#366=CIRCLE('',#365,2.8E0);
#371=CIRCLE('',#370,2.8E0);
#376=CIRCLE('',#375,3.925E1);
#381=CIRCLE('',#380,2.8E0);
#386=CIRCLE('',#385,2.8E0);
#391=CIRCLE('',#390,2.8E0);
#396=CIRCLE('',#395,3.925E1);
#401=CIRCLE('',#400,3.925E1);
#406=CIRCLE('',#405,2.8E0);
#411=CIRCLE('',#410,3.25E1);
#416=CIRCLE('',#415,3.25E1);
#425=CIRCLE('',#424,3.2E1);
#434=CIRCLE('',#433,3.25E1);
#439=CIRCLE('',#438,3.25E1);
#448=CIRCLE('',#447,3.2E1);
#457=CIRCLE('',#456,1.6E0);
#462=CIRCLE('',#461,1.6E0);
#467=CIRCLE('',#466,1.6E0);
#472=CIRCLE('',#471,1.6E0);
#477=CIRCLE('',#476,1.6E0);
#482=CIRCLE('',#481,1.6E0);
#487=CIRCLE('',#486,1.6E0);
#492=CIRCLE('',#491,1.6E0);
#497=CIRCLE('',#496,1.6E0);
#502=CIRCLE('',#501,1.6E0);
#507=CIRCLE('',#506,1.6E0);
#512=CIRCLE('',#511,1.6E0);
#525=CIRCLE('',#524,3.925E1);
#530=CIRCLE('',#529,2.8E0);
#535=CIRCLE('',#534,3.925E1);
#556=CIRCLE('',#555,2.8E0);
#561=CIRCLE('',#560,2.8E0);
#566=CIRCLE('',#565,4.990991885387E0);
#574=B_SPLINE_CURVE_WITH_KNOTS('',3,(#567,#568,#569,#570,#571,#572,#573),
.UNSPECIFIED.,.F.,.F.,(4,1,1,1,4),(0.E0,2.5E-1,5.E-1,7.5E-1,1.E0),
.UNSPECIFIED.);
#582=B_SPLINE_CURVE_WITH_KNOTS('',3,(#575,#576,#577,#578,#579,#580,#581),
.UNSPECIFIED.,.F.,.F.,(4,1,1,1,4),(0.E0,2.5E-1,5.E-1,7.5E-1,1.E0),
.UNSPECIFIED.);
#587=CIRCLE('',#586,4.990991885387E0);
#592=CIRCLE('',#591,4.853626533674E0);
#597=CIRCLE('',#596,4.990991885387E0);
#605=B_SPLINE_CURVE_WITH_KNOTS('',3,(#598,#599,#600,#601,#602,#603,#604),
.UNSPECIFIED.,.F.,.F.,(4,1,1,1,4),(0.E0,2.5E-1,5.E-1,7.5E-1,1.E0),
.UNSPECIFIED.);
#610=CIRCLE('',#609,4.853626533674E0);
#618=B_SPLINE_CURVE_WITH_KNOTS('',3,(#611,#612,#613,#614,#615,#616,#617),
.UNSPECIFIED.,.F.,.F.,(4,1,1,1,4),(0.E0,2.5E-1,5.E-1,7.5E-1,1.E0),
.UNSPECIFIED.);
#623=CIRCLE('',#622,4.990991885387E0);
#628=CIRCLE('',#627,4.853626533674E0);
#657=CIRCLE('',#656,4.990991885387E0);
#662=CIRCLE('',#661,4.853626533674E0);
#671=CIRCLE('',#670,4.990991885387E0);
#728=CIRCLE('',#727,4.990991885387E0);
#742=B_SPLINE_CURVE_WITH_KNOTS('',3,(#737,#738,#739,#740,#741),.UNSPECIFIED.,
.F.,.F.,(4,1,4),(0.E0,5.E-1,1.E0),.UNSPECIFIED.);
#747=CIRCLE('',#746,3.E-1);
#752=CIRCLE('',#751,3.E-1);
#757=CIRCLE('',#756,3.E-1);
#765=B_SPLINE_CURVE_WITH_KNOTS('',3,(#758,#759,#760,#761,#762,#763,#764),
.UNSPECIFIED.,.F.,.F.,(4,1,1,1,4),(0.E0,2.5E-1,5.E-1,7.5E-1,1.E0),
.UNSPECIFIED.);
#794=CIRCLE('',#793,4.990991885387E0);
#804=B_SPLINE_CURVE_WITH_KNOTS('',3,(#799,#800,#801,#802,#803),.UNSPECIFIED.,
.F.,.F.,(4,1,4),(0.E0,5.E-1,1.E0),.UNSPECIFIED.);
#818=B_SPLINE_CURVE_WITH_KNOTS('',3,(#813,#814,#815,#816,#817),.UNSPECIFIED.,
.F.,.F.,(4,1,4),(0.E0,5.E-1,1.E0),.UNSPECIFIED.);
#824=B_SPLINE_CURVE_WITH_KNOTS('',3,(#819,#820,#821,#822,#823),.UNSPECIFIED.,
.F.,.F.,(4,1,4),(0.E0,5.E-1,1.E0),.UNSPECIFIED.);
#834=B_SPLINE_CURVE_WITH_KNOTS('',3,(#829,#830,#831,#832,#833),.UNSPECIFIED.,
.F.,.F.,(4,1,4),(0.E0,5.E-1,1.E0),.UNSPECIFIED.);
#848=B_SPLINE_CURVE_WITH_KNOTS('',3,(#843,#844,#845,#846,#847),.UNSPECIFIED.,
.F.,.F.,(4,1,4),(0.E0,5.E-1,1.E0),.UNSPECIFIED.);
#854=B_SPLINE_CURVE_WITH_KNOTS('',3,(#849,#850,#851,#852,#853),.UNSPECIFIED.,
.F.,.F.,(4,1,4),(0.E0,5.E-1,1.E0),.UNSPECIFIED.);
#868=B_SPLINE_CURVE_WITH_KNOTS('',3,(#863,#864,#865,#866,#867),.UNSPECIFIED.,
.F.,.F.,(4,1,4),(0.E0,5.E-1,1.E0),.UNSPECIFIED.);
#881=CIRCLE('',#880,3.925E1);
#886=CIRCLE('',#885,2.8E0);
#899=CIRCLE('',#898,2.8E0);
#904=CIRCLE('',#903,2.8E0);
#909=CIRCLE('',#908,4.990991885387E0);
#917=B_SPLINE_CURVE_WITH_KNOTS('',3,(#910,#911,#912,#913,#914,#915,#916),
.UNSPECIFIED.,.F.,.F.,(4,1,1,1,4),(0.E0,2.5E-1,5.E-1,7.5E-1,1.E0),
.UNSPECIFIED.);
#925=B_SPLINE_CURVE_WITH_KNOTS('',3,(#918,#919,#920,#921,#922,#923,#924),
.UNSPECIFIED.,.F.,.F.,(4,1,1,1,4),(0.E0,2.5E-1,5.E-1,7.5E-1,1.E0),
.UNSPECIFIED.);
#930=CIRCLE('',#929,4.990991885387E0);
#935=CIRCLE('',#934,4.853626533674E0);
#940=CIRCLE('',#939,4.990991885387E0);
#948=B_SPLINE_CURVE_WITH_KNOTS('',3,(#941,#942,#943,#944,#945,#946,#947),
.UNSPECIFIED.,.F.,.F.,(4,1,1,1,4),(0.E0,2.5E-1,5.E-1,7.5E-1,1.E0),
.UNSPECIFIED.);
#953=CIRCLE('',#952,4.853626533674E0);
#961=B_SPLINE_CURVE_WITH_KNOTS('',3,(#954,#955,#956,#957,#958,#959,#960),
.UNSPECIFIED.,.F.,.F.,(4,1,1,1,4),(0.E0,2.5E-1,5.E-1,7.5E-1,1.E0),
.UNSPECIFIED.);
#966=CIRCLE('',#965,4.990991885387E0);
#971=CIRCLE('',#970,4.853626533674E0);
#1000=CIRCLE('',#999,4.990991885387E0);
#1005=CIRCLE('',#1004,4.853626533674E0);
#1014=CIRCLE('',#1013,4.990991885387E0);
#1071=CIRCLE('',#1070,4.990991885387E0);
#1085=B_SPLINE_CURVE_WITH_KNOTS('',3,(#1080,#1081,#1082,#1083,#1084),
.UNSPECIFIED.,.F.,.F.,(4,1,4),(0.E0,5.E-1,1.E0),.UNSPECIFIED.);
#1090=CIRCLE('',#1089,3.E-1);
#1095=CIRCLE('',#1094,3.E-1);
#1100=CIRCLE('',#1099,3.E-1);
#1108=B_SPLINE_CURVE_WITH_KNOTS('',3,(#1101,#1102,#1103,#1104,#1105,#1106,
#1107),.UNSPECIFIED.,.F.,.F.,(4,1,1,1,4),(0.E0,2.5E-1,5.E-1,7.5E-1,1.E0),
.UNSPECIFIED.);
#1137=CIRCLE('',#1136,4.990991885387E0);
#1147=B_SPLINE_CURVE_WITH_KNOTS('',3,(#1142,#1143,#1144,#1145,#1146),
.UNSPECIFIED.,.F.,.F.,(4,1,4),(0.E0,5.E-1,1.E0),.UNSPECIFIED.);
#1161=B_SPLINE_CURVE_WITH_KNOTS('',3,(#1156,#1157,#1158,#1159,#1160),
.UNSPECIFIED.,.F.,.F.,(4,1,4),(0.E0,5.E-1,1.E0),.UNSPECIFIED.);
#1167=B_SPLINE_CURVE_WITH_KNOTS('',3,(#1162,#1163,#1164,#1165,#1166),
.UNSPECIFIED.,.F.,.F.,(4,1,4),(0.E0,5.E-1,1.E0),.UNSPECIFIED.);
#1177=B_SPLINE_CURVE_WITH_KNOTS('',3,(#1172,#1173,#1174,#1175,#1176),
.UNSPECIFIED.,.F.,.F.,(4,1,4),(0.E0,5.E-1,1.E0),.UNSPECIFIED.);
#1191=B_SPLINE_CURVE_WITH_KNOTS('',3,(#1186,#1187,#1188,#1189,#1190),
.UNSPECIFIED.,.F.,.F.,(4,1,4),(0.E0,5.E-1,1.E0),.UNSPECIFIED.);
#1197=B_SPLINE_CURVE_WITH_KNOTS('',3,(#1192,#1193,#1194,#1195,#1196),
.UNSPECIFIED.,.F.,.F.,(4,1,4),(0.E0,5.E-1,1.E0),.UNSPECIFIED.);
#1211=B_SPLINE_CURVE_WITH_KNOTS('',3,(#1206,#1207,#1208,#1209,#1210),
.UNSPECIFIED.,.F.,.F.,(4,1,4),(0.E0,5.E-1,1.E0),.UNSPECIFIED.);
#1224=CIRCLE('',#1223,2.E0);
#1229=CIRCLE('',#1228,1.E0);
#1234=CIRCLE('',#1233,3.25E1);
#1239=CIRCLE('',#1238,3.25E1);
#1244=CIRCLE('',#1243,1.E0);
#1269=CIRCLE('',#1268,5.000000012544E-1);
#1274=CIRCLE('',#1273,3.15E1);
#1279=CIRCLE('',#1278,5.000000012884E-1);
#1284=CIRCLE('',#1283,2.5E0);
#1289=CIRCLE('',#1288,5.000000005020E-1);
#1294=CIRCLE('',#1293,3.15E1);
#1299=CIRCLE('',#1298,5.000000004073E-1);
#1304=CIRCLE('',#1303,2.5E0);
#1309=CIRCLE('',#1308,4.999999996382E-1);
#1314=CIRCLE('',#1313,3.15E1);
#1319=CIRCLE('',#1318,5.000000003024E-1);
#1324=CIRCLE('',#1323,2.5E0);
#1329=CIRCLE('',#1328,4.999999996383E-1);
#1334=CIRCLE('',#1333,3.15E1);
#1339=CIRCLE('',#1338,5.000000004462E-1);
#1344=CIRCLE('',#1343,2.5E0);
#1349=CIRCLE('',#1348,5.000000000736E-1);
#1354=CIRCLE('',#1353,1.000000000523E0);
#1362=B_SPLINE_CURVE_WITH_KNOTS('',3,(#1355,#1356,#1357,#1358,#1359,#1360,
#1361),.UNSPECIFIED.,.F.,.F.,(4,1,1,1,4),(0.E0,2.5E-1,5.E-1,7.5E-1,1.E0),
.UNSPECIFIED.);
#1371=B_SPLINE_CURVE_WITH_KNOTS('',3,(#1363,#1364,#1365,#1366,#1367,#1368,#1369,
#1370),.UNSPECIFIED.,.F.,.F.,(4,1,1,1,1,4),(0.E0,2.E-1,4.E-1,6.E-1,8.E-1,1.E0),
.UNSPECIFIED.);
#1380=B_SPLINE_CURVE_WITH_KNOTS('',3,(#1372,#1373,#1374,#1375,#1376,#1377,#1378,
#1379),.UNSPECIFIED.,.F.,.F.,(4,1,1,1,1,4),(0.E0,2.E-1,4.E-1,6.E-1,8.E-1,1.E0),
.UNSPECIFIED.);
#1385=CIRCLE('',#1384,3.25E1);
#1414=B_SPLINE_CURVE_WITH_KNOTS('',3,(#1406,#1407,#1408,#1409,#1410,#1411,#1412,
#1413),.UNSPECIFIED.,.F.,.F.,(4,1,1,1,1,4),(0.E0,2.E-1,4.E-1,6.E-1,8.E-1,1.E0),
.UNSPECIFIED.);
#1423=CIRCLE('',#1422,1.000000001072E0);
#1428=CIRCLE('',#1427,4.999999999868E-1);
#1436=B_SPLINE_CURVE_WITH_KNOTS('',3,(#1429,#1430,#1431,#1432,#1433,#1434,
#1435),.UNSPECIFIED.,.F.,.F.,(4,1,1,1,4),(0.E0,2.5E-1,5.E-1,7.5E-1,1.E0),
.UNSPECIFIED.);
#1447=B_SPLINE_CURVE_WITH_KNOTS('',3,(#1437,#1438,#1439,#1440,#1441,#1442,#1443,
#1444,#1445,#1446),.UNSPECIFIED.,.F.,.F.,(4,1,1,1,1,1,1,4),(0.E0,
1.428571428571E-1,2.857142857143E-1,4.285714285714E-1,5.714285714286E-1,
7.142857142857E-1,8.571428571429E-1,1.E0),.UNSPECIFIED.);
#1460=CIRCLE('',#1459,2.E0);
#1465=CIRCLE('',#1464,1.E0);
#1470=CIRCLE('',#1469,3.25E1);
#1475=CIRCLE('',#1474,1.E0);
#1500=CIRCLE('',#1499,1.000000000576E0);
#1505=CIRCLE('',#1504,5.000000001682E-1);
#1513=B_SPLINE_CURVE_WITH_KNOTS('',3,(#1506,#1507,#1508,#1509,#1510,#1511,
#1512),.UNSPECIFIED.,.F.,.F.,(4,1,1,1,4),(0.E0,2.5E-1,5.E-1,7.5E-1,1.E0),
.UNSPECIFIED.);
#1526=B_SPLINE_CURVE_WITH_KNOTS('',3,(#1518,#1519,#1520,#1521,#1522,#1523,#1524,
#1525),.UNSPECIFIED.,.F.,.F.,(4,1,1,1,1,4),(0.E0,2.E-1,4.E-1,6.E-1,8.E-1,1.E0),
.UNSPECIFIED.);
#1539=B_SPLINE_CURVE_WITH_KNOTS('',3,(#1531,#1532,#1533,#1534,#1535,#1536,#1537,
#1538),.UNSPECIFIED.,.F.,.F.,(4,1,1,1,1,4),(0.E0,2.E-1,4.E-1,6.E-1,8.E-1,1.E0),
.UNSPECIFIED.);
#1544=CIRCLE('',#1543,3.25E1);
#1554=B_SPLINE_CURVE_WITH_KNOTS('',3,(#1545,#1546,#1547,#1548,#1549,#1550,#1551,
#1552,#1553),.UNSPECIFIED.,.F.,.F.,(4,1,1,1,1,1,4),(0.E0,1.666666666667E-1,
3.333333333333E-1,5.E-1,6.666666666667E-1,8.333333333333E-1,1.E0),
.UNSPECIFIED.);
#1559=CIRCLE('',#1558,5.000000000001E-1);
#1568=B_SPLINE_CURVE_WITH_KNOTS('',3,(#1560,#1561,#1562,#1563,#1564,#1565,#1566,
#1567),.UNSPECIFIED.,.F.,.F.,(4,1,1,1,1,4),(0.E0,2.E-1,4.E-1,6.E-1,8.E-1,1.E0),
.UNSPECIFIED.);
#1573=CIRCLE('',#1572,5.000000000001E-1);
#1578=CIRCLE('',#1577,9.999999996387E-1);
#1595=CIRCLE('',#1594,2.E0);
#1600=CIRCLE('',#1599,1.E0);
#1605=CIRCLE('',#1604,3.25E1);
#1610=CIRCLE('',#1609,3.25E1);
#1615=CIRCLE('',#1614,1.E0);
#1640=CIRCLE('',#1639,1.000000000406E0);
#1645=CIRCLE('',#1644,5.000000001683E-1);
#1658=B_SPLINE_CURVE_WITH_KNOTS('',3,(#1650,#1651,#1652,#1653,#1654,#1655,#1656,
#1657),.UNSPECIFIED.,.F.,.F.,(4,1,1,1,1,4),(0.E0,2.E-1,4.E-1,6.E-1,8.E-1,1.E0),
.UNSPECIFIED.);
#1670=B_SPLINE_CURVE_WITH_KNOTS('',3,(#1663,#1664,#1665,#1666,#1667,#1668,
#1669),.UNSPECIFIED.,.F.,.F.,(4,1,1,1,4),(0.E0,2.5E-1,5.E-1,7.5E-1,1.E0),
.UNSPECIFIED.);
#1679=B_SPLINE_CURVE_WITH_KNOTS('',3,(#1671,#1672,#1673,#1674,#1675,#1676,#1677,
#1678),.UNSPECIFIED.,.F.,.F.,(4,1,1,1,1,4),(0.E0,2.E-1,4.E-1,6.E-1,8.E-1,1.E0),
.UNSPECIFIED.);
#1684=CIRCLE('',#1683,3.25E1);
#1693=B_SPLINE_CURVE_WITH_KNOTS('',3,(#1685,#1686,#1687,#1688,#1689,#1690,#1691,
#1692),.UNSPECIFIED.,.F.,.F.,(4,1,1,1,1,4),(0.E0,2.E-1,4.E-1,6.E-1,8.E-1,1.E0),
.UNSPECIFIED.);
#1698=CIRCLE('',#1697,5.000000000001E-1);
#1707=B_SPLINE_CURVE_WITH_KNOTS('',3,(#1699,#1700,#1701,#1702,#1703,#1704,#1705,
#1706),.UNSPECIFIED.,.F.,.F.,(4,1,1,1,1,4),(0.E0,2.E-1,4.E-1,6.E-1,8.E-1,1.E0),
.UNSPECIFIED.);
#1712=CIRCLE('',#1711,5.000000000001E-1);
#1717=CIRCLE('',#1716,9.999999996387E-1);
#1734=CIRCLE('',#1733,2.E0);
#1739=CIRCLE('',#1738,1.E0);
#1744=CIRCLE('',#1743,3.25E1);
#1749=CIRCLE('',#1748,1.E0);
#1774=CIRCLE('',#1773,1.000000000552E0);
#1779=CIRCLE('',#1778,5.000000001683E-1);
#1787=B_SPLINE_CURVE_WITH_KNOTS('',3,(#1780,#1781,#1782,#1783,#1784,#1785,
#1786),.UNSPECIFIED.,.F.,.F.,(4,1,1,1,4),(0.E0,2.5E-1,5.E-1,7.5E-1,1.E0),
.UNSPECIFIED.);
#1800=B_SPLINE_CURVE_WITH_KNOTS('',3,(#1792,#1793,#1794,#1795,#1796,#1797,#1798,
#1799),.UNSPECIFIED.,.F.,.F.,(4,1,1,1,1,4),(0.E0,2.E-1,4.E-1,6.E-1,8.E-1,1.E0),
.UNSPECIFIED.);
#1813=B_SPLINE_CURVE_WITH_KNOTS('',3,(#1805,#1806,#1807,#1808,#1809,#1810,#1811,
#1812),.UNSPECIFIED.,.F.,.F.,(4,1,1,1,1,4),(0.E0,2.E-1,4.E-1,6.E-1,8.E-1,1.E0),
.UNSPECIFIED.);
#1818=CIRCLE('',#1817,3.25E1);
#1827=B_SPLINE_CURVE_WITH_KNOTS('',3,(#1819,#1820,#1821,#1822,#1823,#1824,#1825,
#1826),.UNSPECIFIED.,.F.,.F.,(4,1,1,1,1,4),(0.E0,2.E-1,4.E-1,6.E-1,8.E-1,1.E0),
.UNSPECIFIED.);
#1835=B_SPLINE_CURVE_WITH_KNOTS('',3,(#1828,#1829,#1830,#1831,#1832,#1833,
#1834),.UNSPECIFIED.,.F.,.F.,(4,1,1,1,4),(0.E0,2.5E-1,5.E-1,7.5E-1,1.E0),
.UNSPECIFIED.);
#1844=B_SPLINE_CURVE_WITH_KNOTS('',3,(#1836,#1837,#1838,#1839,#1840,#1841,#1842,
#1843),.UNSPECIFIED.,.F.,.F.,(4,1,1,1,1,4),(0.E0,2.E-1,4.E-1,6.E-1,8.E-1,1.E0),
.UNSPECIFIED.);
#1849=CIRCLE('',#1848,5.000000000381E-1);
#1854=CIRCLE('',#1853,1.000000000202E0);
#1887=CIRCLE('',#1886,5.E-1);
#1892=CIRCLE('',#1891,2.E0);
#1897=CIRCLE('',#1896,2.E0);
#1902=CIRCLE('',#1901,5.E-1);
#1907=CIRCLE('',#1906,2.E0);
#1912=CIRCLE('',#1911,2.E0);
#1917=CIRCLE('',#1916,2.E0);
#1922=CIRCLE('',#1921,2.E0);
#1927=CIRCLE('',#1926,3.002598799174E0);
#1932=CIRCLE('',#1931,3.174901573278E0);
#1937=CIRCLE('',#1936,3.002598799174E0);
#1942=CIRCLE('',#1941,3.174901573278E0);
#1947=CIRCLE('',#1946,3.002598799174E0);
#1952=CIRCLE('',#1951,3.174901573278E0);
#1957=CIRCLE('',#1956,3.002598799174E0);
#1966=CIRCLE('',#1965,3.174901573278E0);
#1979=CIRCLE('',#1978,3.174901573278E0);
#2052=CIRCLE('',#2051,3.174901573278E0);
#2085=CIRCLE('',#2084,3.174901573278E0);
#2110=CIRCLE('',#2109,3.174901573278E0);
#2115=CIRCLE('',#2114,5.E-1);
#2120=CIRCLE('',#2119,2.E0);
#2125=CIRCLE('',#2124,5.E-1);
#2138=CIRCLE('',#2137,2.E0);
#2143=CIRCLE('',#2142,2.E0);
#2148=CIRCLE('',#2147,2.E0);
#2153=CIRCLE('',#2152,3.002598799174E0);
#2158=CIRCLE('',#2157,3.174901573278E0);
#2163=CIRCLE('',#2162,3.002598799174E0);
#2168=CIRCLE('',#2167,3.174901573278E0);
#2173=CIRCLE('',#2172,3.002598799174E0);
#2178=CIRCLE('',#2177,3.174901573278E0);
#2183=CIRCLE('',#2182,3.002598799174E0);
#2192=CIRCLE('',#2191,3.174901573278E0);
#2205=CIRCLE('',#2204,3.174901573278E0);
#2278=CIRCLE('',#2277,3.174901573278E0);
#2311=CIRCLE('',#2310,3.174901573278E0);
#2336=CIRCLE('',#2335,3.174901573278E0);
#2349=CIRCLE('',#2348,5.E-1);
#2354=CIRCLE('',#2353,2.E0);
#2359=CIRCLE('',#2358,2.E0);
#2364=CIRCLE('',#2363,5.E-1);
#2377=CIRCLE('',#2376,2.E0);
#2382=CIRCLE('',#2381,2.E0);
#2387=CIRCLE('',#2386,2.E0);
#2392=CIRCLE('',#2391,2.E0);
#2397=CIRCLE('',#2396,3.002598799174E0);
#2402=CIRCLE('',#2401,3.174901573278E0);
#2407=CIRCLE('',#2406,3.002598799174E0);
#2412=CIRCLE('',#2411,3.174901573278E0);
#2417=CIRCLE('',#2416,3.002598799174E0);
#2422=CIRCLE('',#2421,3.174901573278E0);
#2427=CIRCLE('',#2426,3.002598799174E0);
#2436=CIRCLE('',#2435,3.174901573278E0);
#2449=CIRCLE('',#2448,3.174901573278E0);
#2522=CIRCLE('',#2521,3.174901573278E0);
#2555=CIRCLE('',#2554,3.174901573278E0);
#2580=CIRCLE('',#2579,3.174901573278E0);
#2593=CIRCLE('',#2592,5.E-1);
#2598=CIRCLE('',#2597,2.E0);
#2603=CIRCLE('',#2602,5.E-1);
#2628=CIRCLE('',#2627,2.E0);
#2633=CIRCLE('',#2632,2.E0);
#2638=CIRCLE('',#2637,2.E0);
#2643=CIRCLE('',#2642,3.002598799174E0);
#2648=CIRCLE('',#2647,3.174901573278E0);
#2653=CIRCLE('',#2652,3.002598799174E0);
#2658=CIRCLE('',#2657,3.174901573278E0);
#2663=CIRCLE('',#2662,3.002598799174E0);
#2668=CIRCLE('',#2667,3.174901573278E0);
#2673=CIRCLE('',#2672,3.002598799174E0);
#2682=CIRCLE('',#2681,3.174901573278E0);
#2695=CIRCLE('',#2694,3.174901573278E0);
#2768=CIRCLE('',#2767,3.174901573278E0);
#2801=CIRCLE('',#2800,3.174901573278E0);
#2826=CIRCLE('',#2825,3.174901573278E0);
#2835=CIRCLE('',#2834,3.25E1);
#2844=CIRCLE('',#2843,3.2E1);
#2885=CIRCLE('',#2884,3.2E1);
#2910=CIRCLE('',#2909,3.2E1);
#2919=CIRCLE('',#2918,3.25E1);
#3040=CIRCLE('',#3039,3.25E1);
#3245=CIRCLE('',#3244,9.999998185970E-1);
#3254=CIRCLE('',#3253,9.999998185970E-1);
#3263=CIRCLE('',#3262,9.999998185970E-1);
#3272=CIRCLE('',#3271,9.999998185970E-1);
#3305=CIRCLE('',#3304,9.999998185970E-1);
#3310=CIRCLE('',#3309,9.886858173137E-1);
#3315=CIRCLE('',#3314,9.921565616691E-1);
#3336=CIRCLE('',#3335,9.921565616691E-1);
#3341=CIRCLE('',#3340,9.886858173136E-1);
#3346=CIRCLE('',#3345,9.999998185970E-1);
#3351=CIRCLE('',#3350,9.999998185970E-1);
#3356=CIRCLE('',#3355,9.921565616691E-1);
#3369=CIRCLE('',#3368,9.999998185970E-1);
#3386=CIRCLE('',#3385,9.999998185970E-1);
#3399=CIRCLE('',#3398,9.999998185970E-1);
#3404=CIRCLE('',#3403,9.886858173136E-1);
#3409=CIRCLE('',#3408,9.921565616690E-1);
#3430=CIRCLE('',#3429,9.921565616690E-1);
#3435=CIRCLE('',#3434,9.886858173137E-1);
#3440=CIRCLE('',#3439,9.999998185970E-1);
#3445=CIRCLE('',#3444,9.999998185970E-1);
#3450=CIRCLE('',#3449,9.921565616690E-1);
#3467=CIRCLE('',#3466,9.999998185970E-1);
#3480=CIRCLE('',#3479,9.999998185970E-1);
#3485=CIRCLE('',#3484,9.886858173137E-1);
#3490=CIRCLE('',#3489,9.921565616690E-1);
#3511=CIRCLE('',#3510,9.921565616690E-1);
#3516=CIRCLE('',#3515,9.886858173136E-1);
#3521=CIRCLE('',#3520,9.999998185970E-1);
#3526=CIRCLE('',#3525,9.999998185970E-1);
#3531=CIRCLE('',#3530,9.921565616690E-1);
#3548=CIRCLE('',#3547,9.999998185970E-1);
#3553=CIRCLE('',#3552,9.886858173136E-1);
#3558=CIRCLE('',#3557,9.921565616691E-1);
#3579=CIRCLE('',#3578,9.921565616691E-1);
#3584=CIRCLE('',#3583,9.886858173137E-1);
#3589=CIRCLE('',#3588,9.999998185970E-1);
#3594=CIRCLE('',#3593,9.999998185970E-1);
#3599=CIRCLE('',#3598,9.921565616691E-1);
#3612=CIRCLE('',#3611,9.999998185970E-1);
#4009=CIRCLE('',#4008,3.25E1);
#4018=CIRCLE('',#4017,3.2E1);
#4059=CIRCLE('',#4058,3.2E1);
#4084=CIRCLE('',#4083,3.2E1);
#4093=CIRCLE('',#4092,3.25E1);
#4214=CIRCLE('',#4213,3.25E1);
#4419=CIRCLE('',#4418,9.999998185970E-1);
#4428=CIRCLE('',#4427,9.999998185970E-1);
#4437=CIRCLE('',#4436,9.999998185970E-1);
#4446=CIRCLE('',#4445,9.999998185970E-1);
#4479=CIRCLE('',#4478,9.999998185970E-1);
#4484=CIRCLE('',#4483,9.886858173137E-1);
#4489=CIRCLE('',#4488,9.921565616691E-1);
#4510=CIRCLE('',#4509,9.921565616691E-1);
#4515=CIRCLE('',#4514,9.886858173136E-1);
#4520=CIRCLE('',#4519,9.999998185970E-1);
#4525=CIRCLE('',#4524,9.999998185970E-1);
#4530=CIRCLE('',#4529,9.921565616691E-1);
#4543=CIRCLE('',#4542,9.999998185970E-1);
#4560=CIRCLE('',#4559,9.999998185970E-1);
#4573=CIRCLE('',#4572,9.999998185970E-1);
#4578=CIRCLE('',#4577,9.886858173136E-1);
#4583=CIRCLE('',#4582,9.921565616690E-1);
#4604=CIRCLE('',#4603,9.921565616690E-1);
#4609=CIRCLE('',#4608,9.886858173137E-1);
#4614=CIRCLE('',#4613,9.999998185970E-1);
#4619=CIRCLE('',#4618,9.999998185970E-1);
#4624=CIRCLE('',#4623,9.921565616690E-1);
#4641=CIRCLE('',#4640,9.999998185970E-1);
#4654=CIRCLE('',#4653,9.999998185970E-1);
#4659=CIRCLE('',#4658,9.886858173137E-1);
#4664=CIRCLE('',#4663,9.921565616690E-1);
#4685=CIRCLE('',#4684,9.921565616690E-1);
#4690=CIRCLE('',#4689,9.886858173136E-1);
#4695=CIRCLE('',#4694,9.999998185970E-1);
#4700=CIRCLE('',#4699,9.999998185970E-1);
#4705=CIRCLE('',#4704,9.921565616690E-1);
#4722=CIRCLE('',#4721,9.999998185970E-1);
#4727=CIRCLE('',#4726,9.886858173136E-1);
#4732=CIRCLE('',#4731,9.921565616691E-1);
#4753=CIRCLE('',#4752,9.921565616691E-1);
#4758=CIRCLE('',#4757,9.886858173137E-1);
#4763=CIRCLE('',#4762,9.999998185970E-1);
#4768=CIRCLE('',#4767,9.999998185970E-1);
#4773=CIRCLE('',#4772,9.921565616691E-1);
#4786=CIRCLE('',#4785,9.999998185970E-1);
#5179=CIRCLE('',#5178,1.25E0);
#5184=CIRCLE('',#5183,1.25E0);
#5189=CIRCLE('',#5188,1.6E0);
#5194=CIRCLE('',#5193,1.6E0);
#5215=CIRCLE('',#5214,1.25E0);
#5220=CIRCLE('',#5219,1.25E0);
#5225=CIRCLE('',#5224,1.6E0);
#5230=CIRCLE('',#5229,1.6E0);
#5251=CIRCLE('',#5250,1.25E0);
#5256=CIRCLE('',#5255,1.25E0);
#5261=CIRCLE('',#5260,1.6E0);
#5266=CIRCLE('',#5265,1.6E0);
#5287=CIRCLE('',#5286,1.25E0);
#5292=CIRCLE('',#5291,1.25E0);
#5297=CIRCLE('',#5296,1.6E0);
#5302=CIRCLE('',#5301,1.6E0);
#5323=CIRCLE('',#5322,1.25E0);
#5328=CIRCLE('',#5327,1.25E0);
#5333=CIRCLE('',#5332,1.6E0);
#5338=CIRCLE('',#5337,1.6E0);
#5359=CIRCLE('',#5358,1.25E0);
#5364=CIRCLE('',#5363,1.25E0);
#5369=CIRCLE('',#5368,1.25E0);
#5374=CIRCLE('',#5373,1.25E0);
#5387=CIRCLE('',#5386,1.25E0);
#5392=CIRCLE('',#5391,1.25E0);
#5397=CIRCLE('',#5396,1.25E0);
#5402=CIRCLE('',#5401,1.25E0);
#5415=CIRCLE('',#5414,1.25E0);
#5420=CIRCLE('',#5419,1.25E0);
#5425=CIRCLE('',#5424,1.25E0);
#5430=CIRCLE('',#5429,1.25E0);
#5443=CIRCLE('',#5442,1.5E0);
#5448=CIRCLE('',#5447,1.5E0);
#5453=CIRCLE('',#5452,2.15E1);
#5458=CIRCLE('',#5457,1.5E0);
#5463=CIRCLE('',#5462,2.193933982822E1);
#5468=CIRCLE('',#5467,1.5E0);
#5473=CIRCLE('',#5472,2.15E1);
#5478=CIRCLE('',#5477,2.15E1);
#5483=CIRCLE('',#5482,1.878867513460E1);
#5488=CIRCLE('',#5487,1.878867513460E1);
#5501=CIRCLE('',#5500,2.15E1);
#5506=CIRCLE('',#5505,2.193933982822E1);
#5515=CIRCLE('',#5514,1.85E1);
#5520=CIRCLE('',#5519,1.85E1);
#5529=CIRCLE('',#5528,1.85E1);
#5534=CIRCLE('',#5533,1.85E1);
#5547=CIRCLE('',#5546,1.906E1);
#5552=CIRCLE('',#5551,1.906E1);
#5557=CIRCLE('',#5556,1.85E1);
#5562=CIRCLE('',#5561,1.85E1);
#5583=CIRCLE('',#5582,1.906E1);
#5588=CIRCLE('',#5587,1.906E1);
#5593=CIRCLE('',#5592,8.E0);
#5602=CIRCLE('',#5601,1.701E1);
#5607=CIRCLE('',#5606,1.701E1);
#5616=CIRCLE('',#5615,1.906E1);
#5629=CIRCLE('',#5628,1.85E1);
#5634=CIRCLE('',#5633,8.E0);
#5639=CIRCLE('',#5638,1.906E1);
#5652=CIRCLE('',#5651,1.775E1);
#5657=CIRCLE('',#5656,1.775E1);
#5666=CIRCLE('',#5665,1.701E1);
#5671=CIRCLE('',#5670,1.701E1);
#5680=CIRCLE('',#5679,1.775E1);
#5685=CIRCLE('',#5684,1.775E1);
#5690=CIRCLE('',#5689,1.775E1);
#5695=CIRCLE('',#5694,1.575E1);
#5700=CIRCLE('',#5699,1.575E1);
#5717=CIRCLE('',#5716,1.775E1);
#5722=CIRCLE('',#5721,8.E0);
#5727=CIRCLE('',#5726,8.E0);
#5732=CIRCLE('',#5731,1.82E1);
#5737=CIRCLE('',#5736,3.E-1);
#5742=CIRCLE('',#5741,3.E-1);
#5747=CIRCLE('',#5746,1.82E1);
#5752=CIRCLE('',#5751,1.82E1);
#5757=CIRCLE('',#5756,1.82E1);
#5762=CIRCLE('',#5761,8.E0);
#5767=CIRCLE('',#5766,1.85E1);
#5772=CIRCLE('',#5771,1.85E1);
#5777=CIRCLE('',#5776,1.85E1);
#5786=CIRCLE('',#5785,1.85E1);
#5791=CIRCLE('',#5790,1.841213203436E1);
#5804=CIRCLE('',#5803,1.85E1);
#5809=CIRCLE('',#5808,3.E-1);
#5814=CIRCLE('',#5813,1.841213203436E1);
#5819=CIRCLE('',#5818,3.E-1);
#5832=CIRCLE('',#5831,1.575E1);
#5837=CIRCLE('',#5836,1.575E1);
#5842=CIRCLE('',#5841,1.53E1);
#5847=CIRCLE('',#5846,1.53E1);
#5852=CIRCLE('',#5851,1.508786796564E1);
#5857=CIRCLE('',#5856,3.E-1);
#5862=CIRCLE('',#5861,1.508786796564E1);
#5867=CIRCLE('',#5866,3.E-1);
#5872=CIRCLE('',#5871,1.5E1);
#5877=CIRCLE('',#5876,3.E-1);
#5882=CIRCLE('',#5881,3.E-1);
#5887=CIRCLE('',#5886,1.5E1);
#5892=CIRCLE('',#5891,1.5E1);
#5897=CIRCLE('',#5896,1.486602540379E1);
#5902=CIRCLE('',#5901,1.486602540379E1);
#5907=CIRCLE('',#5906,1.65E0);
#5912=CIRCLE('',#5911,1.65E0);
#5917=CIRCLE('',#5916,1.65E0);
#5922=CIRCLE('',#5921,1.65E0);
#5927=CIRCLE('',#5926,1.65E0);
#5932=CIRCLE('',#5931,1.65E0);
#5937=CIRCLE('',#5936,1.65E0);
#5942=CIRCLE('',#5941,1.65E0);
#5947=CIRCLE('',#5946,1.65E0);
#5952=CIRCLE('',#5951,1.65E0);
#5957=CIRCLE('',#5956,2.5E0);
#5962=CIRCLE('',#5961,2.5E0);
#5967=CIRCLE('',#5966,2.5E0);
#5972=CIRCLE('',#5971,2.5E0);
#5977=CIRCLE('',#5976,6.75E0);
#5982=CIRCLE('',#5981,6.75E0);
#5987=CIRCLE('',#5986,2.5E0);
#5992=CIRCLE('',#5991,2.5E0);
#5997=CIRCLE('',#5996,1.65E0);
#6002=CIRCLE('',#6001,1.65E0);
#6011=CIRCLE('',#6010,1.5E1);
#6016=CIRCLE('',#6015,1.5E1);
#6033=CIRCLE('',#6032,1.5E1);
#6046=CIRCLE('',#6045,1.65E0);
#6051=CIRCLE('',#6050,1.65E0);
#6056=CIRCLE('',#6055,1.65E0);
#6061=CIRCLE('',#6060,1.65E0);
#6074=CIRCLE('',#6073,1.65E0);
#6079=CIRCLE('',#6078,1.65E0);
#6092=CIRCLE('',#6091,1.65E0);
#6097=CIRCLE('',#6096,1.65E0);
#6102=CIRCLE('',#6101,1.65E0);
#6107=CIRCLE('',#6106,1.65E0);
#6120=CIRCLE('',#6119,1.65E0);
#6125=CIRCLE('',#6124,1.65E0);
#6130=CIRCLE('',#6129,1.65E0);
#6135=CIRCLE('',#6134,1.65E0);
#6148=CIRCLE('',#6147,1.65E0);
#6153=CIRCLE('',#6152,1.65E0);
#6162=CIRCLE('',#6161,2.E0);
#6167=CIRCLE('',#6166,2.E0);
#6176=CIRCLE('',#6175,2.E0);
#6181=CIRCLE('',#6180,2.E0);
#6194=CIRCLE('',#6193,2.E0);
#6199=CIRCLE('',#6198,2.E0);
#6204=CIRCLE('',#6203,2.E0);
#6209=CIRCLE('',#6208,2.E0);
#6218=CIRCLE('',#6217,2.E0);
#6223=CIRCLE('',#6222,2.E0);
#6240=CIRCLE('',#6239,2.E0);
#6245=CIRCLE('',#6244,2.E0);
#6250=CIRCLE('',#6249,6.25E0);
#6255=CIRCLE('',#6254,6.25E0);
#6264=CIRCLE('',#6263,6.25E0);
#6269=CIRCLE('',#6268,6.25E0);
#6286=CIRCLE('',#6285,6.25E0);
#6291=CIRCLE('',#6290,6.25E0);
#6296=CIRCLE('',#6295,2.E0);
#6301=CIRCLE('',#6300,2.E0);
#6310=CIRCLE('',#6309,2.E0);
#6315=CIRCLE('',#6314,2.E0);
#6332=CIRCLE('',#6331,2.E0);
#6337=CIRCLE('',#6336,2.E0);
#6350=CIRCLE('',#6349,1.65E0);
#6355=CIRCLE('',#6354,1.65E0);
#6360=CIRCLE('',#6359,1.65E0);
#6365=CIRCLE('',#6364,1.65E0);
#6378=CIRCLE('',#6377,1.5E0);
#6383=CIRCLE('',#6382,1.5E0);
#6388=CIRCLE('',#6387,1.5E0);
#6393=CIRCLE('',#6392,1.5E0);
#6398=CIRCLE('',#6397,1.25E0);
#6403=CIRCLE('',#6402,1.25E0);
#6448=CIRCLE('',#6447,4.990991885387E0);
#6453=CIRCLE('',#6452,4.853626533674E0);
#6462=CIRCLE('',#6461,4.990991885387E0);
#6476=B_SPLINE_CURVE_WITH_KNOTS('',3,(#6471,#6472,#6473,#6474,#6475),
.UNSPECIFIED.,.F.,.F.,(4,1,4),(0.E0,5.E-1,1.E0),.UNSPECIFIED.);
#6481=CIRCLE('',#6480,3.E-1);
#6486=CIRCLE('',#6485,3.E-1);
#6491=CIRCLE('',#6490,3.E-1);
#6499=B_SPLINE_CURVE_WITH_KNOTS('',3,(#6492,#6493,#6494,#6495,#6496,#6497,
#6498),.UNSPECIFIED.,.F.,.F.,(4,1,1,1,4),(0.E0,2.5E-1,5.E-1,7.5E-1,1.E0),
.UNSPECIFIED.);
#6528=CIRCLE('',#6527,4.990991885387E0);
#6538=B_SPLINE_CURVE_WITH_KNOTS('',3,(#6533,#6534,#6535,#6536,#6537),
.UNSPECIFIED.,.F.,.F.,(4,1,4),(0.E0,5.E-1,1.E0),.UNSPECIFIED.);
#6552=B_SPLINE_CURVE_WITH_KNOTS('',3,(#6547,#6548,#6549,#6550,#6551),
.UNSPECIFIED.,.F.,.F.,(4,1,4),(0.E0,5.E-1,1.E0),.UNSPECIFIED.);
#6558=B_SPLINE_CURVE_WITH_KNOTS('',3,(#6553,#6554,#6555,#6556,#6557),
.UNSPECIFIED.,.F.,.F.,(4,1,4),(0.E0,5.E-1,1.E0),.UNSPECIFIED.);
#6568=B_SPLINE_CURVE_WITH_KNOTS('',3,(#6563,#6564,#6565,#6566,#6567),
.UNSPECIFIED.,.F.,.F.,(4,1,4),(0.E0,5.E-1,1.E0),.UNSPECIFIED.);
#6582=B_SPLINE_CURVE_WITH_KNOTS('',3,(#6577,#6578,#6579,#6580,#6581),
.UNSPECIFIED.,.F.,.F.,(4,1,4),(0.E0,5.E-1,1.E0),.UNSPECIFIED.);
#6588=B_SPLINE_CURVE_WITH_KNOTS('',3,(#6583,#6584,#6585,#6586,#6587),
.UNSPECIFIED.,.F.,.F.,(4,1,4),(0.E0,5.E-1,1.E0),.UNSPECIFIED.);
#6602=B_SPLINE_CURVE_WITH_KNOTS('',3,(#6597,#6598,#6599,#6600,#6601),
.UNSPECIFIED.,.F.,.F.,(4,1,4),(0.E0,5.E-1,1.E0),.UNSPECIFIED.);
#8409=EDGE_CURVE('',#6605,#6606,#5,.T.);
#8411=EDGE_CURVE('',#6605,#6614,#89,.T.);
#8413=EDGE_CURVE('',#6612,#6614,#9,.T.);
#8415=EDGE_CURVE('',#6611,#6612,#13,.T.);
#8417=EDGE_CURVE('',#6611,#6618,#6568,.T.);
#8419=EDGE_CURVE('',#6618,#6680,#6499,.T.);
#8421=EDGE_CURVE('',#6680,#6608,#6602,.T.);
#8423=EDGE_CURVE('',#6606,#6608,#17,.T.);
#8433=EDGE_CURVE('',#6644,#6606,#21,.T.);
#8435=EDGE_CURVE('',#6644,#6605,#94,.T.);
#8446=EDGE_CURVE('',#6676,#6642,#29,.T.);
#8448=EDGE_CURVE('',#6642,#6644,#99,.T.);
#8451=EDGE_CURVE('',#6606,#6680,#6596,.T.);
#8453=EDGE_CURVE('',#6678,#6680,#25,.T.);
#8455=EDGE_CURVE('',#6678,#6676,#6592,.T.);
#8465=EDGE_CURVE('',#6676,#6640,#37,.T.);
#8467=EDGE_CURVE('',#6640,#6642,#104,.T.);
#8478=EDGE_CURVE('',#6639,#6670,#33,.T.);
#8480=EDGE_CURVE('',#6639,#6640,#112,.T.);
#8483=EDGE_CURVE('',#6675,#6676,#41,.T.);
#8485=EDGE_CURVE('',#6675,#6678,#6588,.T.);
#8487=EDGE_CURVE('',#6678,#6668,#6491,.T.);
#8489=EDGE_CURVE('',#6668,#6672,#6582,.T.);
#8491=EDGE_CURVE('',#6670,#6672,#45,.T.);
#8501=EDGE_CURVE('',#6637,#6670,#49,.T.);
#8503=EDGE_CURVE('',#6639,#6637,#54,.T.);
#8514=EDGE_CURVE('',#6635,#6637,#117,.T.);
#8517=EDGE_CURVE('',#6670,#6668,#6576,.T.);
#8519=EDGE_CURVE('',#6666,#6668,#58,.T.);
#8521=EDGE_CURVE('',#6666,#6664,#6542,.T.);
#8523=EDGE_CURVE('',#6664,#6635,#6532,.T.);
#8533=EDGE_CURVE('',#7966,#7970,#63,.T.);
#8535=EDGE_CURVE('',#7970,#7966,#68,.T.);
#8539=EDGE_CURVE('',#6627,#6628,#73,.T.);
#8541=EDGE_CURVE('',#6646,#6627,#81,.T.);
#8543=EDGE_CURVE('',#6646,#6624,#6448,.T.);
#8545=EDGE_CURVE('',#6624,#6616,#6453,.T.);
#8547=EDGE_CURVE('',#6616,#6614,#6462,.T.);
#8556=EDGE_CURVE('',#6635,#6633,#6528,.T.);
#8558=EDGE_CURVE('',#6632,#6633,#125,.T.);
#8560=EDGE_CURVE('',#6630,#6632,#130,.T.);
#8562=EDGE_CURVE('',#6628,#6630,#135,.T.);
#8572=EDGE_CURVE('',#7974,#7975,#145,.T.);
#8574=EDGE_CURVE('',#7975,#7967,#371,.T.);
#8576=EDGE_CURVE('',#7966,#7967,#876,.T.);
#8579=EDGE_CURVE('',#7970,#7971,#872,.T.);
#8581=EDGE_CURVE('',#7971,#7974,#361,.T.);
#8591=EDGE_CURVE('',#7975,#7974,#140,.T.);
#8602=EDGE_CURVE('',#8147,#8015,#150,.T.);
#8604=EDGE_CURVE('',#8011,#8147,#155,.T.);
#8606=EDGE_CURVE('',#8011,#8143,#543,.T.);
#8608=EDGE_CURVE('',#8143,#7987,#396,.T.);
#8610=EDGE_CURVE('',#7987,#7986,#881,.T.);
#8612=EDGE_CURVE('',#7986,#7975,#376,.T.);
#8615=EDGE_CURVE('',#7974,#8145,#356,.T.);
#8617=EDGE_CURVE('',#8015,#8145,#539,.T.);
#8627=EDGE_CURVE('',#8014,#8017,#265,.T.);
#8629=EDGE_CURVE('',#8017,#8010,#260,.T.);
#8631=EDGE_CURVE('',#8010,#8011,#551,.T.);
#8635=EDGE_CURVE('',#8014,#8015,#547,.T.);
#8647=EDGE_CURVE('',#8010,#8014,#270,.T.);
#8651=EDGE_CURVE('',#8037,#8041,#170,.T.);
#8653=EDGE_CURVE('',#8041,#8037,#175,.T.);
#8657=EDGE_CURVE('',#8045,#8049,#180,.T.);
#8659=EDGE_CURVE('',#8049,#8045,#185,.T.);
#8663=EDGE_CURVE('',#8053,#8057,#190,.T.);
#8665=EDGE_CURVE('',#8057,#8053,#195,.T.);
#8669=EDGE_CURVE('',#8065,#8069,#200,.T.);
#8671=EDGE_CURVE('',#8069,#8065,#205,.T.);
#8675=EDGE_CURVE('',#8073,#8077,#210,.T.);
#8677=EDGE_CURVE('',#8077,#8073,#215,.T.);
#8681=EDGE_CURVE('',#8081,#8085,#220,.T.);
#8683=EDGE_CURVE('',#8085,#8081,#225,.T.);
#8687=EDGE_CURVE('',#8089,#8093,#230,.T.);
#8689=EDGE_CURVE('',#8093,#8089,#235,.T.);
#8693=EDGE_CURVE('',#8101,#8105,#240,.T.);
#8695=EDGE_CURVE('',#8105,#8101,#245,.T.);
#8699=EDGE_CURVE('',#8117,#8112,#250,.T.);
#8701=EDGE_CURVE('',#8112,#8117,#255,.T.);
#8705=EDGE_CURVE('',#8029,#8033,#160,.T.);
#8707=EDGE_CURVE('',#8033,#8029,#165,.T.);
#8711=EDGE_CURVE('',#8394,#8395,#275,.T.);
#8713=EDGE_CURVE('',#8395,#8394,#280,.T.);
#8717=EDGE_CURVE('',#8398,#8399,#285,.T.);
#8719=EDGE_CURVE('',#8399,#8398,#290,.T.);
#8723=EDGE_CURVE('',#8402,#8403,#295,.T.);
#8725=EDGE_CURVE('',#8403,#8402,#300,.T.);
#8735=EDGE_CURVE('',#8032,#8028,#305,.T.);
#8737=EDGE_CURVE('',#8028,#8029,#328,.T.);
#8740=EDGE_CURVE('',#8032,#8033,#324,.T.);
#8750=EDGE_CURVE('',#8170,#8166,#315,.T.);
#8752=EDGE_CURVE('',#8166,#8170,#320,.T.);
#8757=EDGE_CURVE('',#8028,#8032,#310,.T.);
#8780=EDGE_CURVE('',#8166,#8167,#336,.T.);
#8782=EDGE_CURVE('',#8167,#8171,#477,.T.);
#8784=EDGE_CURVE('',#8170,#8171,#332,.T.);
#8796=EDGE_CURVE('',#8171,#8167,#482,.T.);
#8807=EDGE_CURVE('',#7995,#7991,#341,.T.);
#8809=EDGE_CURVE('',#7999,#7995,#346,.T.);
#8811=EDGE_CURVE('',#8145,#7999,#351,.T.);
#8815=EDGE_CURVE('',#7967,#7971,#366,.T.);
#8819=EDGE_CURVE('',#7983,#7986,#381,.T.);
#8821=EDGE_CURVE('',#7979,#7983,#386,.T.);
#8823=EDGE_CURVE('',#7987,#7979,#391,.T.);
#8826=EDGE_CURVE('',#7998,#8143,#401,.T.);
#8828=EDGE_CURVE('',#7991,#7998,#406,.T.);
#8832=EDGE_CURVE('',#8198,#7598,#411,.T.);
#8834=EDGE_CURVE('',#7596,#8198,#416,.T.);
#8836=EDGE_CURVE('',#7576,#7596,#420,.T.);
#8838=EDGE_CURVE('',#7578,#7576,#425,.T.);
#8840=EDGE_CURVE('',#7594,#7578,#429,.T.);
#8842=EDGE_CURVE('',#8202,#7594,#434,.T.);
#8844=EDGE_CURVE('',#7592,#8202,#439,.T.);
#8846=EDGE_CURVE('',#7580,#7592,#443,.T.);
#8848=EDGE_CURVE('',#7582,#7580,#448,.T.);
#8850=EDGE_CURVE('',#7598,#7582,#452,.T.);
#8854=EDGE_CURVE('',#8151,#8155,#457,.T.);
#8856=EDGE_CURVE('',#8155,#8151,#462,.T.);
#8860=EDGE_CURVE('',#8159,#8163,#467,.T.);
#8862=EDGE_CURVE('',#8163,#8159,#472,.T.);
#8870=EDGE_CURVE('',#8175,#8179,#487,.T.);
#8872=EDGE_CURVE('',#8179,#8175,#492,.T.);
#8876=EDGE_CURVE('',#8183,#8187,#497,.T.);
#8878=EDGE_CURVE('',#8187,#8183,#502,.T.);
#8882=EDGE_CURVE('',#8191,#8195,#507,.T.);
#8884=EDGE_CURVE('',#8195,#8191,#512,.T.);
#8895=EDGE_CURVE('',#7990,#7991,#520,.T.);
#8897=EDGE_CURVE('',#7990,#7994,#556,.T.);
#8899=EDGE_CURVE('',#7994,#7995,#516,.T.);
#8909=EDGE_CURVE('',#7998,#7999,#530,.T.);
#8913=EDGE_CURVE('',#7994,#7990,#561,.T.);
#8925=EDGE_CURVE('',#7999,#7998,#525,.T.);
#8936=EDGE_CURVE('',#8015,#8011,#535,.T.);
#8967=EDGE_CURVE('',#6783,#6784,#566,.T.);
#8969=EDGE_CURVE('',#6802,#6783,#574,.T.);
#8971=EDGE_CURVE('',#6802,#6780,#657,.T.);
#8973=EDGE_CURVE('',#6780,#6772,#662,.T.);
#8975=EDGE_CURVE('',#6772,#6770,#671,.T.);
#8977=EDGE_CURVE('',#6761,#6770,#582,.T.);
#8979=EDGE_CURVE('',#6800,#6761,#587,.T.);
#8981=EDGE_CURVE('',#6798,#6800,#592,.T.);
#8983=EDGE_CURVE('',#6796,#6798,#597,.T.);
#8985=EDGE_CURVE('',#6795,#6796,#605,.T.);
#8987=EDGE_CURVE('',#6795,#6793,#728,.T.);
#8989=EDGE_CURVE('',#6791,#6793,#610,.T.);
#8991=EDGE_CURVE('',#6791,#6789,#794,.T.);
#8993=EDGE_CURVE('',#6788,#6789,#618,.T.);
#8995=EDGE_CURVE('',#6786,#6788,#623,.T.);
#8997=EDGE_CURVE('',#6784,#6786,#628,.T.);
#9007=EDGE_CURVE('',#6808,#6783,#640,.T.);
#9010=EDGE_CURVE('',#6808,#6784,#632,.T.);
#9020=EDGE_CURVE('',#6802,#6778,#636,.T.);
#9024=EDGE_CURVE('',#6807,#6808,#644,.T.);
#9026=EDGE_CURVE('',#6807,#6810,#824,.T.);
#9028=EDGE_CURVE('',#6810,#6776,#747,.T.);
#9030=EDGE_CURVE('',#6776,#6804,#868,.T.);
#9032=EDGE_CURVE('',#6778,#6804,#648,.T.);
#9042=EDGE_CURVE('',#6780,#6778,#652,.T.);
#9054=EDGE_CURVE('',#6768,#6772,#675,.T.);
#9058=EDGE_CURVE('',#6778,#6776,#862,.T.);
#9060=EDGE_CURVE('',#6774,#6776,#666,.T.);
#9062=EDGE_CURVE('',#6774,#6768,#858,.T.);
#9072=EDGE_CURVE('',#6768,#6770,#683,.T.);
#9084=EDGE_CURVE('',#6761,#6762,#679,.T.);
#9088=EDGE_CURVE('',#6767,#6768,#687,.T.);
#9090=EDGE_CURVE('',#6767,#6774,#854,.T.);
#9092=EDGE_CURVE('',#6774,#6836,#765,.T.);
#9094=EDGE_CURVE('',#6836,#6764,#848,.T.);
#9096=EDGE_CURVE('',#6762,#6764,#691,.T.);
#9106=EDGE_CURVE('',#6800,#6762,#695,.T.);
#9118=EDGE_CURVE('',#6832,#6798,#703,.T.);
#9122=EDGE_CURVE('',#6762,#6836,#842,.T.);
#9124=EDGE_CURVE('',#6834,#6836,#699,.T.);
#9126=EDGE_CURVE('',#6834,#6832,#838,.T.);
#9136=EDGE_CURVE('',#6832,#6796,#711,.T.);
#9148=EDGE_CURVE('',#6795,#6826,#707,.T.);
#9152=EDGE_CURVE('',#6831,#6832,#715,.T.);
#9154=EDGE_CURVE('',#6831,#6834,#834,.T.);
#9156=EDGE_CURVE('',#6834,#6824,#757,.T.);
#9158=EDGE_CURVE('',#6824,#6828,#742,.T.);
#9160=EDGE_CURVE('',#6826,#6828,#719,.T.);
#9170=EDGE_CURVE('',#6793,#6826,#723,.T.);
#9184=EDGE_CURVE('',#6826,#6824,#736,.T.);
#9186=EDGE_CURVE('',#6822,#6824,#732,.T.);
#9188=EDGE_CURVE('',#6822,#6820,#808,.T.);
#9190=EDGE_CURVE('',#6820,#6791,#798,.T.);
#9213=EDGE_CURVE('',#6810,#6812,#769,.T.);
#9215=EDGE_CURVE('',#6822,#6812,#752,.T.);
#9231=EDGE_CURVE('',#6786,#6814,#773,.T.);
#9233=EDGE_CURVE('',#6814,#6812,#812,.T.);
#9236=EDGE_CURVE('',#6810,#6808,#828,.T.);
#9248=EDGE_CURVE('',#6788,#6814,#777,.T.);
#9260=EDGE_CURVE('',#6820,#6789,#781,.T.);
#9262=EDGE_CURVE('',#6819,#6820,#785,.T.);
#9264=EDGE_CURVE('',#6819,#6822,#804,.T.);
#9267=EDGE_CURVE('',#6812,#6816,#818,.T.);
#9269=EDGE_CURVE('',#6814,#6816,#789,.T.);
#9379=EDGE_CURVE('',#7986,#7987,#886,.T.);
#9382=EDGE_CURVE('',#7978,#7979,#894,.T.);
#9384=EDGE_CURVE('',#7978,#7982,#899,.T.);
#9386=EDGE_CURVE('',#7982,#7983,#890,.T.);
#9409=EDGE_CURVE('',#7982,#7978,#904,.T.);
#9424=EDGE_CURVE('',#6705,#6706,#909,.T.);
#9426=EDGE_CURVE('',#6724,#6705,#917,.T.);
#9428=EDGE_CURVE('',#6724,#6702,#1000,.T.);
#9430=EDGE_CURVE('',#6702,#6694,#1005,.T.);
#9432=EDGE_CURVE('',#6694,#6692,#1014,.T.);
#9434=EDGE_CURVE('',#6683,#6692,#925,.T.);
#9436=EDGE_CURVE('',#6722,#6683,#930,.T.);
#9438=EDGE_CURVE('',#6720,#6722,#935,.T.);
#9440=EDGE_CURVE('',#6718,#6720,#940,.T.);
#9442=EDGE_CURVE('',#6717,#6718,#948,.T.);
#9444=EDGE_CURVE('',#6717,#6715,#1071,.T.);
#9446=EDGE_CURVE('',#6713,#6715,#953,.T.);
#9448=EDGE_CURVE('',#6713,#6711,#1137,.T.);
#9450=EDGE_CURVE('',#6710,#6711,#961,.T.);
#9452=EDGE_CURVE('',#6708,#6710,#966,.T.);
#9454=EDGE_CURVE('',#6706,#6708,#971,.T.);
#9464=EDGE_CURVE('',#6730,#6705,#983,.T.);
#9467=EDGE_CURVE('',#6730,#6706,#975,.T.);
#9477=EDGE_CURVE('',#6724,#6700,#979,.T.);
#9481=EDGE_CURVE('',#6729,#6730,#987,.T.);
#9483=EDGE_CURVE('',#6729,#6732,#1167,.T.);
#9485=EDGE_CURVE('',#6732,#6698,#1090,.T.);
#9487=EDGE_CURVE('',#6698,#6726,#1211,.T.);
#9489=EDGE_CURVE('',#6700,#6726,#991,.T.);
#9499=EDGE_CURVE('',#6702,#6700,#995,.T.);
#9511=EDGE_CURVE('',#6690,#6694,#1018,.T.);
#9515=EDGE_CURVE('',#6700,#6698,#1205,.T.);
#9517=EDGE_CURVE('',#6696,#6698,#1009,.T.);
#9519=EDGE_CURVE('',#6696,#6690,#1201,.T.);
#9529=EDGE_CURVE('',#6690,#6692,#1026,.T.);
#9541=EDGE_CURVE('',#6683,#6684,#1022,.T.);
#9545=EDGE_CURVE('',#6689,#6690,#1030,.T.);
#9547=EDGE_CURVE('',#6689,#6696,#1197,.T.);
#9549=EDGE_CURVE('',#6696,#6758,#1108,.T.);
#9551=EDGE_CURVE('',#6758,#6686,#1191,.T.);
#9553=EDGE_CURVE('',#6684,#6686,#1034,.T.);
#9563=EDGE_CURVE('',#6722,#6684,#1038,.T.);
#9575=EDGE_CURVE('',#6754,#6720,#1046,.T.);
#9579=EDGE_CURVE('',#6684,#6758,#1185,.T.);
#9581=EDGE_CURVE('',#6756,#6758,#1042,.T.);
#9583=EDGE_CURVE('',#6756,#6754,#1181,.T.);
#9593=EDGE_CURVE('',#6754,#6718,#1054,.T.);
#9605=EDGE_CURVE('',#6717,#6748,#1050,.T.);
#9609=EDGE_CURVE('',#6753,#6754,#1058,.T.);
#9611=EDGE_CURVE('',#6753,#6756,#1177,.T.);
#9613=EDGE_CURVE('',#6756,#6746,#1100,.T.);
#9615=EDGE_CURVE('',#6746,#6750,#1085,.T.);
#9617=EDGE_CURVE('',#6748,#6750,#1062,.T.);
#9627=EDGE_CURVE('',#6715,#6748,#1066,.T.);
#9641=EDGE_CURVE('',#6748,#6746,#1079,.T.);
#9643=EDGE_CURVE('',#6744,#6746,#1075,.T.);
#9645=EDGE_CURVE('',#6744,#6742,#1151,.T.);
#9647=EDGE_CURVE('',#6742,#6713,#1141,.T.);
#9670=EDGE_CURVE('',#6732,#6734,#1112,.T.);
#9672=EDGE_CURVE('',#6744,#6734,#1095,.T.);
#9688=EDGE_CURVE('',#6708,#6736,#1116,.T.);
#9690=EDGE_CURVE('',#6736,#6734,#1155,.T.);
#9693=EDGE_CURVE('',#6732,#6730,#1171,.T.);
#9705=EDGE_CURVE('',#6710,#6736,#1120,.T.);
#9717=EDGE_CURVE('',#6742,#6711,#1124,.T.);
#9719=EDGE_CURVE('',#6741,#6742,#1128,.T.);
#9721=EDGE_CURVE('',#6741,#6744,#1147,.T.);
#9724=EDGE_CURVE('',#6734,#6738,#1161,.T.);
#9726=EDGE_CURVE('',#6736,#6738,#1132,.T.);
#9824=EDGE_CURVE('',#7713,#8199,#1239,.T.);
#9826=EDGE_CURVE('',#8198,#8199,#1401,.T.);
#9829=EDGE_CURVE('',#7210,#7598,#1215,.T.);
#9831=EDGE_CURVE('',#7210,#6856,#4009,.T.);
#9833=EDGE_CURVE('',#6856,#6849,#4214,.T.);
#9835=EDGE_CURVE('',#6849,#7205,#4093,.T.);
#9837=EDGE_CURVE('',#7592,#7205,#1219,.T.);
#9840=EDGE_CURVE('',#8202,#8203,#1389,.T.);
#9842=EDGE_CURVE('',#8203,#7703,#1605,.T.);
#9844=EDGE_CURVE('',#7703,#7707,#1662,.T.);
#9846=EDGE_CURVE('',#7707,#7709,#1684,.T.);
#9848=EDGE_CURVE('',#7709,#7747,#2340,.T.);
#9850=EDGE_CURVE('',#7747,#7750,#1744,.T.);
#9852=EDGE_CURVE('',#7750,#7758,#1804,.T.);
#9854=EDGE_CURVE('',#7758,#7718,#1818,.T.);
#9856=EDGE_CURVE('',#7718,#7713,#1870,.T.);
#9866=EDGE_CURVE('',#7727,#7728,#1224,.T.);
#9868=EDGE_CURVE('',#7727,#7732,#1256,.T.);
#9870=EDGE_CURVE('',#7731,#7732,#1229,.T.);
#9872=EDGE_CURVE('',#8199,#7731,#1234,.T.);
#9875=EDGE_CURVE('',#7712,#7713,#1244,.T.);
#9877=EDGE_CURVE('',#7712,#7728,#1866,.T.);
#9887=EDGE_CURVE('',#7727,#7738,#1248,.T.);
#9890=EDGE_CURVE('',#7734,#7728,#1252,.T.);
#9892=EDGE_CURVE('',#7734,#7921,#1907,.T.);
#9894=EDGE_CURVE('',#7921,#7738,#1922,.T.);
#9904=EDGE_CURVE('',#7722,#7736,#1264,.T.);
#9906=EDGE_CURVE('',#7736,#7732,#1405,.T.);
#9910=EDGE_CURVE('',#7738,#7722,#1882,.T.);
#9920=EDGE_CURVE('',#7644,#7642,#1260,.T.);
#9922=EDGE_CURVE('',#7644,#7736,#1428,.T.);
#9925=EDGE_CURVE('',#7722,#7642,#1887,.T.);
#9935=EDGE_CURVE('',#7601,#7602,#1269,.T.);
#9937=EDGE_CURVE('',#7646,#7601,#1274,.T.);
#9939=EDGE_CURVE('',#7644,#7646,#1279,.T.);
#9942=EDGE_CURVE('',#7640,#7642,#1284,.T.);
#9944=EDGE_CURVE('',#7640,#7638,#1862,.T.);
#9946=EDGE_CURVE('',#7636,#7638,#1289,.T.);
#9948=EDGE_CURVE('',#7634,#7636,#1294,.T.);
#9950=EDGE_CURVE('',#7632,#7634,#1299,.T.);
#9952=EDGE_CURVE('',#7632,#7630,#1765,.T.);
#9954=EDGE_CURVE('',#7628,#7630,#1304,.T.);
#9956=EDGE_CURVE('',#7628,#7626,#1725,.T.);
#9958=EDGE_CURVE('',#7624,#7626,#1309,.T.);
#9960=EDGE_CURVE('',#7622,#7624,#1314,.T.);
#9962=EDGE_CURVE('',#7620,#7622,#1319,.T.);
#9964=EDGE_CURVE('',#7620,#7618,#1631,.T.);
#9966=EDGE_CURVE('',#7616,#7618,#1324,.T.);
#9968=EDGE_CURVE('',#7616,#7614,#1586,.T.);
#9970=EDGE_CURVE('',#7612,#7614,#1329,.T.);
#9972=EDGE_CURVE('',#7610,#7612,#1334,.T.);
#9974=EDGE_CURVE('',#7608,#7610,#1339,.T.);
#9976=EDGE_CURVE('',#7608,#7606,#1491,.T.);
#9978=EDGE_CURVE('',#7604,#7606,#1344,.T.);
#9980=EDGE_CURVE('',#7604,#7602,#2623,.T.);
#9990=EDGE_CURVE('',#7656,#7601,#1362,.T.);
#9993=EDGE_CURVE('',#7654,#7602,#1349,.T.);
#9995=EDGE_CURVE('',#7656,#7654,#1354,.T.);
#10049=EDGE_CURVE('',#7647,#7601,#1380,.T.);
#10052=EDGE_CURVE('',#7647,#7656,#1371,.T.);
#10063=EDGE_CURVE('',#7648,#7647,#1385,.T.);
#10065=EDGE_CURVE('',#7648,#7646,#1447,.T.);
#10077=EDGE_CURVE('',#7731,#7648,#1418,.T.);
#10080=EDGE_CURVE('',#7647,#7652,#1451,.T.);
#10082=EDGE_CURVE('',#7652,#7671,#1470,.T.);
#10084=EDGE_CURVE('',#7671,#7675,#1530,.T.);
#10086=EDGE_CURVE('',#7675,#7677,#1544,.T.);
#10088=EDGE_CURVE('',#7677,#7700,#2584,.T.);
#10090=EDGE_CURVE('',#7700,#8203,#1610,.T.);
#10094=EDGE_CURVE('',#7574,#7594,#1393,.T.);
#10096=EDGE_CURVE('',#7574,#7220,#2835,.T.);
#10098=EDGE_CURVE('',#7220,#7213,#3040,.T.);
#10100=EDGE_CURVE('',#7213,#7569,#2919,.T.);
#10102=EDGE_CURVE('',#7596,#7569,#1397,.T.);
#10116=EDGE_CURVE('',#7736,#7739,#1423,.T.);
#10118=EDGE_CURVE('',#7648,#7739,#1414,.T.);
#10132=EDGE_CURVE('',#7646,#7739,#1436,.T.);
#10221=EDGE_CURVE('',#7651,#7652,#1475,.T.);
#10226=EDGE_CURVE('',#7651,#7654,#1455,.T.);
#10236=EDGE_CURVE('',#7667,#7668,#1460,.T.);
#10238=EDGE_CURVE('',#7667,#7672,#1487,.T.);
#10240=EDGE_CURVE('',#7671,#7672,#1465,.T.);
#10244=EDGE_CURVE('',#7651,#7668,#2615,.T.);
#10254=EDGE_CURVE('',#7667,#7664,#1479,.T.);
#10257=EDGE_CURVE('',#7662,#7668,#1483,.T.);
#10259=EDGE_CURVE('',#7662,#7877,#2628,.T.);
#10261=EDGE_CURVE('',#7877,#7664,#2638,.T.);
#10271=EDGE_CURVE('',#7660,#7674,#1495,.T.);
#10273=EDGE_CURVE('',#7674,#7672,#1517,.T.);
#10277=EDGE_CURVE('',#7664,#7660,#2611,.T.);
#10288=EDGE_CURVE('',#7608,#7674,#1505,.T.);
#10291=EDGE_CURVE('',#7660,#7606,#2593,.T.);
#10301=EDGE_CURVE('',#7674,#7676,#1500,.T.);
#10305=EDGE_CURVE('',#7676,#7610,#1513,.T.);
#10318=EDGE_CURVE('',#7675,#7676,#1526,.T.);
#10399=EDGE_CURVE('',#7610,#7675,#1554,.T.);
#10409=EDGE_CURVE('',#7677,#7612,#1539,.T.);
#10467=EDGE_CURVE('',#7678,#7612,#1559,.T.);
#10469=EDGE_CURVE('',#7677,#7678,#1568,.T.);
#10493=EDGE_CURVE('',#7680,#7614,#1573,.T.);
#10495=EDGE_CURVE('',#7678,#7680,#1578,.T.);
#10505=EDGE_CURVE('',#7680,#7682,#1582,.T.);
#10509=EDGE_CURVE('',#7616,#7682,#2364,.T.);
#10519=EDGE_CURVE('',#7698,#7696,#1590,.T.);
#10521=EDGE_CURVE('',#7698,#7680,#2588,.T.);
#10524=EDGE_CURVE('',#7682,#7688,#2368,.T.);
#10526=EDGE_CURVE('',#7688,#7696,#1623,.T.);
#10536=EDGE_CURVE('',#7695,#7696,#1595,.T.);
#10538=EDGE_CURVE('',#7695,#7704,#1627,.T.);
#10540=EDGE_CURVE('',#7703,#7704,#1600,.T.);
#10544=EDGE_CURVE('',#7698,#7700,#1615,.T.);
#10555=EDGE_CURVE('',#7695,#7692,#1619,.T.);
#10559=EDGE_CURVE('',#7688,#7833,#2377,.T.);
#10561=EDGE_CURVE('',#7833,#7692,#2392,.T.);
#10571=EDGE_CURVE('',#7684,#7706,#1635,.T.);
#10573=EDGE_CURVE('',#7706,#7704,#1649,.T.);
#10577=EDGE_CURVE('',#7692,#7684,#2372,.T.);
#10588=EDGE_CURVE('',#7620,#7706,#1645,.T.);
#10591=EDGE_CURVE('',#7684,#7618,#2349,.T.);
#10601=EDGE_CURVE('',#7706,#7708,#1640,.T.);
#10605=EDGE_CURVE('',#7622,#7708,#1670,.T.);
#10618=EDGE_CURVE('',#7707,#7708,#1658,.T.);
#10699=EDGE_CURVE('',#7622,#7707,#1693,.T.);
#10709=EDGE_CURVE('',#7709,#7624,#1679,.T.);
#10767=EDGE_CURVE('',#7767,#7624,#1698,.T.);
#10769=EDGE_CURVE('',#7709,#7767,#1707,.T.);
#10793=EDGE_CURVE('',#7765,#7626,#1712,.T.);
#10795=EDGE_CURVE('',#7767,#7765,#1717,.T.);
#10805=EDGE_CURVE('',#7765,#7761,#1721,.T.);
#10809=EDGE_CURVE('',#7628,#7761,#2125,.T.);
#10819=EDGE_CURVE('',#7745,#7743,#1729,.T.);
#10821=EDGE_CURVE('',#7745,#7765,#2344,.T.);
#10824=EDGE_CURVE('',#7761,#7763,#2129,.T.);
#10826=EDGE_CURVE('',#7763,#7743,#1757,.T.);
#10836=EDGE_CURVE('',#7742,#7743,#1734,.T.);
#10838=EDGE_CURVE('',#7742,#7751,#1761,.T.);
#10840=EDGE_CURVE('',#7750,#7751,#1739,.T.);
#10843=EDGE_CURVE('',#7745,#7747,#1749,.T.);
#10854=EDGE_CURVE('',#7742,#7757,#1753,.T.);
#10858=EDGE_CURVE('',#7763,#7789,#2138,.T.);
#10860=EDGE_CURVE('',#7789,#7757,#2148,.T.);
#10870=EDGE_CURVE('',#7754,#7755,#1769,.T.);
#10872=EDGE_CURVE('',#7755,#7751,#1791,.T.);
#10876=EDGE_CURVE('',#7757,#7754,#2133,.T.);
#10887=EDGE_CURVE('',#7632,#7755,#1779,.T.);
#10890=EDGE_CURVE('',#7754,#7630,#2115,.T.);
#10900=EDGE_CURVE('',#7755,#7759,#1774,.T.);
#10904=EDGE_CURVE('',#7759,#7634,#1787,.T.);
#10917=EDGE_CURVE('',#7758,#7759,#1800,.T.);
#10998=EDGE_CURVE('',#7634,#7758,#1827,.T.);
#11008=EDGE_CURVE('',#7718,#7636,#1813,.T.);
#11066=EDGE_CURVE('',#7717,#7636,#1835,.T.);
#11068=EDGE_CURVE('',#7718,#7717,#1844,.T.);
#11080=EDGE_CURVE('',#7715,#7638,#1849,.T.);
#11082=EDGE_CURVE('',#7717,#7715,#1854,.T.);
#11092=EDGE_CURVE('',#7715,#7720,#1858,.T.);
#11096=EDGE_CURVE('',#7640,#7720,#1902,.T.);
#11107=EDGE_CURVE('',#7712,#7715,#1874,.T.);
#11110=EDGE_CURVE('',#7720,#7734,#1878,.T.);
#11135=EDGE_CURVE('',#7720,#7724,#1897,.T.);
#11137=EDGE_CURVE('',#7724,#7722,#1892,.T.);
#11140=EDGE_CURVE('',#7738,#7769,#1917,.T.);
#11142=EDGE_CURVE('',#7769,#7734,#1912,.T.);
#11171=EDGE_CURVE('',#7951,#7949,#1966,.T.);
#11173=EDGE_CURVE('',#7947,#7949,#1927,.T.);
#11175=EDGE_CURVE('',#7959,#7947,#1932,.T.);
#11177=EDGE_CURVE('',#7959,#7936,#1979,.T.);
#11179=EDGE_CURVE('',#7933,#7936,#1937,.T.);
#11181=EDGE_CURVE('',#7933,#7931,#2085,.T.);
#11183=EDGE_CURVE('',#7929,#7931,#1942,.T.);
#11185=EDGE_CURVE('',#7925,#7929,#1947,.T.);
#11187=EDGE_CURVE('',#7957,#7925,#1952,.T.);
#11189=EDGE_CURVE('',#7957,#7955,#2052,.T.);
#11191=EDGE_CURVE('',#7953,#7955,#1957,.T.);
#11193=EDGE_CURVE('',#7953,#7951,#2110,.T.);
#11203=EDGE_CURVE('',#7949,#7945,#1961,.T.);
#11206=EDGE_CURVE('',#7945,#7951,#1970,.T.);
#11216=EDGE_CURVE('',#7937,#7947,#1974,.T.);
#11220=EDGE_CURVE('',#7945,#7937,#2023,.T.);
#11231=EDGE_CURVE('',#7937,#7959,#1983,.T.);
#11244=EDGE_CURVE('',#7936,#7937,#1987,.T.);
#11255=EDGE_CURVE('',#7937,#7927,#1995,.T.);
#11257=EDGE_CURVE('',#7927,#7933,#2080,.T.);
#11268=EDGE_CURVE('',#7927,#7939,#1991,.T.);
#11271=EDGE_CURVE('',#7939,#7937,#1999,.T.);
#11281=EDGE_CURVE('',#7941,#7939,#2003,.T.);
#11283=EDGE_CURVE('',#7941,#7927,#2101,.T.);
#11295=EDGE_CURVE('',#7941,#7937,#2007,.T.);
#11306=EDGE_CURVE('',#7943,#7941,#2015,.T.);
#11309=EDGE_CURVE('',#7937,#7943,#2019,.T.);
#11319=EDGE_CURVE('',#7943,#7945,#2027,.T.);
#11321=EDGE_CURVE('',#7941,#7945,#2011,.T.);
#11343=EDGE_CURVE('',#7961,#7941,#2035,.T.);
#11346=EDGE_CURVE('',#7945,#7961,#2039,.T.);
#11356=EDGE_CURVE('',#7961,#7924,#2043,.T.);
#11358=EDGE_CURVE('',#7941,#7924,#2031,.T.);
#11370=EDGE_CURVE('',#7945,#7924,#2047,.T.);
#11381=EDGE_CURVE('',#7955,#7924,#2060,.T.);
#11384=EDGE_CURVE('',#7945,#7953,#2105,.T.);
#11396=EDGE_CURVE('',#7924,#7957,#2056,.T.);
#11407=EDGE_CURVE('',#7924,#7925,#2064,.T.);
#11421=EDGE_CURVE('',#7929,#7927,#2072,.T.);
#11423=EDGE_CURVE('',#7924,#7927,#2068,.T.);
#11435=EDGE_CURVE('',#7927,#7931,#2076,.T.);
#11456=EDGE_CURVE('',#7924,#7963,#2089,.T.);
#11459=EDGE_CURVE('',#7963,#7927,#2093,.T.);
#11469=EDGE_CURVE('',#7941,#7963,#2097,.T.);
#11504=EDGE_CURVE('',#7754,#7761,#2120,.T.);
#11519=EDGE_CURVE('',#7757,#7763,#2143,.T.);
#11534=EDGE_CURVE('',#7819,#7817,#2192,.T.);
#11536=EDGE_CURVE('',#7815,#7817,#2153,.T.);
#11538=EDGE_CURVE('',#7827,#7815,#2158,.T.);
#11540=EDGE_CURVE('',#7827,#7804,#2205,.T.);
#11542=EDGE_CURVE('',#7801,#7804,#2163,.T.);
#11544=EDGE_CURVE('',#7801,#7799,#2311,.T.);
#11546=EDGE_CURVE('',#7797,#7799,#2168,.T.);
#11548=EDGE_CURVE('',#7793,#7797,#2173,.T.);
#11550=EDGE_CURVE('',#7825,#7793,#2178,.T.);
#11552=EDGE_CURVE('',#7825,#7823,#2278,.T.);
#11554=EDGE_CURVE('',#7821,#7823,#2183,.T.);
#11556=EDGE_CURVE('',#7821,#7819,#2336,.T.);
#11566=EDGE_CURVE('',#7817,#7813,#2187,.T.);
#11569=EDGE_CURVE('',#7813,#7819,#2196,.T.);
#11579=EDGE_CURVE('',#7805,#7815,#2200,.T.);
#11583=EDGE_CURVE('',#7813,#7805,#2249,.T.);
#11594=EDGE_CURVE('',#7805,#7827,#2209,.T.);
#11607=EDGE_CURVE('',#7804,#7805,#2213,.T.);
#11618=EDGE_CURVE('',#7805,#7795,#2221,.T.);
#11620=EDGE_CURVE('',#7795,#7801,#2306,.T.);
#11631=EDGE_CURVE('',#7795,#7807,#2217,.T.);
#11634=EDGE_CURVE('',#7807,#7805,#2225,.T.);
#11644=EDGE_CURVE('',#7809,#7807,#2229,.T.);
#11646=EDGE_CURVE('',#7809,#7795,#2327,.T.);
#11658=EDGE_CURVE('',#7809,#7805,#2233,.T.);
#11669=EDGE_CURVE('',#7811,#7809,#2241,.T.);
#11672=EDGE_CURVE('',#7805,#7811,#2245,.T.);
#11682=EDGE_CURVE('',#7811,#7813,#2253,.T.);
#11684=EDGE_CURVE('',#7809,#7813,#2237,.T.);
#11706=EDGE_CURVE('',#7829,#7809,#2261,.T.);
#11709=EDGE_CURVE('',#7813,#7829,#2265,.T.);
#11719=EDGE_CURVE('',#7829,#7792,#2269,.T.);
#11721=EDGE_CURVE('',#7809,#7792,#2257,.T.);
#11733=EDGE_CURVE('',#7813,#7792,#2273,.T.);
#11744=EDGE_CURVE('',#7823,#7792,#2286,.T.);
#11747=EDGE_CURVE('',#7813,#7821,#2331,.T.);
#11759=EDGE_CURVE('',#7792,#7825,#2282,.T.);
#11770=EDGE_CURVE('',#7792,#7793,#2290,.T.);
#11784=EDGE_CURVE('',#7797,#7795,#2298,.T.);
#11786=EDGE_CURVE('',#7792,#7795,#2294,.T.);
#11798=EDGE_CURVE('',#7795,#7799,#2302,.T.);
#11819=EDGE_CURVE('',#7792,#7831,#2315,.T.);
#11822=EDGE_CURVE('',#7831,#7795,#2319,.T.);
#11832=EDGE_CURVE('',#7809,#7831,#2323,.T.);
#11880=EDGE_CURVE('',#7686,#7684,#2354,.T.);
#11882=EDGE_CURVE('',#7682,#7686,#2359,.T.);
#11898=EDGE_CURVE('',#7692,#7690,#2387,.T.);
#11900=EDGE_CURVE('',#7690,#7688,#2382,.T.);
#11916=EDGE_CURVE('',#7863,#7861,#2436,.T.);
#11918=EDGE_CURVE('',#7859,#7861,#2397,.T.);
#11920=EDGE_CURVE('',#7871,#7859,#2402,.T.);
#11922=EDGE_CURVE('',#7871,#7848,#2449,.T.);
#11924=EDGE_CURVE('',#7845,#7848,#2407,.T.);
#11926=EDGE_CURVE('',#7845,#7843,#2555,.T.);
#11928=EDGE_CURVE('',#7841,#7843,#2412,.T.);
#11930=EDGE_CURVE('',#7837,#7841,#2417,.T.);
#11932=EDGE_CURVE('',#7869,#7837,#2422,.T.);
#11934=EDGE_CURVE('',#7869,#7867,#2522,.T.);
#11936=EDGE_CURVE('',#7865,#7867,#2427,.T.);
#11938=EDGE_CURVE('',#7865,#7863,#2580,.T.);
#11948=EDGE_CURVE('',#7861,#7857,#2431,.T.);
#11951=EDGE_CURVE('',#7857,#7863,#2440,.T.);
#11961=EDGE_CURVE('',#7849,#7859,#2444,.T.);
#11965=EDGE_CURVE('',#7857,#7849,#2493,.T.);
#11976=EDGE_CURVE('',#7849,#7871,#2453,.T.);
#11989=EDGE_CURVE('',#7848,#7849,#2457,.T.);
#12000=EDGE_CURVE('',#7849,#7839,#2465,.T.);
#12002=EDGE_CURVE('',#7839,#7845,#2550,.T.);
#12013=EDGE_CURVE('',#7839,#7851,#2461,.T.);
#12016=EDGE_CURVE('',#7851,#7849,#2469,.T.);
#12026=EDGE_CURVE('',#7853,#7851,#2473,.T.);
#12028=EDGE_CURVE('',#7853,#7839,#2571,.T.);
#12040=EDGE_CURVE('',#7853,#7849,#2477,.T.);
#12051=EDGE_CURVE('',#7855,#7853,#2485,.T.);
#12054=EDGE_CURVE('',#7849,#7855,#2489,.T.);
#12064=EDGE_CURVE('',#7855,#7857,#2497,.T.);
#12066=EDGE_CURVE('',#7853,#7857,#2481,.T.);
#12088=EDGE_CURVE('',#7873,#7853,#2505,.T.);
#12091=EDGE_CURVE('',#7857,#7873,#2509,.T.);
#12101=EDGE_CURVE('',#7873,#7836,#2513,.T.);
#12103=EDGE_CURVE('',#7853,#7836,#2501,.T.);
#12115=EDGE_CURVE('',#7857,#7836,#2517,.T.);
#12126=EDGE_CURVE('',#7867,#7836,#2530,.T.);
#12129=EDGE_CURVE('',#7857,#7865,#2575,.T.);
#12141=EDGE_CURVE('',#7836,#7869,#2526,.T.);
#12152=EDGE_CURVE('',#7836,#7837,#2534,.T.);
#12166=EDGE_CURVE('',#7841,#7839,#2542,.T.);
#12168=EDGE_CURVE('',#7836,#7839,#2538,.T.);
#12180=EDGE_CURVE('',#7839,#7843,#2546,.T.);
#12201=EDGE_CURVE('',#7836,#7875,#2559,.T.);
#12204=EDGE_CURVE('',#7875,#7839,#2563,.T.);
#12214=EDGE_CURVE('',#7853,#7875,#2567,.T.);
#12262=EDGE_CURVE('',#7660,#7658,#2598,.T.);
#12264=EDGE_CURVE('',#7604,#7658,#2603,.T.);
#12275=EDGE_CURVE('',#7658,#7662,#2607,.T.);
#12279=EDGE_CURVE('',#7664,#7662,#2633,.T.);
#12291=EDGE_CURVE('',#7654,#7658,#2619,.T.);
#12320=EDGE_CURVE('',#7907,#7905,#2682,.T.);
#12322=EDGE_CURVE('',#7903,#7905,#2643,.T.);
#12324=EDGE_CURVE('',#7915,#7903,#2648,.T.);
#12326=EDGE_CURVE('',#7915,#7892,#2695,.T.);
#12328=EDGE_CURVE('',#7889,#7892,#2653,.T.);
#12330=EDGE_CURVE('',#7889,#7887,#2801,.T.);
#12332=EDGE_CURVE('',#7885,#7887,#2658,.T.);
#12334=EDGE_CURVE('',#7881,#7885,#2663,.T.);
#12336=EDGE_CURVE('',#7913,#7881,#2668,.T.);
#12338=EDGE_CURVE('',#7913,#7911,#2768,.T.);
#12340=EDGE_CURVE('',#7909,#7911,#2673,.T.);
#12342=EDGE_CURVE('',#7909,#7907,#2826,.T.);
#12352=EDGE_CURVE('',#7905,#7901,#2677,.T.);
#12355=EDGE_CURVE('',#7901,#7907,#2686,.T.);
#12365=EDGE_CURVE('',#7893,#7903,#2690,.T.);
#12369=EDGE_CURVE('',#7901,#7893,#2739,.T.);
#12380=EDGE_CURVE('',#7893,#7915,#2699,.T.);
#12393=EDGE_CURVE('',#7892,#7893,#2703,.T.);
#12404=EDGE_CURVE('',#7893,#7883,#2711,.T.);
#12406=EDGE_CURVE('',#7883,#7889,#2796,.T.);
#12417=EDGE_CURVE('',#7883,#7895,#2707,.T.);
#12420=EDGE_CURVE('',#7895,#7893,#2715,.T.);
#12430=EDGE_CURVE('',#7897,#7895,#2719,.T.);
#12432=EDGE_CURVE('',#7897,#7883,#2817,.T.);
#12444=EDGE_CURVE('',#7897,#7893,#2723,.T.);
#12455=EDGE_CURVE('',#7899,#7897,#2731,.T.);
#12458=EDGE_CURVE('',#7893,#7899,#2735,.T.);
#12468=EDGE_CURVE('',#7899,#7901,#2743,.T.);
#12470=EDGE_CURVE('',#7897,#7901,#2727,.T.);
#12492=EDGE_CURVE('',#7917,#7897,#2751,.T.);
#12495=EDGE_CURVE('',#7901,#7917,#2755,.T.);
#12505=EDGE_CURVE('',#7917,#7880,#2759,.T.);
#12507=EDGE_CURVE('',#7897,#7880,#2747,.T.);
#12519=EDGE_CURVE('',#7901,#7880,#2763,.T.);
#12530=EDGE_CURVE('',#7911,#7880,#2776,.T.);
#12533=EDGE_CURVE('',#7901,#7909,#2821,.T.);
#12545=EDGE_CURVE('',#7880,#7913,#2772,.T.);
#12556=EDGE_CURVE('',#7880,#7881,#2780,.T.);
#12570=EDGE_CURVE('',#7885,#7883,#2788,.T.);
#12572=EDGE_CURVE('',#7880,#7883,#2784,.T.);
#12584=EDGE_CURVE('',#7883,#7887,#2792,.T.);
#12605=EDGE_CURVE('',#7880,#7919,#2805,.T.);
#12608=EDGE_CURVE('',#7919,#7883,#2809,.T.);
#12618=EDGE_CURVE('',#7897,#7919,#2813,.T.);
#12652=EDGE_CURVE('',#7572,#7574,#2839,.T.);
#12656=EDGE_CURVE('',#7578,#7572,#3908,.T.);
#12666=EDGE_CURVE('',#7220,#7242,#2830,.T.);
#12670=EDGE_CURVE('',#7242,#7572,#2844,.T.);
#12680=EDGE_CURVE('',#7226,#7228,#2880,.T.);
#12682=EDGE_CURVE('',#7218,#7228,#2848,.T.);
#12684=EDGE_CURVE('',#7220,#7218,#2852,.T.);
#12687=EDGE_CURVE('',#7242,#7226,#3904,.T.);
#12691=EDGE_CURVE('',#7245,#7246,#3920,.T.);
#12693=EDGE_CURVE('',#7250,#7246,#2856,.T.);
#12695=EDGE_CURVE('',#7248,#7250,#2860,.T.);
#12697=EDGE_CURVE('',#7245,#7248,#2864,.T.);
#12707=EDGE_CURVE('',#7223,#7224,#2868,.T.);
#12709=EDGE_CURVE('',#7232,#7223,#2872,.T.);
#12711=EDGE_CURVE('',#7232,#7230,#2939,.T.);
#12713=EDGE_CURVE('',#7228,#7230,#2876,.T.);
#12716=EDGE_CURVE('',#7224,#7226,#2885,.T.);
#12726=EDGE_CURVE('',#7235,#7236,#2905,.T.);
#12728=EDGE_CURVE('',#7240,#7236,#2889,.T.);
#12730=EDGE_CURVE('',#7238,#7240,#2893,.T.);
#12732=EDGE_CURVE('',#7223,#7238,#2897,.T.);
#12735=EDGE_CURVE('',#7224,#7235,#3916,.T.);
#12745=EDGE_CURVE('',#7236,#7213,#2901,.T.);
#12748=EDGE_CURVE('',#7570,#7235,#2910,.T.);
#12750=EDGE_CURVE('',#7569,#7570,#2914,.T.);
#12761=EDGE_CURVE('',#7286,#7214,#2923,.T.);
#12763=EDGE_CURVE('',#7286,#7240,#2995,.T.);
#12767=EDGE_CURVE('',#7213,#7214,#3052,.T.);
#12777=EDGE_CURVE('',#7281,#7282,#2927,.T.);
#12779=EDGE_CURVE('',#7286,#7281,#2931,.T.);
#12782=EDGE_CURVE('',#7214,#7216,#3048,.T.);
#12784=EDGE_CURVE('',#7230,#7216,#2935,.T.);
#12787=EDGE_CURVE('',#7232,#7284,#2983,.T.);
#12789=EDGE_CURVE('',#7284,#7282,#2951,.T.);
#12800=EDGE_CURVE('',#7282,#7300,#2947,.T.);
#12802=EDGE_CURVE('',#7300,#7298,#2999,.T.);
#12804=EDGE_CURVE('',#7281,#7298,#2943,.T.);
#12816=EDGE_CURVE('',#7238,#7284,#2955,.T.);
#12818=EDGE_CURVE('',#7310,#7238,#2959,.T.);
#12820=EDGE_CURVE('',#7308,#7310,#2963,.T.);
#12822=EDGE_CURVE('',#7306,#7308,#2967,.T.);
#12824=EDGE_CURVE('',#7304,#7306,#2971,.T.);
#12826=EDGE_CURVE('',#7302,#7304,#2975,.T.);
#12828=EDGE_CURVE('',#7300,#7302,#2979,.T.);
#12851=EDGE_CURVE('',#7288,#7240,#2987,.T.);
#12853=EDGE_CURVE('',#7310,#7288,#2991,.T.);
#12866=EDGE_CURVE('',#7298,#7296,#3003,.T.);
#12868=EDGE_CURVE('',#7296,#7294,#3011,.T.);
#12870=EDGE_CURVE('',#7294,#7292,#3019,.T.);
#12872=EDGE_CURVE('',#7292,#7290,#3027,.T.);
#12874=EDGE_CURVE('',#7290,#7288,#3035,.T.);
#12888=EDGE_CURVE('',#7302,#7296,#3007,.T.);
#12901=EDGE_CURVE('',#7304,#7294,#3015,.T.);
#12914=EDGE_CURVE('',#7306,#7292,#3023,.T.);
#12927=EDGE_CURVE('',#7308,#7290,#3031,.T.);
#12952=EDGE_CURVE('',#7216,#7218,#3044,.T.);
#12970=EDGE_CURVE('',#7253,#7254,#3068,.T.);
#12972=EDGE_CURVE('',#7254,#7270,#3196,.T.);
#12974=EDGE_CURVE('',#7270,#7268,#3184,.T.);
#12976=EDGE_CURVE('',#7266,#7268,#3056,.T.);
#12978=EDGE_CURVE('',#7266,#7264,#3152,.T.);
#12980=EDGE_CURVE('',#7262,#7264,#3060,.T.);
#12982=EDGE_CURVE('',#7262,#7260,#3116,.T.);
#12984=EDGE_CURVE('',#7260,#7258,#3104,.T.);
#12986=EDGE_CURVE('',#7258,#7256,#3092,.T.);
#12988=EDGE_CURVE('',#7256,#7253,#3080,.T.);
#12992=EDGE_CURVE('',#7273,#7274,#3616,.T.);
#12994=EDGE_CURVE('',#7274,#7278,#3656,.T.);
#12996=EDGE_CURVE('',#7278,#7276,#3636,.T.);
#12998=EDGE_CURVE('',#7276,#7273,#3624,.T.);
#13008=EDGE_CURVE('',#7314,#7340,#3064,.T.);
#13010=EDGE_CURVE('',#7314,#7254,#3200,.T.);
#13013=EDGE_CURVE('',#7253,#7340,#3088,.T.);
#13024=EDGE_CURVE('',#7342,#7340,#3072,.T.);
#13026=EDGE_CURVE('',#7342,#7338,#3236,.T.);
#13028=EDGE_CURVE('',#7338,#7314,#3204,.T.);
#13038=EDGE_CURVE('',#7340,#7344,#3084,.T.);
#13040=EDGE_CURVE('',#7346,#7344,#3076,.T.);
#13042=EDGE_CURVE('',#7346,#7342,#3216,.T.);
#13054=EDGE_CURVE('',#7256,#7344,#3100,.T.);
#13067=EDGE_CURVE('',#7258,#7348,#3112,.T.);
#13069=EDGE_CURVE('',#7344,#7348,#3096,.T.);
#13081=EDGE_CURVE('',#7260,#7324,#3124,.T.);
#13083=EDGE_CURVE('',#7348,#7324,#3108,.T.);
#13095=EDGE_CURVE('',#7262,#7322,#3132,.T.);
#13097=EDGE_CURVE('',#7324,#7322,#3120,.T.);
#13108=EDGE_CURVE('',#7322,#7320,#3128,.T.);
#13112=EDGE_CURVE('',#7320,#7264,#3136,.T.);
#13123=EDGE_CURVE('',#7330,#7320,#3140,.T.);
#13125=EDGE_CURVE('',#7330,#7328,#3224,.T.);
#13127=EDGE_CURVE('',#7322,#7328,#3144,.T.);
#13137=EDGE_CURVE('',#7320,#7318,#3148,.T.);
#13139=EDGE_CURVE('',#7318,#7332,#3172,.T.);
#13141=EDGE_CURVE('',#7332,#7330,#3228,.T.);
#13155=EDGE_CURVE('',#7318,#7266,#3156,.T.);
#13165=EDGE_CURVE('',#7318,#7316,#3160,.T.);
#13169=EDGE_CURVE('',#7316,#7268,#3164,.T.);
#13180=EDGE_CURVE('',#7334,#7316,#3168,.T.);
#13182=EDGE_CURVE('',#7334,#7332,#3232,.T.);
#13193=EDGE_CURVE('',#7316,#7313,#3180,.T.);
#13195=EDGE_CURVE('',#7313,#7336,#3212,.T.);
#13197=EDGE_CURVE('',#7334,#7336,#3176,.T.);
#13211=EDGE_CURVE('',#7313,#7270,#3188,.T.);
#13221=EDGE_CURVE('',#7313,#7314,#3192,.T.);
#13236=EDGE_CURVE('',#7336,#7338,#3208,.T.);
#13248=EDGE_CURVE('',#7346,#7350,#3276,.T.);
#13250=EDGE_CURVE('',#7350,#7326,#3280,.T.);
#13252=EDGE_CURVE('',#7328,#7326,#3220,.T.);
#13262=EDGE_CURVE('',#7353,#7354,#3240,.T.);
#13264=EDGE_CURVE('',#7354,#7353,#3245,.T.);
#13268=EDGE_CURVE('',#7357,#7358,#3249,.T.);
#13270=EDGE_CURVE('',#7358,#7357,#3254,.T.);
#13274=EDGE_CURVE('',#7361,#7362,#3258,.T.);
#13276=EDGE_CURVE('',#7362,#7361,#3263,.T.);
#13280=EDGE_CURVE('',#7365,#7366,#3267,.T.);
#13282=EDGE_CURVE('',#7366,#7365,#3272,.T.);
#13293=EDGE_CURVE('',#7348,#7350,#3284,.T.);
#13306=EDGE_CURVE('',#7324,#7326,#3288,.T.);
#13330=EDGE_CURVE('',#7382,#7384,#3296,.T.);
#13332=EDGE_CURVE('',#7386,#7384,#3292,.T.);
#13334=EDGE_CURVE('',#7386,#7388,#3360,.T.);
#13336=EDGE_CURVE('',#7388,#7390,#3336,.T.);
#13338=EDGE_CURVE('',#7390,#7378,#3356,.T.);
#13340=EDGE_CURVE('',#7378,#7353,#3327,.T.);
#13343=EDGE_CURVE('',#7354,#7380,#3323,.T.);
#13345=EDGE_CURVE('',#7380,#7382,#3315,.T.);
#13356=EDGE_CURVE('',#7382,#7369,#3310,.T.);
#13358=EDGE_CURVE('',#7369,#7370,#3319,.T.);
#13360=EDGE_CURVE('',#7384,#7370,#3300,.T.);
#13370=EDGE_CURVE('',#7369,#7380,#3305,.T.);
#13387=EDGE_CURVE('',#7378,#7376,#3351,.T.);
#13389=EDGE_CURVE('',#7376,#7374,#3346,.T.);
#13391=EDGE_CURVE('',#7372,#7374,#3331,.T.);
#13393=EDGE_CURVE('',#7372,#7370,#3369,.T.);
#13404=EDGE_CURVE('',#7374,#7388,#3341,.T.);
#13418=EDGE_CURVE('',#7372,#7386,#3364,.T.);
#13442=EDGE_CURVE('',#7408,#7410,#3377,.T.);
#13444=EDGE_CURVE('',#7410,#7412,#3430,.T.);
#13446=EDGE_CURVE('',#7412,#7398,#3450,.T.);
#13448=EDGE_CURVE('',#7398,#7357,#3425,.T.);
#13451=EDGE_CURVE('',#7358,#7400,#3421,.T.);
#13453=EDGE_CURVE('',#7400,#7414,#3409,.T.);
#13455=EDGE_CURVE('',#7414,#7406,#3390,.T.);
#13457=EDGE_CURVE('',#7408,#7406,#3373,.T.);
#13468=EDGE_CURVE('',#7393,#7408,#3381,.T.);
#13470=EDGE_CURVE('',#7393,#7394,#3413,.T.);
#13472=EDGE_CURVE('',#7394,#7410,#3435,.T.);
#13482=EDGE_CURVE('',#7406,#7404,#3394,.T.);
#13484=EDGE_CURVE('',#7393,#7404,#3386,.T.);
#13497=EDGE_CURVE('',#7414,#7402,#3404,.T.);
#13499=EDGE_CURVE('',#7402,#7404,#3417,.T.);
#13510=EDGE_CURVE('',#7402,#7400,#3399,.T.);
#13529=EDGE_CURVE('',#7398,#7396,#3445,.T.);
#13531=EDGE_CURVE('',#7396,#7394,#3440,.T.);
#13554=EDGE_CURVE('',#7432,#7434,#3458,.T.);
#13556=EDGE_CURVE('',#7434,#7436,#3511,.T.);
#13558=EDGE_CURVE('',#7436,#7422,#3531,.T.);
#13560=EDGE_CURVE('',#7422,#7361,#3506,.T.);
#13563=EDGE_CURVE('',#7362,#7424,#3502,.T.);
#13565=EDGE_CURVE('',#7424,#7438,#3490,.T.);
#13567=EDGE_CURVE('',#7438,#7430,#3471,.T.);
#13569=EDGE_CURVE('',#7432,#7430,#3454,.T.);
#13580=EDGE_CURVE('',#7417,#7432,#3462,.T.);
#13582=EDGE_CURVE('',#7417,#7418,#3494,.T.);
#13584=EDGE_CURVE('',#7418,#7434,#3516,.T.);
#13594=EDGE_CURVE('',#7430,#7428,#3475,.T.);
#13596=EDGE_CURVE('',#7417,#7428,#3467,.T.);
#13609=EDGE_CURVE('',#7438,#7426,#3485,.T.);
#13611=EDGE_CURVE('',#7426,#7428,#3498,.T.);
#13622=EDGE_CURVE('',#7426,#7424,#3480,.T.);
#13641=EDGE_CURVE('',#7422,#7420,#3526,.T.);
#13643=EDGE_CURVE('',#7420,#7418,#3521,.T.);
#13666=EDGE_CURVE('',#7454,#7456,#3539,.T.);
#13668=EDGE_CURVE('',#7458,#7456,#3535,.T.);
#13670=EDGE_CURVE('',#7458,#7460,#3603,.T.);
#13672=EDGE_CURVE('',#7460,#7462,#3579,.T.);
#13674=EDGE_CURVE('',#7462,#7450,#3599,.T.);
#13676=EDGE_CURVE('',#7450,#7365,#3570,.T.);
#13679=EDGE_CURVE('',#7366,#7452,#3566,.T.);
#13681=EDGE_CURVE('',#7452,#7454,#3558,.T.);
#13692=EDGE_CURVE('',#7454,#7441,#3553,.T.);
#13694=EDGE_CURVE('',#7441,#7442,#3562,.T.);
#13696=EDGE_CURVE('',#7456,#7442,#3543,.T.);
#13706=EDGE_CURVE('',#7441,#7452,#3548,.T.);
#13723=EDGE_CURVE('',#7450,#7448,#3594,.T.);
#13725=EDGE_CURVE('',#7448,#7446,#3589,.T.);
#13727=EDGE_CURVE('',#7444,#7446,#3574,.T.);
#13729=EDGE_CURVE('',#7444,#7442,#3612,.T.);
#13740=EDGE_CURVE('',#7446,#7460,#3584,.T.);
#13754=EDGE_CURVE('',#7444,#7458,#3607,.T.);
#13779=EDGE_CURVE('',#7273,#7476,#3632,.T.);
#13781=EDGE_CURVE('',#7466,#7476,#3620,.T.);
#13783=EDGE_CURVE('',#7466,#7274,#3660,.T.);
#13794=EDGE_CURVE('',#7276,#7468,#3648,.T.);
#13796=EDGE_CURVE('',#7476,#7468,#3628,.T.);
#13808=EDGE_CURVE('',#7465,#7278,#3640,.T.);
#13810=EDGE_CURVE('',#7468,#7465,#3644,.T.);
#13821=EDGE_CURVE('',#7465,#7466,#3652,.T.);
#13835=EDGE_CURVE('',#7466,#7474,#3676,.T.);
#13837=EDGE_CURVE('',#7472,#7474,#3664,.T.);
#13839=EDGE_CURVE('',#7465,#7472,#3668,.T.);
#13850=EDGE_CURVE('',#7476,#7478,#3684,.T.);
#13852=EDGE_CURVE('',#7474,#7478,#3672,.T.);
#13864=EDGE_CURVE('',#7468,#7470,#3692,.T.);
#13866=EDGE_CURVE('',#7478,#7470,#3680,.T.);
#13879=EDGE_CURVE('',#7470,#7472,#3688,.T.);
#13896=EDGE_CURVE('',#7481,#7482,#3696,.T.);
#13898=EDGE_CURVE('',#7486,#7481,#3700,.T.);
#13900=EDGE_CURVE('',#7484,#7486,#3704,.T.);
#13902=EDGE_CURVE('',#7482,#7484,#3708,.T.);
#13912=EDGE_CURVE('',#7481,#7490,#3712,.T.);
#13915=EDGE_CURVE('',#7482,#7492,#3736,.T.);
#13917=EDGE_CURVE('',#7490,#7492,#3716,.T.);
#13927=EDGE_CURVE('',#7486,#7488,#3720,.T.);
#13931=EDGE_CURVE('',#7488,#7490,#3724,.T.);
#13941=EDGE_CURVE('',#7484,#7494,#3728,.T.);
#13945=EDGE_CURVE('',#7494,#7488,#3732,.T.);
#13958=EDGE_CURVE('',#7492,#7494,#3740,.T.);
#13974=EDGE_CURVE('',#7497,#7498,#3744,.T.);
#13976=EDGE_CURVE('',#7502,#7497,#3748,.T.);
#13978=EDGE_CURVE('',#7500,#7502,#3752,.T.);
#13980=EDGE_CURVE('',#7498,#7500,#3756,.T.);
#13984=EDGE_CURVE('',#7505,#7506,#3760,.T.);
#13986=EDGE_CURVE('',#7510,#7505,#3764,.T.);
#13988=EDGE_CURVE('',#7508,#7510,#3768,.T.);
#13990=EDGE_CURVE('',#7506,#7508,#3772,.T.);
#14000=EDGE_CURVE('',#7518,#7513,#3784,.T.);
#14002=EDGE_CURVE('',#7497,#7513,#3776,.T.);
#14005=EDGE_CURVE('',#7498,#7518,#3800,.T.);
#14015=EDGE_CURVE('',#7521,#7522,#3780,.T.);
#14017=EDGE_CURVE('',#7521,#7513,#3832,.T.);
#14020=EDGE_CURVE('',#7518,#7522,#3796,.T.);
#14031=EDGE_CURVE('',#7522,#7526,#3792,.T.);
#14033=EDGE_CURVE('',#7526,#7524,#3808,.T.);
#14035=EDGE_CURVE('',#7524,#7521,#3824,.T.);
#14045=EDGE_CURVE('',#7516,#7518,#3788,.T.);
#14047=EDGE_CURVE('',#7516,#7526,#3812,.T.);
#14062=EDGE_CURVE('',#7500,#7516,#3804,.T.);
#14072=EDGE_CURVE('',#7514,#7516,#3816,.T.);
#14076=EDGE_CURVE('',#7502,#7514,#3836,.T.);
#14089=EDGE_CURVE('',#7524,#7514,#3820,.T.);
#14101=EDGE_CURVE('',#7513,#7514,#3828,.T.);
#14124=EDGE_CURVE('',#7534,#7529,#3848,.T.);
#14126=EDGE_CURVE('',#7505,#7529,#3840,.T.);
#14129=EDGE_CURVE('',#7506,#7534,#3864,.T.);
#14139=EDGE_CURVE('',#7537,#7538,#3844,.T.);
#14141=EDGE_CURVE('',#7537,#7529,#3896,.T.);
#14144=EDGE_CURVE('',#7534,#7538,#3860,.T.);
#14155=EDGE_CURVE('',#7538,#7542,#3856,.T.);
#14157=EDGE_CURVE('',#7542,#7540,#3872,.T.);
#14159=EDGE_CURVE('',#7540,#7537,#3888,.T.);
#14169=EDGE_CURVE('',#7532,#7534,#3852,.T.);
#14171=EDGE_CURVE('',#7532,#7542,#3876,.T.);
#14186=EDGE_CURVE('',#7508,#7532,#3868,.T.);
#14196=EDGE_CURVE('',#7530,#7532,#3880,.T.);
#14200=EDGE_CURVE('',#7510,#7530,#3900,.T.);
#14213=EDGE_CURVE('',#7540,#7530,#3884,.T.);
#14225=EDGE_CURVE('',#7529,#7530,#3892,.T.);
#14253=EDGE_CURVE('',#7570,#7576,#3912,.T.);
#14277=EDGE_CURVE('',#7546,#7246,#3924,.T.);
#14280=EDGE_CURVE('',#7245,#7556,#3972,.T.);
#14282=EDGE_CURVE('',#7556,#7554,#3968,.T.);
#14284=EDGE_CURVE('',#7554,#7552,#3960,.T.);
#14286=EDGE_CURVE('',#7552,#7550,#3952,.T.);
#14288=EDGE_CURVE('',#7550,#7548,#3944,.T.);
#14290=EDGE_CURVE('',#7548,#7546,#3936,.T.);
#14302=EDGE_CURVE('',#7544,#7546,#3928,.T.);
#14304=EDGE_CURVE('',#7544,#7250,#3976,.T.);
#14314=EDGE_CURVE('',#7566,#7548,#3932,.T.);
#14316=EDGE_CURVE('',#7566,#7544,#3980,.T.);
#14328=EDGE_CURVE('',#7564,#7550,#3940,.T.);
#14330=EDGE_CURVE('',#7564,#7566,#3984,.T.);
#14342=EDGE_CURVE('',#7562,#7552,#3948,.T.);
#14344=EDGE_CURVE('',#7562,#7564,#3988,.T.);
#14356=EDGE_CURVE('',#7560,#7554,#3956,.T.);
#14358=EDGE_CURVE('',#7560,#7562,#3992,.T.);
#14370=EDGE_CURVE('',#7558,#7556,#3964,.T.);
#14372=EDGE_CURVE('',#7558,#7560,#3996,.T.);
#14385=EDGE_CURVE('',#7248,#7558,#4000,.T.);
#14413=EDGE_CURVE('',#7208,#7210,#4013,.T.);
#14417=EDGE_CURVE('',#7582,#7208,#5082,.T.);
#14427=EDGE_CURVE('',#6856,#6878,#4004,.T.);
#14431=EDGE_CURVE('',#6878,#7208,#4018,.T.);
#14441=EDGE_CURVE('',#6862,#6864,#4054,.T.);
#14443=EDGE_CURVE('',#6854,#6864,#4022,.T.);
#14445=EDGE_CURVE('',#6856,#6854,#4026,.T.);
#14448=EDGE_CURVE('',#6878,#6862,#5078,.T.);
#14452=EDGE_CURVE('',#6881,#6882,#5094,.T.);
#14454=EDGE_CURVE('',#6886,#6882,#4030,.T.);
#14456=EDGE_CURVE('',#6884,#6886,#4034,.T.);
#14458=EDGE_CURVE('',#6881,#6884,#4038,.T.);
#14468=EDGE_CURVE('',#6859,#6860,#4042,.T.);
#14470=EDGE_CURVE('',#6868,#6859,#4046,.T.);
#14472=EDGE_CURVE('',#6868,#6866,#4113,.T.);
#14474=EDGE_CURVE('',#6864,#6866,#4050,.T.);
#14477=EDGE_CURVE('',#6860,#6862,#4059,.T.);
#14487=EDGE_CURVE('',#6871,#6872,#4079,.T.);
#14489=EDGE_CURVE('',#6876,#6872,#4063,.T.);
#14491=EDGE_CURVE('',#6874,#6876,#4067,.T.);
#14493=EDGE_CURVE('',#6859,#6874,#4071,.T.);
#14496=EDGE_CURVE('',#6860,#6871,#5090,.T.);
#14506=EDGE_CURVE('',#6872,#6849,#4075,.T.);
#14509=EDGE_CURVE('',#7206,#6871,#4084,.T.);
#14511=EDGE_CURVE('',#7205,#7206,#4088,.T.);
#14522=EDGE_CURVE('',#6922,#6850,#4097,.T.);
#14524=EDGE_CURVE('',#6922,#6876,#4169,.T.);
#14528=EDGE_CURVE('',#6849,#6850,#4226,.T.);
#14538=EDGE_CURVE('',#6917,#6918,#4101,.T.);
#14540=EDGE_CURVE('',#6922,#6917,#4105,.T.);
#14543=EDGE_CURVE('',#6850,#6852,#4222,.T.);
#14545=EDGE_CURVE('',#6866,#6852,#4109,.T.);
#14548=EDGE_CURVE('',#6868,#6920,#4157,.T.);
#14550=EDGE_CURVE('',#6920,#6918,#4125,.T.);
#14561=EDGE_CURVE('',#6918,#6936,#4121,.T.);
#14563=EDGE_CURVE('',#6936,#6934,#4173,.T.);
#14565=EDGE_CURVE('',#6917,#6934,#4117,.T.);
#14577=EDGE_CURVE('',#6874,#6920,#4129,.T.);
#14579=EDGE_CURVE('',#6946,#6874,#4133,.T.);
#14581=EDGE_CURVE('',#6944,#6946,#4137,.T.);
#14583=EDGE_CURVE('',#6942,#6944,#4141,.T.);
#14585=EDGE_CURVE('',#6940,#6942,#4145,.T.);
#14587=EDGE_CURVE('',#6938,#6940,#4149,.T.);
#14589=EDGE_CURVE('',#6936,#6938,#4153,.T.);
#14612=EDGE_CURVE('',#6924,#6876,#4161,.T.);
#14614=EDGE_CURVE('',#6946,#6924,#4165,.T.);
#14627=EDGE_CURVE('',#6934,#6932,#4177,.T.);
#14629=EDGE_CURVE('',#6932,#6930,#4185,.T.);
#14631=EDGE_CURVE('',#6930,#6928,#4193,.T.);
#14633=EDGE_CURVE('',#6928,#6926,#4201,.T.);
#14635=EDGE_CURVE('',#6926,#6924,#4209,.T.);
#14649=EDGE_CURVE('',#6938,#6932,#4181,.T.);
#14662=EDGE_CURVE('',#6940,#6930,#4189,.T.);
#14675=EDGE_CURVE('',#6942,#6928,#4197,.T.);
#14688=EDGE_CURVE('',#6944,#6926,#4205,.T.);
#14713=EDGE_CURVE('',#6852,#6854,#4218,.T.);
#14731=EDGE_CURVE('',#6889,#6890,#4242,.T.);
#14733=EDGE_CURVE('',#6890,#6906,#4370,.T.);
#14735=EDGE_CURVE('',#6906,#6904,#4358,.T.);
#14737=EDGE_CURVE('',#6902,#6904,#4230,.T.);
#14739=EDGE_CURVE('',#6902,#6900,#4326,.T.);
#14741=EDGE_CURVE('',#6898,#6900,#4234,.T.);
#14743=EDGE_CURVE('',#6898,#6896,#4290,.T.);
#14745=EDGE_CURVE('',#6896,#6894,#4278,.T.);
#14747=EDGE_CURVE('',#6894,#6892,#4266,.T.);
#14749=EDGE_CURVE('',#6892,#6889,#4254,.T.);
#14753=EDGE_CURVE('',#6909,#6910,#4790,.T.);
#14755=EDGE_CURVE('',#6910,#6914,#4830,.T.);
#14757=EDGE_CURVE('',#6914,#6912,#4810,.T.);
#14759=EDGE_CURVE('',#6912,#6909,#4798,.T.);
#14769=EDGE_CURVE('',#6950,#6976,#4238,.T.);
#14771=EDGE_CURVE('',#6950,#6890,#4374,.T.);
#14774=EDGE_CURVE('',#6889,#6976,#4262,.T.);
#14785=EDGE_CURVE('',#6978,#6976,#4246,.T.);
#14787=EDGE_CURVE('',#6978,#6974,#4410,.T.);
#14789=EDGE_CURVE('',#6974,#6950,#4378,.T.);
#14799=EDGE_CURVE('',#6976,#6980,#4258,.T.);
#14801=EDGE_CURVE('',#6982,#6980,#4250,.T.);
#14803=EDGE_CURVE('',#6982,#6978,#4390,.T.);
#14815=EDGE_CURVE('',#6892,#6980,#4274,.T.);
#14828=EDGE_CURVE('',#6894,#6984,#4286,.T.);
#14830=EDGE_CURVE('',#6980,#6984,#4270,.T.);
#14842=EDGE_CURVE('',#6896,#6960,#4298,.T.);
#14844=EDGE_CURVE('',#6984,#6960,#4282,.T.);
#14856=EDGE_CURVE('',#6898,#6958,#4306,.T.);
#14858=EDGE_CURVE('',#6960,#6958,#4294,.T.);
#14869=EDGE_CURVE('',#6958,#6956,#4302,.T.);
#14873=EDGE_CURVE('',#6956,#6900,#4310,.T.);
#14884=EDGE_CURVE('',#6966,#6956,#4314,.T.);
#14886=EDGE_CURVE('',#6966,#6964,#4398,.T.);
#14888=EDGE_CURVE('',#6958,#6964,#4318,.T.);
#14898=EDGE_CURVE('',#6956,#6954,#4322,.T.);
#14900=EDGE_CURVE('',#6954,#6968,#4346,.T.);
#14902=EDGE_CURVE('',#6968,#6966,#4402,.T.);
#14916=EDGE_CURVE('',#6954,#6902,#4330,.T.);
#14926=EDGE_CURVE('',#6954,#6952,#4334,.T.);
#14930=EDGE_CURVE('',#6952,#6904,#4338,.T.);
#14941=EDGE_CURVE('',#6970,#6952,#4342,.T.);
#14943=EDGE_CURVE('',#6970,#6968,#4406,.T.);
#14954=EDGE_CURVE('',#6952,#6949,#4354,.T.);
#14956=EDGE_CURVE('',#6949,#6972,#4386,.T.);
#14958=EDGE_CURVE('',#6970,#6972,#4350,.T.);
#14972=EDGE_CURVE('',#6949,#6906,#4362,.T.);
#14982=EDGE_CURVE('',#6949,#6950,#4366,.T.);
#14997=EDGE_CURVE('',#6972,#6974,#4382,.T.);
#15009=EDGE_CURVE('',#6982,#6986,#4450,.T.);
#15011=EDGE_CURVE('',#6986,#6962,#4454,.T.);
#15013=EDGE_CURVE('',#6964,#6962,#4394,.T.);
#15023=EDGE_CURVE('',#6989,#6990,#4414,.T.);
#15025=EDGE_CURVE('',#6990,#6989,#4419,.T.);
#15029=EDGE_CURVE('',#6993,#6994,#4423,.T.);
#15031=EDGE_CURVE('',#6994,#6993,#4428,.T.);
#15035=EDGE_CURVE('',#6997,#6998,#4432,.T.);
#15037=EDGE_CURVE('',#6998,#6997,#4437,.T.);
#15041=EDGE_CURVE('',#7001,#7002,#4441,.T.);
#15043=EDGE_CURVE('',#7002,#7001,#4446,.T.);
#15054=EDGE_CURVE('',#6984,#6986,#4458,.T.);
#15067=EDGE_CURVE('',#6960,#6962,#4462,.T.);
#15091=EDGE_CURVE('',#7018,#7020,#4470,.T.);
#15093=EDGE_CURVE('',#7022,#7020,#4466,.T.);
#15095=EDGE_CURVE('',#7022,#7024,#4534,.T.);
#15097=EDGE_CURVE('',#7024,#7026,#4510,.T.);
#15099=EDGE_CURVE('',#7026,#7014,#4530,.T.);
#15101=EDGE_CURVE('',#7014,#6989,#4501,.T.);
#15104=EDGE_CURVE('',#6990,#7016,#4497,.T.);
#15106=EDGE_CURVE('',#7016,#7018,#4489,.T.);
#15117=EDGE_CURVE('',#7018,#7005,#4484,.T.);
#15119=EDGE_CURVE('',#7005,#7006,#4493,.T.);
#15121=EDGE_CURVE('',#7020,#7006,#4474,.T.);
#15131=EDGE_CURVE('',#7005,#7016,#4479,.T.);
#15148=EDGE_CURVE('',#7014,#7012,#4525,.T.);
#15150=EDGE_CURVE('',#7012,#7010,#4520,.T.);
#15152=EDGE_CURVE('',#7008,#7010,#4505,.T.);
#15154=EDGE_CURVE('',#7008,#7006,#4543,.T.);
#15165=EDGE_CURVE('',#7010,#7024,#4515,.T.);
#15179=EDGE_CURVE('',#7008,#7022,#4538,.T.);
#15203=EDGE_CURVE('',#7044,#7046,#4551,.T.);
#15205=EDGE_CURVE('',#7046,#7048,#4604,.T.);
#15207=EDGE_CURVE('',#7048,#7034,#4624,.T.);
#15209=EDGE_CURVE('',#7034,#6993,#4599,.T.);
#15212=EDGE_CURVE('',#6994,#7036,#4595,.T.);
#15214=EDGE_CURVE('',#7036,#7050,#4583,.T.);
#15216=EDGE_CURVE('',#7050,#7042,#4564,.T.);
#15218=EDGE_CURVE('',#7044,#7042,#4547,.T.);
#15229=EDGE_CURVE('',#7029,#7044,#4555,.T.);
#15231=EDGE_CURVE('',#7029,#7030,#4587,.T.);
#15233=EDGE_CURVE('',#7030,#7046,#4609,.T.);
#15243=EDGE_CURVE('',#7042,#7040,#4568,.T.);
#15245=EDGE_CURVE('',#7029,#7040,#4560,.T.);
#15258=EDGE_CURVE('',#7050,#7038,#4578,.T.);
#15260=EDGE_CURVE('',#7038,#7040,#4591,.T.);
#15271=EDGE_CURVE('',#7038,#7036,#4573,.T.);
#15290=EDGE_CURVE('',#7034,#7032,#4619,.T.);
#15292=EDGE_CURVE('',#7032,#7030,#4614,.T.);
#15315=EDGE_CURVE('',#7068,#7070,#4632,.T.);
#15317=EDGE_CURVE('',#7070,#7072,#4685,.T.);
#15319=EDGE_CURVE('',#7072,#7058,#4705,.T.);
#15321=EDGE_CURVE('',#7058,#6997,#4680,.T.);
#15324=EDGE_CURVE('',#6998,#7060,#4676,.T.);
#15326=EDGE_CURVE('',#7060,#7074,#4664,.T.);
#15328=EDGE_CURVE('',#7074,#7066,#4645,.T.);
#15330=EDGE_CURVE('',#7068,#7066,#4628,.T.);
#15341=EDGE_CURVE('',#7053,#7068,#4636,.T.);
#15343=EDGE_CURVE('',#7053,#7054,#4668,.T.);
#15345=EDGE_CURVE('',#7054,#7070,#4690,.T.);
#15355=EDGE_CURVE('',#7066,#7064,#4649,.T.);
#15357=EDGE_CURVE('',#7053,#7064,#4641,.T.);
#15370=EDGE_CURVE('',#7074,#7062,#4659,.T.);
#15372=EDGE_CURVE('',#7062,#7064,#4672,.T.);
#15383=EDGE_CURVE('',#7062,#7060,#4654,.T.);
#15402=EDGE_CURVE('',#7058,#7056,#4700,.T.);
#15404=EDGE_CURVE('',#7056,#7054,#4695,.T.);
#15427=EDGE_CURVE('',#7090,#7092,#4713,.T.);
#15429=EDGE_CURVE('',#7094,#7092,#4709,.T.);
#15431=EDGE_CURVE('',#7094,#7096,#4777,.T.);
#15433=EDGE_CURVE('',#7096,#7098,#4753,.T.);
#15435=EDGE_CURVE('',#7098,#7086,#4773,.T.);
#15437=EDGE_CURVE('',#7086,#7001,#4744,.T.);
#15440=EDGE_CURVE('',#7002,#7088,#4740,.T.);
#15442=EDGE_CURVE('',#7088,#7090,#4732,.T.);
#15453=EDGE_CURVE('',#7090,#7077,#4727,.T.);
#15455=EDGE_CURVE('',#7077,#7078,#4736,.T.);
#15457=EDGE_CURVE('',#7092,#7078,#4717,.T.);
#15467=EDGE_CURVE('',#7077,#7088,#4722,.T.);
#15484=EDGE_CURVE('',#7086,#7084,#4768,.T.);
#15486=EDGE_CURVE('',#7084,#7082,#4763,.T.);
#15488=EDGE_CURVE('',#7080,#7082,#4748,.T.);
#15490=EDGE_CURVE('',#7080,#7078,#4786,.T.);
#15501=EDGE_CURVE('',#7082,#7096,#4758,.T.);
#15515=EDGE_CURVE('',#7080,#7094,#4781,.T.);
#15540=EDGE_CURVE('',#6909,#7112,#4806,.T.);
#15542=EDGE_CURVE('',#7102,#7112,#4794,.T.);
#15544=EDGE_CURVE('',#7102,#6910,#4834,.T.);
#15555=EDGE_CURVE('',#6912,#7104,#4822,.T.);
#15557=EDGE_CURVE('',#7112,#7104,#4802,.T.);
#15569=EDGE_CURVE('',#7101,#6914,#4814,.T.);
#15571=EDGE_CURVE('',#7104,#7101,#4818,.T.);
#15582=EDGE_CURVE('',#7101,#7102,#4826,.T.);
#15596=EDGE_CURVE('',#7102,#7110,#4850,.T.);
#15598=EDGE_CURVE('',#7108,#7110,#4838,.T.);
#15600=EDGE_CURVE('',#7101,#7108,#4842,.T.);
#15611=EDGE_CURVE('',#7112,#7114,#4858,.T.);
#15613=EDGE_CURVE('',#7110,#7114,#4846,.T.);
#15625=EDGE_CURVE('',#7104,#7106,#4866,.T.);
#15627=EDGE_CURVE('',#7114,#7106,#4854,.T.);
#15640=EDGE_CURVE('',#7106,#7108,#4862,.T.);
#15657=EDGE_CURVE('',#7117,#7118,#4870,.T.);
#15659=EDGE_CURVE('',#7122,#7117,#4874,.T.);
#15661=EDGE_CURVE('',#7120,#7122,#4878,.T.);
#15663=EDGE_CURVE('',#7118,#7120,#4882,.T.);
#15673=EDGE_CURVE('',#7117,#7126,#4886,.T.);
#15676=EDGE_CURVE('',#7118,#7128,#4910,.T.);
#15678=EDGE_CURVE('',#7126,#7128,#4890,.T.);
#15688=EDGE_CURVE('',#7122,#7124,#4894,.T.);
#15692=EDGE_CURVE('',#7124,#7126,#4898,.T.);
#15702=EDGE_CURVE('',#7120,#7130,#4902,.T.);
#15706=EDGE_CURVE('',#7130,#7124,#4906,.T.);
#15719=EDGE_CURVE('',#7128,#7130,#4914,.T.);
#15735=EDGE_CURVE('',#7133,#7134,#4918,.T.);
#15737=EDGE_CURVE('',#7138,#7133,#4922,.T.);
#15739=EDGE_CURVE('',#7136,#7138,#4926,.T.);
#15741=EDGE_CURVE('',#7134,#7136,#4930,.T.);
#15745=EDGE_CURVE('',#7141,#7142,#4934,.T.);
#15747=EDGE_CURVE('',#7146,#7141,#4938,.T.);
#15749=EDGE_CURVE('',#7144,#7146,#4942,.T.);
#15751=EDGE_CURVE('',#7142,#7144,#4946,.T.);
#15761=EDGE_CURVE('',#7154,#7149,#4958,.T.);
#15763=EDGE_CURVE('',#7133,#7149,#4950,.T.);
#15766=EDGE_CURVE('',#7134,#7154,#4974,.T.);
#15776=EDGE_CURVE('',#7157,#7158,#4954,.T.);
#15778=EDGE_CURVE('',#7157,#7149,#5006,.T.);
#15781=EDGE_CURVE('',#7154,#7158,#4970,.T.);
#15792=EDGE_CURVE('',#7158,#7162,#4966,.T.);
#15794=EDGE_CURVE('',#7162,#7160,#4982,.T.);
#15796=EDGE_CURVE('',#7160,#7157,#4998,.T.);
#15806=EDGE_CURVE('',#7152,#7154,#4962,.T.);
#15808=EDGE_CURVE('',#7152,#7162,#4986,.T.);
#15823=EDGE_CURVE('',#7136,#7152,#4978,.T.);
#15833=EDGE_CURVE('',#7150,#7152,#4990,.T.);
#15837=EDGE_CURVE('',#7138,#7150,#5010,.T.);
#15850=EDGE_CURVE('',#7160,#7150,#4994,.T.);
#15862=EDGE_CURVE('',#7149,#7150,#5002,.T.);
#15885=EDGE_CURVE('',#7170,#7165,#5022,.T.);
#15887=EDGE_CURVE('',#7141,#7165,#5014,.T.);
#15890=EDGE_CURVE('',#7142,#7170,#5038,.T.);
#15900=EDGE_CURVE('',#7173,#7174,#5018,.T.);
#15902=EDGE_CURVE('',#7173,#7165,#5070,.T.);
#15905=EDGE_CURVE('',#7170,#7174,#5034,.T.);
#15916=EDGE_CURVE('',#7174,#7178,#5030,.T.);
#15918=EDGE_CURVE('',#7178,#7176,#5046,.T.);
#15920=EDGE_CURVE('',#7176,#7173,#5062,.T.);
#15930=EDGE_CURVE('',#7168,#7170,#5026,.T.);
#15932=EDGE_CURVE('',#7168,#7178,#5050,.T.);
#15947=EDGE_CURVE('',#7144,#7168,#5042,.T.);
#15957=EDGE_CURVE('',#7166,#7168,#5054,.T.);
#15961=EDGE_CURVE('',#7146,#7166,#5074,.T.);
#15974=EDGE_CURVE('',#7176,#7166,#5058,.T.);
#15986=EDGE_CURVE('',#7165,#7166,#5066,.T.);
#16014=EDGE_CURVE('',#7206,#7580,#5086,.T.);
#16038=EDGE_CURVE('',#7182,#6882,#5098,.T.);
#16041=EDGE_CURVE('',#6881,#7192,#5146,.T.);
#16043=EDGE_CURVE('',#7192,#7190,#5142,.T.);
#16045=EDGE_CURVE('',#7190,#7188,#5134,.T.);
#16047=EDGE_CURVE('',#7188,#7186,#5126,.T.);
#16049=EDGE_CURVE('',#7186,#7184,#5118,.T.);
#16051=EDGE_CURVE('',#7184,#7182,#5110,.T.);
#16063=EDGE_CURVE('',#7180,#7182,#5102,.T.);
#16065=EDGE_CURVE('',#7180,#6886,#5150,.T.);
#16075=EDGE_CURVE('',#7202,#7184,#5106,.T.);
#16077=EDGE_CURVE('',#7202,#7180,#5154,.T.);
#16089=EDGE_CURVE('',#7200,#7186,#5114,.T.);
#16091=EDGE_CURVE('',#7200,#7202,#5158,.T.);
#16103=EDGE_CURVE('',#7198,#7188,#5122,.T.);
#16105=EDGE_CURVE('',#7198,#7200,#5162,.T.);
#16117=EDGE_CURVE('',#7196,#7190,#5130,.T.);
#16119=EDGE_CURVE('',#7196,#7198,#5166,.T.);
#16131=EDGE_CURVE('',#7194,#7192,#5138,.T.);
#16133=EDGE_CURVE('',#7194,#7196,#5170,.T.);
#16146=EDGE_CURVE('',#6884,#7194,#5174,.T.);
#16174=EDGE_CURVE('',#8154,#8150,#5189,.T.);
#16176=EDGE_CURVE('',#8150,#8151,#5210,.T.);
#16179=EDGE_CURVE('',#8154,#8155,#5206,.T.);
#16190=EDGE_CURVE('',#8150,#8154,#5194,.T.);
#16194=EDGE_CURVE('',#8076,#8072,#5179,.T.);
#16196=EDGE_CURVE('',#8072,#8076,#5184,.T.);
#16207=EDGE_CURVE('',#8072,#8073,#5202,.T.);
#16210=EDGE_CURVE('',#8076,#8077,#5198,.T.);
#16244=EDGE_CURVE('',#8162,#8158,#5225,.T.);
#16246=EDGE_CURVE('',#8158,#8159,#5246,.T.);
#16249=EDGE_CURVE('',#8162,#8163,#5242,.T.);
#16260=EDGE_CURVE('',#8158,#8162,#5230,.T.);
#16264=EDGE_CURVE('',#8084,#8080,#5215,.T.);
#16266=EDGE_CURVE('',#8080,#8084,#5220,.T.);
#16277=EDGE_CURVE('',#8080,#8081,#5238,.T.);
#16280=EDGE_CURVE('',#8084,#8085,#5234,.T.);
#16314=EDGE_CURVE('',#8178,#8174,#5261,.T.);
#16316=EDGE_CURVE('',#8174,#8175,#5282,.T.);
#16319=EDGE_CURVE('',#8178,#8179,#5278,.T.);
#16330=EDGE_CURVE('',#8174,#8178,#5266,.T.);
#16334=EDGE_CURVE('',#8040,#8036,#5251,.T.);
#16336=EDGE_CURVE('',#8036,#8040,#5256,.T.);
#16347=EDGE_CURVE('',#8036,#8037,#5274,.T.);
#16350=EDGE_CURVE('',#8040,#8041,#5270,.T.);
#16384=EDGE_CURVE('',#8186,#8182,#5297,.T.);
#16386=EDGE_CURVE('',#8182,#8183,#5318,.T.);
#16389=EDGE_CURVE('',#8186,#8187,#5314,.T.);
#16400=EDGE_CURVE('',#8182,#8186,#5302,.T.);
#16404=EDGE_CURVE('',#8048,#8044,#5287,.T.);
#16406=EDGE_CURVE('',#8044,#8048,#5292,.T.);
#16417=EDGE_CURVE('',#8044,#8045,#5310,.T.);
#16420=EDGE_CURVE('',#8048,#8049,#5306,.T.);
#16454=EDGE_CURVE('',#8194,#8190,#5333,.T.);
#16456=EDGE_CURVE('',#8190,#8191,#5354,.T.);
#16459=EDGE_CURVE('',#8194,#8195,#5350,.T.);
#16470=EDGE_CURVE('',#8190,#8194,#5338,.T.);
#16474=EDGE_CURVE('',#8068,#8064,#5323,.T.);
#16476=EDGE_CURVE('',#8064,#8068,#5328,.T.);
#16487=EDGE_CURVE('',#8064,#8065,#5346,.T.);
#16490=EDGE_CURVE('',#8068,#8069,#5342,.T.);
#16524=EDGE_CURVE('',#8059,#8052,#5369,.T.);
#16526=EDGE_CURVE('',#8052,#8053,#5382,.T.);
#16529=EDGE_CURVE('',#8056,#8057,#5378,.T.);
#16531=EDGE_CURVE('',#8056,#8059,#5374,.T.);
#16541=EDGE_CURVE('',#8061,#8056,#5359,.T.);
#16543=EDGE_CURVE('',#8052,#8061,#5364,.T.);
#16568=EDGE_CURVE('',#8092,#8095,#5392,.T.);
#16570=EDGE_CURVE('',#8095,#8088,#5387,.T.);
#16572=EDGE_CURVE('',#8088,#8089,#5410,.T.);
#16575=EDGE_CURVE('',#8092,#8093,#5406,.T.);
#16587=EDGE_CURVE('',#8097,#8092,#5397,.T.);
#16589=EDGE_CURVE('',#8088,#8097,#5402,.T.);
#16612=EDGE_CURVE('',#8104,#8107,#5420,.T.);
#16614=EDGE_CURVE('',#8107,#8100,#5415,.T.);
#16616=EDGE_CURVE('',#8100,#8101,#5438,.T.);
#16619=EDGE_CURVE('',#8104,#8105,#5434,.T.);
#16631=EDGE_CURVE('',#8109,#8104,#5425,.T.);
#16633=EDGE_CURVE('',#8100,#8109,#5430,.T.);
#16657=EDGE_CURVE('',#8112,#8113,#5448,.T.);
#16659=EDGE_CURVE('',#8115,#8113,#5506,.T.);
#16661=EDGE_CURVE('',#8117,#8115,#5443,.T.);
#16673=EDGE_CURVE('',#8113,#8115,#5463,.T.);
#16684=EDGE_CURVE('',#8121,#8119,#5453,.T.);
#16686=EDGE_CURVE('',#8113,#8121,#5458,.T.);
#16689=EDGE_CURVE('',#8115,#8119,#5468,.T.);
#16699=EDGE_CURVE('',#8125,#8123,#5478,.T.);
#16701=EDGE_CURVE('',#8123,#8121,#5496,.T.);
#16704=EDGE_CURVE('',#8125,#8119,#5492,.T.);
#16714=EDGE_CURVE('',#8123,#8125,#5473,.T.);
#16719=EDGE_CURVE('',#8137,#8141,#5483,.T.);
#16721=EDGE_CURVE('',#8141,#8137,#5488,.T.);
#16733=EDGE_CURVE('',#8119,#8121,#5501,.T.);
#16757=EDGE_CURVE('',#8140,#8141,#5510,.T.);
#16759=EDGE_CURVE('',#8133,#8140,#5515,.T.);
#16761=EDGE_CURVE('',#8136,#8133,#5520,.T.);
#16763=EDGE_CURVE('',#8136,#8137,#5524,.T.);
#16775=EDGE_CURVE('',#8129,#8136,#5529,.T.);
#16777=EDGE_CURVE('',#8140,#8129,#5534,.T.);
#16790=EDGE_CURVE('',#8132,#8133,#5538,.T.);
#16792=EDGE_CURVE('',#8132,#8128,#5557,.T.);
#16794=EDGE_CURVE('',#8128,#8129,#5542,.T.);
#16806=EDGE_CURVE('',#8128,#8132,#5562,.T.);
#16818=EDGE_CURVE('',#8007,#8003,#5547,.T.);
#16820=EDGE_CURVE('',#8003,#8007,#5552,.T.);
#16835=EDGE_CURVE('',#8002,#8003,#5578,.T.);
#16837=EDGE_CURVE('',#8002,#7776,#5616,.T.);
#16839=EDGE_CURVE('',#7586,#7776,#5566,.T.);
#16841=EDGE_CURVE('',#7586,#7589,#5639,.T.);
#16843=EDGE_CURVE('',#7773,#7589,#5570,.T.);
#16845=EDGE_CURVE('',#7773,#8006,#5588,.T.);
#16847=EDGE_CURVE('',#8006,#8007,#5574,.T.);
#16859=EDGE_CURVE('',#8006,#8002,#5583,.T.);
#16872=EDGE_CURVE('',#7772,#7773,#5593,.T.);
#16874=EDGE_CURVE('',#7781,#7772,#5597,.T.);
#16876=EDGE_CURVE('',#7780,#7781,#5602,.T.);
#16878=EDGE_CURVE('',#7777,#7780,#5607,.T.);
#16880=EDGE_CURVE('',#7776,#7777,#5611,.T.);
#16891=EDGE_CURVE('',#7589,#7590,#5634,.T.);
#16893=EDGE_CURVE('',#7590,#6846,#5762,.T.);
#16895=EDGE_CURVE('',#6846,#6843,#5727,.T.);
#16897=EDGE_CURVE('',#6843,#6844,#5722,.T.);
#16899=EDGE_CURVE('',#7772,#6844,#5620,.T.);
#16911=EDGE_CURVE('',#7585,#7586,#5624,.T.);
#16913=EDGE_CURVE('',#7590,#7585,#5629,.T.);
#16927=EDGE_CURVE('',#7777,#7783,#5643,.T.);
#16929=EDGE_CURVE('',#7783,#6839,#5661,.T.);
#16931=EDGE_CURVE('',#6839,#6840,#5712,.T.);
#16933=EDGE_CURVE('',#6840,#7585,#5781,.T.);
#16947=EDGE_CURVE('',#7785,#7781,#5647,.T.);
#16949=EDGE_CURVE('',#7785,#7787,#5671,.T.);
#16951=EDGE_CURVE('',#7787,#7783,#5666,.T.);
#16963=EDGE_CURVE('',#6844,#7785,#5675,.T.);
#16974=EDGE_CURVE('',#8219,#8223,#5652,.T.);
#16976=EDGE_CURVE('',#6839,#8219,#5657,.T.);
#16982=EDGE_CURVE('',#8223,#6844,#5680,.T.);
#16992=EDGE_CURVE('',#8222,#8218,#5685,.T.);
#16994=EDGE_CURVE('',#8218,#8219,#5708,.T.);
#16997=EDGE_CURVE('',#8222,#8223,#5704,.T.);
#17008=EDGE_CURVE('',#8218,#8222,#5690,.T.);
#17012=EDGE_CURVE('',#8238,#8234,#5695,.T.);
#17014=EDGE_CURVE('',#8234,#8238,#5700,.T.);
#17027=EDGE_CURVE('',#6844,#6839,#5717,.T.);
#17043=EDGE_CURVE('',#6840,#6846,#5732,.T.);
#17054=EDGE_CURVE('',#6846,#8231,#5757,.T.);
#17056=EDGE_CURVE('',#8231,#8229,#5737,.T.);
#17058=EDGE_CURVE('',#8229,#8227,#5814,.T.);
#17060=EDGE_CURVE('',#8226,#8227,#5742,.T.);
#17062=EDGE_CURVE('',#8226,#6840,#5747,.T.);
#17073=EDGE_CURVE('',#8231,#8226,#5752,.T.);
#17077=EDGE_CURVE('',#8021,#7590,#5767,.T.);
#17079=EDGE_CURVE('',#8025,#8021,#5772,.T.);
#17081=EDGE_CURVE('',#7585,#8025,#5777,.T.);
#17094=EDGE_CURVE('',#8227,#8229,#5791,.T.);
#17105=EDGE_CURVE('',#8020,#8024,#5786,.T.);
#17107=EDGE_CURVE('',#8229,#8020,#5819,.T.);
#17110=EDGE_CURVE('',#8227,#8024,#5809,.T.);
#17121=EDGE_CURVE('',#8020,#8021,#5799,.T.);
#17124=EDGE_CURVE('',#8024,#8025,#5795,.T.);
#17137=EDGE_CURVE('',#8024,#8020,#5804,.T.);
#17162=EDGE_CURVE('',#8234,#8235,#5827,.T.);
#17164=EDGE_CURVE('',#8235,#8239,#5832,.T.);
#17166=EDGE_CURVE('',#8238,#8239,#5823,.T.);
#17178=EDGE_CURVE('',#8239,#8235,#5837,.T.);
#17193=EDGE_CURVE('',#8215,#8213,#5842,.T.);
#17195=EDGE_CURVE('',#8213,#8215,#5847,.T.);
#17206=EDGE_CURVE('',#8209,#8213,#5867,.T.);
#17208=EDGE_CURVE('',#8207,#8209,#5852,.T.);
#17210=EDGE_CURVE('',#8207,#8215,#5857,.T.);
#17222=EDGE_CURVE('',#8209,#8207,#5862,.T.);
#17233=EDGE_CURVE('',#8211,#8206,#5872,.T.);
#17235=EDGE_CURVE('',#8211,#8209,#5877,.T.);
#17238=EDGE_CURVE('',#8206,#8207,#5882,.T.);
#17248=EDGE_CURVE('',#8379,#8371,#5887,.T.);
#17250=EDGE_CURVE('',#8371,#8377,#6016,.T.);
#17252=EDGE_CURVE('',#8211,#8377,#6028,.T.);
#17255=EDGE_CURVE('',#8206,#8379,#6024,.T.);
#17265=EDGE_CURVE('',#8374,#8370,#5902,.T.);
#17267=EDGE_CURVE('',#8370,#8371,#6020,.T.);
#17270=EDGE_CURVE('',#8375,#8379,#5892,.T.);
#17272=EDGE_CURVE('',#8374,#8375,#6006,.T.);
#17282=EDGE_CURVE('',#8370,#8374,#5897,.T.);
#17287=EDGE_CURVE('',#8363,#8359,#5907,.T.);
#17289=EDGE_CURVE('',#8359,#8363,#5912,.T.);
#17293=EDGE_CURVE('',#8351,#8355,#5917,.T.);
#17295=EDGE_CURVE('',#8355,#8351,#5922,.T.);
#17299=EDGE_CURVE('',#8339,#8343,#5927,.T.);
#17301=EDGE_CURVE('',#8343,#8339,#5932,.T.);
#17305=EDGE_CURVE('',#8327,#8331,#5937,.T.);
#17307=EDGE_CURVE('',#8331,#8327,#5942,.T.);
#17311=EDGE_CURVE('',#8323,#8319,#5947,.T.);
#17313=EDGE_CURVE('',#8319,#8323,#5952,.T.);
#17317=EDGE_CURVE('',#8311,#8315,#5957,.T.);
#17319=EDGE_CURVE('',#8315,#8311,#5962,.T.);
#17323=EDGE_CURVE('',#8307,#8303,#5967,.T.);
#17325=EDGE_CURVE('',#8303,#8307,#5972,.T.);
#17329=EDGE_CURVE('',#8299,#8295,#5977,.T.);
#17331=EDGE_CURVE('',#8295,#8299,#5982,.T.);
#17335=EDGE_CURVE('',#8291,#8287,#5987,.T.);
#17337=EDGE_CURVE('',#8287,#8291,#5992,.T.);
#17341=EDGE_CURVE('',#8279,#8275,#5997,.T.);
#17343=EDGE_CURVE('',#8275,#8279,#6002,.T.);
#17355=EDGE_CURVE('',#8377,#8375,#6011,.T.);
#17369=EDGE_CURVE('',#8206,#8211,#6033,.T.);
#17394=EDGE_CURVE('',#8358,#8359,#6041,.T.);
#17396=EDGE_CURVE('',#8358,#8365,#6051,.T.);
#17398=EDGE_CURVE('',#8365,#8362,#6046,.T.);
#17400=EDGE_CURVE('',#8362,#8363,#6037,.T.);
#17412=EDGE_CURVE('',#8362,#8367,#6061,.T.);
#17414=EDGE_CURVE('',#8367,#8358,#6056,.T.);
#17438=EDGE_CURVE('',#8354,#8355,#6065,.T.);
#17440=EDGE_CURVE('',#8354,#8350,#6074,.T.);
#17442=EDGE_CURVE('',#8350,#8351,#6069,.T.);
#17454=EDGE_CURVE('',#8350,#8354,#6079,.T.);
#17476=EDGE_CURVE('',#8342,#8343,#6083,.T.);
#17478=EDGE_CURVE('',#8342,#8347,#6097,.T.);
#17480=EDGE_CURVE('',#8347,#8338,#6092,.T.);
#17482=EDGE_CURVE('',#8338,#8339,#6087,.T.);
#17494=EDGE_CURVE('',#8338,#8345,#6107,.T.);
#17496=EDGE_CURVE('',#8345,#8342,#6102,.T.);
#17520=EDGE_CURVE('',#8330,#8331,#6111,.T.);
#17522=EDGE_CURVE('',#8330,#8335,#6125,.T.);
#17524=EDGE_CURVE('',#8335,#8326,#6120,.T.);
#17526=EDGE_CURVE('',#8326,#8327,#6115,.T.);
#17538=EDGE_CURVE('',#8326,#8333,#6135,.T.);
#17540=EDGE_CURVE('',#8333,#8330,#6130,.T.);
#17564=EDGE_CURVE('',#8318,#8319,#6143,.T.);
#17566=EDGE_CURVE('',#8318,#8322,#6148,.T.);
#17568=EDGE_CURVE('',#8322,#8323,#6139,.T.);
#17580=EDGE_CURVE('',#8322,#8318,#6153,.T.);
#17602=EDGE_CURVE('',#8314,#8315,#6157,.T.);
#17604=EDGE_CURVE('',#8271,#8314,#6162,.T.);
#17606=EDGE_CURVE('',#8310,#8271,#6167,.T.);
#17608=EDGE_CURVE('',#8310,#8311,#6171,.T.);
#17620=EDGE_CURVE('',#8267,#8310,#6176,.T.);
#17622=EDGE_CURVE('',#8314,#8267,#6181,.T.);
#17635=EDGE_CURVE('',#8270,#8271,#6185,.T.);
#17637=EDGE_CURVE('',#8270,#8266,#6199,.T.);
#17639=EDGE_CURVE('',#8266,#8267,#6189,.T.);
#17651=EDGE_CURVE('',#8266,#8270,#6194,.T.);
#17674=EDGE_CURVE('',#8302,#8303,#6227,.T.);
#17676=EDGE_CURVE('',#8259,#8302,#6204,.T.);
#17678=EDGE_CURVE('',#8306,#8259,#6209,.T.);
#17680=EDGE_CURVE('',#8306,#8307,#6213,.T.);
#17692=EDGE_CURVE('',#8263,#8306,#6218,.T.);
#17694=EDGE_CURVE('',#8302,#8263,#6223,.T.);
#17707=EDGE_CURVE('',#8258,#8259,#6235,.T.);
#17709=EDGE_CURVE('',#8258,#8262,#6240,.T.);
#17711=EDGE_CURVE('',#8262,#8263,#6231,.T.);
#17723=EDGE_CURVE('',#8262,#8258,#6245,.T.);
#17746=EDGE_CURVE('',#8294,#8295,#6273,.T.);
#17748=EDGE_CURVE('',#8255,#8294,#6250,.T.);
#17750=EDGE_CURVE('',#8298,#8255,#6255,.T.);
#17752=EDGE_CURVE('',#8298,#8299,#6259,.T.);
#17764=EDGE_CURVE('',#8251,#8298,#6264,.T.);
#17766=EDGE_CURVE('',#8294,#8251,#6269,.T.);
#17779=EDGE_CURVE('',#8254,#8255,#6277,.T.);
#17781=EDGE_CURVE('',#8254,#8250,#6286,.T.);
#17783=EDGE_CURVE('',#8250,#8251,#6281,.T.);
#17795=EDGE_CURVE('',#8250,#8254,#6291,.T.);
#17818=EDGE_CURVE('',#8286,#8287,#6319,.T.);
#17820=EDGE_CURVE('',#8243,#8286,#6296,.T.);
#17822=EDGE_CURVE('',#8290,#8243,#6301,.T.);
#17824=EDGE_CURVE('',#8290,#8291,#6305,.T.);
#17836=EDGE_CURVE('',#8247,#8290,#6310,.T.);
#17838=EDGE_CURVE('',#8286,#8247,#6315,.T.);
#17850=EDGE_CURVE('',#8242,#8243,#6327,.T.);
#17852=EDGE_CURVE('',#8242,#8246,#6332,.T.);
#17854=EDGE_CURVE('',#8246,#8247,#6323,.T.);
#17867=EDGE_CURVE('',#8246,#8242,#6337,.T.);
#17890=EDGE_CURVE('',#8274,#8275,#6345,.T.);
#17892=EDGE_CURVE('',#8274,#8281,#6355,.T.);
#17894=EDGE_CURVE('',#8281,#8278,#6350,.T.);
#17896=EDGE_CURVE('',#8278,#8279,#6341,.T.);
#17908=EDGE_CURVE('',#8278,#8283,#6365,.T.);
#17910=EDGE_CURVE('',#8283,#8274,#6360,.T.);
#17934=EDGE_CURVE('',#8394,#8382,#6369,.T.);
#17936=EDGE_CURVE('',#8382,#8383,#6378,.T.);
#17938=EDGE_CURVE('',#8395,#8383,#6373,.T.);
#17950=EDGE_CURVE('',#8383,#8382,#6383,.T.);
#17971=EDGE_CURVE('',#8386,#8387,#6388,.T.);
#17973=EDGE_CURVE('',#8387,#8386,#6393,.T.);
#17983=EDGE_CURVE('',#8390,#8391,#6398,.T.);
#17985=EDGE_CURVE('',#8391,#8390,#6403,.T.);
#17996=EDGE_CURVE('',#8398,#8386,#6407,.T.);
#17999=EDGE_CURVE('',#8399,#8387,#6411,.T.);
#18022=EDGE_CURVE('',#8402,#8390,#6415,.T.);
#18025=EDGE_CURVE('',#8403,#8391,#6419,.T.);
#18047=EDGE_CURVE('',#6652,#6627,#6431,.T.);
#18050=EDGE_CURVE('',#6652,#6628,#6423,.T.);
#18060=EDGE_CURVE('',#6646,#6622,#6427,.T.);
#18064=EDGE_CURVE('',#6651,#6652,#6435,.T.);
#18066=EDGE_CURVE('',#6651,#6654,#6558,.T.);
#18068=EDGE_CURVE('',#6654,#6620,#6481,.T.);
#18070=EDGE_CURVE('',#6620,#6648,#6476,.T.);
#18072=EDGE_CURVE('',#6622,#6648,#6439,.T.);
#18082=EDGE_CURVE('',#6624,#6622,#6443,.T.);
#18094=EDGE_CURVE('',#6612,#6616,#6466,.T.);
#18098=EDGE_CURVE('',#6622,#6620,#6470,.T.);
#18100=EDGE_CURVE('',#6618,#6620,#6457,.T.);
#18102=EDGE_CURVE('',#6618,#6612,#6572,.T.);
#18136=EDGE_CURVE('',#6654,#6656,#6503,.T.);
#18138=EDGE_CURVE('',#6666,#6656,#6486,.T.);
#18154=EDGE_CURVE('',#6630,#6658,#6507,.T.);
#18156=EDGE_CURVE('',#6658,#6656,#6546,.T.);
#18159=EDGE_CURVE('',#6654,#6652,#6562,.T.);
#18171=EDGE_CURVE('',#6632,#6658,#6511,.T.);
#18183=EDGE_CURVE('',#6664,#6633,#6515,.T.);
#18185=EDGE_CURVE('',#6663,#6664,#6519,.T.);
#18187=EDGE_CURVE('',#6663,#6666,#6538,.T.);
#18190=EDGE_CURVE('',#6656,#6660,#6552,.T.);
#18192=EDGE_CURVE('',#6658,#6660,#6523,.T.);
#18285=CLOSED_SHELL('',(#8427,#8440,#8459,#8472,#8495,#8508,#8527,#8566,#8585,
#8596,#8621,#8639,#8729,#8744,#8761,#8773,#8788,#8801,#8888,#8903,#8919,#8930,
#8945,#8957,#9001,#9014,#9036,#9048,#9066,#9078,#9100,#9112,#9130,#9142,#9164,
#9176,#9194,#9205,#9223,#9240,#9252,#9273,#9284,#9295,#9306,#9317,#9328,#9339,
#9350,#9361,#9373,#9391,#9401,#9414,#9458,#9471,#9493,#9505,#9523,#9535,#9557,
#9569,#9587,#9599,#9621,#9633,#9651,#9662,#9680,#9697,#9709,#9730,#9741,#9752,
#9763,#9774,#9785,#9796,#9807,#9818,#9860,#9881,#9898,#9914,#9929,#9984,#9999,
#10056,#10070,#10108,#10123,#10136,#10215,#10230,#10248,#10265,#10281,#10295,
#10309,#10323,#10403,#10416,#10473,#10499,#10513,#10530,#10549,#10565,#10581,
#10595,#10609,#10623,#10703,#10716,#10773,#10799,#10813,#10830,#10848,#10864,
#10880,#10894,#10908,#10922,#11002,#11015,#11072,#11086,#11100,#11115,#11128,
#11146,#11159,#11197,#11210,#11224,#11236,#11248,#11262,#11275,#11288,#11300,
#11313,#11326,#11337,#11350,#11363,#11375,#11389,#11401,#11413,#11427,#11439,
#11450,#11463,#11475,#11486,#11497,#11510,#11523,#11560,#11573,#11587,#11599,
#11611,#11625,#11638,#11651,#11663,#11676,#11689,#11700,#11713,#11726,#11738,
#11752,#11764,#11776,#11790,#11802,#11813,#11826,#11838,#11849,#11860,#11873,
#11888,#11904,#11942,#11955,#11969,#11981,#11993,#12007,#12020,#12033,#12045,
#12058,#12071,#12082,#12095,#12108,#12120,#12134,#12146,#12158,#12172,#12184,
#12195,#12208,#12220,#12231,#12242,#12255,#12269,#12283,#12297,#12309,#12346,
#12359,#12373,#12385,#12397,#12411,#12424,#12437,#12449,#12462,#12475,#12486,
#12499,#12512,#12524,#12538,#12550,#12562,#12576,#12588,#12599,#12612,#12624,
#12635,#12646,#12660,#12674,#12701,#12720,#12739,#12755,#12771,#12793,#12808,
#12832,#12844,#12858,#12880,#12893,#12906,#12919,#12932,#12944,#12958,#13002,
#13017,#13032,#13047,#13060,#13074,#13088,#13102,#13116,#13131,#13146,#13159,
#13173,#13187,#13202,#13215,#13228,#13241,#13286,#13299,#13312,#13324,#13349,
#13364,#13376,#13397,#13411,#13424,#13436,#13461,#13476,#13490,#13504,#13516,
#13535,#13548,#13573,#13588,#13602,#13616,#13628,#13647,#13660,#13685,#13700,
#13712,#13733,#13747,#13760,#13772,#13787,#13801,#13815,#13828,#13843,#13857,
#13871,#13884,#13906,#13921,#13935,#13949,#13962,#13994,#14009,#14024,#14039,
#14053,#14066,#14080,#14093,#14106,#14118,#14133,#14148,#14163,#14177,#14190,
#14204,#14217,#14230,#14242,#14259,#14271,#14294,#14308,#14322,#14336,#14350,
#14364,#14378,#14391,#14407,#14421,#14435,#14462,#14481,#14500,#14516,#14532,
#14554,#14569,#14593,#14605,#14619,#14641,#14654,#14667,#14680,#14693,#14705,
#14719,#14763,#14778,#14793,#14808,#14821,#14835,#14849,#14863,#14877,#14892,
#14907,#14920,#14934,#14948,#14963,#14976,#14989,#15002,#15047,#15060,#15073,
#15085,#15110,#15125,#15137,#15158,#15172,#15185,#15197,#15222,#15237,#15251,
#15265,#15277,#15296,#15309,#15334,#15349,#15363,#15377,#15389,#15408,#15421,
#15446,#15461,#15473,#15494,#15508,#15521,#15533,#15548,#15562,#15576,#15589,
#15604,#15618,#15632,#15645,#15667,#15682,#15696,#15710,#15723,#15755,#15770,
#15785,#15800,#15814,#15827,#15841,#15854,#15867,#15879,#15894,#15909,#15924,
#15938,#15951,#15965,#15978,#15991,#16003,#16020,#16032,#16055,#16069,#16083,
#16097,#16111,#16125,#16139,#16152,#16168,#16183,#16200,#16214,#16226,#16238,
#16253,#16270,#16284,#16296,#16308,#16323,#16340,#16354,#16366,#16378,#16393,
#16410,#16424,#16436,#16448,#16463,#16480,#16494,#16506,#16518,#16535,#16549,
#16562,#16579,#16593,#16606,#16623,#16637,#16650,#16665,#16678,#16693,#16708,
#16725,#16738,#16750,#16767,#16782,#16798,#16812,#16828,#16851,#16864,#16885,
#16905,#16919,#16938,#16955,#16968,#16986,#17001,#17018,#17033,#17047,#17066,
#17086,#17099,#17114,#17128,#17143,#17155,#17170,#17183,#17199,#17214,#17227,
#17242,#17259,#17276,#17347,#17361,#17375,#17387,#17404,#17419,#17431,#17446,
#17459,#17469,#17486,#17501,#17513,#17530,#17545,#17557,#17572,#17585,#17595,
#17612,#17627,#17643,#17657,#17667,#17684,#17699,#17715,#17729,#17739,#17756,
#17771,#17787,#17801,#17811,#17828,#17843,#17859,#17873,#17883,#17900,#17915,
#17927,#17942,#17955,#17965,#17977,#17989,#18003,#18015,#18029,#18041,#18054,
#18076,#18088,#18106,#18117,#18128,#18146,#18163,#18175,#18196,#18207,#18218,
#18229,#18240,#18251,#18262,#18273,#18284));
#18286=MANIFOLD_SOLID_BREP('',#18285);
#18287=(LENGTH_UNIT()NAMED_UNIT(*)SI_UNIT(.MILLI.,.METRE.));
#18289=(NAMED_UNIT(*)PLANE_ANGLE_UNIT()SI_UNIT($,.RADIAN.));
#18292=(NAMED_UNIT(*)SI_UNIT($,.STERADIAN.)SOLID_ANGLE_UNIT());
#18295=ADVANCED_BREP_SHAPE_REPRESENTATION('',(#18286),#18294);
#18302=PRODUCT_DEFINITION('design','',#18301,#18298);
#18303=PRODUCT_DEFINITION_SHAPE('','SHAPE FOR RS02.',#18302);
#18304=SHAPE_DEFINITION_REPRESENTATION(#18303,#18295);
ENDSEC;
END-ISO-10303-21;
