gait,commanded_vx_m_s,commanded_wz_rad_s,name,joint_peak_nm,motor_peak_nm,motor_peak_signed_nm,motor_peak_time_s,motor_speed_at_peak_rad_s,motor_peak_speed_rad_s,joint_rms_nm,motor_rms_nm,full_run_joint_rms_nm,full_run_motor_rms_nm,duration_s,rms_duration_s,peak_abs_motor_speed_when_above_11,continuous_utilisation,peak_utilisation,fraction_above_continuous,estimated_rms_current_a,estimated_final_temperature_c,estimated_steady_temperature_c,safety_torque_clipped_cycles,safety_torque_clip_events,safety_torque_clipped_duration_s,above_8nm_total_time_s,above_8nm_longest_time_s,above_8nm_peak_abs_motor_speed_rad_s,above_8nm_rms_motor_speed_rad_s,above_11nm_total_time_s,above_11nm_longest_time_s,above_11nm_peak_abs_motor_speed_rad_s,above_11nm_rms_motor_speed_rad_s,peak_clipping_events,peak_clipping_steps,peak_clipping_duration_s,speed_clipping_events,speed_clipping_steps,speed_clipping_duration_s,physics_clipping_events,physics_clipping_steps,physics_clipping_duration_s
stand,0.0,0.0,FL_haa_joint,4.048574241746522,4.048574241746522,-4.048574241746522,0.001,1.9895196601282806e-16,0.9704019216617,3.1892319212241484,3.1892319212241484,3.192014255954686,3.192014255954686,19.99999999999874,19.000000000001016,0.0,0.39865399015301856,0.11246039560407005,0.0,2.8993017465674074,20.18255073650214,23.799069381646383,0,0,0.0,0.0,0.0,0.0,0.0,0.0,0.0,0.0,0.0,0,0,0.0,2,39939,19.96949999999881,0,0,0.0
stand,0.0,0.0,FL_hfe_joint,0.5329062591917573,0.5329062591917573,0.5329062591917573,2.870500000000126,-1.7751949041121272e-06,0.1623061980557043,0.5254854212849561,0.5254854212849561,0.5231760987558541,0.5231760987558541,19.99999999999874,19.000000000001016,0.0,0.06568567766061952,0.01480295164421548,0.0,0.47771401934996005,20.004905208195584,20.103139818761925,0,0,0.0,0.0,0.0,0.0,0.0,0.0,0.0,0.0,0.0,0,0,0.0,3,34131,17.065500000005578,0,0,0.0
stand,0.0,0.0,FL_kfe_joint,6.057369393849318,3.188089154657536,3.188089154657536,0.023000000000000017,-0.6386722040948414,1.98424694999165,5.73430738235942,3.018056517031274,5.7332493005054905,3.0174996318449954,19.99999999999874,19.000000000001016,0.0,0.37725706462890923,0.08855803207382044,0.0,2.743687742755703,20.163178753908447,23.402199347124558,0,0,0.0,0.0,0.0,0.0,0.0,0.0,0.0,0.0,0.0,0,0,0.0,3,30518,15.259000000007157,0,0,0.0
stand,0.0,0.0,FR_haa_joint,4.04857424174652,4.04857424174652,4.04857424174652,0.001,1.9539925233402757e-17,0.9775935659736233,3.1555902712207096,3.1555902712207096,3.1567261427552142,3.1567261427552142,19.99999999999874,19.000000000001016,0.0,0.3944487839025887,0.11246039560407001,0.0,2.868718428382463,20.178543459911047,23.71934305317513,0,0,0.0,0.0,0.0,0.0,0.0,0.0,0.0,0.0,0.0,0,0,0.0,2,37014,18.50700000000222,0,0,0.0
stand,0.0,0.0,FR_hfe_joint,0.5190805670182805,0.5190805670182805,0.5190805670182805,3.1155000000002078,-6.094573007260228e-07,0.19398611841581234,0.5126946880971691,0.5126946880971691,0.5100540051003024,0.5100540051003024,19.99999999999874,19.000000000001016,0.0,0.06408683601214614,0.014418904639396681,0.0,0.4660860800883355,20.0046625762882,20.098179915979852,0,0,0.0,0.0,0.0,0.0,0.0,0.0,0.0,0.0,0.0,0,0,0.0,4,33752,16.87600000000602,0,0,0.0
stand,0.0,0.0,FR_kfe_joint,6.083796409577161,3.201998110303769,3.201998110303769,0.023000000000000017,-0.7427026122151232,2.045223869928653,5.666716110933504,2.982482163649213,5.667655595513814,2.982976629217797,19.99999999999874,19.000000000001016,0.0,0.3728102704561516,0.08894439195288247,0.0,2.7113474214992843,20.159462039192654,23.322467417470005,0,0,0.0,0.0,0.0,0.0,0.0,0.0,0.0,0.0,0.0,0,0,0.0,2,39879,19.93949999999888,0,0,0.0
stand,0.0,0.0,RL_haa_joint,4.048567130825233,4.048567130825233,-4.048567130825233,0.001,1.7053025658242405e-16,0.9669957435656227,3.2764293973650584,3.2764293973650584,3.276446840593348,3.276446840593348,19.99999999999874,19.000000000001016,0.0,0.4095536746706323,0.11246019807847868,0.0,2.97857217942278,20.192379833942386,24.009651692458778,0,0,0.0,0.0,0.0,0.0,0.0,0.0,0.0,0.0,0.0,0,0,0.0,3,34347,17.173500000005326,0,0,0.0
stand,0.0,0.0,RL_hfe_joint,0.402844739629649,0.402844739629649,0.402844739629649,0.20300000000000015,-0.011464038843138626,0.15595051393607154,0.3811771189079217,0.3811771189079217,0.37988549324587406,0.37988549324587406,19.99999999999874,19.000000000001016,0.0,0.047647139863490215,0.01119013165637914,0.0,0.3465246535526561,20.002588117537787,20.05426985568817,0,0,0.0,0.0,0.0,0.0,0.0,0.0,0.0,0.0,0.0,0,0,0.0,4,1334,0.6669999999999819,0,0,0.0
stand,0.0,0.0,RL_kfe_joint,6.089170362455037,3.204826506555283,3.204826506555283,19.99949999999874,-1.5359805686641677e-05,1.9823428129369165,6.081091616599158,3.200574535052189,6.074922669550831,3.1973277208162267,19.99999999999874,19.000000000001016,0.0,0.4000718168815236,0.08902295851542452,0.0,2.9096132136838078,20.183220781263465,23.82614047961336,0,0,0.0,0.0,0.0,0.0,0.0,0.0,0.0,0.0,0.0,0,0,0.0,1,31,0.01550000000000001,0,0,0.0
stand,0.0,0.0,RR_haa_joint,4.048567130825233,4.048567130825233,4.048567130825233,0.001,8.526512829121202e-17,0.9680002651270437,3.237065735634326,3.237065735634326,3.237825510931039,3.237825510931039,19.99999999999874,19.000000000001016,0.0,0.4046332169542908,0.11246019807847868,0.0,2.942787032394842,20.187866720023493,23.91388497437422,0,0,0.0,0.0,0.0,0.0,0.0,0.0,0.0,0.0,0.0,0,0,0.0,2,39291,19.645499999999565,0,0,0.0
stand,0.0,0.0,RR_hfe_joint,0.42254872409122757,0.42254872409122757,0.42254872409122757,0.21050000000000016,-0.010848458319083978,0.14681462498487158,0.39146345190539633,0.39146345190539633,0.3906280701609616,0.3906280701609616,19.99999999999874,19.000000000001016,0.0,0.04893293148817454,0.011737464558089654,0.0,0.3558758653685421,20.002735923029054,20.05723839707984,0,0,0.0,0.0,0.0,0.0,0.0,0.0,0.0,0.0,0.0,0,0,0.0,3,2972,1.4859999999998919,0,0,0.0
stand,0.0,0.0,RR_kfe_joint,6.024952694279286,3.1710277338312034,3.1710277338312034,19.99949999999874,-1.4094376917175501e-05,1.9815336413956761,6.017061453989049,3.1668744494679206,6.011297316206839,3.163840692740442,19.99999999999874,19.000000000001016,0.0,0.3958593061834901,0.08808410371753343,0.0,2.878976772243564,20.179402707173743,23.745990853950566,0,0,0.0,0.0,0.0,0.0,0.0,0.0,0.0,0.0,0.0,0,0,0.0,1,31,0.01550000000000001,0,0,0.0
walk,0.15,0.0,FL_haa_joint,10.165978785367644,10.165978785367644,-10.165978785367644,0.7629999999999714,0.2857137898003488,2.433326281790449,4.283423107284655,4.283423107284655,4.378869446103684,4.378869446103684,19.99999999999874,19.000000000001016,0.0,0.5354278884105819,0.28238829959354567,0.16017500000002197,3.8940210066224132,20.343202996016394,26.853098449227517,0,0,0.0,3.203500000000237,0.11450000000000009,0.5003690749192032,0.20226876398873578,0.0,0.0,0.0,0.0,0,0,0.0,267,16078,8.038999999998333,0,0,0.0
walk,0.15,0.0,FL_hfe_joint,8.604516131974723,8.604516131974723,8.604516131974723,0.665999999999982,-2.354678834022672,6.67029939859642,2.2779639737604316,2.2779639737604316,2.313048594259016,2.313048594259016,19.99999999999874,19.000000000001016,0.0,0.28474549672005395,0.23901433699929786,0.0001000000000000063,2.0708763397822105,20.0958195296919,21.93820059779,0,0,0.0,0.002,0.002,2.354678834022672,2.1449808186434676,0.0,0.0,0.0,0.0,0,0,0.0,270,22469,11.234500000002239,0,0,0.0
walk,0.15,0.0,FL_kfe_joint,13.722722862416841,7.222485717061495,7.222485717061495,0.020500000000000015,-0.1614931341617806,12.101555004599247,6.775277377815281,3.565935462008043,6.933001012379737,3.6489479012524932,19.99999999999874,19.000000000001016,0.0,0.4457419327510054,0.2006246032517082,0.0,3.2417595109164026,20.23836993866688,24.749544686194533,0,0,0.0,0.0,0.0,0.0,0.0,0.0,0.0,0.0,0.0,0,0,0.0,258,19223,9.611500000000255,0,0,0.0
walk,0.15,0.0,FR_haa_joint,10.021912797761466,10.021912797761466,10.021912797761466,1.8309999999998539,0.04529643045938637,2.4877503746676113,4.305658870223297,4.305658870223297,4.280910835977145,4.280910835977145,19.99999999999874,19.000000000001016,0.0,0.5382073587779121,0.2783864666044852,0.16295000000002305,3.9142353365666334,20.32837417686162,26.92443363613866,0,0,0.0,3.2590000000002557,0.11250000000000009,0.8236013110023651,0.17977478198093502,0.0,0.0,0.0,0.0,0,0,0.0,269,16256,8.127999999998442,0,0,0.0
walk,0.15,0.0,FR_hfe_joint,7.935332036383004,7.935332036383004,7.935332036383004,0.9984999999999454,-2.8082634333325456,5.649020293637793,2.3537524381677857,2.3537524381677857,2.3801857592751348,2.3801857592751348,19.99999999999874,19.000000000001016,0.0,0.2942190547709732,0.22042588989952788,0.0,2.139774943788896,20.101451007381304,22.06931490630968,0,0,0.0,0.0,0.0,0.0,0.0,0.0,0.0,0.0,0.0,0,0,0.0,265,22031,11.015500000001971,0,0,0.0
walk,0.15,0.0,FR_kfe_joint,13.899356714561284,7.315450902400676,7.315450902400676,0.5679999999999928,-0.8333278217979065,12.293867546933924,6.7980135709789975,3.5779018794626305,6.847370042629686,3.6038789698050984,19.99999999999874,19.000000000001016,0.0,0.4472377349328288,0.2032069695111299,0.0,3.2526380722387547,20.232671944830454,24.781474819176175,0,0,0.0,0.0,0.0,0.0,0.0,0.0,0.0,0.0,0.0,0,0,0.0,275,18822,9.41100000000001,0,0,0.0
walk,0.15,0.0,RL_haa_joint,9.946790742266113,9.946790742266113,-9.946790742266113,0.35550000000000026,0.38163172214824054,1.7175709368865595,4.939221316520599,4.939221316520599,4.927284477183572,4.927284477183572,19.99999999999874,19.000000000001016,0.0,0.6174026645650749,0.2762997428407254,0.09612499999999825,4.4902011968369075,20.43503222608975,29.11217377287077,0,0,0.0,1.9224999999998438,0.05400000000000004,1.3496712683527146,0.4142994543663462,0.0,0.0,0.0,0.0,0,0,0.0,325,27755,13.877500000005469,0,0,0.0
walk,0.15,0.0,RL_hfe_joint,8.965657641586704,8.965657641586704,8.965657641586704,0.8334999999999636,-2.7612922106474174,6.421726142094578,4.760943372813894,4.760943372813894,4.703297447491312,4.703297447491312,19.99999999999874,19.000000000001016,0.0,0.5951179216017367,0.24904604559963067,0.017800000000001134,4.328130338921722,20.396642308705882,28.466249292662447,0,0,0.0,0.35600000000000026,0.029000000000000022,3.0702542554435466,1.2282075191101272,0.0,0.0,0.0,0.0,0,0,0.0,123,30823,15.411500000007344,0,0,0.0
walk,0.15,0.0,RL_kfe_joint,16.17307651560382,8.512145534528328,8.512145534528328,1.5104999999998892,2.708940454068483,14.127738779213233,9.290623137927145,4.889801651540603,9.169531702853083,4.826069317291097,19.99999999999874,19.000000000001016,0.0,0.6112252064425754,0.23644848707023133,0.03427500000000116,4.445274228673275,20.417603446966844,28.930741238435864,0,0,0.0,0.6854999999999799,0.02800000000000002,4.936969357027121,0.4681189364708841,0.0,0.0,0.0,0.0,0,0,0.0,162,23620,11.810000000002942,0,0,0.0
walk,0.15,0.0,RR_haa_joint,10.772591277984453,10.772591277984453,10.772591277984453,0.6954999999999788,-0.2553656541330489,1.781059127513015,4.799248628787196,4.799248628787196,4.84810484560201,4.84810484560201,19.99999999999874,19.000000000001016,0.0,0.5999060785983995,0.2992386466106793,0.0885249999999986,4.362953298897451,20.420991095429606,28.603031624664368,0,0,0.0,1.7704999999998605,0.05350000000000004,1.3861094965382117,0.4490245481749958,0.0,0.0,0.0,0.0,0,0,0.0,322,27952,13.97600000000559,0,0,0.0
walk,0.15,0.0,RR_hfe_joint,9.414523595250007,9.414523595250007,9.414523595250007,1.165999999999927,-2.587259775714222,6.150959999576159,4.509563359145192,4.509563359145192,4.41715123792941,4.41715123792941,19.99999999999874,19.000000000001016,0.0,0.563695419893149,0.2615145443125002,0.0049250000000003145,4.099603053768356,20.35006113459007,27.595808492447087,0,0,0.0,0.09850000000000007,0.01600000000000001,2.8987394946932223,2.2578617829345697,0.0,0.0,0.0,0.0,0,0,0.0,118,31096,15.54800000000751,0,0,0.0
walk,0.15,0.0,RR_kfe_joint,15.422045513406353,8.116866059687554,8.116866059687554,2.0459999999998506,-0.4863293715924244,13.936208312786542,8.9452623424455,4.708032811813421,8.948628247893737,4.709804340996704,19.99999999999874,19.000000000001016,0.0,0.5885041014766776,0.22546850165798762,0.019025000000001215,4.2800298289212915,20.397542162951638,28.279116279311296,0,0,0.0,0.3805000000000003,0.01600000000000001,0.5350471941096414,0.38693757190453754,0.0,0.0,0.0,0.0,0,0,0.0,153,23076,11.53800000000261,0,0,0.0
walk,0.4,0.0,FL_haa_joint,10.402639056384512,10.402639056384512,-10.402639056384512,1.4859999999998919,-0.07353180510592706,2.0768366446008892,4.155780359040948,4.155780359040948,4.212541581366335,4.212541581366335,19.99999999999874,19.000000000001016,0.0,0.5194725448801185,0.2889621960106809,0.1615500000000225,3.77798214458268,20.31776509165943,26.45074972886883,0,0,0.0,3.2310000000002463,0.10900000000000008,0.800117217938102,0.3188994368907734,0.0,0.0,0.0,0.0,0,0,0.0,302,15662,7.8309999999983795,0,0,0.0
walk,0.4,0.0,FL_hfe_joint,19.151022741483807,19.151022741483807,19.151022741483807,0.665999999999982,-4.422252289633326,14.17623398136639,5.117019637952518,5.117019637952518,5.139729728011525,5.139729728011525,19.99999999999874,19.000000000001016,8.611876338522121,0.6396274547440648,0.5319728539301057,0.15430000000001962,4.651836034502289,20.47329078432007,29.78000749941149,0,0,0.0,3.086000000000198,0.08950000000000007,11.800726740862014,2.4961578860342284,0.2725000000000002,0.019000000000000013,8.611876338522121,2.015455873436973,0,0,0.0,216,23951,11.975500000003144,0,0,0.0
walk,0.4,0.0,FL_kfe_joint,20.465102951312705,10.771106816480371,10.771106816480371,0.6309999999999859,-7.281022428173635,26.049830388891063,8.306009578293455,4.371583988575503,8.463896515724048,4.4546823766968675,19.99999999999874,19.000000000001016,0.0,0.5464479985719378,0.2991974115688992,0.010050000000000642,3.9741672623413655,20.355367443076805,27.13810075366632,0,0,0.0,0.20100000000000015,0.028500000000000022,17.571177612914642,4.79406263778423,0.0,0.0,0.0,0.0,0,0,0.0,200,21830,10.915000000001848,0,0,0.0
walk,0.4,0.0,FR_haa_joint,10.55990077066759,10.55990077066759,10.55990077066759,1.1459999999999293,0.0853003718884524,2.2066678575121252,4.140632059266037,4.140632059266037,4.086423392945919,4.086423392945919,19.99999999999874,19.000000000001016,0.0,0.5175790074082546,0.2933305769629886,0.12667500000000867,3.764210962969124,20.29934182180311,26.40380798232041,0,0,0.0,2.5335000000000134,0.11350000000000009,0.7545275448493595,0.3142786806256211,0.0,0.0,0.0,0.0,0,0,0.0,325,16854,8.426999999998808,0,0,0.0
walk,0.4,0.0,FR_hfe_joint,16.931813457612073,16.931813457612073,16.931813457612073,0.33350000000000024,-4.003038602471076,12.570936366522867,5.077543441248958,5.077543441248958,5.022460329005168,5.022460329005168,19.99999999999874,19.000000000001016,4.003038602471076,0.6346929301561197,0.47032815160033536,0.13950000000001375,4.615948582953598,20.45228159820035,29.629690207787014,0,0,0.0,2.790000000000099,0.07700000000000005,8.592328938001474,2.2973962162513275,0.2475000000000002,0.009000000000000005,4.003038602471076,1.7215204500004422,0,0,0.0,227,23299,11.649500000002746,0,0,0.0
walk,0.4,0.0,FR_kfe_joint,17.586793972934185,9.256207354175887,9.256207354175887,1.6234999999998767,0.017693869086613412,15.988757292369703,8.236366334197207,4.334929649577478,8.237343050076218,4.33544371056643,19.99999999999874,19.000000000001016,0.0,0.5418662061971847,0.25711687094933017,0.00830000000000053,3.940845135979525,20.336875688472627,27.018901181350326,0,0,0.0,0.16600000000000012,0.014000000000000009,6.691132748146759,1.80379421547749,0.0,0.0,0.0,0.0,0,0,0.0,195,21405,10.702500000001589,0,0,0.0
walk,0.4,0.0,RL_haa_joint,12.355820271714526,12.355820271714526,-12.355820271714526,1.0184999999999433,-0.25491705944965537,2.796561753505222,4.604120783169231,4.604120783169231,4.5756719879041166,4.5756719879041166,19.99999999999874,19.000000000001016,1.842263006755403,0.5755150978961538,0.3432172297698479,0.0715999999999994,4.185564348335664,20.375222964977304,27.917688961708762,0,0,0.0,1.4319999999998978,0.05350000000000004,2.138187303784438,0.8749863773277767,0.022500000000000017,0.01450000000000001,1.842263006755403,0.6528311710746714,0,0,0.0,355,25738,12.869000000004236,0,0,0.0
walk,0.4,0.0,RL_hfe_joint,23.589406926048415,23.589406926048415,23.589406926048415,2.1659999999998907,-3.0013242936474054,13.322749535910333,5.361677717674574,5.361677717674574,5.367705856874503,5.367705856874503,19.99999999999874,19.000000000001016,4.904255705928221,0.6702097147093218,0.6552613035013448,0.11230000000000295,4.874252470613249,20.516319270908035,30.73758047371291,0,0,0.0,2.2459999999999174,0.035500000000000025,9.646217260474023,4.548656972805403,0.3060000000000002,0.010500000000000006,4.904255705928221,1.782789983650785,0,0,0.0,284,27439,13.719500000005276,0,0,0.0
walk,0.4,0.0,RL_kfe_joint,19.38805171229665,10.204237743314028,10.204237743314028,0.7959999999999677,-0.08648198385172767,19.637000657681405,9.543316860016198,5.022798347376947,9.401636093731979,4.948229523016831,19.99999999999874,19.000000000001016,0.0,0.6278497934221183,0.28345104842538965,0.10647500000000064,4.566180315797224,20.43908939281471,29.42315870958725,0,0,0.0,2.1294999999998785,0.06100000000000005,11.288871458285113,1.8687357840320116,0.0,0.0,0.0,0.0,0,0,0.0,183,25543,12.771500000004117,0,0,0.0
walk,0.4,0.0,RR_haa_joint,12.292144018602803,12.292144018602803,12.292144018602803,1.3534999999999064,0.19789163839768326,2.4643304491346063,4.495982323641063,4.495982323641063,4.532734342110542,4.532734342110542,19.99999999999874,19.000000000001016,0.5564122795245412,0.5619977904551329,0.341448444961189,0.08074999999999898,4.087256657855511,20.368031438112954,27.550126194857903,0,0,0.0,1.6149999999998776,0.060000000000000046,1.976869940024689,0.8628435806805864,0.006000000000000002,0.005000000000000001,0.5564122795245412,0.4009331312270284,0,0,0.0,325,26890,13.44500000000494,0,0,0.0
walk,0.4,0.0,RR_hfe_joint,23.11597699744041,23.11597699744041,23.11597699744041,2.4985000000000017,-2.993140187357283,14.729659389121185,4.993785241230527,4.993785241230527,4.958109179791491,4.958109179791491,19.99999999999874,19.000000000001016,8.858218174090167,0.6242231551538159,0.6421104721511225,0.09094999999999849,4.539804764755024,20.440515302409473,29.31461144918067,0,0,0.0,1.8189999999998552,0.04100000000000003,11.642358832906604,5.054466202207848,0.32350000000000023,0.010500000000000006,8.858218174090167,1.9288773699986512,0,0,0.0,219,25331,12.665500000003988,0,0,0.0
walk,0.4,0.0,RR_kfe_joint,18.88478438471106,9.939360202479506,9.939360202479506,1.3534999999999064,0.06501169307260837,17.117081553971637,8.94810610074358,4.709529526707147,8.994061175778628,4.733716408304541,19.99999999999874,19.000000000001016,0.0,0.5886911908383934,0.27609333895776406,0.09897499999999812,4.281390478824679,20.401371809018375,28.28438108811951,0,0,0.0,1.9794999999998375,0.1340000000000001,8.084194287081248,1.7370263421426142,0.0,0.0,0.0,0.0,0,0,0.0,205,25194,12.597000000003904,0,0,0.0
walk,0.5,0.0,FL_haa_joint,11.575287527011536,11.575287527011536,11.575287527011536,2.3574999999999546,-0.4750701178922195,2.52157752455812,3.6588981965989817,3.6588981965989817,3.765152119873862,3.765152119873862,19.99999999999874,19.000000000001016,0.4750701178922195,0.4573622745748727,0.32153576463920935,0.07634999999999918,3.326271087817256,20.253613915615556,25.00041066207386,0,0,0.0,1.5269999999998873,0.10400000000000008,1.072165778232437,0.502495665502095,0.005000000000000001,0.005000000000000001,0.4750701178922195,0.40440157568934765,0,0,0.0,313,19127,9.563500000000197,0,0,0.0
walk,0.5,0.0,FL_hfe_joint,29.29789199166669,29.29789199166669,-29.29789199166669,0.5005000000000003,-5.9519554602752285,15.829166567913063,5.730920099442154,5.730920099442154,5.930012840946803,5.930012840946803,19.99999999999874,19.000000000001016,12.126579474742552,0.7163650124302693,0.8138303331018525,0.29832499999998946,5.209927363129231,20.628866311325314,32.26743392718893,2722,78,6.805,5.966499999999413,0.1410000000000001,14.675419050951625,4.196574791244343,0.18050000000000013,0.04450000000000003,12.126579474742552,5.413894416650154,0,0,0.0,360,30719,15.35950000000728,0,0,0.0
walk,0.5,0.0,FL_kfe_joint,28.773563966762186,15.143981035137994,-15.143981035137994,0.520999999999998,8.13409116498016,30.862359603414873,10.231849476523626,5.385183935012435,10.199028042366464,5.3679094959823495,19.99999999999874,19.000000000001016,8.13409116498016,0.6731479918765544,0.4206661398649443,0.11837500000000536,4.895621759102213,20.516439034921756,30.831936452883753,0,0,0.0,2.367499999999958,0.11050000000000008,16.577992738453226,3.4705554233440172,0.018500000000000013,0.009000000000000005,8.13409116498016,4.185122744705427,0,0,0.0,364,22002,11.001000000001953,0,0,0.0
walk,0.5,0.0,FR_haa_joint,11.624084793502005,11.624084793502005,-11.624084793502005,5.359999999999749,0.5658559711618923,2.476774552374778,3.7120670028812723,3.7120670028812723,3.6496415122669514,3.6496415122669514,19.99999999999874,19.000000000001016,0.5658559711618923,0.46400837536015904,0.3228912442639446,0.035125000000001114,3.3746063662557018,20.238733959342905,25.14679219507607,0,0,0.0,0.702499999999978,0.11000000000000008,1.050481866031005,0.4924917893208142,0.029000000000000022,0.006000000000000002,0.5658559711618923,0.43399619102411874,0,0,0.0,334,19205,9.602500000000244,0,0,0.0
walk,0.5,0.0,FR_hfe_joint,23.66232750819968,23.66232750819968,23.66232750819968,2.9985000000001687,-3.235619434431728,15.696915709691986,5.712500545437829,5.712500545437829,5.646088166683434,5.646088166683434,19.99999999999874,19.000000000001016,9.570319803556034,0.7140625681797286,0.657286875227769,0.2701750000000033,5.193182314034389,20.570886760195382,32.18870397402607,1913,49,4.7825,5.403499999999725,0.1370000000000001,13.335795029449715,4.466503394689559,0.34550000000000025,0.07150000000000005,9.570319803556034,3.5331209094028675,0,0,0.0,281,27892,13.946000000005553,0,0,0.0
walk,0.5,0.0,FR_kfe_joint,20.98305391836548,11.043712588613412,11.043712588613412,4.955999999999973,0.0601401438969697,20.969722663335652,9.780557843592822,5.1476620229435905,9.717229380230888,5.114331252753099,19.99999999999874,19.000000000001016,1.482179472346453,0.6434577528679488,0.3067697941281503,0.0439750000000007,4.679692748130536,20.468971317739765,29.89748996983046,0,0,0.0,0.8794999999999585,0.1315000000000001,13.785346062752955,5.384900670522357,0.003,0.0005,1.482179472346453,1.0508750691168491,0,0,0.0,177,21975,10.987500000001937,0,0,0.0
walk,0.5,0.0,RL_haa_joint,12.786965950620054,12.786965950620054,-12.786965950620054,1.6859999999998698,-0.20016313673189814,3.2354303941381413,4.312744851213818,4.312744851213818,4.256987889642314,4.256987889642314,19.99999999999874,19.000000000001016,1.900774248933843,0.5390931064017273,0.3551934986283348,0.04045000000000087,3.920677137467107,20.32449608539572,26.94724398028747,0,0,0.0,0.8089999999999663,0.046000000000000034,1.9026774815592182,1.044525589500868,0.11900000000000009,0.013500000000000009,1.900774248933843,1.4382310686676734,0,0,0.0,336,21605,10.80250000000171,0,0,0.0
walk,0.5,0.0,RL_hfe_joint,25.854811810680527,25.854811810680527,25.854811810680527,1.4984999999998905,-4.154888416239148,17.322779999876893,5.907441951237067,5.907441951237067,5.873180092067473,5.873180092067473,19.99999999999874,19.000000000001016,13.054352857725194,0.7384302439046334,0.7181892169633479,0.16745000000002486,5.370401773851879,20.61752864683486,33.03478721533069,263,41,0.6575,3.3490000000002857,0.1475000000000001,15.528577428746505,5.601939613686011,0.9279999999999532,0.04000000000000003,13.054352857725194,4.473329471355618,0,0,0.0,164,22759,11.379500000002416,0,0,0.0
walk,0.5,0.0,RL_kfe_joint,23.967280814223884,12.614358323275729,12.614358323275729,1.4609999999998946,-1.5675765660229701,26.613273940583735,9.767679767315208,5.140884088060636,9.632151738405081,5.069553546528991,19.99999999999874,19.000000000001016,11.125390916773584,0.6426105110075795,0.3503988423132147,0.12230000000000692,4.673530989146032,20.46107089336394,29.87144304714642,0,0,0.0,2.445999999999984,0.057500000000000044,18.072094357994683,4.722194925690047,0.07600000000000005,0.013500000000000009,11.125390916773584,3.2046731227477796,0,0,0.0,178,26122,13.061000000004471,0,0,0.0
walk,0.5,0.0,RR_haa_joint,13.003881128167938,13.003881128167938,13.003881128167938,3.3535000000002873,0.25891295501571676,2.5059465253537923,4.025887800063122,4.025887800063122,4.1017288549657716,4.1017288549657716,19.99999999999874,19.000000000001016,0.8881550103562328,0.5032359750078903,0.3612189202268872,0.07742499999999913,3.6598980000573835,20.301176317455194,26.053803980943925,0,0,0.0,1.548499999999885,0.06750000000000005,2.0511765874364265,0.9430006067292419,0.1335000000000001,0.01650000000000001,0.8881550103562328,0.502758196771773,0,0,0.0,347,22058,11.029000000001988,0,0,0.0
walk,0.5,0.0,RR_hfe_joint,27.205373103182925,27.205373103182925,27.205373103182925,2.4985000000000017,-3.69517594638592,17.136709557363265,5.55790446041349,5.55790446041349,5.515998056693731,5.515998056693731,19.99999999999874,19.000000000001016,12.554487467902632,0.6947380575516863,0.7557048084217479,0.14755000000001695,5.052640418557718,20.545338655411385,31.537910731297927,90,22,0.225,2.951000000000153,0.046000000000000034,15.276082181572974,6.009698857805572,0.7339999999999746,0.022000000000000016,12.554487467902632,4.5130436862682135,0,0,0.0,397,17039,8.51949999999892,0,0,0.0
walk,0.5,0.0,RR_kfe_joint,21.90490916179933,11.528899558841754,11.528899558841754,0.45850000000000035,-1.428950925869224,21.46702523395094,8.175283714934302,4.302780902597001,8.331322512640556,4.384906585600293,19.99999999999874,19.000000000001016,5.814845077492029,0.5378476128246251,0.3202472099678265,0.06282499999999981,3.9116190023609096,20.34430758303597,26.915179937112214,0,0,0.0,1.2564999999999171,0.1475000000000001,13.88859497080948,6.263305510861894,0.07350000000000005,0.002,5.814845077492029,2.345381814807789,0,0,0.0,226,26403,13.201500000004643,0,0,0.0
walk,0.75,0.0,FL_haa_joint,28.438046902834273,28.438046902834273,-28.438046902834273,2.6660000000000577,0.3647156043059086,6.805380809332427,5.770409502665204,5.770409502665204,5.735015551365612,5.735015551365612,19.99999999999874,19.000000000001016,5.7444123369316005,0.7213011878331504,0.789945747300952,0.1849750000000318,5.24582682060473,20.589949190273394,32.43707602741114,0,0,0.0,3.699500000000403,0.1475000000000001,6.429919683483648,1.4701797611816927,0.47350000000000037,0.011000000000000006,5.7444123369316005,2.669799439719265,0,0,0.0,407,23633,11.81650000000295,0,0,0.0
walk,0.75,0.0,FL_hfe_joint,29.51126918609785,29.51126918609785,-29.51126918609785,0.32350000000000023,-4.080773665105671,14.929918143582913,7.663145912313505,7.663145912313505,7.819102906611619,7.819102906611619,19.99999999999874,19.000000000001016,11.10155252597468,0.9578932390391881,0.8197574773916069,0.40964999999995194,6.9664962839213675,21.09465762849593,41.93406925067468,7280,76,18.2,8.192999999998522,0.23500000000000018,13.24598859557956,2.4362772372187154,0.2625000000000002,0.1305000000000001,11.10155252597468,3.9842192468758935,0,0,0.0,258,22669,11.334500000002361,0,0,0.0
walk,0.75,0.0,FL_kfe_joint,27.021667498952844,14.221930262606762,-14.221930262606762,1.185999999999925,9.867656222612093,30.647152116205767,6.683332350331838,3.517543342279915,6.89231043812659,3.627531809540311,19.99999999999874,19.000000000001016,9.867656222612093,0.43969291778498937,0.3950536184057434,0.03357500000000119,3.1977666747999223,20.235460036543515,24.621510405735027,0,0,0.0,0.6714999999999814,0.029000000000000022,20.19851438468804,10.966701005564051,0.010000000000000005,0.010000000000000005,9.867656222612093,5.6395593853260895,0,0,0.0,178,27961,13.980500000005595,0,0,0.0
walk,0.75,0.0,FR_haa_joint,29.799764998542422,29.799764998542422,29.799764998542422,12.998500000004395,-0.7102661891736494,6.700658257467951,5.6593271500937545,5.6593271500937545,5.6015072807454125,5.6015072807454125,19.99999999999874,19.000000000001016,5.731843593206365,0.7074158937617193,0.8277712499595117,0.15782500000002103,5.144842863721594,20.562890637226012,31.962848987354313,0,0,0.0,3.1565000000002215,0.09100000000000007,6.502331755101844,1.5613902599115808,0.5079999999999995,0.058000000000000045,5.731843593206365,2.4873079609196536,0,0,0.0,407,23751,11.875500000003022,0,0,0.0
walk,0.75,0.0,FR_hfe_joint,23.81271326163975,23.81271326163975,-23.81271326163975,0.5779999999999917,1.8718023436872915,15.301836139144427,7.665279081112429,7.665279081112429,7.804765844858987,7.804765844858987,19.99999999999874,19.000000000001016,8.916165119739173,0.9581598851390536,0.6614642572677708,0.39402499999994245,6.968435528284026,21.09081639359804,41.946282403071095,7266,65,18.165,7.880499999998352,0.36500000000000027,12.743979668414784,2.5530320401006876,0.2705000000000002,0.22250000000000017,8.916165119739173,1.9817679027169004,0,0,0.0,260,22752,11.376000000002412,0,0,0.0
walk,0.75,0.0,FR_kfe_joint,27.554775045244277,14.502513181707515,14.502513181707515,1.665999999999872,-12.599599447664414,30.429409318401603,6.691716613415298,3.521956112323841,6.837153350146042,3.598501763234759,19.99999999999874,19.000000000001016,25.42999547494781,0.44024451404048015,0.4028475883807643,0.03515000000000112,3.2017782839307647,20.23175842998728,24.633113079902714,0,0,0.0,0.702999999999978,0.05400000000000004,25.42999547494781,11.442883917815731,0.03400000000000002,0.01700000000000001,25.42999547494781,12.666645131295015,0,0,0.0,194,27400,13.700000000005252,0,0,0.0
walk,0.75,0.0,RL_haa_joint,19.160373022123444,19.160373022123444,-19.160373022123444,2.5185000000000084,0.11887692974465061,5.594517837013145,4.254046406828367,4.254046406828367,4.19670286619573,4.19670286619573,19.99999999999874,19.000000000001016,1.6987623472429645,0.5317558008535459,0.5322325839478734,0.07699999999999915,3.867314915298515,20.315800611632945,26.75942053741614,0,0,0.0,1.539999999999886,0.07300000000000005,2.429368693593207,1.0194583749563149,0.7929999999999681,0.036000000000000025,1.6987623472429645,0.7451877226148306,0,0,0.0,371,26466,13.233000000004681,0,0,0.0
walk,0.75,0.0,RL_hfe_joint,30.74797749493552,30.74797749493552,-30.74797749493552,0.5809999999999914,-4.771010988523867,18.231873019237888,6.6208725357958516,6.6208725357958516,6.693203112259786,6.693203112259786,19.99999999999874,19.000000000001016,16.341474162348245,0.8276090669744814,0.854110485970431,0.3820249999999483,6.018975032541682,20.802665260759785,36.373271916924665,4244,174,10.61,7.640499999998485,0.1475000000000001,17.19842265875833,3.139023146063945,0.19100000000000014,0.05400000000000004,16.341474162348245,7.7587373393393655,0,0,0.0,297,22055,11.027500000001986,0,0,0.0
walk,0.75,0.0,RL_kfe_joint,30.541426851427477,16.074435184961832,16.074435184961832,9.998500000000728,0.0371222972023097,30.42382745557044,9.468069898921936,4.9831946836431245,9.327649307525876,4.9092891092241455,19.99999999999874,19.000000000001016,24.84327969188914,0.6228993354553906,0.44651208847116197,0.04587500000000061,4.530176985130113,20.432185451561647,29.275145464328524,0,0,0.0,0.9174999999999544,0.02650000000000002,24.84327969188914,7.255468815946632,0.2705000000000002,0.017500000000000012,24.84327969188914,7.915111734678974,0,0,0.0,191,25633,12.816500000004172,0,0,0.0
walk,0.75,0.0,RR_haa_joint,18.20830987073703,18.20830987073703,18.20830987073703,4.856000000000028,0.07192201929224919,4.106615913858791,4.2701346348075235,4.2701346348075235,4.271056446887958,4.271056446887958,19.99999999999874,19.000000000001016,2.0555124214917337,0.5337668293509404,0.5057863852982508,0.080249999999999,3.8819405770977484,20.32702216854537,26.81064364200913,0,0,0.0,1.6049999999998787,0.07300000000000005,3.57153662532941,1.049686592158459,0.7469999999999731,0.04450000000000003,2.0555124214917337,0.8369141885807759,0,0,0.0,366,27200,13.60000000000513,0,0,0.0
walk,0.75,0.0,RR_hfe_joint,30.735084802147536,30.735084802147536,-30.735084802147536,0.32600000000000023,-4.70871571007355,19.492113567451227,6.646301095848544,6.646301095848544,6.778307763461925,6.778307763461925,19.99999999999874,19.000000000001016,17.592355263929853,0.830787636981068,0.8537523556152093,0.4004249999999401,6.042091905316857,20.822783621111768,36.49928197198795,4549,166,11.3725,8.008499999998296,0.17900000000000013,18.690947687043234,3.0718541095038865,0.20300000000000015,0.05050000000000004,17.592355263929853,7.165118927289301,0,0,0.0,324,21997,10.99850000000195,0,0,0.0
walk,0.75,0.0,RR_kfe_joint,35.34476301486902,18.60250684993106,-18.60250684993106,0.35350000000000026,30.936796670197015,32.54700018886105,9.216907362467202,4.851003874982738,9.403681908502573,4.949306267632934,19.99999999999874,19.000000000001016,30.936796670197015,0.6063754843728423,0.5167363013869739,0.055175000000000175,4.4100035227115795,20.43867092455181,28.78958283723498,0,0,0.0,1.103499999999934,0.16600000000000012,30.936796670197015,7.582079711627114,0.2865000000000002,0.02450000000000002,30.936796670197015,8.303844013800736,0,0,0.0,195,26922,13.46100000000496,0,0,0.0
walk,1.0,0.0,FL_haa_joint,21.81796496506389,21.81796496506389,-21.81796496506389,1.3334999999999086,-0.730681404690409,5.948218520965899,5.005755676756457,5.005755676756457,5.081595784984441,5.081595784984441,19.99999999999874,19.000000000001016,4.5566348726331345,0.6257194595945571,0.6060545823628858,0.07899999999999906,4.550686978869506,20.46234637080179,29.359320457203935,0,0,0.0,1.5799999999998815,0.10350000000000008,5.372026910227783,1.9908438985640158,0.3870000000000003,0.07450000000000005,4.5566348726331345,2.2275506724279928,0,0,0.0,515,29107,14.553500000006295,0,0,0.0
walk,1.0,0.0,FL_hfe_joint,27.95590068252689,27.95590068252689,-27.95590068252689,0.2435000000000002,-4.121642830877298,12.969681514582035,7.668871956789366,7.668871956789366,7.8466598864194195,7.8466598864194195,19.99999999999874,19.000000000001016,7.936223504795956,0.9586089945986708,0.7765527967368581,0.5249000000001001,6.9717017788994236,21.102254529136722,41.966860582362344,7425,76,18.5625,10.498000000001339,0.2845000000000002,10.526348487719053,1.8546374493748259,0.2940000000000002,0.09200000000000007,7.936223504795956,2.2928840292289188,0,0,0.0,247,16956,8.47799999999887,0,0,0.0
walk,1.0,0.0,FL_kfe_joint,21.288232744710943,11.204333023532076,-11.204333023532076,11.498500000002561,13.145968876805286,32.26534915141955,7.305980162201408,3.8452527169481097,7.489669882346562,3.9419315170245066,19.99999999999874,19.000000000001016,15.548111271824625,0.4806565896185137,0.311231472875891,0.06222499999999985,3.495684288134645,20.278166606389522,25.522742515892645,0,0,0.0,1.2444999999999184,0.1570000000000001,27.632645955449426,9.548663679217599,0.008000000000000004,0.002,15.548111271824625,14.052906204815432,0,0,0.0,189,29931,14.965500000006799,0,0,0.0
walk,1.0,0.0,FR_haa_joint,23.779497923725685,23.779497923725685,23.779497923725685,1.665999999999872,0.32484844042780714,6.809456224993224,5.0320034937845906,5.0320034937845906,4.976572532229239,4.976572532229239,19.99999999999874,19.000000000001016,4.711798079815889,0.6290004367230738,0.6605416089923801,0.07414999999999929,4.574548630713264,20.443933635533423,29.45772949423305,0,0,0.0,1.4829999999998922,0.05600000000000004,5.664422908265518,2.15621310682841,0.34750000000000025,0.019500000000000014,4.711798079815889,2.46167612222095,0,0,0.0,544,29324,14.662000000006428,0,0,0.0
walk,1.0,0.0,FR_hfe_joint,31.626219235160644,31.626219235160644,31.626219235160644,0.33350000000000024,-3.1609453059266763,16.710985867306658,7.67991397476474,7.67991397476474,7.810373289073855,7.810373289073855,19.99999999999874,19.000000000001016,12.917703731495278,0.9599892468455925,0.8785060898655734,0.5134000000000852,6.981739977058854,21.092392881606443,42.030164049826965,7395,70,18.4875,10.268000000001058,0.2665000000000002,15.010098292263546,1.971775632701135,0.2885000000000002,0.18850000000000014,12.917703731495278,3.511355137976054,0,0,0.0,280,17071,8.53549999999894,0,0,0.0
walk,1.0,0.0,FR_kfe_joint,22.238290478609123,11.704363409794276,11.704363409794276,0.2960000000000002,-5.256260824529351,31.263647211278677,7.337873332940962,3.8620385962847172,7.47335210327135,3.933343212248079,19.99999999999874,19.000000000001016,15.977472384189683,0.48275482453558966,0.3251212058276188,0.0633499999999998,3.510944178440652,20.277047617554686,25.571065182453882,0,0,0.0,1.266999999999916,0.04200000000000003,26.331183309293394,9.903157609214391,0.021000000000000015,0.009500000000000005,15.977472384189683,9.145794226839515,0,0,0.0,199,29963,14.981500000006818,0,0,0.0
walk,1.0,0.0,RL_haa_joint,23.848446682193707,23.848446682193707,-23.848446682193707,1.185999999999925,1.0165215707559403,6.639354043154799,3.774336922663154,3.774336922663154,3.796301648181641,3.796301648181641,19.99999999999874,19.000000000001016,4.950819461365159,0.4717921153328942,0.6624568522831585,0.09214999999999844,3.4312153842392306,20.257773507453262,25.320915371943414,0,0,0.0,1.8429999999998525,0.1385000000000001,5.8348350438433245,0.916189171942433,0.3035000000000002,0.05550000000000004,4.950819461365159,0.9953650096318093,0,0,0.0,374,23282,11.641000000002736,0,0,0.0
walk,1.0,0.0,RL_hfe_joint,27.754731415879164,27.754731415879164,-27.754731415879164,0.47850000000000037,-4.485804183583136,13.968883502373803,6.821775797683681,6.821775797683681,6.993907785291236,6.993907785291236,19.99999999999874,19.000000000001016,11.764644293999329,0.8527219747104601,0.770964761552199,0.42709999999997433,6.201614361530618,20.875734197997723,37.3820063504581,4798,180,11.995000000000001,8.541999999998948,0.19550000000000015,12.435643635048585,3.209191971509484,0.22650000000000017,0.1490000000000001,11.764644293999329,2.7330268982312833,0,0,0.0,263,19410,9.70500000000037,0,0,0.0
walk,1.0,0.0,RL_kfe_joint,31.99605609055008,16.84002952134215,16.84002952134215,13.333500000004804,-0.23016089726265693,30.179751165524955,11.285181614142752,5.9395692706014485,11.081973194648782,5.83261747086778,19.99999999999874,19.000000000001016,13.114202730253355,0.7424461588251811,0.4677785978150597,0.1172000000000049,5.399608427819498,20.610186414962893,33.176950781989575,84,15,0.21,2.34399999999995,0.05400000000000004,16.597841980893726,6.636147756551876,0.36500000000000027,0.009000000000000005,13.114202730253355,6.037185242630493,0,0,0.0,194,21077,10.538500000001388,0,0,0.0
walk,1.0,0.0,RR_haa_joint,19.470186923063288,19.470186923063288,19.470186923063288,1.5184999999998883,-0.3783967004343128,4.636304248797061,3.6714573322287603,3.6714573322287603,3.6609466627344514,3.6609466627344514,19.99999999999874,19.000000000001016,2.519480738305629,0.45893216652859503,0.5408385256406469,0.080449999999999,3.3376884838443273,20.240048025409692,25.034797307443785,0,0,0.0,1.6089999999998783,0.06600000000000004,3.556108335120718,0.9262303479549058,0.2825000000000002,0.05600000000000004,2.519480738305629,0.7520624745895811,0,0,0.0,381,22977,11.48850000000255,0,0,0.0
walk,1.0,0.0,RR_hfe_joint,28.56212592484323,28.56212592484323,28.56212592484323,0.35350000000000026,2.093911240012167,19.022589956255256,6.779808986870789,6.779808986870789,6.92192368755703,6.92192368755703,19.99999999999874,19.000000000001016,17.4274111094452,0.8474761233588486,0.7933923868012008,0.41292499999995613,6.16346271533708,20.857899119939393,37.16879982116218,4661,185,11.6525,8.258499999998602,0.1475000000000001,18.1411312530883,3.5493552335430225,0.19750000000000015,0.05350000000000004,17.4274111094452,7.843015800978122,0,0,0.0,276,19678,9.839000000000533,0,0,0.0
walk,1.0,0.0,RR_kfe_joint,31.913433469822404,16.796543931485477,16.796543931485477,4.333500000000318,0.004504956384812318,34.113654673057376,11.184993777864733,5.8868388304551225,11.2638040173305,5.928317903858158,19.99999999999874,19.000000000001016,18.88258606050007,0.7358548538068903,0.46657066476348547,0.12772500000000908,5.3516716640501105,20.629501531224072,32.9440240796282,559,52,1.3975,2.5545000000000204,0.22700000000000017,26.22025128461949,6.8335009703197285,0.4010000000000003,0.17050000000000012,18.88258606050007,6.203074077131065,0,0,0.0,194,21248,10.624000000001493,0,0,0.0
walk,1.5,0.0,FL_haa_joint,28.301470694877413,28.301470694877413,-28.301470694877413,1.3334999999999086,5.972707752533167,8.75810385561695,5.365053109755533,5.365053109755533,5.356276702364541,5.356276702364541,19.99999999999874,19.000000000001016,5.972707752533167,0.6706316387194416,0.7861519637465948,0.18835000000003316,4.877321008868666,20.513153564469096,30.751104208034175,1177,229,2.9425,3.7670000000004253,0.09500000000000007,5.972707752533167,2.1762405039611568,1.0329999999999417,0.030500000000000024,5.972707752533167,1.9673497086288871,0,0,0.0,384,17680,8.839999999999312,0,0,0.0
walk,1.5,0.0,FL_hfe_joint,25.328271003921557,25.328271003921557,-25.328271003921557,0.2955000000000002,1.893154458083793,18.27352323142373,6.8952580360683235,6.8952580360683235,7.068134389923565,7.068134389923565,19.99999999999874,19.000000000001016,12.089253995621073,0.8619072545085404,0.7035630834422655,0.3340499999999719,6.268416396425748,20.89434128410788,37.75849128957263,6606,141,16.515,6.680999999999017,0.11000000000000008,18.126507557281943,7.726666854552524,0.23950000000000018,0.08750000000000006,12.089253995621073,3.69913605193279,0,0,0.0,222,22566,11.283000000002298,0,0,0.0
walk,1.5,0.0,FL_kfe_joint,37.38814840563591,19.677972845071533,19.677972845071533,2.3334999999999466,-5.9673902189983385,33.15961512429019,10.259744348074088,5.3998654463547835,10.370343838233401,5.458075704333369,19.99999999999874,19.000000000001016,22.828860375949922,0.6749831807943479,0.5466103568075426,0.14675000000001662,4.908968587595258,20.532490951034017,30.891078713856935,1243,183,3.1075,2.9350000000001475,0.1540000000000001,27.717312746203262,6.434767918419108,0.35150000000000026,0.1420000000000001,22.828860375949922,7.519414018453035,0,0,0.0,340,23561,11.780500000002906,0,0,0.0
walk,1.5,0.0,FR_haa_joint,23.943093058131655,23.943093058131655,-23.943093058131655,0.5469999999999952,0.9369454169144812,9.454989594566861,5.205988683693283,5.205988683693283,5.460929167427598,5.460929167427598,19.99999999999874,19.000000000001016,6.380215082937921,0.6507485854616604,0.6650859182814348,0.19947500000003757,4.732716985175712,20.532970820940566,30.123051817417256,1353,252,3.3825000000000003,3.9895000000004996,0.17100000000000012,8.25554377769397,2.2578502738304085,0.9964999999999457,0.12750000000000009,6.380215082937921,2.1273763510010966,0,0,0.0,393,17641,8.820499999999289,0,0,0.0
walk,1.5,0.0,FR_hfe_joint,31.621711374527607,31.621711374527607,31.621711374527607,0.18600000000000014,-14.132970711799569,18.234630627948995,6.838739727604327,6.838739727604327,7.013503557697482,7.013503557697482,19.99999999999874,19.000000000001016,16.108280676377994,0.8548424659505409,0.8783808715146557,0.33519999999997135,6.217036116003934,20.880691721456515,37.46856262969578,6670,137,16.675,6.703999999999004,0.1470000000000001,17.20664516213534,7.800494478315188,0.18350000000000014,0.05250000000000004,16.108280676377994,7.850948748190818,0,0,0.0,213,22746,11.373000000002408,0,0,0.0
walk,1.5,0.0,FR_kfe_joint,36.27099054477642,19.089995023566537,19.089995023566537,1.4334999999998976,-4.773270968632515,29.991740675420843,10.057478871690936,5.293409932468914,10.248718745563906,5.394062497665214,19.99999999999874,19.000000000001016,29.579415558253356,0.6616762415586143,0.5302776395435149,0.15107500000001833,4.8121908476990125,20.520267042000235,30.46588784207679,1264,189,3.16,3.0215000000001764,0.11650000000000009,29.579415558253356,6.575945059205281,0.3175000000000002,0.08400000000000006,29.579415558253356,8.899195830142265,0,0,0.0,346,23597,11.798500000002928,0,0,0.0
walk,1.5,0.0,RL_haa_joint,33.407617250930016,33.407617250930016,33.407617250930016,0.4985000000000004,-0.4834961822660948,8.858663617240015,5.5384943119864465,5.5384943119864465,5.531922005445092,5.531922005445092,19.99999999999874,19.000000000001016,7.422346396063821,0.6923117889983058,0.9279893680813893,0.2163750000000297,5.034994829078587,20.547974517920817,31.4574626051929,1644,230,4.11,4.327500000000321,0.03200000000000002,7.9400749971890034,2.5510042574421914,0.3905000000000003,0.02450000000000002,7.422346396063821,2.4173823884870465,0,0,0.0,374,16572,8.285999999998635,0,0,0.0
walk,1.5,0.0,RL_hfe_joint,34.636432609126615,34.636432609126615,34.636432609126615,0.16600000000000012,-5.487882361275384,17.303398157114977,6.890558817106938,6.890558817106938,6.990468322364666,6.990468322364666,19.99999999999874,19.000000000001016,13.931329327849877,0.8613198521383673,0.9621231280312948,0.33759999999997015,6.264144379188125,20.87496982256194,37.73429419585784,6937,134,17.3425,6.7519999999989775,0.07900000000000006,16.560321019755154,8.246119388350808,0.17450000000000013,0.06650000000000005,13.931329327849877,7.414369641658347,0,0,0.0,189,23054,11.527000000002596,0,0,0.0
walk,1.5,0.0,RL_kfe_joint,39.681145642410485,20.88481349600552,20.88481349600552,5.2634999999998024,-4.329452021364168,32.56825368794624,11.818873733025706,6.220459859487214,11.756867223820452,6.1878248546423436,19.99999999999874,19.000000000001016,28.201613570461962,0.7775574824359017,0.5801337082223755,0.1792000000000295,5.654963508624739,20.686719795874037,34.4527338216984,1288,170,3.22,3.5840000000003642,0.04200000000000003,28.431477690273248,8.566129543097158,0.3075000000000002,0.019000000000000013,28.201613570461962,8.724752515755199,0,0,0.0,336,21802,10.901000000001831,0,0,0.0
walk,1.5,0.0,RR_haa_joint,31.912955547369677,31.912955547369677,31.912955547369677,1.165999999999927,-0.7139275918240949,11.629042777090435,5.612202237099323,5.612202237099323,5.586354461266173,5.586354461266173,19.99999999999874,19.000000000001016,10.951013176269095,0.7015252796374154,0.8864709874269354,0.22705000000002445,5.102002033726657,20.558478322659443,31.764450466734623,1804,247,4.51,4.541000000000203,0.04350000000000003,11.406658687375003,2.6009797298021406,0.32850000000000024,0.02500000000000002,10.951013176269095,3.2661508601753324,0,0,0.0,368,16360,8.179999999998506,0,0,0.0
walk,1.5,0.0,RR_hfe_joint,26.23549460934601,26.23549460934601,-26.23549460934601,0.16100000000000012,-3.8908407997114143,17.907679580333888,6.879045641026701,6.879045641026701,7.00321634580809,7.00321634580809,19.99999999999874,19.000000000001016,17.52076518664564,0.8598807051283376,0.7287637391485002,0.34267499999996764,6.253677855478818,20.87800635459123,37.67508057315197,6855,149,17.1375,6.853499999998921,0.10750000000000008,17.907679580333888,7.976112451039383,0.20300000000000015,0.06100000000000005,17.52076518664564,6.894834115885994,0,0,0.0,201,23537,11.768500000002891,0,0,0.0
walk,1.5,0.0,RR_kfe_joint,36.16551091635755,19.034479429661868,19.034479429661868,0.11600000000000009,8.805783732137021,34.03780195108247,11.781742076286426,6.2009168822560135,11.873726700370344,6.249329842300182,19.99999999999874,19.000000000001016,28.151441190783505,0.7751146102820017,0.5287355397128297,0.18562500000003207,5.637197165687285,20.699774771441152,34.36206343235017,1596,209,3.99,3.712500000000407,0.1550000000000001,28.151441190783505,8.068177830805613,0.3015000000000002,0.1365000000000001,28.151441190783505,7.729049213926758,0,0,0.0,331,22508,11.254000000002263,0,0,0.0
walk,2.0,0.0,FL_haa_joint,28.81919920582975,28.81919920582975,-28.81919920582975,1.5559999999998841,2.860145970685325,7.723799563385891,5.633909931707626,5.633909931707626,5.631306419611811,5.631306419611811,19.99999999999874,19.000000000001016,5.792162261086305,0.7042387414634532,0.8005333112730486,0.23435000000002087,5.121736301552387,20.567635108374848,31.855634990535933,1605,242,4.0125,4.687000000000122,0.08000000000000006,5.792162261086305,2.085315279059271,0.5994999999999894,0.034500000000000024,5.792162261086305,2.1149601468153563,0,0,0.0,386,16970,8.484999999998879,0,0,0.0
walk,2.0,0.0,FL_hfe_joint,25.318624504989337,25.318624504989337,25.318624504989337,0.02750000000000002,1.2225706396082356,19.124041985163363,6.843766322913968,6.843766322913968,7.022242514352517,7.022242514352517,19.99999999999874,19.000000000001016,10.234383387729316,0.855470790364246,0.7032951251385927,0.3270999999999753,6.221605748103607,20.882707416840447,37.49425147544156,6588,168,16.47,6.541999999999094,0.09350000000000007,19.124041985163363,7.725985774547862,0.21700000000000016,0.07250000000000005,10.234383387729316,3.273001962304631,0,0,0.0,263,22768,11.384000000002422,0,0,0.0
walk,2.0,0.0,FL_kfe_joint,32.2155738195517,16.955565168185107,16.955565168185107,0.07850000000000006,9.187227085345304,32.71440380061796,11.383824666925813,5.99148666680306,11.508394246088676,6.057049603204566,19.99999999999874,19.000000000001016,21.068280457652158,0.7489358333503825,0.47098792133847517,0.2107000000000325,5.446806060730054,20.656908408295287,33.408315326155794,2089,278,5.2225,4.214000000000384,0.11700000000000009,25.946464668445223,5.932199061327017,0.25400000000000017,0.10400000000000008,21.068280457652158,8.09357149703409,0,0,0.0,387,23730,11.86500000000301,0,0,0.0
walk,2.0,0.0,FR_haa_joint,35.522416973650685,35.522416973650685,35.522416973650685,0.35350000000000026,0.6168193238684501,8.998230015225479,5.519864214227429,5.519864214227429,5.7765053423429915,5.7765053423429915,19.99999999999874,19.000000000001016,7.350187404490671,0.6899830267784286,0.9867338048236302,0.27007500000000334,5.018058376570389,20.596757432088257,31.380512216048515,2245,271,5.6125,5.401499999999726,0.32250000000000023,8.0418836613601,2.0678928091633213,0.3025000000000002,0.18750000000000014,7.350187404490671,2.1788028068226293,1,1,0.0005,406,17617,8.808499999999274,0,0,0.0
walk,2.0,0.0,FR_hfe_joint,27.146406272429285,27.146406272429285,-27.146406272429285,0.11850000000000009,-8.020616099801076,20.14955439719689,6.871284581565263,6.871284581565263,7.018072889843042,7.018072889843042,19.99999999999874,19.000000000001016,17.76502427729878,0.8589105726956578,0.7540668409008134,0.3234499999999771,6.246622346877511,20.881826853543778,37.63522040198107,6548,180,16.37,6.468999999999134,0.1365000000000001,19.248032842992043,7.683608599383487,0.22150000000000017,0.048000000000000036,17.76502427729878,7.544502685157699,0,0,0.0,276,22975,11.487500000002548,0,0,0.0
walk,2.0,0.0,FR_kfe_joint,49.106098076798425,25.84531477726233,25.84531477726233,0.45600000000000035,-1.5046428142168478,32.08233866556926,11.281747117745573,5.937761640918723,11.365468969396842,5.981825773366759,19.99999999999874,19.000000000001016,25.475831272307065,0.7422202051148403,0.7179254104795092,0.20627500000003465,5.397965128107929,20.6408028181365,33.16893153959349,2051,274,5.1275,4.125500000000433,0.057500000000000044,26.692246963676464,6.187358087906335,0.22650000000000017,0.05100000000000004,25.475831272307065,8.485929037095861,0,0,0.0,383,24103,12.051500000003237,0,0,0.0
walk,2.0,0.0,RL_haa_joint,30.81280374283307,30.81280374283307,30.81280374283307,1.5559999999998841,-1.9395084698671687,11.409038882992558,5.682480059202461,5.682480059202461,5.593447350941045,5.593447350941045,19.99999999999874,19.000000000001016,9.665172004190795,0.7103100074003076,0.8559112150786964,0.22790000000002406,5.165890962911328,20.56072155743826,32.06093178571936,1733,235,4.3325000000000005,4.5580000000001935,0.047000000000000035,10.3521694595996,2.678420053370605,0.43250000000000033,0.01700000000000001,9.665172004190795,3.1202429582193605,0,0,0.0,386,17774,8.88699999999937,0,0,0.0
walk,2.0,0.0,RL_hfe_joint,28.481467815769122,28.481467815769122,28.481467815769122,0.16600000000000012,-1.1658607620453398,20.027147470753953,7.0138409949102725,7.0138409949102725,7.14230075599224,7.14230075599224,19.99999999999874,19.000000000001016,13.918651642918686,0.8767301243637841,0.7911518837713645,0.35189999999996313,6.376219086282066,20.91332728053749,38.37455595750119,6632,146,16.580000000000002,7.037999999998819,0.08350000000000006,20.027147470753953,7.327328471864495,0.17300000000000013,0.059000000000000045,13.918651642918686,5.62744960060766,0,0,0.0,255,21833,10.91650000000185,0,0,0.0
walk,2.0,0.0,RL_kfe_joint,40.10837552946384,21.10967133129676,21.10967133129676,1.3334999999999086,-1.5817158836479015,34.28373308672495,10.889483151453838,5.73130692181781,10.872911530090601,5.722585015837159,19.99999999999874,19.000000000001016,25.19176288090277,0.7164133652272262,0.5863797592026878,0.1782000000000291,5.210279019834372,20.586621028614925,32.269090023592625,1367,207,3.4175,3.5640000000003575,0.04950000000000004,25.19176288090277,6.0509791400443715,0.34750000000000025,0.02700000000000002,25.19176288090277,7.680174815178064,0,0,0.0,370,23182,11.591000000002674,0,0,0.0
walk,2.0,0.0,RR_haa_joint,35.69923702876554,35.69923702876554,35.69923702876554,0.4985000000000004,-3.3222612851591733,13.103364195488089,5.741326317369364,5.741326317369364,5.749030112989143,5.749030112989143,19.99999999999874,19.000000000001016,12.650518977263152,0.7176657896711705,0.9916454730212649,0.24770000000001433,5.219387561244876,20.591716256943368,32.312024844218215,1971,265,4.9275,4.953999999999974,0.047000000000000035,13.034190184684995,2.7453592638868116,0.3025000000000002,0.04050000000000003,12.650518977263152,4.10306773908852,0,0,0.0,388,17706,8.852999999999328,0,0,0.0
walk,2.0,0.0,RR_hfe_joint,27.615637539266345,27.615637539266345,27.615637539266345,0.001,2.4780177909633496e-16,19.7330325617569,6.977146010319322,6.977146010319322,7.159201997901899,7.159201997901899,19.99999999999874,19.000000000001016,18.90914382700931,0.8721432512899152,0.7671010427573984,0.3553749999999614,6.342860009381201,20.917386220224056,38.182795046915565,6587,170,16.4675,7.1074999999987805,0.1510000000000001,19.7330325617569,6.980967532472949,0.20600000000000016,0.07500000000000005,18.90914382700931,5.770330906260595,0,0,0.0,275,22186,11.093000000002066,0,0,0.0
walk,2.0,0.0,RR_kfe_joint,44.06446690189741,23.191824685209166,23.191824685209166,0.07350000000000005,4.969701543269765,33.70225775411583,10.812165958396152,5.690613662313765,10.949937899446509,5.763125210235005,19.99999999999874,19.000000000001016,26.08020644711293,0.7113267077892206,0.6442173523669212,0.17902500000002944,5.1732851475579675,20.59458738152351,32.09548326254973,1552,228,3.88,3.580500000000363,0.12550000000000008,26.08020644711293,5.597237448886498,0.2660000000000002,0.10650000000000008,26.08020644711293,8.415528759071876,0,0,0.0,368,23191,11.59550000000268,0,0,0.0
trot,0.4,0.0,FL_haa_joint,8.445628778152903,8.445628778152903,-8.445628778152903,0.11750000000000009,0.10794321946383112,1.4782041220875661,4.008810528155352,4.008810528155352,4.04078031206025,4.04078031206025,19.99999999999874,19.000000000001016,0.0,0.501101316019419,0.2346007993931362,0.0034750000000002214,3.644373207413956,20.29246047889579,26.002554073058597,0,0,0.0,0.06950000000000005,0.06950000000000005,0.1943615607224981,0.12383898322489566,0.0,0.0,0.0,0.0,0,0,0.0,140,22422,11.21100000000221,0,0,0.0
trot,0.4,0.0,FL_hfe_joint,9.304252134207992,9.304252134207992,9.304252134207992,0.45350000000000035,-1.1983435558742122,5.133053136776663,2.776336715858815,2.776336715858815,2.8265539963230766,2.8265539963230766,19.99999999999874,19.000000000001016,0.0,0.3470420894823519,0.25845144817244425,0.007550000000000482,2.523942468962559,20.143051924342167,22.879050570878704,0,0,0.0,0.1510000000000001,0.004,1.1983435558742122,0.6125771373830473,0.0,0.0,0.0,0.0,0,0,0.0,339,22596,11.298000000002316,0,0,0.0
trot,0.4,0.0,FL_kfe_joint,20.42737685769667,10.75125097773509,10.75125097773509,0.01550000000000001,0.25921048889263826,10.832067126374882,7.91914295759255,4.16796997768029,7.958608784293465,4.188741465417613,19.99999999999874,19.000000000001016,0.0,0.5209962472100362,0.2986458604926414,0.0016250000000001036,3.7890636160729905,20.31431563912778,26.488647545010622,0,0,0.0,0.03250000000000002,0.03250000000000002,5.172808584485752,1.9589988261843367,0.0,0.0,0.0,0.0,0,0,0.0,176,20531,10.265500000001055,0,0,0.0
trot,0.4,0.0,FR_haa_joint,7.337405384642346,7.337405384642346,7.337405384642346,19.773499999999267,-0.2579974276312762,1.3554046174680132,3.8922588239870755,3.8922588239870755,3.8596404865621943,3.8596404865621943,19.99999999999874,19.000000000001016,0.0,0.48653235299838443,0.20381681624006517,0.0,3.538417112715523,20.267125221452932,25.658592820145063,0,0,0.0,0.0,0.0,0.0,0.0,0.0,0.0,0.0,0.0,0,0,0.0,165,22991,11.495500000002558,0,0,0.0
trot,0.4,0.0,FR_hfe_joint,9.366075015812616,9.366075015812616,9.366075015812616,2.5010000000000026,-0.920339275170225,4.659610369370551,2.8056766309762406,2.8056766309762406,2.788279692191699,2.788279692191699,19.99999999999874,19.000000000001016,0.0,0.3507095788720301,0.2601687504392393,0.007550000000000482,2.5506151190693096,20.139379596941534,22.940222861628197,0,0,0.0,0.1510000000000001,0.004,1.0252075081723788,0.6105813437228289,0.0,0.0,0.0,0.0,0,0,0.0,322,22519,11.25950000000227,0,0,0.0
trot,0.4,0.0,FR_kfe_joint,12.286155982028761,6.466397885278296,6.466397885278296,9.45950000000007,-0.5495516975418135,11.037034837518664,7.914191356242334,4.165363871706492,7.891912957916302,4.153638398903317,19.99999999999874,19.000000000001016,0.0,0.5206704839633115,0.17962216347995266,0.0,3.786694428824083,20.309285656750347,26.48053577043902,0,0,0.0,0.0,0.0,0.0,0.0,0.0,0.0,0.0,0.0,0,0,0.0,178,20341,10.170500000000938,0,0,0.0
trot,0.4,0.0,RL_haa_joint,7.926159077854911,7.926159077854911,-7.926159077854911,2.9535000000001537,-0.008472620027425104,1.6647130025249146,3.2829900283082107,3.2829900283082107,3.257816129685805,3.257816129685805,19.99999999999874,19.000000000001016,0.0,0.41037375353852634,0.22017108549596975,0.0,2.9845363893711006,20.190313555252565,24.025725398812117,0,0,0.0,0.0,0.0,0.0,0.0,0.0,0.0,0.0,0.0,0,0,0.0,128,20891,10.445500000001275,0,0,0.0
trot,0.4,0.0,RL_hfe_joint,10.820859957727333,10.820859957727333,10.820859957727333,0.6809999999999804,-1.225119129038881,4.6492842465050055,3.123276131693373,3.123276131693373,3.1043546051118236,3.1043546051118236,19.99999999999874,19.000000000001016,0.0,0.3904095164616716,0.3005794432702037,0.02257500000000144,2.839341937903066,20.172751823379386,23.643558820299468,0,0,0.0,0.45150000000000035,0.012000000000000007,1.225119129038881,0.28385541228156563,0.0,0.0,0.0,0.0,0,0,0.0,322,24885,12.442500000003715,0,0,0.0
trot,0.4,0.0,RL_kfe_joint,16.152207637899917,8.501161914684166,8.501161914684166,0.22600000000000017,3.224425767133615,11.925707422876497,8.989489640764956,4.7313103372447145,8.96135327395711,4.7165017231353215,19.99999999999874,19.000000000001016,0.0,0.5914137921555893,0.23614338651900463,0.0001250000000000079,4.3011912156770125,20.398769806838462,28.36118612267164,0,0,0.0,0.0025,0.0025,3.4822941986568137,3.3595933429918556,0.0,0.0,0.0,0.0,0,0,0.0,176,22268,11.134000000002116,0,0,0.0
trot,0.4,0.0,RR_haa_joint,9.574291594022116,9.574291594022116,9.574291594022116,0.001,8.526512829121202e-17,1.6425422436458077,3.2816509860769694,3.2816509860769694,3.3023537960240197,3.3023537960240197,19.99999999999874,19.000000000001016,0.0,0.41020637325962117,0.2659525442783921,0.0004000000000000254,2.98331907825179,20.195354176341212,24.02244210100669,0,0,0.0,0.008000000000000004,0.0025,0.5806495654577972,0.21742198092590445,0.0,0.0,0.0,0.0,0,0,0.0,124,21277,10.63850000000151,0,0,0.0
trot,0.4,0.0,RR_hfe_joint,10.83340752201789,10.83340752201789,10.83340752201789,1.8184999999998552,-1.0916348810330778,5.327386650757284,3.030407907692051,3.030407907692051,3.0680808588001978,3.0680808588001978,19.99999999999874,19.000000000001016,0.0,0.3788009884615064,0.30092798672271914,0.022225000000001417,2.7549162797200464,20.168591066586057,23.430103317951065,0,0,0.0,0.44450000000000034,0.01650000000000001,1.4385190162836128,0.37191123680655325,0.0,0.0,0.0,0.0,0,0,0.0,329,24401,12.20050000000342,0,0,0.0
trot,0.4,0.0,RR_kfe_joint,22.38322090200884,11.780642580004654,11.780642580004654,0.01550000000000001,0.6500684777879624,12.171340860554436,8.803735494498719,4.633544997104589,8.89231549560134,4.680166050316495,19.99999999999874,19.000000000001016,2.823684219413973,0.5791931246380736,0.327240071666796,0.004775000000000305,4.212313633731444,20.392304593228847,28.019213760004305,0,0,0.0,0.09550000000000007,0.09550000000000007,5.293250976730612,1.4059867225382636,0.011000000000000006,0.009500000000000005,2.823684219413973,1.2436715179302031,0,0,0.0,175,21859,10.929500000001866,0,0,0.0
trot,0.5,0.0,FL_haa_joint,8.671350266547746,8.671350266547746,-8.671350266547746,0.11300000000000009,0.14821332284894426,1.6278580693889249,3.9156901068485617,3.9156901068485617,3.95442377160815,3.95442377160815,19.99999999999874,19.000000000001016,0.0,0.4894612633560702,0.2408708407374374,0.0039000000000002488,3.5597182789532376,20.280088740859547,25.72692701022096,0,0,0.0,0.07800000000000006,0.07800000000000006,0.24752106045255684,0.16616894009632627,0.0,0.0,0.0,0.0,0,0,0.0,146,21874,10.937000000001875,0,0,0.0
trot,0.5,0.0,FL_hfe_joint,11.218085693613995,11.218085693613995,11.218085693613995,0.45350000000000035,-1.2497877764072676,6.150382991907197,3.2376038545788015,3.2376038545788015,3.299933534300867,3.299933534300867,19.99999999999874,19.000000000001016,1.2497877764072676,0.4047004818223502,0.31161349148927764,0.017200000000001096,2.943276231435274,20.194977071390202,23.91518634473966,0,0,0.0,0.34400000000000025,0.06400000000000004,1.2497877764072676,0.5092370555742918,0.002,0.0005,1.2497877764072676,1.0601795065862678,0,0,0.0,313,22069,11.034500000001994,0,0,0.0
trot,0.5,0.0,FL_kfe_joint,20.832172092154856,10.964301101134135,10.964301101134135,0.01550000000000001,0.23936321811367245,12.395890914525985,8.035758053197029,4.22934634378791,8.08598935299999,4.255783869999995,19.99999999999874,19.000000000001016,0.0,0.5286682929734887,0.3045639194759482,0.001775000000000113,3.844860312534463,20.324443331394484,26.681154624410834,0,0,0.0,0.035500000000000025,0.035500000000000025,5.205927375610945,1.9485769563617388,0.0,0.0,0.0,0.0,0,0,0.0,177,20482,10.241000000001025,0,0,0.0
trot,0.5,0.0,FR_haa_joint,7.317163781605003,7.317163781605003,7.317163781605003,2.5010000000000026,-0.3596702147930742,1.4171107065486344,3.8084818765033432,3.8084818765033432,3.7744731143304535,3.7744731143304535,19.99999999999874,19.000000000001016,0.0,0.4760602345629179,0.20325454948902785,0.0,3.4622562513666755,20.25547806523066,25.41762333334018,0,0,0.0,0.0,0.0,0.0,0.0,0.0,0.0,0.0,0.0,0,0,0.0,169,22480,11.240000000002246,0,0,0.0
trot,0.5,0.0,FR_hfe_joint,11.45066933122358,11.45066933122358,11.45066933122358,1.1359999999999304,-0.9927631812410298,5.625304740715906,3.2632323267923176,3.2632323267923176,3.2504128767363962,3.2504128767363962,19.99999999999874,19.000000000001016,1.0319149932650562,0.4079040408490397,0.3180741480895439,0.014200000000000905,2.96657484253847,20.189387120534015,23.977415937649912,0,0,0.0,0.2840000000000002,0.007000000000000003,2.3141047254004046,0.6079233518584375,0.013000000000000008,0.001,1.0319149932650562,0.9110683810283349,0,0,0.0,303,21934,10.967000000001912,0,0,0.0
trot,0.5,0.0,FR_kfe_joint,12.580164845174792,6.621139392197259,6.621139392197259,7.643499999998483,-0.49553872037993985,11.937414398256905,8.024757910292486,4.223556794890782,8.000900887329042,4.211000467015285,19.99999999999874,19.000000000001016,0.0,0.5279445993613477,0.18392053867214608,0.0,3.8395970862643467,20.317887861249044,26.662875489462806,0,0,0.0,0.0,0.0,0.0,0.0,0.0,0.0,0.0,0.0,0,0,0.0,180,20350,10.175000000000944,0,0,0.0
trot,0.5,0.0,RL_haa_joint,8.563697346975168,8.563697346975168,-8.563697346975168,5.225999999999823,0.1730765614528334,1.8048562901265663,3.1242070218889104,3.1242070218889104,3.101691549717963,3.101691549717963,19.99999999999874,19.000000000001016,0.0,0.3905258777361138,0.23788048186042132,0.00042500000000002703,2.840188201717191,20.17251431689554,23.645731064119378,0,0,0.0,0.008500000000000004,0.001,0.1730765614528334,0.08986364510103731,0.0,0.0,0.0,0.0,0,0,0.0,134,21028,10.514000000001358,0,0,0.0
trot,0.5,0.0,RL_hfe_joint,13.33659967719713,13.33659967719713,13.33659967719713,5.225999999999823,-1.1417450450142737,5.46050299327808,3.6643555097966405,3.6643555097966405,3.6338488798731636,3.6338488798731636,19.99999999999874,19.000000000001016,1.1533667930834497,0.45804443872458006,0.37046110214436473,0.08357499999999884,3.331232281633309,20.236725904354433,25.01533819299082,0,0,0.0,1.6714999999998714,0.04200000000000003,1.8789821333803294,1.3111633202913304,0.08900000000000007,0.0045000000000000005,1.1533667930834497,0.43318740028644376,0,0,0.0,315,23887,11.943500000003105,0,0,0.0
trot,0.5,0.0,RL_kfe_joint,15.387837247978794,8.098861709462524,8.098861709462524,0.22600000000000017,3.65058567247552,12.437840770360461,9.097987424757214,4.788414434082744,9.059751501482921,4.76829026393838,19.99999999999874,19.000000000001016,0.0,0.598551804260343,0.22496838081840342,5.000000000000315e-05,4.353104030984313,20.407582989519014,28.56423317073126,0,0,0.0,0.001,0.001,3.7125383778378422,3.6816923390610996,0.0,0.0,0.0,0.0,0,0,0.0,176,21290,10.645000000001518,0,0,0.0
trot,0.5,0.0,RR_haa_joint,9.848715047797041,9.848715047797041,9.848715047797041,0.001,8.526512829121202e-17,1.714275441618431,3.110379397430166,3.110379397430166,3.1343461863277473,3.1343461863277473,19.99999999999874,19.000000000001016,0.0,0.38879742467877076,0.27357541799436225,0.001300000000000083,2.8276176340274235,20.17598967864997,23.613530739812592,0,0,0.0,0.02600000000000002,0.003,0.7457537564630455,0.17770282362343684,0.0,0.0,0.0,0.0,0,0,0.0,128,21405,10.702500000001589,0,0,0.0
trot,0.5,0.0,RR_hfe_joint,13.33239365489084,13.33239365489084,13.33239365489084,7.725999999998438,-1.154098370442821,6.293957910264712,3.562002444673808,3.562002444673808,3.5977511867682783,3.5977511867682783,19.99999999999874,19.000000000001016,1.4994723057052424,0.445250305584226,0.3703442681914122,0.07787499999999911,3.2381840406125524,20.23185495833166,24.739073526362738,0,0,0.0,1.557499999999884,0.04150000000000003,1.8099833222715576,1.3325732345589287,0.1515000000000001,0.0045000000000000005,1.4994723057052424,0.5223217648151608,0,0,0.0,309,23487,11.74350000000286,0,0,0.0
trot,0.5,0.0,RR_kfe_joint,23.53332406825702,12.385960035924748,12.385960035924748,0.01550000000000001,0.5460761223711761,13.03971538537231,8.909397953599585,4.689156817683992,9.013863486835902,4.744138677282054,19.99999999999874,19.000000000001016,3.968437528883397,0.586144602210499,0.34405444544235414,0.007875000000000501,4.262869834258175,20.403068511443873,28.212862166209213,0,0,0.0,0.1575000000000001,0.1565000000000001,5.494923489040529,1.2298219334086162,0.018500000000000013,0.01500000000000001,3.968437528883397,1.5222347998258245,0,0,0.0,175,20801,10.40050000000122,0,0,0.0
trot,0.75,0.0,FL_haa_joint,9.161236918940286,9.161236918940286,-9.161236918940286,0.10300000000000008,0.2674719277163996,1.8754736667404677,3.5835635927242486,3.5835635927242486,3.6444668827800384,3.6444668827800384,19.99999999999874,19.000000000001016,0.0,0.4479454490905311,0.25447880330389683,0.004325000000000276,3.2577850842947713,20.23780722692572,24.796619314082207,0,0,0.0,0.08650000000000006,0.08650000000000006,0.35461441189261417,0.26591356892737733,0.0,0.0,0.0,0.0,0,0,0.0,258,18573,9.286499999999858,0,0,0.0
trot,0.75,0.0,FL_hfe_joint,16.85127368468713,16.85127368468713,16.85127368468713,0.9084999999999553,-0.9329374697842844,8.659778135709484,4.178485296848918,4.178485296848918,4.2823916608302675,4.2823916608302675,19.99999999999874,19.000000000001016,2.178589843300136,0.5223106621061148,0.4680909356857536,0.07937499999999904,3.79862299713538,20.32824343324246,26.521429099979613,0,0,0.0,1.5874999999998807,0.11750000000000009,3.6890549891358146,2.4770597910448675,0.35000000000000026,0.06950000000000005,2.178589843300136,0.8333400331144278,0,0,0.0,290,21133,10.566500000001422,0,0,0.0
trot,0.75,0.0,FL_kfe_joint,21.948860076402113,11.552031619159008,11.552031619159008,0.01550000000000001,0.20477543217300576,18.596076573098205,8.279221870261548,4.357485194874499,8.374678473742883,4.407725512496254,19.99999999999874,19.000000000001016,1.3351756979977325,0.5446856493593124,0.3208897671988613,0.002725000000000174,3.9613501771586352,20.34794497649335,27.092132827424486,0,0,0.0,0.05450000000000004,0.05400000000000004,5.301066188144733,2.0977122437297577,0.008500000000000004,0.008500000000000004,1.3351756979977325,0.5015451682724029,0,0,0.0,218,19935,9.96750000000069,0,0,0.0
trot,0.75,0.0,FR_haa_joint,7.641494203383551,7.641494203383551,-7.641494203383551,0.45550000000000035,0.16748195208628502,2.4697395507395936,3.514884460921674,3.514884460921674,3.506242680508519,3.506242680508519,19.99999999999874,19.000000000001016,0.0,0.43936055761520926,0.21226372787176528,0.0,3.1953495099287945,20.22039664124282,24.614526324827658,0,0,0.0,0.0,0.0,0.0,0.0,0.0,0.0,0.0,0.0,0,0,0.0,272,19184,9.592000000000231,0,0,0.0
trot,0.75,0.0,FR_hfe_joint,16.304393551711485,16.304393551711485,16.304393551711485,1.1359999999999304,-1.1787964346398203,8.284922162745211,4.2109557817852235,4.2109557817852235,4.272663023740899,4.272663023740899,19.99999999999874,19.000000000001016,2.86023134154414,0.5263694727231529,0.45289982088087455,0.08127499999999895,3.8281416198047484,20.326954417172985,26.623177320686093,0,0,0.0,1.6254999999998765,0.11150000000000009,3.4406154022886937,2.5208375494121342,0.33850000000000025,0.06100000000000005,2.86023134154414,0.9117855004550007,0,0,0.0,286,20755,10.377500000001191,0,0,0.0
trot,0.75,0.0,FR_kfe_joint,13.616070780554681,7.166353042397201,7.166353042397201,0.8409999999999628,0.08506829306117014,14.975095304101961,8.248116881327336,4.341114148067019,8.2258824645206,4.329411823431895,19.99999999999874,19.000000000001016,0.0,0.5426392685083774,0.19906536228881114,0.0,3.9464674073336536,20.335999502715122,27.0389427284605,0,0,0.0,0.0,0.0,0.0,0.0,0.0,0.0,0.0,0.0,0,0,0.0,220,19777,9.888500000000594,0,0,0.0
trot,0.75,0.0,RL_haa_joint,9.038214248717365,9.038214248717365,-9.038214248717365,7.0459999999988145,0.16150393238381167,2.17212178843854,2.684903693058498,2.684903693058498,2.69211603188659,2.69211603188659,19.99999999999874,19.000000000001016,0.0,0.33561296163231225,0.2510615069088157,0.003550000000000226,2.440821539144089,20.129901997036203,22.69254174275998,0,0,0.0,0.07100000000000005,0.002,0.8433314708672776,0.18040217562936858,0.0,0.0,0.0,0.0,0,0,0.0,203,19144,9.572000000000207,0,0,0.0
trot,0.75,0.0,RL_hfe_joint,21.186023810100373,21.186023810100373,21.186023810100373,0.6809999999999804,-0.8850545596826623,7.740421822363327,4.97022040778597,4.97022040778597,4.934805632792285,4.934805632792285,19.99999999999874,19.000000000001016,3.8164532470579045,0.6212775509732462,0.588500661391677,0.1262500000000085,4.518382188896336,20.436573826416492,29.226910688550664,0,0,0.0,2.5250000000000106,0.06100000000000005,4.80744232903075,2.587129405471438,1.4159999999998996,0.03900000000000003,3.8164532470579045,2.197663048158195,0,0,0.0,305,22549,11.274500000002288,0,0,0.0
trot,0.75,0.0,RL_kfe_joint,14.743698759809787,7.759841452531467,7.759841452531467,1.2429999999999186,-1.8952575813011752,15.611471903399673,9.48055762288334,4.989767169938601,9.440444319602667,4.968654905054036,19.99999999999874,19.000000000001016,0.0,0.6237208962423251,0.21555115145920742,0.0,4.536151972671455,20.442567363995543,29.299628139329393,0,0,0.0,0.0,0.0,0.0,0.0,0.0,0.0,0.0,0.0,0,0,0.0,179,20994,10.497000000001337,0,0,0.0
trot,0.75,0.0,RR_haa_joint,10.535120435020675,10.535120435020675,10.535120435020675,0.001,8.526512829121202e-17,1.8955405246968382,2.642822359589443,2.642822359589443,2.6769119899342533,2.6769119899342533,19.99999999999874,19.000000000001016,0.0,0.33035279494868036,0.29264223430612984,0.003325000000000212,2.402565781444948,20.128342192129494,22.60880107892821,0,0,0.0,0.06650000000000005,0.0035,0.9745114792012437,0.17971387774062236,0.0,0.0,0.0,0.0,0,0,0.0,210,19360,9.680000000000339,0,0,0.0
trot,0.75,0.0,RR_hfe_joint,19.753980583838697,19.753980583838697,19.753980583838697,2.7260000000000777,-1.0873013728252556,8.80310711288719,4.776222982702107,4.776222982702107,4.82902396778203,4.82902396778203,19.99999999999874,19.000000000001016,3.143260497644696,0.5970278728377634,0.5487216828844083,0.11962500000000587,4.342020893365551,20.417683469230482,28.520679080895263,0,0,0.0,2.3924999999999663,0.07800000000000006,3.2732588928285598,2.587833261018695,1.2269999999999204,0.04150000000000003,3.143260497644696,2.1229814618424725,0,0,0.0,306,21955,10.977500000001925,0,0,0.0
trot,0.75,0.0,RR_kfe_joint,26.46905489811611,13.931081525324268,13.931081525324268,0.01550000000000001,0.31941010299532213,20.53114726449042,9.232882982876644,4.859412096250866,9.416825707172146,4.956224056406393,19.99999999999874,19.000000000001016,5.61155893157892,0.6074265120313582,0.38697448681456303,0.013225000000000844,4.4176473602280595,20.439721924457235,28.820079125687165,0,0,0.0,0.2645000000000002,0.21100000000000016,7.659300971729965,2.9594128933915615,0.04450000000000003,0.037500000000000026,5.61155893157892,1.8483591247233766,0,0,0.0,176,20890,10.445000000001274,0,0,0.0
trot,1.0,0.0,FL_haa_joint,9.646099887275975,9.646099887275975,-9.646099887275975,0.09800000000000007,0.39803147794666927,2.706875588810715,3.250418133417514,3.250418133417514,3.3285628178487343,3.3285628178487343,19.99999999999874,19.000000000001016,0.0,0.40630226667718927,0.2679472190909993,0.004725000000000302,2.9549255758341038,20.198305970069818,23.94623991248283,0,0,0.0,0.09450000000000007,0.09050000000000007,0.470943793909288,0.37810118846813356,0.0,0.0,0.0,0.0,0,0,0.0,346,18248,9.12399999999966,0,0,0.0
trot,1.0,0.0,FL_hfe_joint,20.821098529700883,20.821098529700883,20.821098529700883,1.3634999999999053,-0.8950308896197389,13.048423364279852,5.366030300800295,5.366030300800295,5.497316348855034,5.497316348855034,19.99999999999874,19.000000000001016,4.677858255434739,0.6707537876000369,0.5783638480472467,0.157800000000021,4.878209364363904,20.54063245429774,30.755020978030466,0,0,0.0,3.1560000000002213,0.1425000000000001,7.546843914389004,2.8581703505785745,1.2559999999999172,0.10550000000000008,4.677858255434739,2.24059658055533,0,0,0.0,263,20438,10.219000000000998,0,0,0.0
trot,1.0,0.0,FL_kfe_joint,24.984994148045544,13.149996920023971,-13.149996920023971,0.2610000000000002,0.052407997115113236,28.193985383016848,8.680816132542661,4.568850596075085,8.91845015492969,4.693921134173522,19.99999999999874,19.000000000001016,7.217538352133302,0.5711063245093856,0.3652776922228881,0.01737500000000111,4.15350054188644,20.394335791946876,27.79684559331826,0,0,0.0,0.34750000000000025,0.21200000000000016,19.49746423717178,7.26657632240107,0.028500000000000022,0.014000000000000009,7.217538352133302,2.991901748422953,0,0,0.0,170,20017,10.00850000000074,0,0,0.0
trot,1.0,0.0,FR_haa_joint,8.282497702071854,8.282497702071854,-8.282497702071854,0.9079999999999554,2.035076174895996,2.5813652873855717,3.2479865667865355,3.2479865667865355,3.2492634584949984,3.2492634584949984,19.99999999999874,19.000000000001016,0.0,0.40599832084831694,0.23006938061310706,0.0005500000000000349,2.952715060715032,20.18929190750526,23.94033792954608,0,0,0.0,0.011000000000000006,0.009000000000000005,2.1109422521990635,1.7947559261690171,0.0,0.0,0.0,0.0,0,0,0.0,354,18766,9.382999999999976,0,0,0.0
trot,1.0,0.0,FR_hfe_joint,22.375149363272868,22.375149363272868,22.375149363272868,1.5909999999998803,-0.8268558488529373,10.235816140011197,5.376366058869357,5.376366058869357,5.399839907444481,5.399839907444481,19.99999999999874,19.000000000001016,4.840962415380797,0.6720457573586697,0.6215319267575796,0.15202500000001873,4.887605508063052,20.522450775436727,30.796492361926504,0,0,0.0,3.0405000000001827,0.06900000000000005,6.040307860929989,2.982917530313862,1.193999999999924,0.06450000000000004,4.840962415380797,2.407197810210047,0,0,0.0,267,20429,10.214500000000992,0,0,0.0
trot,1.0,0.0,FR_kfe_joint,17.47627357961793,9.198038726114701,9.198038726114701,0.4035000000000003,-4.886483876622812,18.18667999193038,8.70807106189817,4.583195295735879,8.687666555961481,4.57245608208499,19.99999999999874,19.000000000001016,0.0,0.5728994119669849,0.25550107572540837,0.0019500000000001244,4.166541177941708,20.37477689894132,27.84588155187334,0,0,0.0,0.03900000000000003,0.03900000000000003,8.380937055606836,4.530211823348766,0.0,0.0,0.0,0.0,0,0,0.0,178,19985,9.992500000000721,0,0,0.0
trot,1.0,0.0,RL_haa_joint,13.888658531710451,13.888658531710451,13.888658531710451,0.44800000000000034,-1.3714936237201736,4.411911073610512,2.3429316732027012,2.3429316732027012,2.4269968135808315,2.4269968135808315,19.99999999999874,19.000000000001016,1.450600075553349,0.29286645915033765,0.3857960703252903,0.004800000000000307,2.129937884729728,20.105434913959893,22.0503323657791,0,0,0.0,0.09600000000000007,0.030000000000000023,2.121217066930914,0.6779561206723906,0.022500000000000017,0.022500000000000017,1.450600075553349,1.133222611376011,0,0,0.0,186,20381,10.190500000000963,0,0,0.0
trot,1.0,0.0,RL_hfe_joint,28.14855555231221,28.14855555231221,28.14855555231221,0.6809999999999804,-0.29268168019999985,9.655795879991556,5.2734832128166955,5.2734832128166955,5.289967900352647,5.289967900352647,19.99999999999874,19.000000000001016,6.0228071601361,0.6591854016020869,0.7819043208975613,0.17097500000002624,4.794075648015177,20.50085484641928,30.387239758073303,1094,39,2.735,3.4195000000003093,0.08200000000000006,6.0228071601361,3.717182775217365,0.9669999999999489,0.05600000000000004,6.0228071601361,2.746138144500937,0,0,0.0,324,22689,11.344500000002373,0,0,0.0
trot,1.0,0.0,RL_kfe_joint,18.921689510833914,9.958783953070482,9.958783953070482,0.4110000000000003,2.4042087620221446,22.029176149919078,10.181953224648108,5.358922749814794,10.178710757173635,5.357216187986124,19.99999999999874,19.000000000001016,0.0,0.6698653437268492,0.27663288758529114,0.11887500000000556,4.871747954377085,20.514445172201672,30.726548818795195,0,0,0.0,2.3774999999999613,0.10100000000000008,10.317583906606625,2.310927253657232,0.0,0.0,0.0,0.0,0,0,0.0,220,20574,10.28700000000108,0,0,0.0
trot,1.0,0.0,RR_haa_joint,11.222020951255022,11.222020951255022,11.222020951255022,0.001,8.526512829121202e-17,3.29634641675915,2.2696999858267786,2.2696999858267786,2.372471324724261,2.372471324724261,19.99999999999874,19.000000000001016,8.526512829121202e-17,0.2837124982283473,0.31172280420152837,0.0020500000000001307,2.0633636234788892,20.10068309428339,21.924163314626426,0,0,0.0,0.04100000000000003,0.004,1.2243068513643571,0.2975446326173033,0.0005,0.0005,8.526512829121202e-17,8.526512829121202e-17,0,0,0.0,194,20502,10.251000000001037,0,0,0.0
trot,1.0,0.0,RR_hfe_joint,27.295412657344343,27.295412657344343,27.295412657344343,0.45350000000000035,-0.06639740828930486,13.53926011773252,5.104650615791619,5.104650615791619,5.367471415031196,5.367471415031196,19.99999999999874,19.000000000001016,6.324324258450166,0.6380813269739524,0.7582059071484539,0.17067500000002614,4.640591468901471,20.514898526091656,29.73278355546192,1053,41,2.6325,3.4135000000003073,0.1320000000000001,7.3826205588417055,3.6814011085595824,1.1474999999999291,0.07400000000000005,6.324324258450166,2.594722420836576,0,0,0.0,290,21449,10.724500000001616,0,0,0.0
trot,1.0,0.0,RR_kfe_joint,29.359821773837364,15.452537775703876,15.452537775703876,0.01550000000000001,0.2635718527880687,29.711284065849433,9.945613590134789,5.234533468491994,10.224950432173152,5.381552859038502,19.99999999999874,19.000000000001016,17.794171830458147,0.6543166835614993,0.4292371604362188,0.05537500000000017,4.758666789538176,20.518180443127036,30.234366899981122,0,0,0.0,1.1074999999999335,0.22500000000000017,21.934317613193212,5.078634987840588,0.23950000000000018,0.20900000000000016,17.794171830458147,6.575314463215347,0,0,0.0,218,20599,10.299500000001096,0,0,0.0
trot,1.5,0.0,FL_haa_joint,15.090385552309124,15.090385552309124,15.090385552309124,0.6809999999999804,-0.1413949564040501,3.7594101077513145,2.903259753155938,2.903259753155938,2.9779245635927927,2.9779245635927927,19.99999999999874,19.000000000001016,1.9704106820500868,0.36290746914449223,0.4191773764530312,0.005750000000000367,2.6393270483235796,20.15871823367966,23.14830506277823,0,0,0.0,0.11500000000000009,0.07800000000000006,2.9710488204404446,0.9881932871837159,0.006000000000000002,0.006000000000000002,1.9704106820500868,1.0677859575267286,0,0,0.0,337,22018,11.009000000001963,0,0,0.0
trot,1.5,0.0,FL_hfe_joint,21.051085604587875,21.051085604587875,21.051085604587875,0.06200000000000005,0.6430798429788808,17.094464682548555,6.488566265104543,6.488566265104543,6.720354603770554,6.720354603770554,19.99999999999874,19.000000000001016,11.790047730191114,0.8110707831380679,0.5847523779052187,0.26920000000000377,5.898696604640493,20.8080021205933,35.72542924730429,3446,135,8.615,5.383999999999736,0.1325000000000001,16.29740957460105,2.6642219063809542,0.21800000000000017,0.11500000000000009,11.790047730191114,3.7634989370130767,0,0,0.0,215,20609,10.304500000001102,0,0,0.0
trot,1.5,0.0,FL_kfe_joint,27.171989400075912,14.301047052671533,14.301047052671533,0.11600000000000009,12.230940596912221,33.050870636713135,11.644691455582876,6.128784976622566,11.733890709379818,6.175731952305168,19.99999999999874,19.000000000001016,23.09810828160468,0.7660981220778208,0.3972513070186537,0.1970250000000366,5.571622706020515,20.68324354624627,34.02987462038709,3993,130,9.9825,3.9405000000004833,0.15950000000000011,27.53173172932292,6.609602045070951,0.1515000000000001,0.11900000000000009,23.09810828160468,10.466629722208726,0,0,0.0,225,24805,12.402500000003666,0,0,0.0
trot,1.5,0.0,FR_haa_joint,13.465798152884965,13.465798152884965,13.465798152884965,0.6809999999999804,-1.7241044767947211,2.6110777984386293,2.9833850607366244,2.9833850607366244,3.105992121856216,3.105992121856216,19.99999999999874,19.000000000001016,2.3917237112844516,0.37292313259207804,0.374049948691249,0.008550000000000545,2.7121682370332945,20.17241862622505,23.324479365952175,0,0,0.0,0.17100000000000012,0.09950000000000007,2.4528674608221204,0.9358287626672817,0.06800000000000005,0.059000000000000045,2.3917237112844516,0.9303186591781709,0,0,0.0,335,22473,11.236500000002241,0,0,0.0
trot,1.5,0.0,FR_hfe_joint,28.585613831505306,28.585613831505306,-28.585613831505306,0.3960000000000003,-1.505163605684596,16.49835173794393,6.482274034598805,6.482274034598805,6.64817284354476,6.64817284354476,19.99999999999874,19.000000000001016,10.359815442299476,0.8102842543248506,0.7940448286529251,0.26027500000000814,5.892976395089822,20.79122988734784,35.69494483993515,3421,137,8.5525,5.205499999999835,0.17000000000000012,13.640517530170854,2.7355422698909146,0.1580000000000001,0.1290000000000001,10.359815442299476,4.593827065242365,0,0,0.0,227,21151,10.575500000001433,0,0,0.0
trot,1.5,0.0,FR_kfe_joint,34.38980187471709,18.099895723535308,18.099895723535308,0.3760000000000003,0.1982658559805514,33.324046763134724,11.671504826711143,6.142897277216391,11.80627503889147,6.213828967837617,19.99999999999874,19.000000000001016,30.607134911755246,0.7678621596520488,0.5027748812093141,0.1988250000000373,5.584452070196718,20.69156648486905,34.09456012054842,4055,128,10.137500000000001,3.9765000000004953,0.08700000000000006,31.037043015357153,6.43826309678247,0.1545000000000001,0.05600000000000004,30.607134911755246,11.127185576610682,0,0,0.0,227,24917,12.458500000003735,0,0,0.0
trot,1.5,0.0,RL_haa_joint,16.29315038604824,16.29315038604824,-16.29315038604824,0.6929999999999791,0.9419729068600814,3.9220699930862666,2.6509358989332106,2.6509358989332106,2.768799419471255,2.768799419471255,19.99999999999874,19.000000000001016,2.329801986345889,0.3313669873666513,0.4525875107235622,0.005300000000000338,2.4099417263029186,20.137124839563416,22.624843853171292,0,0,0.0,0.10600000000000008,0.057500000000000044,2.801753316375397,1.067515251626201,0.03350000000000002,0.031000000000000024,2.329801986345889,0.834038066800191,0,0,0.0,217,17058,8.528999999998932,0,0,0.0
trot,1.5,0.0,RL_hfe_joint,30.374522637347752,30.374522637347752,-30.374522637347752,0.36350000000000027,-4.232081250591897,16.887974813265426,6.235855304016242,6.235855304016242,6.364374860366797,6.364374860366797,19.99999999999874,19.000000000001016,14.736198248034956,0.7794819130020303,0.8437367399263265,0.2306250000000227,5.668959367287493,20.725252591147164,34.524362484181,3337,146,8.3425,4.612500000000163,0.06950000000000005,15.790750651526777,4.125046883804846,0.2645000000000002,0.037500000000000026,14.736198248034956,5.252023083529793,0,0,0.0,237,22616,11.308000000002329,0,0,0.0
trot,1.5,0.0,RL_kfe_joint,28.131782330028912,14.806201226331007,-14.806201226331007,1.4009999999999012,0.9080317567380312,31.342502117749884,11.906886943359941,6.266782601768391,11.8740190942199,6.249483733799948,19.99999999999874,19.000000000001016,14.018754699587305,0.7833478252210488,0.4112833673980835,0.23445000000002084,5.697075092516719,20.699735720634635,34.66878957038753,4265,128,10.6625,4.689000000000121,0.1350000000000001,23.302842453153854,6.3558160370941135,0.08650000000000006,0.022000000000000016,14.018754699587305,7.679117252930504,0,0,0.0,225,23112,11.556000000002632,0,0,0.0
trot,1.5,0.0,RR_haa_joint,12.597306208357,12.597306208357,12.597306208357,0.001,8.526512829121202e-17,2.697025925166878,2.5468835930886558,2.5468835930886558,2.5653540182677914,2.5653540182677914,19.99999999999874,19.000000000001016,0.4684642103751108,0.31836044913608197,0.3499251724543611,0.0008250000000000526,2.315348720989687,20.117857524673262,22.422831502319447,0,0,0.0,0.01650000000000001,0.011500000000000007,1.7766257125116824,1.126726007207832,0.0015,0.0015,0.4684642103751108,0.3038521929168402,0,0,0.0,254,17619,8.809499999999275,0,0,0.0
trot,1.5,0.0,RR_hfe_joint,25.151278291295434,25.151278291295434,25.151278291295434,0.001,2.4780177909633496e-16,16.986699342418,6.212542227413208,6.212542227413208,6.4598231702271,6.4598231702271,19.99999999999874,19.000000000001016,9.14165879463844,0.776567778426651,0.6986466192026509,0.23305000000002152,5.647765661284734,20.74644079539384,34.41596528523549,3355,144,8.3875,4.661000000000136,0.1210000000000001,15.651422830347316,4.000480669316343,0.2455000000000002,0.10750000000000008,9.14165879463844,2.9582010040505007,0,0,0.0,234,22383,11.191500000002186,0,0,0.0
trot,1.5,0.0,RR_kfe_joint,37.83017590325932,19.910618896452274,19.910618896452274,0.09850000000000007,6.188157034451303,32.823838970665385,11.725683359314775,6.171412294376198,11.961004478568011,6.295265515035796,19.99999999999874,19.000000000001016,30.272129454760467,0.7714265367970248,0.5530727471236743,0.22642500000002477,5.610374813069271,20.70948012108808,34.22571629021402,4418,139,11.045,4.52850000000021,0.15950000000000011,30.272129454760467,6.2051086483950195,0.16200000000000012,0.1440000000000001,30.272129454760467,7.945912495616924,0,0,0.0,219,23433,11.716500000002828,0,0,0.0
trot,2.0,0.0,FL_haa_joint,18.83679991447459,18.83679991447459,-18.83679991447459,2.7260000000000777,-0.5766155597041628,6.480029701188558,3.567399262306158,3.567399262306158,3.6403618906791477,3.6403618906791477,19.99999999999874,19.000000000001016,3.3333615200170432,0.44592490778826976,0.5232444420687385,0.057350000000000075,3.2430902384601437,20.236942982017403,24.753444819532813,0,0,0.0,1.1469999999999292,0.06150000000000005,4.699096332607208,1.6547018379830505,0.22800000000000017,0.013500000000000009,3.3333615200170432,1.914688217711205,0,0,0.0,237,20799,10.399500000001218,0,0,0.0
trot,2.0,0.0,FL_hfe_joint,22.45919093767343,22.45919093767343,22.45919093767343,0.046000000000000034,0.3945524207445949,17.454924569471725,7.214057016431223,7.214057016431223,7.40524438252774,7.40524438252774,19.99999999999874,19.000000000001016,13.539750046723272,0.9017571270539029,0.6238664149353731,0.41317499999995644,6.558233651301111,20.981491390202333,39.4385632170951,5704,69,14.26,8.263499999998608,0.2690000000000002,16.517671871542724,2.561951768920371,0.3740000000000003,0.08500000000000006,13.539750046723272,3.447696741229514,0,0,0.0,190,22010,11.005000000001958,0,0,0.0
trot,2.0,0.0,FL_kfe_joint,33.80993475651817,17.794702503430614,17.794702503430614,0.07350000000000005,8.894717880898938,33.110114976455506,9.09988274316421,4.789411970086427,9.386698480416161,4.940367621271664,19.99999999999874,19.000000000001016,21.62881838663742,0.5986764962608033,0.49429729176196147,0.10525000000000015,4.354010881896751,20.43674350342824,28.56780179283526,1856,128,4.64,2.1049999999998703,0.11850000000000009,26.278712476255183,8.607821342417896,0.1455000000000001,0.10200000000000008,21.62881838663742,9.799858156872356,0,0,0.0,181,27746,13.873000000005463,0,0,0.0
trot,2.0,0.0,FR_haa_joint,20.789992738363352,20.789992738363352,20.789992738363352,1.5909999999998803,0.8063762244013924,6.132363513749625,3.4638433774374535,3.4638433774374535,3.4726204847940703,3.4726204847940703,19.99999999999874,19.000000000001016,4.61599300069472,0.4329804221796817,0.5774997982878709,0.049175000000000454,3.1489485249431395,20.215976228077547,24.481480525518556,0,0,0.0,0.9834999999999471,0.02450000000000002,4.61599300069472,1.7510561979127541,0.22400000000000017,0.019500000000000014,4.61599300069472,2.0138584189835305,0,0,0.0,261,20922,10.461000000001293,0,0,0.0
trot,2.0,0.0,FR_hfe_joint,29.856398518456956,29.856398518456956,-29.856398518456956,0.33300000000000024,-4.301731807477783,20.387644667454307,7.192496153288538,7.192496153288538,7.30611820433312,7.30611820433312,19.99999999999874,19.000000000001016,20.387644667454307,0.8990620191610672,0.829344403290471,0.4062749999999476,6.538632866625942,20.95601039041631,39.32254364757526,5653,70,14.1325,8.12549999999844,0.1365000000000001,20.387644667454307,2.5589629437690444,0.2895000000000002,0.08900000000000007,20.387644667454307,5.283572483556948,1,4,0.002,196,21866,10.93300000000187,0,0,0.0
trot,2.0,0.0,FR_kfe_joint,43.753455405021455,23.028134423695505,23.028134423695505,1.1359999999999304,-3.4007467695022764,26.80051066055704,9.355202929752295,4.923791015659103,9.303239708116065,4.896441951640035,19.99999999999874,19.000000000001016,14.407814944055584,0.6154738769573879,0.6396704006582085,0.10424999999999976,4.4761736505991845,20.42935486938331,29.055329202216413,1393,104,3.4825,2.0849999999998636,0.031000000000000024,21.038375129115742,9.141635492259939,0.20550000000000015,0.021000000000000015,14.407814944055584,6.620021757381257,0,0,0.0,181,28012,14.006000000005626,0,0,0.0
trot,2.0,0.0,RL_haa_joint,26.272904093185325,26.272904093185325,-26.272904093185325,0.6809999999999804,0.0066987091599515205,6.424640729494181,3.4287256894039504,3.4287256894039504,3.542176398922864,3.542176398922864,19.99999999999874,19.000000000001016,4.964361647319009,0.4285907111754938,0.7298028914773701,0.06119999999999989,3.117023354003591,20.224640179239174,24.391071442681046,0,0,0.0,1.2239999999999207,0.047000000000000035,5.654320748407214,1.7373144310159667,0.44950000000000034,0.03350000000000002,4.964361647319009,2.234911566695923,0,0,0.0,377,11970,5.984999999999403,0,0,0.0
trot,2.0,0.0,RL_hfe_joint,29.899195741889237,29.899195741889237,-29.899195741889237,0.2935000000000002,-4.434000415755064,19.35253714369652,5.946686197003839,5.946686197003839,6.088403970413445,6.088403970413445,19.99999999999874,19.000000000001016,17.1658184396641,0.7433357746254798,0.8305332150524788,0.2009000000000373,5.406078360912581,20.663694522901892,33.208547542273706,2486,133,6.215,4.018000000000493,0.060000000000000046,18.254552044301647,3.9579338360091794,0.19500000000000015,0.046500000000000034,17.1658184396641,6.2323038298450495,0,0,0.0,309,23699,11.84950000000299,0,0,0.0
trot,2.0,0.0,RL_kfe_joint,46.9384681089379,24.704456899441,24.704456899441,1.1359999999999304,-3.721199570136628,32.4472656364456,10.368707660977094,5.457214558408997,10.261081393367048,5.40056915440371,19.99999999999874,19.000000000001016,20.920973444487718,0.6821518198011246,0.6862349138733611,0.11562500000000427,4.9611041440081785,20.52243055580622,31.123643928401812,3092,116,7.73,2.3124999999999396,0.06950000000000005,27.45619326542376,7.621366159917517,0.1245000000000001,0.02700000000000002,20.920973444487718,10.698963710476054,0,0,0.0,223,25078,12.539000000003833,0,0,0.0
trot,2.0,0.0,RR_haa_joint,13.97456849013952,13.97456849013952,13.97456849013952,0.001,8.526512829121202e-17,5.22978575520267,3.5047723695983772,3.5047723695983772,3.454488256016095,3.454488256016095,19.99999999999874,19.000000000001016,3.194317110290349,0.43809654619979715,0.3881824580594311,0.05832500000000003,3.1861566996348882,20.21415988023757,24.588013140886254,0,0,0.0,1.166499999999927,0.031000000000000024,3.194317110290349,1.5935981725139305,0.3935000000000003,0.013000000000000008,3.194317110290349,2.2310796488685627,0,0,0.0,335,11775,5.887499999999457,0,0,0.0
trot,2.0,0.0,RR_hfe_joint,35.11870808488386,35.11870808488386,35.11870808488386,0.001,2.4780177909633496e-16,16.95909237483509,6.032019886088929,6.032019886088929,6.281285068104771,6.281285068104771,19.99999999999874,19.000000000001016,6.654489784835391,0.7540024857611162,0.9755196690245518,0.21040000000003264,5.483654441899026,20.70551281732757,33.590347125945925,2756,138,6.890000000000001,4.208000000000387,0.09000000000000007,14.313835476344416,3.6376573255734055,0.16150000000000012,0.08750000000000006,6.654489784835391,2.5362151761661624,0,0,0.0,279,23567,11.78350000000291,0,0,0.0
trot,2.0,0.0,RR_kfe_joint,41.929300987906906,22.068053151529952,22.068053151529952,0.06100000000000005,4.551938106877982,31.976389095751156,10.172078615599874,5.353725587157829,10.52328806216883,5.538572664299384,19.99999999999874,19.000000000001016,14.517863496777318,0.6692156983947286,0.6130014764313876,0.13015000000001004,4.867023261052571,20.548676180270732,30.705753375708134,3599,130,8.9975,2.6030000000000366,0.1335000000000001,26.73823522535005,6.974659615104818,0.1320000000000001,0.11650000000000009,14.517863496777318,6.1807681648383515,0,0,0.0,219,25774,12.887000000004258,0,0,0.0
trot,0.4,0.3,FL_haa_joint,12.376120633361003,12.376120633361003,-12.376120633361003,0.1285000000000001,-0.024282304886261565,2.237740719225077,5.23757217547971,5.23757217547971,5.317866721348795,5.317866721348795,19.99999999999874,19.000000000001016,0.3441424022474586,0.6546965219349637,0.3437811287044723,0.16727500000002476,4.7614292504361,20.506376158059894,30.24625268469729,0,0,0.0,3.3455000000002846,0.19600000000000015,1.3173736034116197,0.12431418290378526,0.1565000000000001,0.1560000000000001,0.3441424022474586,0.17417247718815507,0,0,0.0,143,26814,13.407000000004894,0,0,0.0
trot,0.4,0.3,FL_hfe_joint,8.95526997836331,8.95526997836331,8.95526997836331,0.45350000000000035,-1.1478090047479002,5.091119502525825,2.543632174510197,2.543632174510197,2.5665526656739397,2.5665526656739397,19.99999999999874,19.000000000001016,0.0,0.31795402181377463,0.24875749939898084,0.0037500000000002393,2.312392885918361,20.117985839091965,22.41664935015538,0,0,0.0,0.07500000000000005,0.002,1.1478090047479002,0.7587533496531597,0.0,0.0,0.0,0.0,0,0,0.0,308,17348,8.67399999999911,0,0,0.0
trot,0.4,0.3,FL_kfe_joint,19.295060215582236,10.15529485030644,10.15529485030644,0.013000000000000008,0.7770919468674053,10.988665812204564,7.174072871408482,3.775827827057096,7.217965808557231,3.7989293729248588,19.99999999999874,19.000000000001016,0.0,0.471978478382137,0.2820915236196233,0.0012750000000000814,3.432570751870087,20.258524130103396,25.32511984180215,0,0,0.0,0.02550000000000002,0.019500000000000014,4.3192195977612355,1.7298332519071533,0.0,0.0,0.0,0.0,0,0,0.0,218,19730,9.865000000000565,0,0,0.0
trot,0.4,0.3,FR_haa_joint,6.670900819543132,6.670900819543132,6.670900819543132,12.510500000003798,-0.3158172934110248,1.4716385938807566,2.812465720486939,2.812465720486939,2.796765471239959,2.796765471239959,19.99999999999874,19.000000000001016,0.0,0.3515582150608674,0.18530280054286477,0.0,2.55678701862449,20.140232027206586,22.954469398097302,0,0,0.0,0.0,0.0,0.0,0.0,0.0,0.0,0.0,0.0,0,0,0.0,292,12588,6.293999999999231,0,0,0.0
trot,0.4,0.3,FR_hfe_joint,10.009243380307314,10.009243380307314,10.009243380307314,0.6809999999999804,-1.0590007040656926,4.623683956320531,3.4459719579190353,3.4459719579190353,3.4175579764207873,3.4175579764207873,19.99999999999874,19.000000000001016,0.0,0.4307464947398794,0.27803453834186986,0.00972500000000062,3.1327017799263954,20.20940786080487,24.435356148741114,0,0,0.0,0.19450000000000014,0.005500000000000001,1.0604500415651705,0.5454494754038134,0.0,0.0,0.0,0.0,0,0,0.0,270,25469,12.734500000004072,0,0,0.0
trot,0.4,0.3,FR_kfe_joint,13.041263875934664,6.863823092597192,6.863823092597192,12.638500000003955,-0.006400189632913793,10.91176342617855,8.480361902501723,4.46334836973775,8.453978577046618,4.449462408971904,19.99999999999874,19.000000000001016,0.0,0.5579185462172187,0.19066175257214424,0.0,4.057589427034317,20.354909110223403,27.44091924359015,0,0,0.0,0.0,0.0,0.0,0.0,0.0,0.0,0.0,0.0,0,0,0.0,229,24047,12.023500000003203,0,0,0.0
trot,0.4,0.3,RL_haa_joint,7.622659842450326,7.622659842450326,-7.622659842450326,0.22600000000000017,-0.9061677838535704,1.6116879333010856,2.156141252353454,2.156141252353454,2.152648404358092,2.152648404358092,19.99999999999874,19.000000000001016,0.0,0.26951765654418175,0.21174055117917573,0.0,1.9601284112304125,20.08306651904488,21.736438626438296,0,0,0.0,0.0,0.0,0.0,0.0,0.0,0.0,0.0,0.0,0,0,0.0,254,14156,7.077999999998797,0,0,0.0
trot,0.4,0.3,RL_hfe_joint,9.634637876364295,9.634637876364295,9.634637876364295,1.5909999999998803,-1.1985006369327098,4.041182256158866,2.64503390827539,2.64503390827539,2.630864924784515,2.630864924784515,19.99999999999874,19.000000000001016,0.0,0.3306292385344238,0.26762882989900816,0.005750000000000367,2.4045762802503545,20.124067371756574,22.613169064214894,0,0,0.0,0.11500000000000009,0.005000000000000001,1.2802925302992014,0.6964566148718708,0.0,0.0,0.0,0.0,0,0,0.0,343,21143,10.571500000001429,0,0,0.0
trot,0.4,0.3,RL_kfe_joint,16.129836706795516,8.489387740418692,8.489387740418692,0.22600000000000017,3.8523340261052597,12.348116242164728,8.59472302780427,4.523538435686458,8.570509763214561,4.510794612218191,19.99999999999874,19.000000000001016,0.0,0.5654423044608072,0.23581632612274145,0.0001250000000000079,4.112307668805871,20.36472571435125,27.642960058321503,0,0,0.0,0.0025,0.0025,4.1219884963012925,3.9941072993234155,0.0,0.0,0.0,0.0,0,0,0.0,176,25768,12.884000000004255,0,0,0.0
trot,0.4,0.3,RR_haa_joint,13.42098138387179,13.42098138387179,13.42098138387179,0.001,8.526512829121202e-17,2.3056171211632206,4.637992832600284,4.637992832600284,4.70476308381026,4.70476308381026,19.99999999999874,19.000000000001016,1.0024749559924018,0.5797491040750355,0.3728050384408831,0.012625000000000804,4.216357120545712,20.396363757267533,28.034616766956994,0,0,0.0,0.25250000000000017,0.19950000000000015,1.9363480820898582,0.3476568800577336,0.003,0.003,1.0024749559924018,0.6184342988338848,0,0,0.0,119,38531,19.26550000000045,0,0,0.0
trot,0.4,0.3,RR_hfe_joint,11.145380770322827,11.145380770322827,11.145380770322827,1.8184999999998552,-1.0152048550829034,5.565136160002983,3.705418411163993,3.705418411163993,3.743436788678799,3.743436788678799,19.99999999999874,19.000000000001016,1.1554810125607125,0.4631773013954991,0.3095939102867452,0.08737499999999866,3.368562191967266,20.251000452173166,25.128372120438335,0,0,0.0,1.747499999999863,0.04200000000000003,1.6119284840883061,1.0422457058754138,0.006000000000000002,0.0005,1.1554810125607125,1.108916619130947,0,0,0.0,335,28111,14.055500000005686,0,0,0.0
trot,0.4,0.3,RR_kfe_joint,23.00077098210309,12.105668937948996,12.105668937948996,0.01550000000000001,0.35642545386447816,12.17891538671934,9.37555874155818,4.934504600820095,9.452729749336436,4.975120920703388,19.99999999999874,19.000000000001016,2.9474897013002086,0.6168130751025118,0.33626858160969436,0.007750000000000494,4.485913273472813,20.443346248552853,29.094778718603195,0,0,0.0,0.1550000000000001,0.1545000000000001,5.307467830819873,0.9925518131475459,0.01500000000000001,0.013500000000000009,2.9474897013002086,1.225735435942297,0,0,0.0,175,20452,10.226000000001006,0,0,0.0
trot,0.5,0.3,FL_haa_joint,12.700330645344133,12.700330645344133,-12.700330645344133,0.12600000000000008,0.009049644925198662,2.145366920590285,4.920410598397507,4.920410598397507,5.018021478625387,5.018021478625387,19.99999999999874,19.000000000001016,0.3645609613361837,0.6150513247996884,0.35278696237067037,0.11362500000000347,4.473100543997734,20.45080318780738,29.042899640050358,0,0,0.0,2.2724999999999262,0.19300000000000014,1.1815772363158166,0.11910149341167962,0.1440000000000001,0.1440000000000001,0.3645609613361837,0.18157741314021392,0,0,0.0,143,27383,13.691500000005242,0,0,0.0
trot,0.5,0.3,FL_hfe_joint,10.914946296994819,10.914946296994819,10.914946296994819,0.45350000000000035,-1.1833970074632827,6.170608893468789,2.879520588647041,2.879520588647041,2.91682805720501,2.91682805720501,19.99999999999874,19.000000000001016,0.0,0.35994007358088015,0.3031929526943005,0.011675000000000746,2.617745989679128,20.15236324336847,23.09702988834616,0,0,0.0,0.23350000000000018,0.006500000000000002,1.1833970074632827,0.4687724269201441,0.0,0.0,0.0,0.0,0,0,0.0,311,17777,8.888499999999372,0,0,0.0
trot,0.5,0.3,FL_kfe_joint,19.668415437349992,10.351797598605259,10.351797598605259,0.013000000000000008,0.7589886769341935,11.698272054067107,7.383615635485432,3.886113492360754,7.4358070103794365,3.913582637041809,19.99999999999874,19.000000000001016,0.0,0.48576418654509423,0.28754993329459055,0.0014000000000000893,3.532830447600685,20.274354978908228,25.64073867456692,0,0,0.0,0.02800000000000002,0.02700000000000002,4.625236727819718,1.7983354673277565,0.0,0.0,0.0,0.0,0,0,0.0,218,19351,9.675500000000334,0,0,0.0
trot,0.5,0.3,FR_haa_joint,6.847881550344663,6.847881550344663,6.847881550344663,2.5105000000000057,-0.38763272906128143,1.5814232784094413,2.8809662127890303,2.8809662127890303,2.858848463337866,2.858848463337866,19.99999999999874,19.000000000001016,0.0,0.3601207765986288,0.19021893195401843,0.0,2.619060193444573,20.146543355722553,23.100140312377594,0,0,0.0,0.0,0.0,0.0,0.0,0.0,0.0,0.0,0.0,0,0,0.0,238,16994,8.496999999998893,0,0,0.0
trot,0.5,0.3,FR_hfe_joint,11.758304815004788,11.758304815004788,11.758304815004788,0.6809999999999804,-1.0596651950114648,5.4886579300029545,3.823926905904912,3.823926905904912,3.7954217831871935,3.7954217831871935,19.99999999999874,19.000000000001016,1.0596651950114648,0.477990863238114,0.32661957819457743,0.040250000000000875,3.4762971871862836,20.258259208658387,25.46165401229827,0,0,0.0,0.8049999999999667,0.014000000000000009,2.3942168808272566,1.3350296259778403,0.04350000000000003,0.0015,1.0596651950114648,0.8443596559439607,0,0,0.0,261,24616,12.30800000000355,0,0,0.0
trot,0.5,0.3,FR_kfe_joint,13.268646485278618,6.983498150146641,6.983498150146641,12.641000000003958,0.045009618110065305,11.662565328844826,8.552288670983744,4.501204563675655,8.524489157103027,4.48657324058054,19.99999999999874,19.000000000001016,0.0,0.5626505704594569,0.19398605972629557,0.0,4.0920041487960495,20.360853432162656,27.567675850203678,0,0,0.0,0.0,0.0,0.0,0.0,0.0,0.0,0.0,0.0,0,0,0.0,220,22036,11.018000000001974,0,0,0.0
trot,0.5,0.3,RL_haa_joint,7.471124252023439,7.471124252023439,-7.471124252023439,0.22600000000000017,-0.9661265834373083,1.680937947356068,2.2032316762385364,2.2032316762385364,2.192827563305268,2.192827563305268,19.99999999999874,19.000000000001016,0.0,0.27540395952981706,0.20753122922287331,0.0,2.0029378874895785,20.086210109264837,21.81311501386677,0,0,0.0,0.0,0.0,0.0,0.0,0.0,0.0,0.0,0.0,0,0,0.0,252,14490,7.244999999998704,0,0,0.0
trot,0.5,0.3,RL_hfe_joint,12.264577714717719,12.264577714717719,12.264577714717719,1.5909999999998803,-1.1521088675825017,4.674096738896061,3.2187705718295527,3.2187705718295527,3.1975846945240183,3.1975846945240183,19.99999999999874,19.000000000001016,1.2421236566382725,0.4023463214786941,0.3406827142977144,0.03470000000000114,2.9261550652995933,20.18329245965771,23.86976920753936,0,0,0.0,0.693999999999979,0.02700000000000002,1.347552204644739,0.8458903525090877,0.06850000000000005,0.0025,1.2421236566382725,0.8745526360236363,0,0,0.0,324,20762,10.381000000001196,0,0,0.0
trot,0.5,0.3,RL_kfe_joint,15.244203575267854,8.02326503961466,8.02326503961466,0.22600000000000017,4.445147280628768,12.947021104068913,8.649392546878044,4.552311866777918,8.622234589455958,4.5380182049768205,19.99999999999874,19.000000000001016,0.0,0.5690389833472398,0.22286847332262946,2.5000000000001577e-05,4.138465333434471,20.369146062434023,27.740500338083777,0,0,0.0,0.0005,0.0005,4.445147280628768,4.445147280628768,0.0,0.0,0.0,0.0,0,0,0.0,177,24300,12.150000000003358,0,0,0.0
trot,0.5,0.3,RR_haa_joint,13.694744587122319,13.694744587122319,13.694744587122319,0.001,8.526512829121202e-17,2.2561947275145076,4.18495168276137,4.18495168276137,4.2662627328881015,4.2662627328881015,19.99999999999874,19.000000000001016,1.0358140493976964,0.5231189603451712,0.38040957186450886,0.012775000000000813,3.8045015297830633,20.325860887800776,26.541629102740487,0,0,0.0,0.25550000000000017,0.19800000000000015,2.1299034433422683,0.36259612141903325,0.003,0.003,1.0358140493976964,0.6392007153169598,0,0,0.0,122,38798,19.39900000000014,0,0,0.0
trot,0.5,0.3,RR_hfe_joint,13.522539232397587,13.522539232397587,13.522539232397587,12.726000000004062,-1.0672004848389463,6.568532816602032,4.124753160498796,4.124753160498796,4.165585487175345,4.165585487175345,19.99999999999874,19.000000000001016,1.3957457283491095,0.5155941450623495,0.3756260897888219,0.10750000000000104,3.74977560045345,20.310810795692568,26.35478626744504,0,0,0.0,2.1499999999998853,0.057000000000000044,2.1517541099171837,1.5339327567996552,0.19250000000000014,0.0045000000000000005,1.3957457283491095,0.4828960787797781,0,0,0.0,334,26564,13.282000000004741,0,0,0.0
trot,0.5,0.3,RR_kfe_joint,24.02040821256946,12.642320111878664,12.642320111878664,0.013000000000000008,0.8877774081844374,13.348559757175689,9.523498626772332,5.012367698301228,9.616924994473369,5.0615394707754575,19.99999999999874,19.000000000001016,3.985368765944498,0.6265459622876535,0.35117555866329625,0.00970000000000062,4.55669790754657,20.458850274478248,29.384061936137925,0,0,0.0,0.19400000000000014,0.19200000000000014,5.14792672088609,1.1899668811411688,0.020500000000000015,0.01700000000000001,3.985368765944498,1.5119909911944978,0,0,0.0,175,20947,10.473500000001309,0,0,0.0
